# Blender 4.4.3
# www.blender.org
mtllib lod1.mtl
o Asteroid_2d_LOD1
v 0.267287 0.818274 -0.072031
v 0.194786 0.801432 -0.047246
v -0.852758 0.088990 -0.541079
v -1.155291 0.139183 0.031282
v -0.736244 -0.138329 -0.461406
v 0.224498 -0.435915 -0.775670
v 0.153327 0.251221 0.790916
v 0.568521 0.580586 -0.048118
v -0.146146 0.643625 0.666113
v -0.290799 0.336317 0.820176
v 1.031971 -0.039250 0.081237
v -0.217212 0.504130 0.743161
v -0.057745 0.165192 0.862584
v 0.060241 0.822262 0.336295
v 0.043196 0.831403 0.194980
v 0.004480 0.658323 0.674862
v 0.048625 0.780194 0.486648
v 0.182926 0.808267 0.108445
v 0.553873 0.469217 0.100132
v 0.587676 0.597569 -0.172234
v 0.534444 0.647301 -0.135862
v -0.055243 0.572509 -0.543510
v -0.580446 -0.189376 -0.220157
v 0.579927 -0.182729 0.545375
v 0.680602 -0.103672 0.660299
v 0.485076 0.201402 0.486983
v 0.521075 0.057906 0.837143
v 0.706087 -0.368076 0.145136
v 0.900880 -0.377195 0.125020
v 0.672254 -0.312762 -0.102478
v -0.092467 0.073535 -0.744963
v -0.913991 0.101389 0.516869
v -0.988481 0.273334 0.384512
v 1.043912 0.258148 -0.316641
v -0.740284 -0.013701 0.580374
v -0.456140 0.055821 0.493256
v 0.259259 0.744106 -0.258282
v -0.595685 0.419701 0.607951
v -0.760270 0.389203 -0.321108
v -0.729006 0.297533 -0.463986
v -0.691548 0.367872 0.629644
v -0.233315 0.583183 0.415321
v -0.290560 0.580654 0.313495
v 0.368069 0.362571 0.479501
v -0.455628 0.463067 -0.233054
v 0.616527 -0.380018 -0.182698
v 0.457255 -0.688716 -0.278699
v 0.173022 -0.184211 0.863515
v 0.333273 0.521266 0.797521
v 0.999309 0.221457 -0.127791
v -0.331801 -0.180865 -0.735455
v -1.022979 0.106327 -0.378116
v -0.984114 -0.040122 -0.317259
v -0.913982 -0.060658 -0.325716
v -0.907112 0.102365 0.203422
v -0.996370 0.234253 0.312046
v -0.782988 0.262317 0.649942
v -0.793200 0.312569 0.610056
v -1.000981 0.175541 0.394473
v -0.606839 0.486082 0.492171
v -0.762239 0.378017 0.448460
v -0.730284 -0.005500 0.304634
v -1.053416 -0.104724 -0.130968
v -0.686271 0.058853 -0.595669
v 0.421893 -0.500649 -0.717089
v 0.211861 -0.198112 -0.769563
v 0.943206 0.198838 -0.480478
v 0.995690 -0.314063 0.173329
v 0.436160 0.213469 0.877098
v 0.230733 0.201833 0.810261
v 0.774503 0.059832 0.649870
v 0.752506 0.170029 0.620536
v 0.195812 -0.819620 -0.284399
v -0.639646 -0.428212 0.095326
v -0.215511 -0.787090 0.048781
v -0.134621 0.617079 -0.558859
v -0.115614 0.584290 -0.583620
v 0.594612 0.346582 -0.057423
v 0.651069 0.233289 0.159316
v 0.243528 0.773837 0.014320
v 0.244209 0.778566 0.059719
v 0.417354 0.685849 0.184572
v -0.175376 0.687110 0.308527
v -0.154847 0.721236 0.359617
v -0.183849 0.689646 0.385678
v 0.120716 0.784036 0.530866
v -0.007820 0.765342 0.358503
v -0.144109 0.701585 0.165685
v -0.053660 0.772378 0.183132
v 0.141147 0.834373 0.110421
v 0.016299 0.128348 -0.533574
v 0.781371 0.034098 0.385543
v -0.071705 0.778879 0.268136
v -0.118211 0.716887 0.534947
v 0.241247 0.823567 0.206726
v -0.065686 0.715393 -0.133230
v -0.204655 0.577972 -0.151213
v -0.112400 -0.699515 0.202434
v 0.161681 -0.817944 -0.460846
v 1.052776 -0.006378 -0.407556
v -0.463387 0.034308 -0.551824
v -1.083525 0.080085 0.116164
v 0.228266 0.825004 -0.087593
v 0.331879 0.809270 -0.057935
v 0.304080 0.816142 -0.114580
v 0.253842 0.820946 -0.118510
v 0.196478 0.821550 -0.062733
v -0.877782 0.101664 -0.531286
v -0.786951 0.066261 -0.555708
v -0.821331 0.133464 -0.526220
v -1.138427 0.131601 -0.011082
v -1.160075 0.163227 -0.020532
v -0.758471 -0.101115 -0.543099
v -0.687712 -0.137990 -0.514158
v -0.825870 -0.074991 -0.510068
v 0.217095 -0.418621 -0.779256
v 0.292530 -0.428510 -0.767998
v 0.256328 -0.455168 -0.779308
v 0.215795 -0.453188 -0.780552
v 0.839716 -0.106177 -0.283630
v 0.805489 -0.124866 -0.270892
v 0.821044 -0.113487 -0.301364
v 0.178094 0.271371 0.793929
v 0.151002 0.294228 0.803115
v 0.121298 0.242536 0.798667
v 0.190495 0.246945 0.792401
v 0.605475 0.565577 -0.124932
v 0.569562 0.609896 -0.110785
v 0.614000 0.531230 -0.103714
v 0.526154 0.652591 -0.099181
v 0.515530 0.631304 -0.039095
v 0.526538 0.600044 0.010321
v -0.232249 0.617779 0.656227
v -0.135854 0.609801 0.699400
v -0.099822 0.660634 0.665670
v -0.131832 0.662573 0.640584
v 0.190011 -0.437209 0.460412
v 0.250719 -0.351899 0.452610
v 0.214305 -0.389660 0.499430
v 0.204672 -0.402764 0.497756
v -0.230863 0.369262 0.826412
v -0.241887 0.393233 0.814298
v -0.300521 0.362963 0.801020
v -0.254795 0.276256 0.839932
v -0.142681 0.374783 0.834419
v -0.354820 0.341300 0.787291
v 1.040023 -0.074588 0.113252
v 1.059268 -0.109026 0.090084
v 1.066330 -0.093252 0.045217
v 0.991346 -0.002380 0.132041
v 1.017633 -0.050695 0.139420
v -0.171601 0.545640 0.743308
v -0.194707 0.543558 0.723346
v -0.227175 0.521577 0.695089
v -0.225571 0.467234 0.769690
v 0.007480 0.152952 0.858672
v -0.015794 0.207903 0.856133
v -0.058215 0.239853 0.860472
v -0.120484 0.212670 0.855865
v -0.079260 0.132162 0.857835
v 0.036948 0.828963 0.247755
v 0.072852 0.832126 0.316534
v 0.108680 0.842803 0.286587
v 0.084794 0.843168 0.224744
v 0.019843 0.812520 0.312391
v 0.042535 0.786961 0.364447
v 0.059829 0.805392 0.095515
v 0.025589 0.773319 0.092139
v -0.051366 0.736097 0.145178
v 0.012525 0.799564 0.154627
v 0.071245 0.831623 0.142282
v 0.036326 0.822314 0.167996
v 0.079723 0.840874 0.188036
v 0.101168 0.838015 0.141444
v -0.054897 0.788260 0.225565
v -0.019790 0.802699 0.296102
v 0.034943 0.670430 0.641977
v -0.063721 0.665293 0.662597
v 0.053019 0.656806 0.675363
v 0.010187 0.642479 0.723480
v 0.086075 0.804714 0.454840
v 0.034602 0.762720 0.436510
v 0.171448 0.800451 0.091512
v 0.139726 0.824606 0.088592
v 0.163953 0.829988 0.116397
v 0.193088 0.825541 0.127660
v 0.547764 0.520641 0.089601
v 0.550999 0.473298 0.136689
v 0.552653 0.490306 0.079095
v 0.582371 0.594541 -0.203287
v 0.529875 0.623657 -0.183703
v 0.535718 0.634307 -0.157493
v 0.626266 0.547005 -0.200671
v 0.592704 0.594050 -0.159743
v 0.636957 0.543044 -0.167599
v 0.504988 0.676434 -0.107108
v -0.072569 0.571867 -0.562093
v -0.068884 0.603516 -0.547538
v -0.047553 0.605134 -0.516855
v -0.040684 0.557993 -0.523503
v -0.177068 -0.780862 0.127209
v -0.174284 -0.749994 0.131692
v -0.501467 -0.355136 0.344614
v -0.458318 -0.294387 0.316532
v -0.537893 -0.335200 0.339526
v -0.554405 -0.178009 -0.254862
v -0.548542 -0.191412 -0.221870
v -0.635840 -0.187110 -0.252144
v 0.630892 -0.188171 0.538039
v 0.546965 -0.184998 0.528340
v 0.555791 -0.182388 0.562227
v 0.693526 -0.106996 0.638081
v 0.733124 -0.022836 0.684793
v 0.682109 -0.044677 0.705997
v 0.700194 -0.152469 0.594660
v 0.668481 -0.126491 0.646932
v 0.684247 -0.163509 0.592467
v 0.636120 -0.066485 0.717970
v 0.630035 -0.098752 0.696459
v 0.490899 0.190019 0.442509
v 0.453609 0.205034 0.453433
v 0.525194 0.209297 0.565990
v 0.482253 0.236981 0.580757
v 0.583878 -0.005123 0.783971
v 0.612659 0.048599 0.784856
v 0.594051 0.136257 0.806990
v 0.496895 0.155360 0.859276
v 0.428742 0.058496 0.877289
v 0.445783 0.013689 0.863253
v 0.431142 -0.038333 0.846402
v 0.646610 -0.368915 0.112508
v 0.681102 -0.375127 0.118367
v 0.640949 -0.336281 0.142859
v 0.879939 -0.378538 0.086498
v 0.950472 -0.350255 0.110928
v 0.957368 -0.352028 0.131794
v 0.954488 -0.352601 0.183067
v 0.930792 -0.367741 0.186000
v 0.873611 -0.392157 0.142073
v 0.691626 -0.320026 -0.059767
v 0.654708 -0.336613 -0.108970
v 0.691061 -0.293839 -0.092871
v -0.073126 0.099315 -0.717317
v -0.862362 0.057132 0.542878
v -0.911698 0.128190 0.539851
v -0.928211 0.134915 0.510297
v -0.912591 0.090583 0.504121
v -0.950483 0.153685 0.461629
v -0.954687 0.136328 0.459751
v -0.948936 0.111046 0.461104
v -0.962047 0.279023 0.443236
v -0.940503 0.300687 0.467894
v -0.981925 0.293613 0.327769
v -0.999387 0.254314 0.352297
v -1.004381 0.246368 0.367260
v -0.986180 0.251583 0.399055
v -1.004789 0.231876 0.379563
v -1.132746 0.296240 0.071621
v -1.118484 0.292465 0.089481
v -1.084144 0.324798 0.044368
v 1.086845 0.193211 -0.253126
v 1.069593 0.231062 -0.334278
v 0.974497 0.311560 -0.287415
v 0.995741 0.293571 -0.252889
v 1.061234 0.216763 -0.199976
v 0.879258 -0.189278 0.354083
v 0.912308 -0.220699 0.372277
v 0.950154 -0.203326 0.337651
v 0.907488 -0.168677 0.325405
v -0.662457 -0.014594 0.546978
v -0.687226 -0.001325 0.584060
v -0.710716 -0.024779 0.551651
v -0.684680 -0.051335 0.500340
v -0.671656 -0.028218 0.525837
v -0.721426 0.021316 0.613600
v -0.778950 0.030296 0.605872
v -0.810433 0.011549 0.576752
v -0.771550 -0.026602 0.560586
v -0.729432 -0.051484 0.515745
v -0.391498 0.067306 0.548321
v -0.455197 0.073529 0.548368
v -0.490579 0.072319 0.546011
v -0.442790 0.045392 0.475917
v -0.364431 -0.473543 0.356741
v -0.378687 -0.462170 0.366740
v -0.473306 -0.466579 0.347695
v -0.330898 -0.472673 0.332813
v 0.221985 0.728802 -0.275913
v 0.169802 0.729758 -0.281111
v 0.219257 0.763968 -0.255495
v 0.279159 0.784496 -0.219021
v 0.319834 0.761733 -0.223001
v 0.359515 0.728757 -0.231943
v 0.335840 0.712811 -0.257327
v -0.306752 0.584318 0.566706
v -0.265542 0.597164 0.542249
v -0.341866 0.567437 0.568116
v -0.284611 0.547100 0.490518
v -0.594540 0.458449 0.593975
v -0.637443 0.439993 0.587324
v -0.639413 0.403502 0.613960
v -0.596531 0.400113 0.627285
v -0.743762 0.377461 -0.354908
v -0.796342 0.365446 -0.386078
v -0.805333 0.379117 -0.346600
v -0.690857 0.393613 -0.331017
v -0.826889 0.396157 -0.278795
v -0.804883 0.402854 -0.258520
v -0.744274 0.395840 -0.282785
v -0.685894 0.401270 -0.285517
v -0.840786 0.377187 -0.320938
v -0.704798 0.291253 -0.475587
v -0.793887 0.296890 -0.479013
v -0.691873 0.386144 0.612122
v -0.690957 0.350057 0.641153
v -0.629099 0.354005 0.674021
v -0.615768 0.384488 0.649724
v -0.757466 0.316736 0.634502
v -0.250817 0.558470 0.412566
v -0.234563 0.579974 0.437052
v -0.215079 0.639827 0.393305
v -0.318723 0.584649 0.281094
v -0.343535 0.561350 0.281159
v -0.290418 0.608117 0.291820
v -0.280620 0.562157 0.343780
v 0.384578 0.485738 0.472885
v 0.377758 0.451531 0.539741
v 0.370315 0.343150 0.517891
v 0.375042 0.323034 0.435838
v -0.379526 0.495776 -0.170687
v -0.352428 0.533228 -0.207626
v -0.407823 0.507387 -0.269397
v -0.449585 0.425636 -0.183780
v -0.406185 0.454119 -0.146406
v -0.435394 0.516655 -0.335739
v -0.503651 0.465434 -0.279706
v -0.551740 0.420035 -0.239210
v -0.498576 0.409168 -0.202535
v 0.523814 -0.563688 -0.229041
v 0.556535 -0.509621 -0.219659
v 0.534693 -0.596867 -0.195925
v 0.560031 -0.578426 -0.177370
v 0.573369 -0.417246 -0.245516
v 0.622333 -0.328136 -0.217641
v 0.643249 -0.334792 -0.151775
v 0.649636 -0.366903 -0.095625
v 0.616830 -0.443868 -0.149844
v 0.638209 -0.403750 -0.107679
v 0.477333 -0.645640 -0.285050
v 0.485789 -0.646079 -0.243006
v 0.472773 -0.678635 -0.231990
v 0.464154 -0.664627 -0.336008
v 0.443570 -0.716545 -0.236486
v 0.436239 -0.695475 -0.345420
v 0.305568 -0.724617 -0.017492
v 0.275653 -0.760681 -0.048955
v 0.190846 -0.815643 -0.112368
v 0.288408 -0.794106 -0.134183
v 0.358421 -0.756402 -0.122172
v 0.422444 -0.704774 -0.090848
v 0.370750 -0.699912 -0.032190
v 0.325652 -0.785949 -0.156481
v 0.202790 -0.197804 0.843508
v 0.273686 -0.090274 0.889451
v 0.172965 -0.115198 0.903741
v 0.127927 -0.142084 0.896099
v 0.122788 -0.209900 0.860586
v 0.251768 -0.064249 0.907305
v 0.362878 0.512734 0.769802
v 0.336494 0.579052 0.724026
v 0.391319 0.443191 0.796389
v 0.320029 0.492538 0.831931
v 0.362689 0.423191 0.835615
v 0.287459 0.560383 0.796564
v 0.277826 0.531509 0.830700
v 0.287826 0.610555 0.731783
v 0.991227 0.249084 -0.161774
v 0.924597 0.262541 -0.137963
v 0.970895 0.208905 -0.102109
v 1.002789 0.196342 -0.106703
v -0.416554 -0.160618 -0.719458
v -0.352785 -0.149564 -0.738402
v -0.354095 -0.204093 -0.722107
v -0.294395 -0.237889 -0.720662
v -0.265044 -0.141767 -0.751457
v -1.049353 0.115693 -0.334559
v -1.045035 0.177440 -0.331177
v -1.049430 0.059536 -0.336737
v -1.062364 0.077132 -0.303749
v -0.999796 0.096069 -0.399709
v -0.968206 -0.034767 -0.326951
v -0.920823 -0.076316 -0.302903
v -0.939581 -0.030169 -0.347584
v -0.922609 -0.020687 -0.375604
v -0.895717 -0.070529 -0.335708
v -0.888303 -0.053056 -0.378201
v -0.883639 0.103921 0.219268
v -0.871616 0.096291 0.172907
v -0.939228 0.093841 0.163846
v -1.000819 0.242454 0.269109
v -1.008510 0.223248 0.282803
v -1.014197 0.213015 0.301203
v -0.728599 0.278767 0.649220
v -0.794021 0.249375 0.650970
v -0.856071 0.295513 0.563577
v -0.899048 0.260977 0.561726
v -0.861272 0.232793 0.609953
v -0.801627 0.263101 0.640656
v -0.974514 0.178298 0.422436
v -0.989074 0.196715 0.407516
v -0.992675 0.145139 0.396834
v -1.050446 0.163082 0.307746
v -1.027645 0.161051 0.347430
v -0.963563 0.252561 0.440167
v -0.938937 0.196567 0.462184
v -0.967112 0.229560 0.419312
v -0.604671 0.488509 0.537260
v -0.558876 0.498852 0.506895
v -0.609724 0.479746 0.435386
v -0.637179 0.472553 0.438082
v -0.676035 0.448266 0.433171
v -0.660826 0.460610 0.501229
v -0.737443 0.392749 0.490681
v -0.747297 0.393732 0.402589
v -0.809437 0.350339 0.477206
v -0.751257 -0.040475 0.357466
v -0.768645 0.021310 0.345875
v -0.741473 0.019222 0.303370
v -0.724288 0.007143 0.275396
v -0.807928 -0.102466 -0.031003
v -0.866854 -0.181932 -0.054902
v -0.821713 -0.171649 -0.041213
v -1.046667 -0.124321 -0.152847
v -1.019025 -0.160091 -0.135187
v -1.012025 -0.143082 -0.102010
v -1.036894 -0.092329 -0.086829
v -1.017879 -0.164133 -0.156732
v -0.644230 0.073359 -0.589886
v -0.619394 0.049096 -0.602187
v -0.641948 0.023392 -0.625275
v -0.691140 0.095173 -0.578906
v -0.651867 0.107885 -0.574522
v -0.699464 0.035526 -0.608252
v -0.742899 0.052559 -0.570769
v 0.387234 -0.553913 -0.694733
v 0.340322 -0.492135 -0.741873
v 0.261316 -0.473563 -0.777427
v 0.414179 -0.465450 -0.731253
v 0.479535 -0.459402 -0.705637
v 0.499100 -0.479252 -0.685931
v 0.451935 -0.522694 -0.689736
v 0.412767 -0.571637 -0.671964
v 0.163461 -0.217024 -0.777836
v 0.109844 -0.192309 -0.761026
v 0.161333 -0.143498 -0.748862
v 0.229364 -0.167338 -0.755695
v 0.348030 -0.216161 -0.746956
v 0.292869 -0.233778 -0.757306
v 0.186465 -0.241199 -0.777586
v 0.951720 0.228790 -0.461888
v 0.993798 0.217932 -0.470356
v 0.957893 0.180204 -0.489896
v 0.900715 -0.264548 -0.011974
v 0.926138 -0.310595 0.036663
v 0.865467 -0.330898 0.033948
v 0.829233 -0.301726 -0.002759
v 1.007378 -0.292557 0.189590
v 0.994161 -0.272898 0.266234
v 0.967306 -0.322486 0.247352
v 1.010003 -0.298938 0.095297
v 0.394185 0.091594 0.888205
v 0.506712 0.198093 0.855163
v 0.387304 0.304870 0.878943
v 0.360110 0.295583 0.880456
v 0.390291 0.211335 0.880983
v 0.406299 0.325090 0.870196
v 0.213314 0.192226 0.805890
v 0.268437 0.229270 0.826676
v 0.230038 0.226841 0.804052
v 0.196435 0.220197 0.794330
v 0.773951 0.079245 0.659475
v 0.771369 0.062436 0.671282
v 0.769291 0.033402 0.659269
v 0.769821 0.046241 0.633486
v 0.766565 0.040851 0.677099
v 0.724898 0.179786 0.664709
v 0.726953 0.161169 0.681960
v 0.766463 0.134012 0.633920
v 0.766390 0.155635 0.603541
v 0.759967 0.171558 0.565830
v 0.747705 0.180780 0.558490
v 0.737179 0.183076 0.607702
v 0.694392 0.200222 0.678204
v 0.765380 0.156864 0.561897
v 0.243156 -0.809181 -0.300486
v 0.230365 -0.823396 -0.230894
v 0.188290 -0.803657 -0.341620
v 0.228477 -0.805161 -0.353198
v 0.156176 -0.838973 -0.183035
v 0.138635 -0.837632 -0.211105
v 0.146129 -0.814410 -0.300641
v 0.148263 -0.809555 -0.341249
v 0.135233 -0.823568 -0.265076
v -0.605238 -0.476454 0.120925
v -0.627257 -0.434128 0.155060
v -0.647511 -0.401385 0.136183
v -0.652356 -0.393592 0.085737
v -0.651393 -0.400804 0.071999
v -0.205070 -0.787610 0.002801
v -0.179872 -0.810072 0.013817
v -0.162518 -0.819146 0.019948
v -0.190256 -0.810394 0.062737
v -0.232131 -0.775328 0.085815
v -0.143140 0.611790 -0.568154
v -0.093925 0.542518 -0.587588
v 0.613548 0.369139 -0.092482
v 0.593363 0.387837 -0.067917
v 0.577855 0.369632 -0.031457
v 0.590256 0.328139 -0.029380
v 0.643137 0.225909 0.202631
v 0.642745 0.207526 0.247367
v 0.695354 0.188377 0.196878
v 0.618280 0.259393 0.186440
v 0.721007 0.180470 0.133901
v 0.646540 0.241007 0.091051
v 0.637906 0.243777 0.107837
v 0.261602 0.785545 -0.014674
v 0.232077 0.780312 -0.018735
v 0.269774 0.783309 0.006820
v 0.219556 0.771740 0.019719
v 0.220160 0.776683 0.061414
v 0.255260 0.788059 0.079495
v 0.266521 0.784429 0.058422
v 0.233858 0.792361 0.095596
v 0.424140 0.696892 0.115580
v 0.390396 0.744743 0.127665
v 0.383777 0.730135 0.186150
v 0.365529 0.727551 0.244390
v 0.391102 0.690461 0.245476
v 0.410589 0.636959 0.260831
v 0.436354 0.633699 0.225281
v 0.461972 0.647980 0.152841
v 0.459431 0.656446 0.096148
v 0.472107 0.615212 0.196765
v -0.160563 0.715082 0.330449
v -0.137032 0.729239 0.312322
v -0.185414 0.694179 0.325873
v -0.156397 0.680751 0.274561
v -0.206362 0.678902 0.333845
v -0.109354 0.751098 0.324188
v -0.125903 0.735552 0.377779
v -0.146866 0.717421 0.431874
v -0.172800 0.691507 0.489413
v -0.141344 0.717897 0.471052
v -0.255425 0.639654 0.299059
v -0.232959 0.648957 0.338967
v -0.200776 0.671422 0.387752
v -0.189907 0.673522 0.444249
v 0.091075 0.795659 0.499356
v 0.054248 0.777421 0.526604
v 0.073372 0.762184 0.548970
v 0.147431 0.747613 0.564656
v 0.169444 0.797193 0.481715
v 0.109796 0.805629 0.473631
v -0.012458 0.755438 0.376067
v 0.010628 0.775652 0.352745
v 0.026301 0.768286 0.378555
v -0.122716 0.731672 0.192984
v -0.140234 0.682048 0.118301
v -0.155355 0.663883 0.130626
v -0.182677 0.663678 0.162765
v -0.184893 0.666918 0.186283
v -0.153263 0.693975 0.198370
v -0.180247 0.644592 0.136046
v -0.127712 0.728687 0.227828
v -0.083533 0.743971 0.165426
v -0.088005 0.760169 0.190920
v -0.052911 0.751842 0.164964
v -0.029733 0.795600 0.199265
v 0.122426 0.832130 0.093514
v 0.143798 0.840772 0.148578
v 0.198340 0.832573 0.151565
v 0.854995 0.090116 0.099512
v 0.891347 0.078802 0.094955
v 0.237623 -0.062561 -0.566705
v 0.239864 -0.081733 -0.596709
v 0.207410 -0.061934 -0.588606
v 0.011535 0.144068 -0.514396
v 0.078184 0.089431 -0.494015
v 0.070010 0.078842 -0.532252
v 0.044086 0.162734 -0.461642
v 0.062854 0.256577 -0.393961
v 0.109661 0.228996 -0.369088
v -1.015365 0.194566 -0.364766
v -0.945578 0.257174 -0.426344
v -0.971453 0.166894 -0.425865
v -0.918287 0.186400 -0.468781
v -0.922684 0.139856 -0.486486
v -0.943265 0.134533 -0.467818
v 0.796871 0.059629 0.379750
v -0.109874 0.751759 0.273451
v -0.049919 0.787788 0.306658
v -0.093173 0.761785 0.213265
v -0.077104 0.739143 0.523008
v -0.150422 0.704113 0.519198
v -0.166336 0.676971 0.562472
v -0.136964 0.682121 0.589301
v -0.077356 0.728336 0.548786
v 0.195061 0.837491 0.200893
v 0.173242 0.840943 0.270201
v 0.286696 0.799349 0.237610
v 0.337597 0.788614 0.138942
v 0.313623 0.801734 0.130272
v 0.221743 0.824526 0.313285
v 0.254857 0.809216 0.312922
v -0.094726 0.707527 -0.217857
v -0.109953 0.688867 -0.163211
v -0.092964 0.694385 -0.107409
v -0.004605 0.750303 -0.191126
v -0.013654 0.745604 -0.122705
v 0.017549 0.762591 -0.177733
v -0.020698 0.730150 -0.077515
v -0.247681 0.554711 -0.148074
v -0.252661 0.542277 -0.111215
v -0.210409 0.563239 -0.111410
v -0.180371 0.589153 -0.127710
v -0.228834 0.579086 -0.175200
v -0.093640 -0.687538 0.231544
v -0.101851 -0.677713 0.224881
v -0.122005 -0.666890 0.213688
v -0.110722 -0.729626 0.180820
v 0.531603 -0.529588 -0.361857
v 0.548830 -0.475852 -0.311993
v 0.514818 -0.536318 -0.321704
v 0.508241 -0.568883 -0.359418
v 0.175070 -0.814528 -0.423786
v 0.142079 -0.820315 -0.421717
v 0.153464 -0.829979 -0.511992
v 0.186273 -0.824769 -0.496369
v 0.213671 -0.822273 -0.460768
v 0.983335 -0.046807 -0.476186
v 1.033600 0.012634 -0.470309
v 1.076919 0.039240 -0.421290
v 1.085046 0.026288 -0.379158
v 1.082857 0.005005 -0.322958
v -0.481835 -0.015346 -0.630005
v -0.549847 0.029749 -0.590472
v -1.049618 0.090898 0.163493
v -1.066306 0.112788 0.200228
v -1.103625 0.108905 0.149809
v -1.112869 0.092182 0.093112
v -1.092647 0.069859 0.033319
v -1.076790 0.062001 0.055095
v -1.051876 0.054611 0.063037
v -0.212032 -0.730034 -0.054057
v -0.244570 -0.663289 -0.034037
v -0.248016 -0.728215 0.015597
v -0.261672 -0.636064 -0.027472
v -0.195511 -0.752099 -0.063693
v -0.216947 -0.766579 -0.008047
v -0.273345 -0.724908 0.073118
v -0.280219 -0.703153 0.052489
v -0.182002 -0.791716 -0.037064
v -0.305174 -0.695680 0.106702
v -0.307670 -0.683219 0.071856
v -0.340903 -0.659549 0.086024
v -0.355707 -0.637380 0.065589
v -0.305091 -0.666980 0.045733
v -0.346680 -0.618354 0.038096
v -0.289900 -0.622474 -0.006795
v -0.295504 -0.561522 -0.044433
v -0.256410 -0.607009 -0.052130
v -0.239350 -0.595250 -0.087874
v -0.217811 -0.630369 -0.100132
v -0.204446 -0.582491 -0.175536
v -0.195954 -0.644209 -0.137929
v -0.184004 -0.695942 -0.128622
v -0.149764 -0.751561 -0.133861
v -0.159678 -0.786360 -0.082320
v -0.109542 -0.804840 -0.124043
v -0.137427 -0.814190 -0.070577
v -0.085704 -0.837842 -0.090933
v -0.152525 -0.824114 -0.017886
v -0.123045 -0.841788 -0.005320
v -0.110015 -0.846510 0.005970
v -0.110282 -0.838798 0.044427
v -0.087532 -0.850777 0.020036
v -0.128653 -0.831675 0.062766
v -0.152269 -0.828119 0.089555
v -0.174018 -0.820797 0.087353
v -0.078601 -0.846610 0.048689
v -0.120002 -0.834170 0.095753
v -0.089201 -0.831458 0.106790
v -0.112186 -0.819872 0.123151
v -0.134739 -0.823990 0.113802
v -0.062861 -0.817215 0.123834
v -0.083749 -0.801735 0.142568
v -0.098920 -0.794626 0.146820
v -0.056233 -0.783430 0.169149
v -0.080672 -0.772089 0.172622
v -0.057800 -0.760937 0.197268
v -0.086949 -0.747060 0.194266
v -0.094195 -0.759090 0.175890
v -0.056919 -0.724942 0.254518
v -0.072722 -0.724147 0.246505
v -0.086212 -0.721760 0.230126
v -0.066411 -0.699059 0.275699
v -0.076857 -0.686235 0.269823
v -0.089281 -0.667417 0.261365
v -0.082684 -0.659676 0.303664
v -0.101536 -0.629733 0.288749
v -0.089648 -0.624636 0.329419
v -0.101580 -0.587612 0.323172
v -0.119602 -0.569710 0.312634
v -0.123713 -0.611905 0.269547
v -0.093707 -0.562021 0.369129
v -0.113072 -0.544085 0.364379
v -0.143920 -0.528317 0.355044
v -0.153375 -0.503560 0.401227
v -0.201245 -0.489531 0.374248
v -0.190606 -0.517184 0.336109
v -0.201972 -0.464480 0.444309
v -0.223815 -0.455635 0.430988
v -0.258268 -0.447462 0.415721
v -0.255380 -0.480619 0.361514
v -0.284539 -0.448021 0.398391
v -0.301060 -0.454051 0.364995
v -0.289358 -0.468928 0.348771
v -0.308814 -0.437719 0.394701
v -0.333735 -0.441854 0.380734
v -0.316260 -0.462387 0.339716
v -0.269565 -0.434089 0.425247
v -0.311945 -0.427370 0.401830
v -0.343519 -0.433758 0.384740
v -0.408824 -0.444751 0.365887
v -0.337199 -0.418630 0.391305
v -0.450769 -0.429405 0.359609
v -0.505883 -0.445708 0.348632
v -0.373100 -0.414994 0.376792
v -0.342259 -0.396167 0.388493
v -0.408685 -0.382543 0.363633
v -0.446986 -0.382379 0.355347
v -0.373982 -0.377342 0.370714
v -0.341582 -0.373969 0.384543
v -0.365853 -0.318739 0.341507
v -0.436118 -0.343832 0.339538
v -0.401434 -0.324052 0.333410
v -0.405869 -0.270444 0.310942
v -0.489501 -0.270670 0.310196
v -0.462176 -0.228312 0.297332
v -0.556383 -0.256513 0.319856
v -0.520726 -0.235267 0.307461
v -0.537815 -0.217591 0.309594
v -0.585694 -0.269790 0.332000
v -0.591050 -0.180604 0.330023
v -0.600739 -0.210135 0.331573
v -0.621940 -0.195288 0.340813
v -0.629421 -0.175830 0.348244
v -0.633104 -0.151497 0.360193
v -0.645803 -0.160078 0.359222
v -0.652617 -0.139605 0.380588
v -0.664553 -0.146342 0.379690
v -0.653443 -0.160109 0.357662
v -0.679997 -0.137162 0.396267
v -0.694647 -0.137054 0.388022
v -0.737522 -0.096173 0.452969
v -0.745931 -0.093041 0.445479
v -0.705829 -0.128878 0.382459
v -0.750927 -0.087351 0.427911
v -0.768856 -0.058173 0.478675
v -0.777568 -0.040419 0.442709
v -0.795537 -0.034004 0.482811
v -0.801169 -0.017471 0.459395
v -0.833418 0.005692 0.479428
v -0.818279 0.019695 0.432814
v -0.865883 0.033013 0.477456
v -0.846064 0.037682 0.440596
v -0.823098 0.045064 0.384389
v -0.882272 0.058599 0.438175
v -0.859030 0.059824 0.395966
v -0.880410 0.075024 0.371527
v -0.820968 0.081005 0.285920
v -0.803484 0.070772 0.305893
v -0.909716 0.091871 0.307835
v -0.865038 0.098740 0.235638
v -0.840933 0.095462 0.195477
v -0.809263 0.080232 0.223068
v -0.830430 0.082221 0.154991
v -0.802534 0.072037 0.176565
v -0.750885 0.043401 0.239259
v -0.776140 0.064881 0.258216
v -0.755739 0.045887 0.282954
v -0.775252 0.050138 0.312678
v -0.796023 0.032548 0.371536
v -0.792604 0.001768 0.419000
v -0.776137 -0.022480 0.407277
v -0.710311 -0.119408 0.371709
v -0.687651 -0.140114 0.358088
v -0.657588 -0.160951 0.350087
v -0.648317 -0.178117 0.337295
v -0.640726 -0.177637 0.347265
v -0.636132 -0.214626 0.332621
v -0.619894 -0.218713 0.335264
v -0.615875 -0.244588 0.333311
v -0.612112 -0.273743 0.336212
v -0.592130 -0.302206 0.337181
v -0.532714 -0.371118 0.344969
v -0.487178 -0.393598 0.354144
v -0.538312 -0.397821 0.344887
v -0.499941 -0.425557 0.352704
v -0.560136 -0.425707 0.337571
v -0.531080 -0.458407 0.334663
v -0.576542 -0.438036 0.322696
v -0.493230 -0.483394 0.334213
v -0.562790 -0.472091 0.303997
v -0.518324 -0.494404 0.313496
v -0.467197 -0.496570 0.329753
v -0.428148 -0.516719 0.315703
v -0.389411 -0.510096 0.326306
v -0.359463 -0.495410 0.330754
v -0.358923 -0.535982 0.302560
v -0.335095 -0.518963 0.306398
v -0.309924 -0.504624 0.308494
v -0.297000 -0.554709 0.293759
v -0.277509 -0.542640 0.300816
v -0.251563 -0.530676 0.309621
v -0.257872 -0.504900 0.330605
v -0.157263 -0.600114 0.259013
v -0.149990 -0.563113 0.299561
v -0.142097 -0.610196 0.254521
v -0.151067 -0.641031 0.219839
v -0.133624 -0.709393 0.173447
v -0.124415 -0.734884 0.160773
v -0.101161 -0.740862 0.184361
v -0.105533 -0.762701 0.165778
v -0.122884 -0.772101 0.151942
v -0.118975 -0.785308 0.146686
v -0.145489 -0.814090 0.122520
v -0.160509 -0.820880 0.106944
v -0.188985 -0.805228 0.111034
v -0.206368 -0.797889 0.099517
v -0.294814 -0.702313 0.126758
v -0.341037 -0.664439 0.125000
v -0.337944 -0.667107 0.106218
v -0.397739 -0.627586 0.117015
v -0.384750 -0.630094 0.092899
v -0.444682 -0.576536 0.087588
v -0.390031 -0.570938 0.030062
v -0.344429 -0.589378 0.012249
v -0.355489 -0.519128 -0.033676
v -0.320775 -0.534564 -0.043762
v -0.310341 -0.480382 -0.104193
v -0.279558 -0.509016 -0.112566
v -0.241865 -0.551630 -0.129837
v -0.266157 -0.480388 -0.153054
v -0.232171 -0.498396 -0.196307
v -0.197008 -0.555003 -0.208833
v -0.160984 -0.624405 -0.210281
v -0.160652 -0.662751 -0.177303
v -0.137283 -0.731568 -0.172640
v -0.091032 -0.733223 -0.245456
v -0.072774 -0.773090 -0.215597
v -0.040520 -0.797777 -0.208326
v -0.071856 -0.809691 -0.151628
v 0.006382 -0.825916 -0.189139
v -0.014209 -0.846179 -0.129247
v -0.060769 -0.849524 -0.080134
v -0.034370 -0.855402 -0.073969
v -0.020719 -0.854871 -0.053601
v -0.058980 -0.850352 -0.011906
v 0.000767 -0.847686 -0.027001
v -0.005113 -0.837986 0.024622
v -0.055766 -0.837231 0.074490
v 0.014275 -0.824725 0.052711
v -0.038713 -0.821814 0.107675
v -0.000690 -0.789563 0.151057
v -0.020693 -0.778822 0.177764
v -0.033141 -0.757868 0.208836
v -0.039982 -0.734735 0.241756
v -0.043111 -0.707840 0.275438
v -0.056592 -0.679626 0.304419
v -0.069948 -0.656958 0.325767
v -0.071727 -0.618010 0.378954
v -0.080028 -0.601601 0.374224
v -0.083385 -0.585765 0.371625
v -0.084122 -0.575759 0.416856
v -0.126954 -0.518050 0.442356
v -0.112112 -0.533093 0.491001
v -0.176150 -0.477375 0.465135
v -0.154818 -0.492061 0.492308
v -0.187921 -0.465716 0.482413
v -0.245727 -0.438850 0.450349
v -0.191585 -0.450812 0.497008
v -0.259548 -0.427327 0.443367
v -0.290848 -0.420053 0.419362
v -0.259659 -0.406322 0.448192
v -0.317484 -0.410860 0.404019
v -0.283747 -0.395132 0.429287
v -0.258649 -0.329642 0.438584
v -0.288801 -0.364495 0.422204
v -0.267373 -0.272730 0.403336
v -0.293585 -0.291173 0.381305
v -0.331341 -0.311865 0.357330
v -0.329665 -0.255209 0.341519
v -0.366259 -0.274293 0.324813
v -0.333437 -0.218671 0.336634
v -0.375891 -0.217158 0.310168
v -0.316895 -0.174011 0.357274
v -0.420179 -0.228022 0.299276
v -0.392439 -0.174116 0.312294
v -0.433013 -0.199758 0.296361
v -0.449399 -0.173947 0.299785
v -0.495991 -0.195864 0.298925
v -0.520083 -0.152895 0.313087
v -0.598693 -0.153780 0.339312
v -0.604081 -0.125669 0.353503
v -0.627166 -0.111373 0.377030
v -0.688839 -0.111224 0.432201
v -0.717805 -0.089711 0.469078
v -0.728465 -0.093521 0.463305
v -0.754099 -0.060974 0.503548
v -0.761201 -0.063019 0.490793
v -0.800940 -0.034987 0.524935
v -0.840645 0.003483 0.532219
v -0.840875 0.003573 0.513073
v -0.872876 0.033248 0.512523
v -0.899903 0.061424 0.463601
v -0.925276 0.080297 0.421070
v -0.971447 0.105456 0.323948
v -0.946720 0.097946 0.317589
v -0.973300 0.105062 0.273931
v -0.942277 0.102469 0.259193
v -0.970671 0.098773 0.216640
v -1.028419 0.080288 0.131866
v -0.994502 0.080480 0.121144
v -0.913968 0.092866 0.116741
v -0.900302 0.078256 0.079219
v -0.854891 0.076302 0.095673
v -0.862241 0.089835 0.136314
v -0.820804 0.065241 0.117743
v -0.847929 0.052238 0.062000
v -0.811742 0.042370 0.084987
v -0.779605 0.026773 0.109931
v -0.787177 0.052973 0.149390
v -0.739628 0.015759 0.173826
v -0.708676 -0.007666 0.205231
v -0.720910 0.008759 0.251070
v -0.696601 -0.018126 0.221593
v -0.684782 -0.033512 0.250378
v -0.687053 -0.048283 0.281198
v -0.693860 -0.068585 0.305193
v -0.706759 -0.080703 0.325076
v -0.756219 -0.053887 0.382176
v -0.762765 -0.007410 0.360716
v -0.682891 -0.129824 0.328430
v -0.663225 -0.144381 0.314930
v -0.649907 -0.199812 0.313092
v -0.644576 -0.204399 0.326854
v -0.635539 -0.247222 0.319029
v -0.624447 -0.278535 0.332442
v -0.589053 -0.400826 0.331412
v -0.628862 -0.323832 0.321024
v -0.599780 -0.404906 0.322737
v -0.629415 -0.359934 0.307055
v -0.621221 -0.409864 0.288545
v -0.593033 -0.449110 0.293196
v -0.577049 -0.476363 0.284485
v -0.536510 -0.505790 0.279658
v -0.487584 -0.517586 0.299795
v -0.470332 -0.541410 0.262333
v -0.414879 -0.551615 0.273641
v -0.417047 -0.570319 0.242283
v -0.365486 -0.562622 0.276688
v -0.353544 -0.600945 0.236160
v -0.331333 -0.560742 0.286478
v -0.228355 -0.556189 0.289949
v -0.273174 -0.634928 0.224839
v -0.252403 -0.617370 0.240131
v -0.200272 -0.593825 0.258179
v -0.214579 -0.632330 0.217693
v -0.185657 -0.621108 0.223791
v -0.183899 -0.679646 0.181645
v -0.158317 -0.685328 0.181415
v -0.157518 -0.713714 0.155411
v -0.140762 -0.741021 0.146203
v -0.147933 -0.781312 0.137636
v -0.180795 -0.797585 0.120962
v -0.202834 -0.780442 0.123419
v -0.231597 -0.770094 0.117503
v -0.285163 -0.700851 0.145132
v -0.318030 -0.668679 0.161534
v -0.343749 -0.657858 0.146075
v -0.419605 -0.607969 0.160812
v -0.411109 -0.618322 0.139235
v -0.509008 -0.543843 0.152209
v -0.447647 -0.588944 0.126337
v -0.524539 -0.535436 0.131953
v -0.510424 -0.544149 0.116262
v -0.510419 -0.538945 0.100572
v -0.475437 -0.548407 0.076738
v -0.433727 -0.562590 0.057852
v -0.421283 -0.511131 -0.004032
v -0.444519 -0.468661 -0.022168
v -0.372416 -0.480530 -0.056909
v -0.385615 -0.433179 -0.079748
v -0.344634 -0.448112 -0.104680
v -0.321051 -0.418138 -0.149052
v -0.271586 -0.446999 -0.181577
v -0.228486 -0.469652 -0.245649
v -0.203658 -0.501210 -0.247416
v -0.187640 -0.469381 -0.327297
v -0.181830 -0.537215 -0.249330
v -0.163906 -0.574415 -0.255666
v -0.124895 -0.596708 -0.339851
v -0.098819 -0.681081 -0.289038
v -0.127846 -0.658274 -0.252065
v -0.074592 -0.717685 -0.291144
v -0.044843 -0.749173 -0.274918
v -0.007476 -0.769654 -0.272239
v 0.042381 -0.790233 -0.263226
v 0.044560 -0.824435 -0.218810
v 0.101998 -0.806349 -0.277728
v 0.093824 -0.837898 -0.215463
v 0.076822 -0.845135 -0.175348
v 0.101771 -0.844894 -0.157114
v 0.052778 -0.846897 -0.125695
v 0.068328 -0.838746 -0.108489
v 0.031551 -0.841340 -0.068947
v 0.088210 -0.809684 -0.061977
v 0.055329 -0.821396 -0.042685
v 0.026888 -0.833512 -0.009871
v 0.056841 -0.815368 0.023007
v 0.093735 -0.791914 0.051650
v 0.005898 -0.798672 0.127684
v 0.024029 -0.764323 0.168242
v 0.001974 -0.773286 0.174737
v -0.000133 -0.732513 0.226815
v -0.021182 -0.734664 0.236329
v -0.009933 -0.712423 0.256940
v -0.035505 -0.680332 0.300260
v -0.048814 -0.655612 0.335242
v -0.056798 -0.612124 0.407219
v -0.073473 -0.592876 0.418750
v -0.077765 -0.576634 0.452531
v -0.080950 -0.565632 0.494527
v -0.108790 -0.523790 0.520132
v -0.139359 -0.500486 0.514009
v -0.133918 -0.482552 0.534983
v -0.164307 -0.465598 0.518932
v -0.160397 -0.419523 0.544976
v -0.194760 -0.401036 0.518317
v -0.181525 -0.364172 0.539995
v -0.206332 -0.341909 0.514620
v -0.258402 -0.360599 0.450957
v -0.218768 -0.316573 0.498019
v -0.217833 -0.264106 0.482344
v -0.237102 -0.255054 0.443408
v -0.211872 -0.206761 0.493003
v -0.235006 -0.195083 0.444639
v -0.263517 -0.213031 0.401260
v -0.294808 -0.234059 0.366851
v -0.269012 -0.175632 0.402483
v -0.299021 -0.196639 0.364954
v -0.280147 -0.141662 0.405852
v -0.307058 -0.118468 0.398226
v -0.327840 -0.131396 0.376528
v -0.396080 -0.113497 0.359183
v -0.417541 -0.146857 0.318729
v -0.480248 -0.139256 0.312686
v -0.460654 -0.104666 0.334859
v -0.534721 -0.091375 0.344775
v -0.544325 -0.127783 0.329333
v -0.606602 -0.098070 0.371699
v -0.678989 -0.099001 0.437787
v -0.698900 -0.082346 0.473360
v -0.790185 -0.035212 0.543950
v -0.831689 0.004014 0.551870
v -0.872683 0.048943 0.528761
v -0.904551 0.066928 0.474438
v -0.950026 0.097695 0.443220
v -0.938256 0.085433 0.437208
v -0.992582 0.116038 0.335455
v -1.008328 0.116436 0.288284
v -1.032405 0.114321 0.241235
v -1.006224 0.104299 0.229815
v -1.014759 0.055680 0.071589
v -1.003570 0.034317 0.033312
v -0.934762 0.046751 0.038837
v -0.992134 0.005018 0.001604
v -0.887290 0.029505 0.014788
v -0.889399 0.055599 0.046135
v -0.839748 0.015291 0.018444
v -0.882234 -0.001373 -0.007633
v -0.789836 -0.012565 0.028626
v -0.755161 -0.021996 0.065769
v -0.734998 -0.011417 0.125998
v -0.690935 -0.053132 0.149478
v -0.668234 -0.067896 0.183656
v -0.655757 -0.080700 0.216056
v -0.655588 -0.096187 0.250743
v -0.657897 -0.115491 0.270758
v -0.662531 -0.124124 0.283023
v -0.664035 -0.133122 0.294798
v -0.654784 -0.155231 0.286818
v -0.652277 -0.207161 0.290233
v -0.648761 -0.242808 0.288533
v -0.643969 -0.247096 0.304946
v -0.647542 -0.312561 0.289821
v -0.638322 -0.279480 0.316359
v -0.640658 -0.320881 0.306169
v -0.641667 -0.363899 0.274593
v -0.654560 -0.315569 0.253234
v -0.650893 -0.235894 0.247429
v -0.648443 -0.182663 0.225908
v -0.654271 -0.145339 0.270393
v -0.643357 -0.131407 0.217139
v -0.642885 -0.134662 0.178459
v -0.645879 -0.166923 0.160986
v -0.645409 -0.179970 0.195545
v -0.647475 -0.107064 0.196850
v -0.658820 -0.093864 0.161573
v -0.652581 -0.122321 0.142952
v -0.669403 -0.110734 0.108261
v -0.667877 -0.143983 0.088134
v -0.653618 -0.155102 0.124589
v -0.704624 -0.072397 0.084858
v -0.697811 -0.096999 0.066731
v -0.700243 -0.130889 0.042216
v -0.783427 -0.035819 0.008451
v -0.746344 -0.076640 0.015987
v -0.778577 -0.067052 -0.008800
v -0.776758 -0.101678 -0.019381
v -0.743956 -0.110456 -0.000076
v -0.823862 -0.031745 -0.013781
v -0.817691 -0.064293 -0.026454
v -0.844722 -0.079149 -0.034367
v -0.870734 -0.036173 -0.025797
v -0.967507 -0.073763 -0.044331
v -0.989474 -0.032436 -0.024901
v -0.925535 -0.145295 -0.059758
v -0.992221 -0.082593 -0.052235
v -1.027861 0.001694 -0.012357
v -1.024640 -0.039315 -0.042500
v -1.037465 0.033113 0.023970
v -1.048501 0.008195 -0.031272
v -1.047314 -0.037635 -0.066203
v -1.064544 0.040953 0.003300
v -1.059786 0.018702 -0.048838
v -1.068973 0.031852 -0.064348
v -1.062028 -0.014319 -0.094490
v -1.084052 0.062984 -0.031488
v -1.109364 0.094264 -0.012619
v -1.117955 0.093273 0.057939
v -1.146026 0.124090 0.045826
v -1.153633 0.139690 0.083891
v -1.171610 0.163132 0.061356
v -1.173529 0.168563 0.027663
v -1.169662 0.188023 -0.035324
v -1.135376 0.172227 -0.101398
v -1.095619 0.089387 -0.058153
v -1.090030 0.092276 -0.111641
v -1.077534 0.054589 -0.155752
v -1.074294 -0.034091 -0.209270
v -1.069413 -0.068929 -0.191480
v -1.053528 -0.110831 -0.169929
v -1.034059 -0.149644 -0.192483
v -1.040535 -0.135783 -0.166956
v -0.951984 -0.235804 -0.157000
v -0.986409 -0.196097 -0.130610
v -0.941045 -0.250254 -0.166613
v -0.908508 -0.256739 -0.110938
v -0.908998 -0.268164 -0.131803
v -0.901905 -0.245819 -0.094315
v -0.969182 -0.195826 -0.104332
v -0.867644 -0.288057 -0.117297
v -0.868915 -0.273370 -0.098756
v -0.853346 -0.240144 -0.069285
v -0.834086 -0.295096 -0.081331
v -0.827244 -0.278289 -0.063882
v -0.815704 -0.244511 -0.046805
v -0.760653 -0.274896 -0.014622
v -0.762848 -0.295703 -0.025286
v -0.752229 -0.236393 -0.003676
v -0.726530 -0.291060 0.016953
v -0.703670 -0.261549 0.052482
v -0.713856 -0.212763 0.032820
v -0.752213 -0.184420 -0.005140
v -0.795152 -0.178764 -0.029952
v -0.706541 -0.171733 0.031151
v -0.749967 -0.147984 -0.008618
v -0.781173 -0.137384 -0.023900
v -0.692074 -0.220691 0.065401
v -0.677077 -0.182821 0.073617
v -0.677007 -0.231635 0.098124
v -0.663242 -0.192790 0.109777
v -0.667932 -0.242724 0.137210
v -0.657689 -0.262762 0.205673
v -0.651305 -0.219698 0.206728
v -0.661559 -0.309839 0.201546
v -0.660528 -0.353784 0.200214
v -0.650441 -0.395241 0.206635
v -0.615817 -0.452763 0.229616
v -0.601920 -0.464186 0.257240
v -0.599213 -0.469653 0.221957
v -0.573457 -0.487886 0.254522
v -0.564792 -0.489250 0.218048
v -0.546040 -0.503547 0.250013
v -0.512087 -0.524296 0.243501
v -0.477306 -0.545405 0.242273
v -0.459423 -0.576428 0.182809
v -0.402937 -0.600124 0.199693
v -0.353917 -0.638196 0.178482
v -0.342494 -0.631217 0.201496
v -0.301769 -0.656891 0.189167
v -0.300478 -0.629004 0.227577
v -0.278951 -0.655183 0.199501
v -0.248968 -0.684688 0.177415
v -0.232402 -0.712807 0.158259
v -0.213535 -0.675280 0.184453
v -0.185045 -0.724845 0.142893
v -0.223262 -0.740854 0.138470
v -0.241255 -0.739634 0.138300
v -0.272445 -0.691026 0.165343
v -0.542633 -0.518661 0.139726
v -0.568554 -0.508546 0.119983
v -0.563047 -0.513425 0.105986
v -0.554569 -0.501865 0.073957
v -0.513889 -0.520707 0.069918
v -0.507587 -0.502277 0.042080
v -0.503967 -0.472659 0.011177
v -0.489647 -0.453763 -0.010425
v -0.455875 -0.401706 -0.060972
v -0.417378 -0.420549 -0.065170
v -0.413460 -0.356034 -0.121205
v -0.392805 -0.331421 -0.157050
v -0.342554 -0.392482 -0.147430
v -0.303978 -0.392722 -0.195493
v -0.330788 -0.337744 -0.210901
v -0.284070 -0.365552 -0.267639
v -0.251719 -0.337050 -0.386692
v -0.212481 -0.435397 -0.319834
v -0.187565 -0.430538 -0.389059
v -0.156964 -0.492130 -0.386218
v -0.159573 -0.513621 -0.335672
v -0.124567 -0.570838 -0.391979
v -0.079805 -0.671513 -0.366809
v -0.096364 -0.660117 -0.326155
v -0.061111 -0.707349 -0.348416
v -0.029602 -0.735938 -0.346871
v -0.034858 -0.737930 -0.316199
v 0.016359 -0.758462 -0.325886
v 0.005940 -0.758304 -0.303059
v 0.053147 -0.777278 -0.291386
v 0.103165 -0.795792 -0.311547
v 0.007808 -0.758048 -0.353504
v 0.104761 -0.793949 -0.343788
v 0.056715 -0.785594 -0.383291
v 0.102723 -0.801554 -0.378248
v 0.145680 -0.812010 -0.380755
v 0.101179 -0.816064 -0.417446
v 0.216243 -0.815227 -0.401297
v 0.241255 -0.814515 -0.414864
v 0.269323 -0.799909 -0.344140
v 0.267561 -0.804306 -0.440880
v 0.295212 -0.790141 -0.351723
v 0.328380 -0.786626 -0.281977
v 0.351532 -0.781362 -0.237736
v 0.295682 -0.803288 -0.200985
v 0.259170 -0.812368 -0.182655
v 0.374426 -0.767058 -0.190968
v 0.419673 -0.734290 -0.174492
v 0.390379 -0.748405 -0.151024
v 0.460202 -0.686411 -0.100657
v 0.475953 -0.684143 -0.142253
v 0.516489 -0.648204 -0.084804
v 0.491794 -0.656845 -0.058044
v 0.464774 -0.661070 -0.041726
v 0.453891 -0.649657 -0.022980
v 0.458181 -0.619399 0.003839
v 0.378959 -0.657668 0.015472
v 0.393929 -0.621131 0.047459
v 0.352503 -0.646629 0.060909
v 0.278586 -0.686874 0.074431
v 0.273360 -0.718512 0.030701
v 0.353139 -0.611815 0.099416
v 0.300267 -0.641967 0.109115
v 0.233560 -0.677636 0.114687
v 0.224694 -0.711593 0.082250
v 0.300180 -0.598329 0.131063
v 0.255052 -0.624778 0.142889
v 0.183551 -0.661456 0.142723
v 0.181091 -0.694067 0.124234
v 0.251031 -0.591368 0.166258
v 0.215155 -0.614746 0.173650
v 0.132147 -0.651196 0.196635
v 0.152154 -0.671160 0.152844
v 0.204388 -0.584241 0.208270
v 0.165992 -0.603429 0.216242
v 0.108991 -0.612946 0.273424
v 0.082948 -0.626058 0.284594
v 0.161215 -0.579699 0.254409
v 0.040339 -0.621269 0.337173
v 0.067241 -0.664552 0.244185
v 0.030435 -0.647396 0.305724
v 0.095661 -0.569988 0.376249
v 0.013570 -0.612429 0.383984
v 0.005291 -0.635453 0.344762
v 0.055653 -0.581888 0.414251
v 0.005129 -0.598934 0.428439
v 0.059462 -0.567527 0.459792
v 0.023701 -0.586248 0.456403
v -0.014493 -0.601215 0.440940
v 0.045434 -0.568012 0.514072
v 0.025649 -0.578895 0.508002
v 0.011348 -0.582932 0.514139
v -0.012309 -0.584072 0.520735
v 0.039340 -0.562545 0.553386
v 0.022376 -0.565028 0.553208
v 0.046680 -0.535367 0.601995
v 0.019736 -0.536576 0.606830
v -0.004769 -0.530447 0.606258
v -0.031221 -0.578880 0.527207
v 0.034454 -0.460584 0.667191
v -0.002910 -0.488257 0.637914
v 0.002817 -0.455465 0.666052
v -0.034404 -0.442829 0.655179
v -0.035300 -0.515311 0.598155
v 0.016372 -0.419489 0.705944
v -0.014030 -0.406199 0.699627
v -0.069706 -0.402056 0.662502
v 0.035386 -0.308089 0.804450
v -0.031866 -0.360075 0.718543
v -0.069252 -0.361779 0.685746
v 0.003687 -0.311288 0.783758
v -0.034494 -0.304618 0.752326
v -0.100135 -0.308517 0.689820
v -0.031331 -0.255724 0.788005
v -0.069819 -0.258790 0.758132
v -0.105231 -0.263544 0.721480
v -0.135857 -0.284566 0.667911
v -0.127177 -0.143440 0.769766
v -0.144987 -0.219808 0.703631
v -0.172564 -0.218521 0.660230
v -0.164977 -0.261268 0.638712
v -0.159648 -0.149005 0.724572
v -0.183582 -0.148223 0.678739
v -0.192167 -0.175400 0.618361
v -0.188906 -0.213964 0.607384
v -0.208111 -0.111299 0.630544
v -0.201471 -0.161845 0.557082
v -0.206434 -0.101569 0.680711
v -0.229869 -0.067847 0.566245
v -0.225810 -0.129168 0.498126
v -0.224826 -0.065552 0.623101
v -0.243299 -0.076328 0.507291
v -0.267112 -0.090052 0.454641
v -0.250171 -0.121653 0.451205
v -0.250056 -0.035777 0.560663
v -0.261829 -0.043136 0.505125
v -0.302912 -0.042644 0.456183
v -0.306056 0.000841 0.501773
v -0.395407 -0.011308 0.428824
v -0.372039 -0.082296 0.392659
v -0.361537 0.005567 0.459813
v -0.429076 -0.037001 0.399678
v -0.456107 -0.061550 0.368413
v -0.509634 -0.067475 0.355303
v -0.455410 -0.019094 0.406132
v -0.486491 -0.044204 0.376307
v -0.515059 -0.030161 0.393634
v -0.550782 -0.056511 0.374576
v -0.585234 -0.034888 0.420175
v -0.603467 -0.061264 0.401450
v -0.641603 -0.065735 0.432137
v -0.658702 -0.052330 0.469986
v -0.619267 -0.018831 0.475671
v -0.604005 0.016180 0.534744
v -0.612250 0.028297 0.574768
v -0.625539 0.043471 0.604822
v -0.638601 0.063408 0.630679
v -0.663714 0.092047 0.658355
v -0.681472 0.105933 0.668626
v -0.719301 0.080786 0.644353
v -0.706899 0.139984 0.682584
v -0.780808 0.086192 0.630236
v -0.795816 0.124167 0.639556
v -0.823594 0.095520 0.613996
v -0.851533 0.096354 0.591155
v -0.845211 0.159854 0.621008
v -0.880912 0.147610 0.586992
v -0.910800 0.167165 0.555543
v -0.877550 0.212646 0.600741
v -0.927193 0.186708 0.508333
v -0.928934 0.161545 0.506820
v -0.940046 0.173642 0.463385
v -0.956299 0.191578 0.432998
v -0.975527 0.218581 0.410543
v -1.013977 0.202578 0.371760
v -0.996533 0.220356 0.393484
v -1.002733 0.221887 0.386916
v -1.017052 0.210460 0.352126
v -1.036155 0.188257 0.316479
v -1.051035 0.170701 0.301699
v -1.072005 0.158479 0.250016
v -1.070465 0.148199 0.251528
v -1.052628 0.152695 0.298565
v -1.092067 0.157933 0.212284
v -1.090516 0.143089 0.209011
v -1.115191 0.163236 0.180694
v -1.116097 0.148701 0.172001
v -1.111993 0.129212 0.163083
v -1.065810 0.134789 0.240468
v -1.135191 0.141007 0.130986
v -1.129864 0.123939 0.123093
v -1.147352 0.147423 0.108115
v -1.132914 0.111797 0.084575
v -1.162993 0.156263 0.085124
v -1.168156 0.175840 0.088845
v -1.177918 0.182796 0.068171
v -1.180773 0.203468 0.041982
v -1.179736 0.191588 0.012674
v -1.173658 0.214478 -0.030185
v -1.145959 0.225138 -0.107701
v -1.154779 0.197704 -0.079840
v -1.129297 0.187631 -0.137850
v -1.112946 0.162238 -0.158741
v -1.090422 0.175907 -0.242044
v -1.110692 0.148185 -0.150502
v -1.087679 0.098130 -0.169495
v -1.079524 0.105195 -0.249597
v -1.079435 0.073277 -0.209116
v -1.075958 0.025102 -0.210212
v -1.072933 0.045529 -0.252263
v -1.068164 -0.009503 -0.266832
v -1.072469 -0.043539 -0.233191
v -1.058209 -0.106691 -0.224655
v -1.061687 -0.061512 -0.259486
v -1.049098 -0.131681 -0.216098
v -1.052740 -0.120716 -0.199020
v -0.993868 -0.190379 -0.190103
v -0.966452 -0.227594 -0.198814
v -0.939152 -0.255856 -0.186758
v -0.901417 -0.275919 -0.174039
v -0.909088 -0.272345 -0.150231
v -0.829881 -0.305786 -0.100169
v -0.760526 -0.317060 -0.053425
v -0.761069 -0.311221 -0.039549
v -0.735662 -0.321880 -0.019082
v -0.736839 -0.306536 -0.001524
v -0.710845 -0.340644 0.011305
v -0.711034 -0.316023 0.028082
v -0.698040 -0.340286 0.051884
v -0.694859 -0.317454 0.073310
v -0.671433 -0.343999 0.100388
v -0.679581 -0.314709 0.107698
v -0.673462 -0.280184 0.128215
v -0.687158 -0.268515 0.088048
v -0.671885 -0.324705 0.135488
v -0.662730 -0.363534 0.152081
v -0.657438 -0.384063 0.186911
v -0.633208 -0.430762 0.200394
v -0.617177 -0.445407 0.188340
v -0.594809 -0.466443 0.147117
v -0.585908 -0.463921 0.177969
v -0.525524 -0.522308 0.196173
v -0.654594 -0.366339 0.108584
v -0.675477 -0.375758 0.063883
v -0.698239 -0.355212 0.032221
v -0.674615 -0.386325 0.041513
v -0.640375 -0.416241 0.048472
v -0.667515 -0.390783 0.024773
v -0.634408 -0.425832 0.065659
v -0.592724 -0.473558 0.063346
v -0.605061 -0.474977 0.093683
v -0.620452 -0.431898 0.032794
v -0.584504 -0.464885 0.039770
v -0.585086 -0.443523 0.015551
v -0.580253 -0.423143 -0.004311
v -0.537210 -0.408754 -0.025078
v -0.498497 -0.329025 -0.089620
v -0.467271 -0.359807 -0.088452
v -0.469080 -0.301955 -0.118733
v -0.453595 -0.281316 -0.149025
v -0.422965 -0.303006 -0.152214
v -0.413950 -0.285798 -0.180576
v -0.340542 -0.297087 -0.251458
v -0.311061 -0.331732 -0.255340
v -0.304026 -0.303542 -0.310160
v -0.307258 -0.281676 -0.346843
v -0.277391 -0.307449 -0.365795
v -0.288592 -0.283498 -0.414414
v -0.255012 -0.317715 -0.431582
v -0.264414 -0.304575 -0.476585
v -0.203372 -0.393088 -0.440663
v -0.181342 -0.430867 -0.447181
v -0.157093 -0.482397 -0.433941
v -0.122865 -0.562444 -0.459642
v -0.072967 -0.668066 -0.447858
v -0.045983 -0.712396 -0.432913
v -0.051132 -0.707320 -0.396553
v -0.015140 -0.748529 -0.421111
v -0.022998 -0.737775 -0.381348
v 0.026244 -0.785023 -0.439019
v -0.000908 -0.758642 -0.468454
v 0.059818 -0.804250 -0.422596
v 0.040591 -0.786304 -0.479389
v 0.068440 -0.814043 -0.466067
v 0.104587 -0.824350 -0.459265
v 0.078494 -0.815628 -0.502749
v 0.112186 -0.828125 -0.494677
v 0.092590 -0.811578 -0.536336
v 0.123159 -0.825678 -0.524662
v 0.138339 -0.815270 -0.550436
v 0.169087 -0.821302 -0.533465
v 0.203002 -0.820735 -0.507910
v 0.233899 -0.816398 -0.471620
v 0.219187 -0.807502 -0.523308
v 0.245730 -0.803541 -0.491476
v 0.294882 -0.779122 -0.461784
v 0.342988 -0.759747 -0.367498
v 0.324299 -0.775496 -0.353297
v 0.374325 -0.752220 -0.327658
v 0.377621 -0.765250 -0.273675
v 0.418121 -0.740838 -0.224295
v 0.489794 -0.671257 -0.170792
v 0.548428 -0.618521 -0.144128
v 0.592945 -0.577090 -0.058998
v 0.546382 -0.619018 -0.057736
v 0.591888 -0.570324 -0.030198
v 0.536145 -0.620313 -0.039898
v 0.545395 -0.584687 -0.001234
v 0.516805 -0.620984 -0.022322
v 0.532862 -0.571362 0.016584
v 0.489611 -0.566205 0.031545
v 0.447179 -0.564787 0.055145
v 0.435770 -0.517841 0.083555
v 0.352012 -0.568991 0.123322
v 0.359763 -0.500339 0.139674
v 0.304280 -0.533013 0.157053
v 0.287278 -0.508667 0.179728
v 0.237391 -0.559426 0.196839
v 0.283249 -0.470193 0.208646
v 0.228548 -0.531397 0.233320
v 0.196678 -0.557482 0.244651
v 0.221553 -0.506354 0.269439
v 0.193027 -0.536198 0.283401
v 0.156119 -0.549987 0.339515
v 0.202780 -0.507037 0.315574
v 0.125040 -0.570081 0.348377
v 0.149170 -0.524165 0.368278
v 0.118624 -0.549147 0.382786
v 0.117826 -0.534352 0.419232
v 0.076055 -0.550550 0.485810
v 0.090158 -0.528167 0.516221
v 0.053958 -0.557079 0.548726
v 0.071755 -0.521804 0.592459
v 0.066015 -0.457867 0.662540
v 0.080574 -0.430388 0.695367
v 0.048462 -0.425216 0.707330
v 0.097082 -0.376730 0.754000
v 0.057195 -0.373644 0.757841
v 0.114044 -0.295589 0.820670
v 0.063010 -0.306770 0.812626
v 0.039546 -0.210993 0.850694
v 0.006258 -0.248371 0.814442
v -0.017624 -0.149852 0.854073
v -0.047687 -0.161486 0.829706
v -0.091931 -0.163810 0.794413
v -0.049227 -0.095396 0.852527
v -0.114465 -0.104685 0.799106
v -0.161433 -0.083745 0.760510
v -0.188334 -0.094160 0.721776
v -0.164753 -0.034798 0.770191
v -0.225842 -0.016304 0.702634
v -0.236271 -0.032610 0.668326
v -0.265294 -0.005899 0.609140
v -0.264483 0.008340 0.654557
v -0.301625 0.021413 0.553531
v -0.292425 0.029560 0.636979
v -0.330490 0.042034 0.549737
v -0.356187 0.036938 0.503089
v -0.409130 0.030653 0.463409
v -0.434162 0.010146 0.433050
v -0.475794 0.029110 0.456341
v -0.535838 -0.015899 0.415983
v -0.549522 0.006293 0.457995
v -0.529131 0.049547 0.520642
v -0.499315 0.041191 0.483310
v -0.536588 0.064387 0.562765
v -0.551450 0.068393 0.597637
v -0.563446 0.079834 0.626292
v -0.571830 0.100594 0.652890
v -0.566873 0.125650 0.673809
v -0.582063 0.153608 0.691802
v -0.594665 0.181620 0.705119
v -0.643642 0.183608 0.702805
v -0.673219 0.191479 0.701679
v -0.718531 0.172153 0.688100
v -0.765891 0.175594 0.668778
v -0.715633 0.195623 0.688818
v -0.801880 0.168792 0.649063
v -0.793215 0.222574 0.657126
v -0.837825 0.211998 0.633611
v -0.906786 0.231792 0.565751
v -0.912417 0.209299 0.560341
v -0.930734 0.211573 0.513821
v -0.928485 0.263604 0.529183
v -0.935768 0.245532 0.518660
v -0.951735 0.274521 0.475773
v -0.978499 0.248193 0.408177
v -0.917383 0.292240 0.526779
v -0.899885 0.315411 0.516467
v -0.922647 0.319074 0.458783
v -0.974339 0.296254 0.375889
v -0.967555 0.302675 0.362027
v -0.966919 0.310344 0.284001
v -0.979657 0.294522 0.297078
v -0.982726 0.291607 0.242966
v -0.998113 0.269738 0.223740
v -1.006679 0.243554 0.227144
v -1.013094 0.225890 0.242164
v -1.017820 0.237402 0.195290
v -1.034914 0.206648 0.220678
v -1.042571 0.220092 0.182982
v -1.067519 0.192320 0.207839
v -1.079805 0.209406 0.179823
v -1.096481 0.194524 0.187783
v -1.139390 0.220209 0.140405
v -1.111288 0.188774 0.179654
v -1.134261 0.233655 0.140936
v -1.119967 0.179720 0.172349
v -1.150715 0.240903 0.117075
v -1.159849 0.210105 0.102914
v -1.162017 0.251894 0.087439
v -1.177458 0.203355 0.072114
v -1.178556 0.225934 0.042922
v -1.174211 0.250272 0.006474
v -1.179958 0.223975 0.008101
v -1.148526 0.182665 0.120266
v -1.083805 0.173924 0.213590
v -1.063980 0.172338 0.246459
v -1.153189 0.226286 -0.064023
v -1.147073 0.256636 -0.097141
v -1.133503 0.259811 -0.149521
v -1.133142 0.240882 -0.152882
v -1.106337 0.236507 -0.210333
v -1.095644 0.218281 -0.239751
v -1.070226 0.182076 -0.288666
v -1.075895 0.128920 -0.265837
v -1.054016 0.155768 -0.319098
v -1.072826 0.220212 -0.286799
v -1.049397 0.240776 -0.319328
v -1.011323 0.250148 -0.359356
v -0.980324 0.248194 -0.391627
v -0.964342 0.298414 -0.371400
v -0.942574 0.282691 -0.414255
v -0.917350 0.268857 -0.450460
v -0.921097 0.225464 -0.456047
v -0.886342 0.245543 -0.472160
v -0.889225 0.189152 -0.484754
v -0.888104 0.142780 -0.504190
v -0.899858 0.102387 -0.524669
v -0.911718 0.096170 -0.521765
v -0.851648 0.073961 -0.553607
v -0.884598 0.068948 -0.559823
v -0.893995 0.059908 -0.563279
v -0.920052 0.088813 -0.518825
v -0.809787 0.047901 -0.584693
v -0.818696 0.035970 -0.592384
v -0.852890 0.034664 -0.583362
v -0.863296 0.015495 -0.577297
v -0.899234 0.047878 -0.557858
v -0.810787 0.015714 -0.597307
v -0.823756 -0.007942 -0.591327
v -0.768164 -0.001021 -0.605726
v -0.737949 -0.035568 -0.609834
v -0.694408 -0.068273 -0.614055
v -0.773609 -0.048630 -0.592433
v -0.828068 -0.030219 -0.578330
v -0.744864 -0.075225 -0.589238
v -0.698392 -0.078276 -0.614256
v -0.663900 -0.096928 -0.623407
v -0.697929 -0.099556 -0.594480
v -0.743849 -0.088144 -0.577075
v -0.666947 -0.086522 -0.633462
v -0.607926 -0.113146 -0.642666
v -0.555394 -0.135246 -0.672238
v -0.556458 -0.148847 -0.648805
v -0.549686 -0.161457 -0.624125
v -0.591186 -0.144557 -0.575590
v -0.499990 -0.166014 -0.672752
v -0.547616 -0.166760 -0.601671
v -0.431671 -0.202084 -0.676388
v -0.440975 -0.211176 -0.644458
v -0.441701 -0.217809 -0.596161
v -0.487443 -0.193899 -0.593767
v -0.380359 -0.234159 -0.685946
v -0.389428 -0.247206 -0.651099
v -0.376585 -0.258811 -0.632734
v -0.354232 -0.273556 -0.609472
v -0.286513 -0.310541 -0.661629
v -0.349858 -0.272688 -0.581280
v -0.399906 -0.239305 -0.568856
v -0.293303 -0.313981 -0.630381
v -0.290165 -0.313023 -0.580342
v -0.247439 -0.355211 -0.620903
v -0.242379 -0.346467 -0.538241
v -0.277740 -0.303402 -0.521007
v -0.212503 -0.396121 -0.606250
v -0.213943 -0.392947 -0.568316
v -0.195726 -0.409580 -0.532916
v -0.180805 -0.444867 -0.575519
v -0.138242 -0.524921 -0.548342
v -0.110666 -0.582933 -0.538208
v -0.099560 -0.616117 -0.492299
v -0.047153 -0.688466 -0.518089
v 0.014524 -0.758801 -0.529199
v 0.061764 -0.788863 -0.545855
v 0.029983 -0.754595 -0.561675
v 0.013465 -0.712341 -0.604390
v 0.076778 -0.778331 -0.576949
v 0.108211 -0.801087 -0.564447
v 0.093060 -0.765033 -0.603171
v 0.125826 -0.785107 -0.589767
v 0.156846 -0.797774 -0.573129
v 0.145598 -0.762756 -0.611982
v 0.179234 -0.769072 -0.597019
v 0.210727 -0.774352 -0.574576
v 0.187295 -0.804829 -0.551848
v 0.255952 -0.764352 -0.551991
v 0.304138 -0.740066 -0.535737
v 0.334805 -0.731439 -0.502612
v 0.390690 -0.702933 -0.422518
v 0.412044 -0.692126 -0.405623
v 0.451900 -0.653539 -0.404366
v 0.446731 -0.641868 -0.466164
v 0.508471 -0.583318 -0.428030
v 0.470912 -0.636565 -0.376425
v 0.501651 -0.590752 -0.384889
v 0.486394 -0.613239 -0.356180
v 0.504270 -0.559705 -0.285973
v 0.514612 -0.557281 -0.250582
v 0.542480 -0.482883 -0.288330
v 0.541307 -0.490564 -0.268868
v 0.548090 -0.495899 -0.241926
v 0.564965 -0.463906 -0.227771
v 0.610066 -0.478724 -0.149785
v 0.588814 -0.504654 -0.182833
v 0.594199 -0.532843 -0.162984
v 0.612973 -0.524435 -0.107318
v 0.591656 -0.551088 -0.147215
v 0.558513 -0.597087 -0.162041
v 0.503355 -0.629351 -0.218419
v 0.492875 -0.661932 -0.197327
v 0.594383 -0.559391 -0.117871
v 0.622043 -0.538868 -0.064573
v 0.623025 -0.539846 -0.034786
v 0.644245 -0.500537 0.004411
v 0.595973 -0.551431 -0.004812
v 0.607087 -0.502548 0.040507
v 0.607072 -0.520646 0.020269
v 0.557133 -0.525404 0.045108
v 0.606532 -0.467538 0.064417
v 0.528130 -0.505545 0.061596
v 0.495205 -0.534778 0.050150
v 0.459210 -0.464661 0.093734
v 0.379072 -0.454164 0.145305
v 0.330968 -0.474853 0.165517
v 0.362959 -0.427588 0.178173
v 0.321004 -0.438879 0.197383
v 0.279519 -0.446542 0.239470
v 0.245453 -0.457204 0.279633
v 0.276466 -0.414557 0.284190
v 0.203059 -0.464576 0.347626
v 0.180294 -0.473548 0.378029
v 0.147134 -0.509735 0.401420
v 0.180725 -0.462212 0.441056
v 0.154867 -0.491665 0.463389
v 0.122299 -0.524440 0.456991
v 0.146366 -0.441812 0.559181
v 0.119430 -0.474685 0.558311
v 0.106996 -0.462175 0.599078
v 0.108444 -0.437349 0.622295
v 0.086032 -0.450744 0.648073
v 0.114189 -0.429517 0.666312
v 0.150009 -0.385340 0.708100
v 0.123663 -0.379273 0.737573
v 0.154266 -0.308563 0.797006
v 0.232269 -0.255026 0.786573
v 0.180540 -0.329146 0.751000
v 0.259368 -0.208122 0.804986
v 0.388749 -0.133445 0.796685
v 0.337348 -0.122482 0.838215
v 0.299189 -0.106889 0.869142
v 0.340656 -0.007967 0.892065
v 0.347650 0.047739 0.894566
v 0.217791 -0.031854 0.918597
v 0.156335 -0.060313 0.922343
v 0.184613 0.012634 0.912594
v 0.130836 -0.005515 0.915796
v 0.091934 -0.028941 0.918431
v 0.113689 -0.085220 0.917732
v 0.144228 0.057951 0.891616
v 0.092783 0.042665 0.898698
v 0.052775 0.019137 0.900481
v 0.016982 -0.003119 0.893396
v 0.050948 -0.054905 0.904700
v 0.048550 0.090578 0.876203
v 0.004286 0.079862 0.878317
v -0.026917 0.058475 0.873533
v -0.083134 0.025323 0.846455
v 0.008514 -0.072412 0.889242
v -0.105433 0.095650 0.844854
v -0.144881 0.055470 0.816233
v -0.178941 0.150785 0.838050
v -0.182374 0.116825 0.823460
v -0.200141 0.087657 0.799357
v -0.295252 0.156909 0.796508
v -0.220417 0.068947 0.771703
v -0.296110 0.180106 0.813133
v -0.320910 0.132297 0.759733
v -0.323075 0.103906 0.730521
v -0.275335 0.072808 0.731623
v -0.327045 0.073429 0.686874
v -0.390935 0.144899 0.728527
v -0.418465 0.098418 0.666462
v -0.376819 0.075967 0.640448
v -0.436748 0.119113 0.685155
v -0.441813 0.087666 0.625337
v -0.405371 0.078871 0.588618
v -0.469695 0.101309 0.651239
v -0.501780 0.081812 0.610148
v -0.508948 0.097683 0.639496
v -0.515987 0.117045 0.663956
v -0.434321 0.142456 0.706909
v -0.526410 0.150642 0.692538
v -0.443489 0.172819 0.726519
v -0.442004 0.200855 0.744251
v -0.537219 0.188822 0.713104
v -0.544393 0.212769 0.721474
v -0.483650 0.268268 0.754568
v -0.549933 0.237168 0.725056
v -0.563730 0.258162 0.724016
v -0.653095 0.242415 0.700244
v -0.671132 0.250786 0.691250
v -0.721373 0.231678 0.673829
v -0.624141 0.319478 0.694192
v -0.687192 0.331964 0.652779
v -0.566393 0.356551 0.703491
v -0.565003 0.381315 0.684491
v -0.493451 0.389506 0.698070
v -0.496707 0.429311 0.670027
v -0.556421 0.400217 0.669584
v -0.552191 0.420831 0.650865
v -0.498550 0.464582 0.642688
v -0.547847 0.452174 0.626798
v -0.495774 0.486289 0.623608
v -0.553434 0.470695 0.610261
v -0.550985 0.484081 0.596686
v -0.634901 0.457045 0.570805
v -0.727378 0.369951 0.599993
v -0.791475 0.337170 0.585395
v -0.841004 0.326569 0.549611
v -0.787730 0.352431 0.561314
v -0.838748 0.340107 0.525230
v -0.879590 0.332948 0.498766
v -0.894983 0.333765 0.442383
v -0.914604 0.322807 0.411121
v -0.926787 0.311768 0.358304
v -0.947340 0.317810 0.299636
v -0.954570 0.318380 0.278070
v -0.957430 0.310027 0.230553
v -0.985022 0.289791 0.200550
v -0.996402 0.279271 0.211016
v -1.009615 0.280874 0.161584
v -1.022719 0.268354 0.164048
v -1.031905 0.236598 0.172302
v -1.048273 0.237271 0.156262
v -1.058421 0.229740 0.160106
v -1.111248 0.243864 0.144278
v -1.140968 0.253969 0.120399
v -1.145464 0.272955 0.096104
v -1.166728 0.261457 0.052966
v -1.151386 0.288606 0.021081
v -1.162788 0.255008 -0.032636
v -1.143406 0.260690 -0.060407
v -1.150479 0.247138 -0.061188
v -1.138056 0.276512 -0.091716
v -1.131674 0.292490 -0.133896
v -1.089158 0.300071 -0.169436
v -1.092732 0.278684 -0.179920
v -1.102225 0.258248 -0.191787
v -1.078618 0.267602 -0.251835
v -1.074728 0.255808 -0.277118
v -1.041441 0.295809 -0.307972
v -1.061022 0.310796 -0.263478
v -1.010179 0.317276 -0.329955
v -1.029310 0.336630 -0.293253
v -0.964279 0.325465 -0.368432
v -0.902368 0.320739 -0.430301
v -0.872108 0.313662 -0.454174
v -0.878232 0.289689 -0.465409
v -0.833503 0.292893 -0.481336
v -0.796919 0.270079 -0.495128
v -0.854599 0.220392 -0.488853
v -0.851261 0.186777 -0.497443
v -0.757674 0.138221 -0.537061
v -0.775513 0.082896 -0.550151
v -0.703405 0.183865 -0.531091
v -0.660584 0.181397 -0.530830
v -0.657327 0.144549 -0.550884
v -0.733448 0.210338 -0.517996
v -0.697391 0.210210 -0.522520
v -0.661190 0.219612 -0.521007
v -0.629807 0.238888 -0.507807
v -0.621238 0.181345 -0.516428
v -0.695916 0.262566 -0.517141
v -0.578049 0.256898 -0.474871
v -0.588659 0.220598 -0.493514
v -0.665293 0.262750 -0.516998
v -0.634559 0.271849 -0.503737
v -0.576419 0.285247 -0.462758
v -0.549902 0.317432 -0.440324
v -0.532582 0.283155 -0.443537
v -0.592133 0.300019 -0.459818
v -0.515921 0.350564 -0.434040
v -0.511715 0.322065 -0.434617
v -0.593387 0.313596 -0.452126
v -0.569890 0.346435 -0.434703
v -0.536049 0.379632 -0.429242
v -0.466540 0.406534 -0.442399
v -0.496498 0.361032 -0.437512
v -0.520762 0.406685 -0.428005
v -0.445116 0.451043 -0.447538
v -0.539761 0.399215 -0.421347
v -0.411400 0.482347 -0.460140
v -0.479493 0.453256 -0.432089
v -0.359801 0.516203 -0.489479
v -0.358835 0.492402 -0.487404
v -0.420001 0.500863 -0.447868
v -0.338744 0.538020 -0.499800
v -0.436059 0.500087 -0.433271
v -0.296507 0.557889 -0.524982
v -0.370791 0.546564 -0.460276
v -0.333523 0.556396 -0.493203
v -0.286192 0.583233 -0.511134
v -0.328188 0.581596 -0.463074
v -0.225303 0.615831 -0.542698
v -0.232582 0.595250 -0.564985
v -0.270291 0.605730 -0.497734
v -0.198114 0.629164 -0.540110
v -0.200563 0.624442 -0.557982
v -0.225731 0.638142 -0.495115
v -0.192748 0.635916 -0.523513
v -0.184085 0.643830 -0.516080
v -0.161682 0.636642 -0.529298
v -0.165546 0.685853 -0.490388
v -0.122933 0.634746 -0.546747
v -0.152052 0.678037 -0.507459
v -0.131031 0.660506 -0.527362
v -0.106794 0.644425 -0.543863
v -0.139830 0.699345 -0.469338
v -0.126064 0.697540 -0.488131
v -0.112035 0.688456 -0.502460
v -0.102555 0.708393 -0.449829
v -0.080845 0.696710 -0.468278
v -0.084363 0.710985 -0.399327
v -0.037476 0.701274 -0.378833
v -0.053705 0.695089 -0.424347
v -0.024846 0.692419 -0.389512
v -0.042781 0.680883 -0.434450
v -0.004588 0.709086 -0.345098
v 0.020592 0.688478 -0.355543
v 0.028018 0.677607 -0.361961
v -0.004534 0.663224 -0.401815
v 0.042232 0.706158 -0.301342
v 0.059522 0.695153 -0.322710
v 0.071240 0.685759 -0.334413
v 0.077044 0.668306 -0.342873
v 0.034894 0.659539 -0.370522
v 0.114696 0.707657 -0.301911
v 0.122001 0.695118 -0.313463
v 0.132002 0.675926 -0.320665
v 0.136536 0.649633 -0.324893
v 0.262433 0.639952 -0.285304
v 0.260654 0.689853 -0.279817
v 0.263809 0.604033 -0.284268
v 0.146269 0.618089 -0.321599
v 0.326058 0.678534 -0.271973
v 0.279368 0.551106 -0.277973
v 0.241732 0.550305 -0.282158
v 0.376473 0.599806 -0.271454
v 0.361727 0.552170 -0.273949
v 0.420494 0.526193 -0.253261
v 0.373565 0.406767 -0.242635
v 0.346928 0.427022 -0.249248
v 0.458387 0.473145 -0.235796
v 0.436909 0.424906 -0.229701
v 0.413933 0.361768 -0.235757
v 0.488623 0.372658 -0.228650
v 0.459183 0.341630 -0.233934
v 0.409525 0.254924 -0.256164
v 0.368936 0.278994 -0.257377
v 0.492708 0.282328 -0.248027
v 0.421456 0.167660 -0.273588
v 0.381285 0.200556 -0.270457
v 0.520569 0.205185 -0.272517
v 0.452543 0.131915 -0.289962
v 0.421184 0.093275 -0.313909
v 0.386657 0.124341 -0.295557
v 0.578963 0.146130 -0.308383
v 0.486336 0.106821 -0.313513
v 0.454335 0.067047 -0.342242
v 0.421711 0.042169 -0.375507
v 0.385953 0.065223 -0.347793
v 0.547512 0.054601 -0.373306
v 0.497116 0.039846 -0.381079
v 0.419289 -0.000120 -0.439340
v 0.389198 0.021057 -0.410071
v 0.515483 0.018278 -0.408768
v 0.452717 -0.020885 -0.455983
v 0.375085 -0.066393 -0.525630
v 0.356439 0.000094 -0.455166
v 0.528497 -0.060789 -0.498907
v 0.411936 -0.110109 -0.576537
v 0.485977 -0.091118 -0.539686
v 0.373564 -0.124417 -0.610023
v 0.296145 -0.092933 -0.581041
v 0.506271 -0.116697 -0.576908
v 0.397301 -0.157334 -0.666814
v 0.350863 -0.157888 -0.688453
v 0.472275 -0.151234 -0.637246
v 0.288797 -0.143888 -0.700817
v 0.412196 -0.181434 -0.694255
v 0.295585 -0.170888 -0.733001
v 0.231974 -0.149538 -0.740440
v 0.190898 -0.114623 -0.717969
v 0.356138 -0.196545 -0.731408
v 0.419294 -0.222589 -0.724661
v 0.361782 -0.242260 -0.753758
v 0.410501 -0.270168 -0.745374
v 0.358529 -0.270175 -0.756849
v 0.272756 -0.272899 -0.759672
v 0.358383 -0.302875 -0.750676
v 0.300618 -0.305007 -0.755112
v 0.216324 -0.310630 -0.766570
v 0.196498 -0.283776 -0.769045
v 0.311603 -0.341759 -0.755003
v 0.233816 -0.374779 -0.772818
v 0.178864 -0.402755 -0.788779
v 0.181865 -0.352685 -0.779667
v 0.342403 -0.424675 -0.759641
v 0.300546 -0.448666 -0.770828
v 0.394919 -0.440482 -0.742345
v 0.260554 -0.494935 -0.766610
v 0.220888 -0.480512 -0.778840
v 0.286102 -0.547593 -0.717983
v 0.227235 -0.576028 -0.717191
v 0.189235 -0.575731 -0.725879
v 0.210163 -0.518965 -0.761095
v 0.272467 -0.633968 -0.664146
v 0.334792 -0.608847 -0.662783
v 0.225934 -0.662986 -0.665278
v 0.307209 -0.646381 -0.642107
v 0.340291 -0.652077 -0.619465
v 0.307052 -0.690902 -0.595196
v 0.342151 -0.682540 -0.572818
v 0.364732 -0.685960 -0.533517
v 0.436885 -0.619719 -0.550755
v 0.381362 -0.688182 -0.492687
v 0.458315 -0.602264 -0.537040
v 0.477970 -0.598081 -0.489587
v 0.493793 -0.559189 -0.506920
v 0.517012 -0.554798 -0.471108
v 0.496914 -0.590343 -0.456143
v 0.572922 -0.499969 -0.464627
v 0.580996 -0.488194 -0.438765
v 0.586414 -0.464688 -0.410506
v 0.572509 -0.453200 -0.369068
v 0.578236 -0.410421 -0.333647
v 0.554381 -0.473847 -0.336020
v 0.558169 -0.446196 -0.287302
v 0.591446 -0.375590 -0.305586
v 0.581421 -0.395565 -0.271669
v 0.620654 -0.315807 -0.262483
v 0.646564 -0.286019 -0.313033
v 0.646112 -0.282259 -0.268328
v 0.649284 -0.287725 -0.229924
v 0.673292 -0.251790 -0.271119
v 0.692398 -0.257503 -0.193826
v 0.668173 -0.295127 -0.155653
v 0.716518 -0.244411 -0.162942
v 0.725877 -0.249144 -0.126076
v 0.778738 -0.195070 -0.166737
v 0.777926 -0.232814 -0.084908
v 0.760662 -0.272752 -0.050538
v 0.759179 -0.303839 -0.026779
v 0.697093 -0.337798 -0.043642
v 0.703775 -0.378647 -0.021885
v 0.677957 -0.391668 -0.046458
v 0.651578 -0.422458 -0.070177
v 0.683918 -0.435281 -0.007909
v 0.632997 -0.448651 -0.091339
v 0.644638 -0.501020 -0.049048
v 0.667653 -0.459983 -0.023215
v 0.682967 -0.453175 0.006963
v 0.679415 -0.455855 0.022541
v 0.665197 -0.455132 0.044550
v 0.646901 -0.480200 0.033600
v 0.654508 -0.448577 0.055347
v 0.634026 -0.430301 0.069905
v 0.568195 -0.404274 0.098594
v 0.526333 -0.425909 0.094314
v 0.492265 -0.409127 0.115604
v 0.446170 -0.432032 0.118663
v 0.493627 -0.371644 0.161240
v 0.408509 -0.415836 0.162827
v 0.409126 -0.373339 0.221967
v 0.359903 -0.393977 0.223794
v 0.299503 -0.371187 0.316398
v 0.259785 -0.387893 0.337848
v 0.231313 -0.416743 0.344695
v 0.231433 -0.396753 0.384918
v 0.158217 -0.464160 0.501846
v 0.179383 -0.416483 0.537894
v 0.161309 -0.418622 0.567465
v 0.204124 -0.371314 0.621572
v 0.170047 -0.385364 0.677283
v 0.212075 -0.327041 0.705799
v 0.299944 -0.252749 0.717077
v 0.280443 -0.239946 0.756659
v 0.372478 -0.203482 0.718497
v 0.353567 -0.185854 0.761958
v 0.471824 -0.130229 0.745390
v 0.444105 -0.076145 0.815971
v 0.470855 -0.102258 0.779352
v 0.571032 -0.086317 0.731756
v 0.527075 -0.051156 0.786516
v 0.584337 -0.051401 0.760520
v 0.638337 -0.017463 0.744201
v 0.686725 0.042717 0.739257
v 0.699090 0.078307 0.741876
v 0.687529 0.121277 0.749565
v 0.624804 0.150632 0.788360
v 0.521745 0.216304 0.842129
v 0.532352 0.237529 0.828668
v 0.505589 0.286765 0.825530
v 0.422930 0.366221 0.836300
v 0.417823 0.341992 0.856983
v 0.347453 0.390252 0.857167
v 0.297057 0.456838 0.867858
v 0.293265 0.424730 0.877540
v 0.334611 0.372496 0.865159
v 0.257932 0.488641 0.873479
v 0.195769 0.526208 0.882336
v 0.245579 0.466001 0.891645
v 0.232147 0.528691 0.855111
v 0.203885 0.550682 0.858960
v 0.239322 0.548576 0.822229
v 0.212477 0.573026 0.825752
v 0.184767 0.586888 0.830599
v 0.250180 0.580279 0.787101
v 0.220985 0.603506 0.787927
v 0.193725 0.625399 0.785879
v 0.165913 0.640242 0.775110
v 0.150430 0.580759 0.846393
v 0.223361 0.640395 0.732440
v 0.143610 0.665696 0.706741
v 0.147567 0.649857 0.760637
v 0.213941 0.675196 0.675674
v 0.183243 0.680496 0.667760
v 0.078025 0.667436 0.650006
v 0.176657 0.709387 0.606215
v 0.083620 0.695987 0.604259
v 0.069215 0.726747 0.575394
v 0.007742 0.722816 0.575244
v 0.029694 0.692407 0.608422
v -0.037729 0.705875 0.592919
v 0.004616 0.742538 0.555066
v -0.022761 0.749731 0.540038
v -0.071849 0.703946 0.590225
v 0.007329 0.765588 0.516911
v -0.046910 0.748556 0.491083
v -0.095677 0.739418 0.423009
v -0.066534 0.743877 0.421037
v -0.067366 0.750363 0.384506
v -0.088721 0.757307 0.349925
v -0.056668 0.763123 0.353144
v -0.034870 0.782238 0.327050
v -0.040112 0.747342 0.396311
v -0.003249 0.749673 0.402818
v -0.035920 0.742882 0.429610
v 0.003276 0.749352 0.445992
v 0.032073 0.762996 0.404777
v 0.010048 0.764070 0.494989
v 0.056253 0.785424 0.503988
v 0.021831 0.764495 0.530224
v 0.102106 0.823155 0.409185
v 0.062805 0.788511 0.408456
v 0.081453 0.821381 0.369750
v 0.097153 0.832995 0.356057
v 0.126715 0.832348 0.414116
v 0.150005 0.833036 0.414254
v 0.138696 0.842984 0.301250
v 0.140742 0.845084 0.227368
v 0.111809 0.840950 0.148903
v 0.101554 0.817117 0.050705
v 0.089596 0.825147 0.106999
v 0.113905 0.819889 0.047953
v 0.111422 0.818183 0.019011
v 0.124520 0.818782 0.053592
v 0.122985 0.814608 0.023663
v 0.127731 0.814564 -0.001731
v 0.118062 0.819172 -0.010077
v 0.132745 0.818386 -0.019294
v 0.141014 0.800082 0.031968
v 0.148894 0.796648 0.008909
v 0.155771 0.797034 -0.012186
v 0.168245 0.800286 -0.031857
v 0.150689 0.824287 -0.044644
v 0.172745 0.783888 0.006174
v 0.188908 0.788660 -0.028375
v 0.199065 0.777726 -0.005374
v 0.214398 0.787869 -0.034968
v 0.244206 0.791228 -0.034312
v 0.227734 0.817033 -0.063911
v 0.257829 0.811933 -0.051392
v 0.191658 0.828206 -0.070277
v 0.170272 0.827267 -0.057412
v 0.160938 0.834236 -0.072722
v 0.123920 0.826448 -0.039193
v 0.098207 0.815635 -0.013217
v 0.079785 0.805161 0.035099
v 0.077577 0.808613 0.068330
v 0.054089 0.819162 0.130862
v -0.012434 0.786137 0.165630
v -0.091605 0.723279 0.141770
v -0.060629 0.720305 0.103525
v -0.121592 0.695325 0.107799
v -0.119816 0.713991 0.145388
v -0.081678 0.699751 0.052465
v -0.124394 0.679399 0.063586
v -0.096778 0.686492 0.018045
v -0.121768 0.662356 -0.016132
v -0.144538 0.632919 -0.023948
v -0.172200 0.623317 0.046528
v -0.173908 0.599840 -0.012872
v -0.207047 0.572721 0.000819
v -0.203611 0.595973 0.047433
v -0.139950 0.627422 -0.110152
v -0.173979 0.591817 -0.077181
v -0.210241 0.564224 -0.042958
v -0.256117 0.537046 -0.035898
v -0.245061 0.555072 0.010493
v -0.254006 0.536579 -0.073715
v -0.337754 0.504514 -0.064943
v -0.297742 0.526903 -0.109244
v -0.338480 0.508981 -0.112461
v -0.292124 0.541876 -0.147835
v -0.331971 0.526053 -0.153274
v -0.371274 0.484627 -0.123303
v -0.281281 0.564307 -0.182945
v -0.319410 0.551116 -0.192514
v -0.322861 0.583737 -0.253156
v -0.298667 0.584628 -0.225423
v -0.275591 0.621389 -0.247344
v -0.292031 0.621730 -0.271111
v -0.257141 0.603024 -0.213719
v -0.179695 0.663258 -0.228954
v -0.253267 0.651833 -0.268389
v -0.199358 0.639555 -0.213211
v -0.183387 0.672782 -0.262618
v -0.160785 0.649840 -0.184719
v -0.141896 0.675078 -0.200775
v -0.125222 0.690372 -0.216668
v -0.144923 0.687787 -0.266950
v -0.120860 0.694070 -0.279620
v -0.167591 0.679276 -0.302742
v -0.091017 0.708418 -0.253643
v -0.047237 0.731373 -0.231388
v -0.026194 0.742182 -0.243999
v -0.059124 0.699455 -0.321153
v -0.004804 0.755143 -0.223963
v 0.021110 0.768333 -0.229239
v -0.009857 0.747291 -0.256224
v 0.032874 0.780087 -0.192392
v 0.060024 0.802647 -0.194310
v 0.069221 0.801112 -0.205375
v 0.076292 0.788433 -0.215680
v 0.035390 0.767604 -0.233259
v 0.076463 0.811366 -0.185404
v 0.156411 0.788157 -0.206591
v 0.122227 0.789675 -0.205455
v 0.123176 0.817431 -0.175341
v 0.148614 0.805912 -0.180427
v 0.191541 0.803583 -0.183402
v 0.232926 0.802878 -0.201420
v 0.200878 0.790698 -0.218785
v 0.270076 0.805152 -0.191970
v 0.262302 0.797231 -0.208541
v 0.220288 0.815468 -0.155896
v 0.298053 0.812000 -0.154337
v 0.305557 0.799802 -0.187874
v 0.326424 0.808890 -0.146279
v 0.358961 0.791852 -0.150498
v 0.335681 0.778914 -0.193949
v 0.389552 0.762495 -0.155670
v 0.376524 0.732575 -0.209675
v 0.437051 0.728958 -0.172767
v 0.427516 0.708796 -0.204900
v 0.486449 0.666239 -0.202762
v 0.488291 0.650365 -0.220405
v 0.453498 0.650421 -0.234462
v 0.529622 0.613728 -0.224067
v 0.566155 0.573545 -0.237645
v 0.516651 0.587421 -0.244555
v 0.559451 0.553612 -0.244852
v 0.491823 0.573097 -0.250972
v 0.607924 0.513752 -0.239402
v 0.598173 0.492598 -0.245858
v 0.574520 0.447394 -0.238699
v 0.540049 0.519355 -0.247619
v 0.647293 0.451450 -0.257456
v 0.612484 0.384066 -0.245279
v 0.697011 0.406940 -0.275961
v 0.635114 0.320225 -0.253365
v 0.727141 0.337234 -0.298285
v 0.666972 0.286205 -0.274723
v 0.673055 0.193812 -0.310489
v 0.640233 0.234932 -0.280542
v 0.719352 0.212025 -0.325195
v 0.695409 0.163724 -0.337796
v 0.754292 0.181607 -0.364000
v 0.712506 0.123245 -0.376107
v 0.671928 0.058837 -0.403121
v 0.608013 0.118550 -0.332298
v 0.761488 0.165609 -0.381853
v 0.706478 0.032460 -0.443673
v 0.675721 -0.001163 -0.461426
v 0.641214 0.021561 -0.423380
v 0.781968 0.062060 -0.489386
v 0.676977 -0.072054 -0.566614
v 0.626076 -0.036246 -0.487969
v 0.762435 0.000667 -0.530102
v 0.725946 -0.042371 -0.553813
v 0.667138 -0.092540 -0.588893
v 0.609423 -0.145044 -0.624804
v 0.583819 -0.129028 -0.610411
v 0.747033 -0.057153 -0.573155
v 0.626453 -0.181379 -0.650405
v 0.571553 -0.201116 -0.666977
v 0.561042 -0.176446 -0.651289
v 0.670451 -0.150187 -0.635492
v 0.578337 -0.224121 -0.670975
v 0.537366 -0.262216 -0.706390
v 0.497737 -0.220464 -0.702190
v 0.585428 -0.242038 -0.678922
v 0.475979 -0.248161 -0.720806
v 0.591442 -0.258287 -0.690763
v 0.594872 -0.272823 -0.694584
v 0.497362 -0.316681 -0.725097
v 0.420982 -0.331958 -0.738303
v 0.378548 -0.381021 -0.745591
v 0.438078 -0.386346 -0.729414
v 0.470458 -0.419134 -0.716762
v 0.493110 -0.368694 -0.716088
v 0.517652 -0.408457 -0.697282
v 0.553123 -0.351506 -0.694816
v 0.572705 -0.377008 -0.669508
v 0.548187 -0.433757 -0.672301
v 0.587615 -0.396949 -0.659237
v 0.521555 -0.483962 -0.660379
v 0.467403 -0.535297 -0.665907
v 0.586503 -0.432195 -0.632504
v 0.499595 -0.520606 -0.645196
v 0.441087 -0.591472 -0.619738
v 0.428310 -0.588957 -0.641854
v 0.520994 -0.512648 -0.615963
v 0.475071 -0.561653 -0.607501
v 0.497715 -0.534949 -0.569217
v 0.533557 -0.511563 -0.580755
v 0.547864 -0.505577 -0.540427
v 0.515704 -0.526742 -0.523331
v 0.568415 -0.500099 -0.492737
v 0.541442 -0.525917 -0.486477
v 0.615434 -0.437104 -0.524083
v 0.635045 -0.404723 -0.485366
v 0.623525 -0.400462 -0.422651
v 0.657716 -0.334320 -0.430857
v 0.631674 -0.328224 -0.345229
v 0.660967 -0.297895 -0.400880
v 0.648506 -0.287890 -0.354124
v 0.690519 -0.261362 -0.403932
v 0.675380 -0.251776 -0.359746
v 0.670384 -0.246265 -0.314284
v 0.709202 -0.216603 -0.361015
v 0.705565 -0.212632 -0.315334
v 0.738676 -0.185442 -0.314369
v 0.742960 -0.198878 -0.255646
v 0.741904 -0.208421 -0.234295
v 0.801709 -0.157511 -0.213795
v 0.801625 -0.178540 -0.159657
v 0.799665 -0.200779 -0.113363
v 0.815173 -0.218235 -0.074973
v 0.818517 -0.244318 -0.045306
v 0.823000 -0.272999 -0.020871
v 0.780639 -0.326469 -0.006875
v 0.769607 -0.358893 0.007719
v 0.705323 -0.410303 0.001970
v 0.735074 -0.405184 0.021050
v 0.707191 -0.428440 0.020721
v 0.761533 -0.412844 0.056092
v 0.703922 -0.436415 0.030712
v 0.725039 -0.426482 0.050864
v 0.697442 -0.438318 0.049887
v 0.711375 -0.423811 0.069030
v 0.684243 -0.436209 0.059329
v 0.694160 -0.413118 0.084408
v 0.665389 -0.420399 0.075447
v 0.622210 -0.372313 0.105844
v 0.598293 -0.384466 0.099405
v 0.615623 -0.344400 0.130769
v 0.589329 -0.357071 0.124568
v 0.570725 -0.331850 0.170819
v 0.429457 -0.325669 0.282916
v 0.360193 -0.316020 0.353590
v 0.296855 -0.345218 0.368693
v 0.260419 -0.345440 0.423088
v 0.281148 -0.324738 0.421941
v 0.230416 -0.382479 0.425530
v 0.246015 -0.353141 0.501194
v 0.283042 -0.314064 0.458962
v 0.292221 -0.305775 0.510149
v 0.257626 -0.336107 0.577999
v 0.287926 -0.303744 0.581885
v 0.329970 -0.276411 0.472635
v 0.322688 -0.273473 0.556800
v 0.319015 -0.274988 0.598581
v 0.314945 -0.273751 0.638688
v 0.277087 -0.302590 0.635372
v 0.362782 -0.252921 0.551028
v 0.357904 -0.257733 0.597957
v 0.355130 -0.252701 0.638376
v 0.347919 -0.239198 0.680420
v 0.302661 -0.271197 0.673476
v 0.426265 -0.216594 0.593050
v 0.389400 -0.226573 0.634185
v 0.424879 -0.177048 0.715855
v 0.464348 -0.181329 0.662986
v 0.487955 -0.157329 0.694728
v 0.518202 -0.121419 0.728365
v 0.553068 -0.139851 0.681291
v 0.596063 -0.141829 0.664457
v 0.654342 -0.142332 0.635902
v 0.662958 -0.189719 0.541040
v 0.649365 -0.156860 0.610416
v 0.668033 -0.199704 0.514726
v 0.688338 -0.198127 0.530903
v 0.699349 -0.193632 0.537304
v 0.712976 -0.206829 0.489988
v 0.713922 -0.189073 0.533616
v 0.728039 -0.206755 0.486358
v 0.726870 -0.168554 0.541103
v 0.708518 -0.144584 0.588974
v 0.712704 -0.139855 0.580710
v 0.703084 -0.105605 0.622821
v 0.724293 -0.062654 0.636086
v 0.713429 -0.065397 0.659723
v 0.743175 -0.026597 0.667132
v 0.713932 -0.013101 0.702990
v 0.753554 0.046388 0.696864
v 0.731362 0.055455 0.718558
v 0.757946 0.069384 0.695138
v 0.734323 0.106186 0.703735
v 0.684949 0.149416 0.745006
v 0.722374 0.139194 0.697325
v 0.687437 0.180771 0.725899
v 0.629661 0.199075 0.768116
v 0.543802 0.276690 0.795678
v 0.501088 0.316329 0.810704
v 0.449715 0.381596 0.791338
v 0.501530 0.333340 0.786977
v 0.411504 0.443478 0.769115
v 0.456646 0.382857 0.761022
v 0.420283 0.437398 0.745505
v 0.400235 0.496152 0.720731
v 0.383566 0.516704 0.732406
v 0.380575 0.551777 0.675046
v 0.359386 0.607543 0.638202
v 0.340458 0.624442 0.649106
v 0.344652 0.672213 0.510297
v 0.301887 0.682374 0.581262
v 0.293455 0.643397 0.674327
v 0.321170 0.692987 0.516801
v 0.299918 0.708120 0.529101
v 0.257929 0.750893 0.509095
v 0.229598 0.765190 0.514756
v 0.268879 0.689752 0.609040
v 0.277206 0.744655 0.481174
v 0.199905 0.776151 0.522254
v 0.219992 0.741053 0.560907
v 0.207047 0.799581 0.459991
v 0.171078 0.781917 0.529955
v 0.201136 0.822771 0.401678
v 0.252205 0.799224 0.369725
v 0.277359 0.787280 0.329895
v 0.301480 0.749910 0.366832
v 0.337894 0.753826 0.252345
v 0.358002 0.774440 0.136599
v 0.380493 0.759625 0.076201
v 0.360753 0.779762 0.074627
v 0.393941 0.730879 0.069692
v 0.405969 0.742818 -0.026028
v 0.391264 0.767787 -0.021286
v 0.426506 0.689924 0.051637
v 0.438786 0.707526 -0.042953
v 0.462711 0.659367 0.038307
v 0.484819 0.671334 -0.043738
v 0.406993 0.759163 -0.097144
v 0.694329 0.474937 -0.183662
v 0.691523 0.485771 -0.200817
v 0.684113 0.491249 -0.220707
v 0.754128 0.440130 -0.227871
v 0.770512 0.428625 -0.238772
v 0.726701 0.455216 -0.247103
v 0.822505 0.378953 -0.268694
v 0.829511 0.380920 -0.248917
v 0.810800 0.371004 -0.290335
v 0.737194 0.430533 -0.266943
v 0.871215 0.362531 -0.280139
v 0.857382 0.357881 -0.297798
v 0.839048 0.346639 -0.316425
v 0.902815 0.343551 -0.321192
v 0.874068 0.328552 -0.347131
v 0.929165 0.322353 -0.347265
v 0.942272 0.285328 -0.402108
v 0.896489 0.299638 -0.381584
v 0.920669 0.275249 -0.417574
v 0.896573 0.262260 -0.419639
v 0.867718 0.276435 -0.387326
v 0.946516 0.257996 -0.427650
v 0.929587 0.252821 -0.436624
v 0.878684 0.250263 -0.419417
v 0.907723 0.209821 -0.465473
v 0.873494 0.215025 -0.443600
v 0.929938 0.166282 -0.494084
v 0.874956 0.164768 -0.475806
v 0.916606 0.125417 -0.515167
v 0.927229 0.107529 -0.527180
v 0.972002 0.115171 -0.521064
v 0.946028 0.084217 -0.534610
v 0.871649 0.021026 -0.554016
v 0.949969 0.038803 -0.542824
v 0.887075 -0.017657 -0.567703
v 0.829413 -0.061991 -0.578520
v 0.948523 0.012452 -0.547835
v 0.899137 -0.031671 -0.566440
v 0.850622 -0.080400 -0.574445
v 0.795906 -0.117869 -0.594985
v 0.912122 -0.042741 -0.558839
v 0.802678 -0.132181 -0.592604
v 0.726043 -0.230695 -0.642620
v 0.715993 -0.210074 -0.650507
v 0.808460 -0.144089 -0.588088
v 0.775095 -0.196925 -0.606853
v 0.673493 -0.272223 -0.665848
v 0.733471 -0.239721 -0.630844
v 0.693811 -0.283443 -0.640108
v 0.625467 -0.360261 -0.657528
v 0.639418 -0.364713 -0.641360
v 0.652084 -0.376006 -0.605219
v 0.581531 -0.466103 -0.571515
v 0.664518 -0.374003 -0.562289
v 0.678683 -0.351704 -0.543883
v 0.655166 -0.365973 -0.482612
v 0.717213 -0.257111 -0.445625
v 0.721882 -0.269840 -0.479541
v 0.754573 -0.185710 -0.403510
v 0.792080 -0.190701 -0.466429
v 0.748215 -0.178092 -0.361253
v 0.807664 -0.140869 -0.374852
v 0.789771 -0.149186 -0.247294
v 0.848070 -0.142962 -0.174309
v 0.881017 -0.119067 -0.208199
v 0.891671 -0.132553 -0.168485
v 0.897138 -0.176760 -0.097308
v 0.852776 -0.165441 -0.136131
v 0.854105 -0.183652 -0.099701
v 0.904014 -0.202171 -0.060964
v 0.868877 -0.218084 -0.051596
v 0.943315 -0.231691 -0.030664
v 0.977331 -0.229832 -0.019031
v 0.967692 -0.301309 0.042532
v 0.989479 -0.266471 0.018853
v 0.934078 -0.331431 0.062969
v 0.879677 -0.361936 0.061760
v 0.805299 -0.384679 0.048239
v 0.941333 -0.342754 0.085310
v 0.816680 -0.393063 0.063309
v 0.770230 -0.406688 0.047540
v 0.822216 -0.402106 0.084496
v 0.803854 -0.413741 0.104385
v 0.760518 -0.413693 0.070709
v 0.783045 -0.418577 0.119427
v 0.741948 -0.414652 0.087608
v 0.763606 -0.414490 0.128385
v 0.729090 -0.409998 0.096775
v 0.748289 -0.403177 0.131369
v 0.714999 -0.400565 0.105343
v 0.776099 -0.384270 0.171590
v 0.799899 -0.357480 0.208966
v 0.686659 -0.320782 0.181809
v 0.812750 -0.333899 0.247100
v 0.761780 -0.312670 0.233010
v 0.694610 -0.298541 0.211900
v 0.720320 -0.285705 0.249223
v 0.663541 -0.274621 0.238219
v 0.660170 -0.294624 0.204072
v 0.627139 -0.275515 0.242150
v 0.702408 -0.253836 0.338574
v 0.633226 -0.239608 0.321975
v 0.606504 -0.251214 0.301815
v 0.589136 -0.287676 0.238133
v 0.586920 -0.219810 0.369912
v 0.533018 -0.225853 0.384643
v 0.543772 -0.306682 0.234605
v 0.463563 -0.242127 0.402068
v 0.485278 -0.281395 0.320877
v 0.419447 -0.259343 0.409006
v 0.474297 -0.214544 0.452756
v 0.374639 -0.255793 0.464095
v 0.380189 -0.245437 0.518296
v 0.454522 -0.212740 0.501278
v 0.426624 -0.218580 0.547183
v 0.474735 -0.202804 0.534717
v 0.465619 -0.203999 0.582514
v 0.524081 -0.194234 0.484006
v 0.501221 -0.191132 0.621173
v 0.546046 -0.162974 0.647561
v 0.505766 -0.171104 0.659454
v 0.571827 -0.173394 0.598232
v 0.605142 -0.174136 0.578343
v 0.681036 -0.205623 0.463121
v 0.684652 -0.217099 0.420531
v 0.729996 -0.225598 0.452237
v 0.711849 -0.241011 0.387760
v 0.747231 -0.248420 0.411184
v 0.767539 -0.249565 0.414006
v 0.750773 -0.228164 0.447064
v 0.795800 -0.242420 0.414637
v 0.761451 -0.220993 0.445648
v 0.737502 -0.192213 0.487958
v 0.735326 -0.153817 0.533555
v 0.745965 -0.177733 0.480916
v 0.714716 -0.118573 0.562607
v 0.714035 -0.096648 0.595688
v 0.734901 -0.044990 0.604959
v 0.751283 -0.019383 0.648032
v 0.761113 0.012621 0.632057
v 0.762024 0.095400 0.578375
v 0.771457 0.097071 0.615018
v 0.772549 0.104733 0.630586
v 0.762395 0.109268 0.655768
v 0.770908 0.141485 0.593924
v 0.756806 0.134146 0.524388
v 0.754214 0.166177 0.519583
v 0.756840 0.161108 0.478907
v 0.754411 0.170567 0.471446
v 0.749157 0.174261 0.515516
v 0.770519 0.158278 0.446614
v 0.770449 0.169803 0.434833
v 0.760843 0.177654 0.426758
v 0.741347 0.178807 0.467319
v 0.814552 0.156939 0.388240
v 0.777583 0.179894 0.400145
v 0.811154 0.166048 0.381572
v 0.783136 0.181766 0.362836
v 0.828684 0.158322 0.356952
v 0.809285 0.172649 0.335327
v 0.835963 0.156875 0.313136
v 0.817012 0.166080 0.299868
v 0.839688 0.142168 0.277580
v 0.819127 0.150834 0.257993
v 0.788165 0.173769 0.281988
v 0.857291 0.117400 0.236028
v 0.825687 0.126883 0.212119
v 0.782925 0.153242 0.223140
v 0.862992 0.102674 0.190645
v 0.828420 0.108263 0.156205
v 0.894442 0.086131 0.163258
v 0.922716 0.073961 0.122891
v 0.891970 0.080893 0.064223
v 0.839983 0.100179 0.065809
v 0.886666 0.081982 0.039180
v 0.952177 0.068581 0.067142
v 0.963679 0.071205 0.032478
v 0.957771 0.065032 0.101523
v 0.980062 0.059963 0.048833
v 0.991198 0.066412 0.011946
v 0.969125 0.082055 0.002384
v 0.993588 0.050029 0.055824
v 1.012315 0.048123 0.014729
v 1.025767 0.056310 -0.019554
v 0.998677 0.078708 -0.015335
v 1.035755 0.080418 -0.051605
v 1.037635 0.010072 0.018541
v 1.073252 0.044664 -0.076604
v 1.083041 0.122155 -0.134053
v 1.057670 0.141871 -0.112852
v 1.058138 0.014715 -0.033056
v 1.099707 0.112937 -0.159638
v 1.095048 0.055697 -0.120559
v 1.115011 0.086529 -0.185651
v 1.105126 0.144697 -0.210922
v 1.109557 0.040364 -0.153294
v 1.112100 0.130642 -0.262194
v 1.102010 0.165997 -0.272734
v 1.119507 0.061160 -0.213696
v 1.106717 0.126976 -0.354833
v 1.100754 0.163905 -0.343684
v 1.111432 0.078302 -0.289941
v 1.104443 0.101982 -0.378374
v 1.092369 0.116146 -0.408835
v 1.092859 0.148157 -0.389430
v 1.100136 0.054874 -0.353641
v 1.096096 0.068784 -0.399318
v 1.086355 0.082400 -0.427510
v 1.070774 0.099858 -0.459717
v 1.071098 0.131657 -0.434858
v 1.068448 0.050928 -0.447467
v 1.054251 0.061596 -0.473912
v 1.044987 0.075092 -0.487527
v 0.961458 -0.000494 -0.540334
v 1.034680 0.087040 -0.497820
v 0.982967 -0.019284 -0.513883
v 0.923894 -0.066813 -0.540485
v 0.865320 -0.106667 -0.559593
v 0.867538 -0.121883 -0.543382
v 0.815477 -0.154426 -0.577190
v 0.929098 -0.082526 -0.519025
v 0.817986 -0.164401 -0.557430
v 0.782017 -0.210114 -0.587262
v 0.866812 -0.131873 -0.521137
v 0.715560 -0.282888 -0.611539
v 0.813893 -0.175431 -0.535162
v 0.777682 -0.223315 -0.564430
v 0.723769 -0.283808 -0.589945
v 0.738731 -0.270153 -0.553590
v 0.777918 -0.222699 -0.511029
v 0.726364 -0.277333 -0.517724
v 0.806962 -0.185921 -0.494958
v 0.851076 -0.143300 -0.467700
v 0.839339 -0.146648 -0.437758
v 0.879216 -0.096463 -0.366575
v 0.846038 -0.103211 -0.339293
v 0.928936 -0.084846 -0.356095
v 0.865346 -0.095772 -0.315480
v 0.926608 -0.088653 -0.309765
v 0.888317 -0.095370 -0.288582
v 0.979624 -0.096496 -0.261911
v 0.908688 -0.102839 -0.256836
v 0.864526 -0.113387 -0.243291
v 0.924411 -0.106327 -0.214880
v 0.961925 -0.106427 -0.223142
v 0.968462 -0.125913 -0.175452
v 0.934224 -0.127122 -0.170080
v 0.967690 -0.148917 -0.134622
v 0.985251 -0.178086 -0.093373
v 0.945951 -0.182192 -0.092872
v 0.979850 -0.204996 -0.050186
v 1.026662 -0.191035 -0.058786
v 1.025520 -0.239350 0.003442
v 1.019608 -0.269077 0.039613
v 0.998937 -0.300404 0.065357
v 1.035645 -0.262151 0.052581
v 1.045668 -0.254895 0.067319
v 1.058856 -0.230250 0.083660
v 1.036170 -0.250832 0.138122
v 1.045892 -0.224503 0.139349
v 1.023785 -0.241476 0.185126
v 1.000790 -0.240309 0.280233
v 0.970356 -0.244158 0.339124
v 0.964732 -0.273492 0.329256
v 0.952366 -0.294860 0.322102
v 0.923617 -0.260598 0.380277
v 0.908016 -0.280875 0.376220
v 0.879271 -0.244445 0.398962
v 0.862475 -0.252749 0.399751
v 0.844870 -0.258587 0.394788
v 0.811321 -0.232036 0.412768
v 0.769309 -0.208003 0.442432
v 0.824706 -0.224388 0.409453
v 0.777185 -0.202117 0.435998
v 0.752419 -0.166292 0.468406
v 0.736948 -0.135570 0.517044
v 0.722576 -0.078703 0.568549
v 0.739514 -0.022199 0.583931
v 0.750051 0.071723 0.549980
v 0.754093 0.104512 0.520457
v 0.759344 0.119385 0.487392
v 0.770123 0.122760 0.453200
v 0.786120 0.126551 0.423058
v 0.795190 0.131488 0.411499
v 0.812855 0.147066 0.392147
v 0.845454 0.119379 0.341581
v 0.833988 0.145127 0.360238
v 0.850096 0.130647 0.330368
v 0.845228 0.145494 0.321050
v 0.862248 0.106832 0.296992
v 0.857993 0.123377 0.285295
v 0.892507 0.080018 0.232838
v 0.871927 0.106664 0.249481
v 0.884112 0.094338 0.209707
v 0.916791 0.066197 0.189524
v 0.907713 0.077957 0.179160
v 0.929467 0.070296 0.150548
v 0.966106 0.059205 0.112116
v 0.972035 0.049843 0.122620
v 0.982123 0.031390 0.125169
v 1.014260 0.021657 0.064009
v 1.071642 -0.010801 -0.041947
v 1.113418 0.013456 -0.173807
v 1.115056 0.030458 -0.233974
v 1.105690 -0.022785 -0.203289
v 1.102245 0.040003 -0.298511
v 1.092822 -0.046243 -0.215185
v 1.076465 -0.035224 -0.276839
v 1.077220 -0.065841 -0.222897
v 1.057482 -0.052580 -0.292166
v 1.014343 -0.044160 -0.401793
v 1.035181 -0.049591 -0.344187
v 0.962398 -0.067820 -0.441851
v 1.012085 -0.061597 -0.340821
v 0.987100 -0.061147 -0.390618
v 0.902461 -0.106627 -0.450147
v 0.920250 -0.100269 -0.479908
v 0.917724 -0.084622 -0.400701
v 0.856279 -0.140660 -0.498447
v 0.979997 -0.068129 -0.333082
v 1.018759 -0.089491 -0.252892
v 1.014651 -0.116089 -0.177775
v 0.995402 -0.117513 -0.188662
v 1.002159 -0.144933 -0.130620
v 1.031133 -0.132876 -0.129615
v 1.043484 -0.199598 -0.041700
v 1.048037 -0.126646 -0.123105
v 1.068198 -0.189538 -0.031884
v 1.052590 -0.228185 0.010561
v 1.064953 -0.216481 0.019661
v 1.084111 -0.169983 -0.014027
v 1.074860 -0.194744 0.042771
v 1.088573 -0.136821 0.010087
v 1.078563 -0.164239 0.056585
v 1.052428 -0.188921 0.131433
v 1.069067 -0.141942 0.080444
v 1.008434 -0.185449 0.240256
v 1.028912 -0.206336 0.187180
v 0.992945 -0.210691 0.293774
v 0.963739 -0.221373 0.340889
v 0.926692 -0.234700 0.375494
v 0.927340 -0.248598 0.379346
v 0.887961 -0.224061 0.388988
v 0.881555 -0.234731 0.396908
v 0.835540 -0.213491 0.402510
v 0.785222 -0.183451 0.422878
v 0.753134 -0.154822 0.453838
v 0.741757 -0.120315 0.466861
v 0.729076 -0.090707 0.514371
v 0.728445 -0.058819 0.539110
v 0.734754 -0.002965 0.543822
v 0.730689 -0.032963 0.501549
v 0.736802 0.025699 0.516093
v 0.735834 -0.002932 0.482187
v 0.745460 0.056773 0.486111
v 0.757663 0.031292 0.428378
v 0.758027 0.065630 0.450315
v 0.825496 0.082380 0.349703
v 0.852847 0.076277 0.309847
v 0.872386 0.058890 0.279628
v 0.863257 0.086469 0.296179
v 0.892592 0.069935 0.243210
v 0.897650 0.049359 0.243518
v 0.918264 0.045152 0.208157
v 0.941745 0.032670 0.180593
v 0.936433 0.058763 0.164675
v 0.965089 0.035561 0.152604
v 0.963905 0.005632 0.172118
v 0.989504 -0.011508 0.146768
v 0.965654 -0.026365 0.199795
v 1.012943 -0.073799 0.164354
v 1.007114 -0.100801 0.196367
v 1.023745 -0.120920 0.179432
v 1.034736 -0.150736 0.170201
v 1.078547 -0.112762 0.029168
v 1.085828 -0.063850 -0.087513
v 1.082169 -0.045817 -0.062674
v 1.083501 -0.119157 -0.051505
v 1.081392 -0.093959 -0.101904
v 1.088494 -0.065985 -0.151567
v 1.074393 -0.140387 -0.067412
v 1.071018 -0.107415 -0.114382
v 1.072511 -0.087327 -0.163239
v 1.061458 -0.116805 -0.117771
v 1.050230 -0.101547 -0.173349
v 1.052766 -0.083594 -0.228695
v 0.998117 -0.169899 0.253943
v 0.979365 -0.162592 0.276852
v 0.835238 -0.191336 0.380404
v 0.788062 -0.166204 0.397126
v 0.758748 -0.132219 0.417227
v 0.751491 -0.145590 0.436530
v 0.744649 -0.096003 0.439573
v 0.735918 -0.058864 0.468135
v 0.738655 -0.042455 0.427798
v 0.741271 -0.005020 0.441490
v 0.746576 -0.028381 0.397178
v 0.752745 0.005320 0.410426
v 0.769661 -0.015418 0.370246
v 0.756837 -0.065401 0.382621
v 0.775404 -0.047136 0.358541
v 0.827658 -0.014763 0.320854
v 0.825025 0.012091 0.328755
v 0.860741 0.033157 0.292065
v 0.839495 -0.045056 0.308239
v 0.882845 0.007918 0.266949
v 0.895757 -0.046529 0.266088
v 0.912745 -0.007712 0.240091
v 0.927262 -0.085760 0.263588
v 0.934540 -0.034189 0.232976
v 0.940689 0.000194 0.206726
v 0.913943 0.025385 0.227583
v 0.961800 -0.072736 0.233857
v 0.980168 -0.112230 0.238877
v 0.939532 -0.146018 0.294218
v 0.964963 -0.151930 0.282068
v 0.865642 -0.135702 0.322373
v 0.842320 -0.168457 0.353156
v 0.832204 -0.095881 0.320147
v 0.811341 -0.116413 0.343720
v 0.787869 -0.065909 0.349131
v 0.767026 -0.114883 0.396422
v 0.749352 -0.080346 0.412787
v 0.927122 -0.093080 -0.501189
v 0.881814 -0.296506 0.364895
v 0.929701 -0.313104 0.319441
v 0.826280 -0.266697 0.386261
v 0.901214 -0.326883 0.315304
v 0.804588 -0.271438 0.379320
v 0.849132 -0.299494 0.352155
v 0.823499 -0.295410 0.342184
v 0.876996 -0.328532 0.312022
v 0.762514 -0.268392 0.366256
v 0.785075 -0.299538 0.289965
v 0.847486 -0.343206 0.252847
v 0.620542 -0.212215 0.378269
v 0.601616 -0.203772 0.414725
v 0.609070 -0.193967 0.490661
v 0.538580 -0.199279 0.445288
v 0.857737 -0.379402 0.199142
v 0.898281 -0.357122 0.250666
v 0.880036 -0.382108 0.200156
v 0.897213 -0.382531 0.194437
v 0.918665 -0.354587 0.251094
v 0.947573 -0.339962 0.248174
v 0.831321 -0.403897 0.144170
v 0.800626 -0.394478 0.165810
v 1.016405 0.094800 -0.510069
v 1.033618 0.127042 -0.495342
v 1.051531 0.117124 -0.483837
v 1.037416 0.153911 -0.475178
v 1.052089 0.147371 -0.464497
v 1.062229 0.209525 -0.440071
v 1.068666 0.169678 -0.434016
v 1.077698 0.159045 -0.411606
v 1.076257 0.201316 -0.422208
v 1.085724 0.190177 -0.398941
v 1.079092 0.219436 -0.381461
v 1.087869 0.205170 -0.353341
v 1.058313 0.243370 -0.379237
v 1.011717 0.282298 -0.348403
v 1.066864 0.228662 -0.402326
v 1.050647 0.234132 -0.418303
v 1.032853 0.250731 -0.394050
v 1.038353 0.216035 -0.456511
v 1.024421 0.237175 -0.436786
v 1.006888 0.194330 -0.477217
v 1.001676 0.166687 -0.484721
v 1.011626 0.134697 -0.502446
v 0.966392 0.178982 -0.490276
v 0.998637 0.104874 -0.517006
v 0.984342 0.233010 -0.457246
v 0.985515 0.244859 -0.421908
v 1.015044 0.248782 -0.406952
v 0.971516 0.257158 -0.408419
v 0.995616 0.268713 -0.389880
v 0.985681 0.294385 -0.360310
v 0.974666 0.290389 -0.376426
v 0.916583 0.347437 -0.299932
v 0.927861 0.344813 -0.265316
v 0.929063 0.342036 -0.243661
v 0.965605 0.316980 -0.246141
v 0.953696 0.299360 -0.197813
v 1.005172 0.268444 -0.210669
v 0.978692 0.270813 -0.184015
v 1.037083 0.224995 -0.165353
v 1.029865 0.185299 -0.115227
v 1.053228 0.185918 -0.140679
v 1.077010 0.178086 -0.170894
v 1.007167 0.098921 -0.040004
v 0.986613 0.135395 -0.055177
v 0.972742 0.094146 -0.016208
v 0.929689 0.139147 -0.040878
v 0.935807 0.101278 -0.011815
v 0.892482 0.110859 -0.013200
v 0.884848 0.091828 0.007873
v 0.844282 0.125526 0.001448
v 0.835238 0.114394 0.023198
v 0.834550 0.105371 0.043958
v 0.785429 0.158058 0.032507
v 0.788454 0.133881 0.074475
v 0.749145 0.175859 0.051054
v 0.714950 0.191794 0.073396
v 0.801182 0.117675 0.117466
v 0.753907 0.156333 0.201030
v 0.714158 0.178501 0.230836
v 0.726732 0.185143 0.269295
v 0.755294 0.188988 0.303310
v 0.715934 0.196278 0.315664
v 0.727349 0.190704 0.379135
v 0.740666 0.193790 0.336895
v 0.713290 0.189570 0.380653
v 0.734292 0.184510 0.418417
v 0.716096 0.182943 0.435828
v 0.714077 0.181810 0.484346
v 0.734981 0.180835 0.498787
v 0.725173 0.188932 0.543507
v 0.711152 0.193181 0.598841
v 0.644798 0.219914 0.637075
v 0.670577 0.213486 0.673068
v 0.687730 0.195945 0.706942
v 0.620662 0.239041 0.696688
v 0.597068 0.253251 0.741787
v 0.553776 0.278185 0.778935
v 0.543149 0.294636 0.757541
v 0.502207 0.338300 0.765338
v 0.536838 0.298011 0.739134
v 0.456242 0.377150 0.727089
v 0.488114 0.331880 0.709362
v 0.423950 0.423111 0.713250
v 0.409153 0.456404 0.676715
v 0.406539 0.482884 0.696623
v 0.384128 0.506622 0.633654
v 0.386505 0.530225 0.659325
v 0.376693 0.504190 0.572404
v 0.375719 0.568493 0.609282
v 0.376158 0.565364 0.540605
v 0.369823 0.597481 0.552558
v 0.361033 0.623550 0.561718
v 0.375151 0.614899 0.496875
v 0.361920 0.651014 0.501327
v 0.351119 0.662035 0.448729
v 0.325110 0.688015 0.453701
v 0.324304 0.703464 0.405494
v 0.296402 0.736666 0.419335
v 0.337575 0.721508 0.358869
v 0.359057 0.679786 0.405620
v 0.372086 0.690986 0.354324
v 0.378214 0.689867 0.298961
v 0.350190 0.726198 0.302556
v 0.395607 0.647776 0.354235
v 0.406175 0.601793 0.357645
v 0.420428 0.589764 0.313917
v 0.433990 0.582288 0.278769
v 0.425791 0.532251 0.319104
v 0.444423 0.523581 0.289706
v 0.485698 0.484415 0.244042
v 0.476019 0.569464 0.224068
v 0.509710 0.467180 0.219499
v 0.516651 0.532575 0.177620
v 0.509517 0.568523 0.152533
v 0.493918 0.607779 0.125784
v 0.517537 0.574962 0.102272
v 0.539333 0.555654 0.058124
v 0.486494 0.612365 0.074309
v 0.536108 0.526572 0.136215
v 0.554727 0.535597 0.043880
v 0.582742 0.546869 -0.051155
v 0.556956 0.511120 0.038612
v 0.568680 0.518477 -0.000624
v 0.587553 0.516885 -0.053483
v 0.609925 0.493836 -0.092137
v 0.650759 0.498656 -0.142268
v 0.693220 0.455958 -0.171641
v 0.738876 0.429430 -0.193044
v 0.742402 0.439793 -0.206081
v 0.799495 0.400335 -0.210904
v 0.833430 0.379014 -0.227285
v 0.882785 0.362509 -0.238973
v 0.962675 0.243260 -0.441661
v 0.831771 0.374707 -0.213774
v 0.868718 0.360804 -0.214328
v 0.877883 0.326181 -0.188378
v 0.911842 0.323063 -0.199385
v 0.838509 0.313516 -0.162572
v 0.883651 0.247225 -0.109741
v 0.920452 0.192112 -0.075926
v 0.885803 0.156125 -0.042798
v 0.822109 0.172480 -0.029030
v 0.801053 0.159593 0.006453
v 0.764429 0.187163 -0.003682
v 0.760305 0.183093 0.026437
v 0.690425 0.210716 0.036146
v 0.672195 0.223162 0.050356
v 0.629474 0.267573 0.003619
v 0.616641 0.266072 0.109711
v 0.598280 0.296359 0.122590
v 0.600814 0.296448 0.155305
v 0.618182 0.269583 0.155630
v 0.583489 0.328587 0.089923
v 0.592339 0.335608 0.158010
v 0.599183 0.301321 0.003946
v 0.582117 0.322973 0.038094
v 0.565581 0.359307 0.082224
v 0.583168 0.325408 0.007637
v 0.566198 0.374253 0.008070
v 0.559273 0.389535 0.045875
v 0.554309 0.432716 0.038224
v 0.553150 0.423860 0.079735
v 0.563538 0.436075 -0.004879
v 0.576016 0.429516 -0.038959
v 0.632508 0.434784 -0.122454
v 0.671859 0.415074 -0.151830
v 0.729022 0.411742 -0.176228
v 0.785358 0.360683 -0.180257
v 0.781757 0.392511 -0.193034
v 0.801822 0.336278 -0.177037
v 0.780658 0.312587 -0.152684
v 0.796994 0.262672 -0.107840
v 0.762924 0.238022 -0.083913
v 0.826205 0.209891 -0.067114
v 0.782369 0.199350 -0.045287
v 0.740632 0.215384 -0.053558
v 0.726836 0.208527 -0.016478
v 0.703613 0.238207 -0.060585
v 0.683805 0.236581 -0.024094
v 0.687235 0.229978 0.004551
v 0.631897 0.278601 -0.032708
v 0.607756 0.302532 -0.032342
v 0.620887 0.317780 -0.069691
v 0.650828 0.284615 -0.066747
v 0.683967 0.305880 -0.112633
v 0.636471 0.343325 -0.105057
v 0.720311 0.314530 -0.139888
v 0.652622 0.366992 -0.126585
v 0.726290 0.260626 -0.096435
v 0.752833 0.287340 -0.127208
v 0.746383 0.340749 -0.161401
v 0.708475 0.371004 -0.157343
v 0.558635 0.431939 0.123600
v 0.574087 0.368717 0.161053
v 0.572126 0.370899 0.180779
v 0.592434 0.333033 0.183535
v 0.597471 0.296024 0.181447
v 0.579636 0.330845 0.206321
v 0.585041 0.293505 0.203606
v 0.597949 0.266657 0.209824
v 0.623185 0.229100 0.227294
v 0.577800 0.263701 0.232176
v 0.600036 0.228052 0.250905
v 0.618257 0.207012 0.271215
v 0.638385 0.195728 0.294639
v 0.667186 0.194262 0.272391
v 0.688195 0.196399 0.337703
v 0.653763 0.176243 0.391432
v 0.660000 0.174150 0.444421
v 0.669217 0.176842 0.502948
v 0.699834 0.193684 0.568308
v 0.644217 0.179462 0.528369
v 0.670581 0.206524 0.607538
v 0.620528 0.215786 0.614932
v 0.580681 0.233770 0.637350
v 0.599927 0.238743 0.661449
v 0.557711 0.263759 0.680279
v 0.576334 0.265230 0.714672
v 0.522999 0.294568 0.699165
v 0.501299 0.286671 0.660515
v 0.467119 0.313331 0.662293
v 0.438816 0.342586 0.654273
v 0.448974 0.361489 0.687125
v 0.412747 0.381879 0.636334
v 0.395903 0.407937 0.613166
v 0.382582 0.435751 0.582458
v 0.384007 0.534267 0.483400
v 0.384120 0.538507 0.431603
v 0.376033 0.589583 0.442072
v 0.367308 0.629908 0.446123
v 0.381916 0.643664 0.403885
v 0.402181 0.487594 0.376961
v 0.427877 0.473137 0.321954
v 0.407468 0.423481 0.348212
v 0.428699 0.419914 0.312626
v 0.450411 0.463953 0.292190
v 0.513916 0.388935 0.240800
v 0.494357 0.435282 0.249060
v 0.535076 0.390183 0.220801
v 0.546797 0.401188 0.201121
v 0.529097 0.477907 0.188215
v 0.544752 0.467516 0.168142
v 0.558175 0.410883 0.176715
v 0.560811 0.326828 0.224491
v 0.532942 0.337073 0.239325
v 0.521786 0.276322 0.260677
v 0.567765 0.290325 0.224254
v 0.548337 0.257506 0.250157
v 0.514514 0.256072 0.273674
v 0.522603 0.233025 0.284703
v 0.558444 0.233987 0.261405
v 0.538614 0.211406 0.299584
v 0.571716 0.215075 0.276161
v 0.557362 0.194976 0.317563
v 0.588404 0.199421 0.292718
v 0.591675 0.184261 0.332225
v 0.608369 0.177143 0.362491
v 0.540207 0.185938 0.377000
v 0.582311 0.175457 0.390611
v 0.610470 0.172868 0.414528
v 0.616642 0.173975 0.499796
v 0.575264 0.176332 0.482400
v 0.571309 0.194145 0.546596
v 0.608798 0.199030 0.579919
v 0.553164 0.221250 0.606931
v 0.510424 0.243823 0.617984
v 0.539169 0.257582 0.653015
v 0.427956 0.267644 0.581187
v 0.443357 0.289678 0.627398
v 0.404206 0.286974 0.573170
v 0.418784 0.315010 0.618840
v 0.385596 0.308753 0.557414
v 0.397331 0.342001 0.603250
v 0.374899 0.328907 0.535032
v 0.382578 0.367453 0.579849
v 0.381676 0.293938 0.497019
v 0.395574 0.265603 0.445067
v 0.369016 0.369294 0.428252
v 0.380482 0.319812 0.405879
v 0.373197 0.371853 0.403559
v 0.401653 0.325101 0.348735
v 0.382550 0.373193 0.383909
v 0.387464 0.488315 0.425127
v 0.398763 0.368458 0.341930
v 0.428909 0.318452 0.314899
v 0.422795 0.362104 0.312512
v 0.459402 0.321063 0.283553
v 0.497447 0.316559 0.258848
v 0.468220 0.282363 0.290324
v 0.437979 0.282828 0.320136
v 0.450489 0.254483 0.329130
v 0.479811 0.255159 0.300281
v 0.446792 0.230236 0.360151
v 0.465408 0.208906 0.375087
v 0.510112 0.213241 0.327791
v 0.522563 0.196299 0.357666
v 0.480942 0.195157 0.396673
v 0.508059 0.185644 0.419699
v 0.462258 0.198296 0.423258
v 0.428196 0.220376 0.444363
v 0.422847 0.247077 0.525065
v 0.442260 0.226945 0.508767
v 0.439943 0.212013 0.411521
v 0.422502 0.232192 0.400555
v 0.411831 0.239568 0.434375
v 0.423967 0.270621 0.348905
v 0.407051 0.266502 0.386074
v 0.400128 0.263270 0.501513
v 0.764152 0.091723 0.675989
v 0.744036 0.121331 0.669880
v 0.309475 -0.305307 0.418396
v 0.368440 -0.281051 0.406560
v 0.615672 -0.326085 -0.679602
v 0.589009 -0.316742 -0.694138
v 0.662415 -0.258972 -0.676213
v 0.651507 -0.240907 -0.679309
v 0.701717 -0.190520 -0.653517
v 0.730795 -0.138523 -0.625568
v 0.777140 -0.091619 -0.591428
v 0.759399 -0.072508 -0.583051
v 0.814254 -0.033172 -0.569048
v 0.808851 0.031428 -0.537088
v 0.834314 0.028487 -0.545938
v 0.831606 0.101535 -0.492522
v 0.860242 0.232667 -0.420981
v 0.833307 0.238206 -0.393053
v 0.825302 0.273927 -0.360997
v 0.846335 0.298683 -0.356756
v 0.802966 0.309573 -0.336782
v 0.824143 0.328936 -0.329592
v 0.757640 0.341826 -0.310565
v 0.787110 0.350146 -0.311735
v 0.712918 0.423246 -0.274452
v 0.665036 0.498704 -0.235066
v 0.619233 0.533197 -0.223247
v 0.574897 0.588205 -0.224585
v 0.491774 0.681251 -0.170561
v 0.446442 0.730241 -0.143342
v 0.498335 0.687009 -0.136543
v 0.410368 0.761141 -0.121200
v 0.409282 0.743808 -0.065289
v 0.384448 0.780106 -0.076493
v 0.369814 0.786762 -0.017332
v 0.318085 0.800916 0.073015
v 0.282371 0.812403 0.135297
v 0.257501 0.817299 0.130100
v 0.248995 0.812667 0.117228
v 0.218127 0.820731 0.128904
v 0.285451 0.809125 0.101288
v 0.301372 0.803470 0.067087
v 0.290801 0.800863 0.065043
v 0.275922 0.805922 0.094037
v 0.313007 0.803955 0.028383
v 0.299821 0.801670 0.034114
v 0.307895 0.810922 -0.030292
v 0.301007 0.805748 0.001212
v 0.333689 0.796308 0.065649
v 0.349984 0.805826 -0.090380
v 0.373974 0.790872 -0.111735
v 0.241540 0.821379 -0.128748
v 0.203005 0.826750 -0.131958
v 0.209784 0.830297 -0.117144
v 0.167206 0.836923 -0.105644
v 0.199504 0.830794 -0.083563
v 0.282939 0.806985 -0.028474
v 0.271111 0.783018 0.034380
v 0.211616 0.802896 0.110347
v 0.201601 0.787348 0.084881
v 0.169558 0.785457 0.049091
v 0.144963 0.802402 0.060356
v 0.193227 0.775334 0.033739
v 0.114509 0.826986 -0.052450
v 0.114547 0.831671 -0.094797
v 0.093550 0.820595 -0.069687
v 0.077442 0.804864 -0.008478
v 0.030598 0.761551 0.025739
v 0.029429 0.765180 0.061425
v -0.015638 0.732394 0.042855
v 0.013368 0.748927 -0.023514
v -0.024795 0.722338 -0.025145
v 0.030689 0.765322 -0.055419
v 0.068135 0.803256 -0.078778
v 0.072985 0.811185 -0.125152
v 0.063597 0.804926 -0.155195
v 0.103006 0.828141 -0.119141
v 0.115651 0.832355 -0.128886
v 0.142919 0.837835 -0.099952
v 0.142765 0.835089 -0.130191
v 0.165871 0.826547 -0.142187
v 0.113992 0.825059 -0.161364
v -0.096191 0.685047 -0.033651
v -0.103104 0.679669 -0.116967
v -0.152953 0.619129 -0.140435
v -0.179850 0.616481 -0.171183
v 0.661919 0.464434 -0.256767
v 0.784301 0.277206 -0.343541
v 0.797483 0.243300 -0.363244
v 0.776374 0.124461 -0.431398
v 0.782670 -0.013865 -0.550994
v 0.690922 -0.170555 -0.648412
v 0.547131 -0.324451 -0.709301
v 0.187124 0.748450 0.562004
v 0.210096 0.708706 0.613874
v 0.238410 0.695000 0.625097
v 0.239198 -0.335448 0.627581
v 0.221466 -0.368620 0.575004
v 0.468961 -0.198435 -0.696849
v 0.513723 -0.182536 -0.666838
v 0.548899 -0.152753 -0.629939
v 0.533882 -0.130534 -0.602244
v 0.556205 -0.088547 -0.540340
v 0.589152 -0.008699 -0.442171
v 0.564379 0.007921 -0.418252
v 0.590301 0.075264 -0.362145
v 0.546103 0.185703 -0.283821
v 0.605864 0.274587 -0.256444
v 0.590715 0.357705 -0.239807
v 0.507897 0.439163 -0.231851
v 0.484163 0.536581 -0.250516
v 0.434089 0.575613 -0.255798
v 0.431202 0.570827 -0.256701
v 0.445606 0.612246 -0.246868
v 0.385195 0.643232 -0.264054
v 0.397981 0.668117 -0.251414
v 0.234535 0.786392 -0.228678
v 0.184092 0.766121 -0.244675
v 0.112461 0.740504 -0.252426
v 0.075505 0.751445 -0.238334
v 0.032945 0.736425 -0.261226
v 0.003854 0.749056 -0.261000
v -0.016201 0.725389 -0.306261
v -0.026439 0.711560 -0.337067
v -0.072799 0.695573 -0.355662
v -0.117696 0.692197 -0.328158
v -0.108465 0.710494 -0.381789
v -0.140924 0.695812 -0.339511
v -0.182001 0.701102 -0.380617
v -0.223628 0.675604 -0.340170
v -0.244715 0.664581 -0.320897
v -0.224395 0.669812 -0.296117
v -0.273156 0.643008 -0.292622
v -0.260460 0.657794 -0.350069
v -0.329989 0.601319 -0.356655
v -0.355294 0.576487 -0.331390
v -0.403189 0.540116 -0.341070
v -0.326620 0.600664 -0.381650
v -0.404486 0.540263 -0.398448
v -0.446492 0.513921 -0.381546
v -0.502001 0.484488 -0.354771
v -0.547058 0.455663 -0.308569
v -0.590682 0.430817 -0.325777
v -0.575578 0.431009 -0.273720
v -0.631762 0.412159 -0.293138
v -0.619931 0.406568 -0.250388
v -0.608663 0.396872 -0.225540
v -0.591566 0.370863 -0.200204
v -0.544436 0.387943 -0.206856
v -0.573432 0.346314 -0.158145
v -0.527858 0.359644 -0.163054
v -0.482236 0.375484 -0.155353
v -0.512595 0.339444 -0.113608
v -0.468201 0.358162 -0.101206
v -0.421387 0.388263 -0.070661
v -0.433531 0.396371 -0.131314
v -0.383560 0.439749 -0.034827
v -0.371591 0.476434 -0.097687
v -0.365647 0.480166 -0.022879
v -0.335827 0.504489 -0.011494
v -0.355831 0.493840 0.019976
v -0.275263 0.559292 0.060699
v -0.290679 0.562460 0.096792
v -0.223251 0.600292 0.089228
v -0.256161 0.592856 0.108683
v -0.188082 0.618637 0.094819
v -0.216490 0.627722 0.129760
v -0.217388 0.638173 0.156793
v -0.245565 0.626050 0.202594
v -0.220223 0.642937 0.208287
v -0.181112 0.660376 0.214796
v -0.224954 0.642969 0.238334
v -0.183761 0.656665 0.254518
v -0.148119 0.685857 0.231667
v -0.130278 0.720051 0.261244
v -0.242588 0.645283 0.270623
v -0.200899 0.660211 0.286772
v -0.227617 0.661022 0.303745
v -0.286088 0.621590 0.264309
v -0.289598 0.617832 0.278640
v -0.341959 0.572269 0.231645
v -0.345313 0.573257 0.243636
v -0.268614 0.616871 0.223934
v -0.398288 0.497405 0.168492
v -0.382606 0.535592 0.219104
v -0.328870 0.558763 0.187772
v -0.429827 0.464834 0.161136
v -0.340242 0.525797 0.138234
v -0.363539 0.493883 0.121334
v -0.417431 0.418327 0.099667
v -0.461298 0.393140 0.131933
v -0.447851 0.353904 0.073678
v -0.483145 0.320057 0.091737
v -0.398648 0.422644 0.077122
v -0.478852 0.310931 0.057255
v -0.517997 0.295766 0.029544
v -0.519433 0.303671 0.096226
v -0.440035 0.340164 0.029037
v -0.480601 0.303498 0.023447
v -0.573556 0.290764 0.037911
v -0.596768 0.291753 0.083179
v -0.487567 0.308908 -0.015921
v -0.532022 0.297665 -0.015752
v -0.576463 0.293524 -0.004549
v -0.672719 0.296261 0.031775
v -0.544608 0.313453 -0.074259
v -0.587587 0.305218 -0.053044
v -0.646850 0.316823 -0.074981
v -0.683689 0.308117 -0.011955
v -0.695034 0.323328 -0.054830
v -0.665129 0.337241 -0.125092
v -0.706613 0.343207 -0.100579
v -0.745871 0.354525 -0.072967
v -0.787727 0.362776 -0.050705
v -0.782699 0.342079 -0.013077
v -0.723347 0.369246 -0.138437
v -0.761720 0.375023 -0.111405
v -0.869538 0.382437 -0.076219
v -0.854335 0.361857 -0.012640
v -0.774175 0.384736 -0.148485
v -0.816855 0.393192 -0.173782
v -0.921281 0.388176 -0.089556
v -0.929720 0.372967 -0.041874
v -0.920091 0.392618 -0.132184
v -0.960028 0.387508 -0.110487
v -0.992149 0.366460 -0.029494
v -0.991111 0.361401 -0.008034
v -0.945261 0.391552 -0.162972
v -0.999886 0.372024 -0.077536
v -0.986755 0.382219 -0.137079
v -1.046201 0.350609 -0.038728
v -1.039427 0.360433 -0.107266
v -1.046425 0.352796 -0.083280
v -1.077870 0.338648 -0.018837
v -1.065052 0.339805 -0.054435
v -1.114789 0.320821 -0.001872
v -1.098299 0.328585 0.024168
v -1.081565 0.325253 -0.066094
v -1.092962 0.322290 -0.037518
v -1.130860 0.307185 0.037116
v -1.113596 0.295760 -0.053732
v -1.129228 0.303738 -0.016609
v -1.149003 0.285750 0.065287
v -1.117490 0.294615 -0.072145
v -1.119866 0.315197 -0.106267
v -1.127729 0.308608 -0.120494
v -1.079797 0.337295 -0.151483
v -1.051794 0.345932 -0.188867
v -1.059131 0.328095 -0.199788
v -1.068359 0.308188 -0.210956
v -1.049601 0.336977 -0.246873
v -1.035604 0.351359 -0.237251
v -1.014984 0.354317 -0.280910
v -0.965460 0.365161 -0.322740
v -0.993133 0.342952 -0.328760
v -0.920661 0.359328 -0.377231
v -0.950050 0.347259 -0.367237
v -0.888806 0.349147 -0.416110
v -0.863790 0.333254 -0.441344
v -0.822576 0.301488 -0.474218
v -0.738538 0.273970 -0.509852
v -0.729139 0.259315 -0.513963
v -0.672044 0.276978 -0.512403
v -0.638692 0.283361 -0.499161
v -0.630703 0.294600 -0.478931
v -0.620130 0.310014 -0.458931
v -0.599900 0.327426 -0.443296
v -0.578425 0.368694 -0.420992
v -0.622396 0.358254 -0.413589
v -0.592488 0.397042 -0.392216
v -0.548105 0.425382 -0.397990
v -0.551118 0.446054 -0.368023
v -0.462595 0.497523 -0.401687
v -0.414295 0.523592 -0.429647
v -0.365766 0.563884 -0.437613
v -0.362116 0.573670 -0.413909
v -0.289015 0.619549 -0.433735
v -0.263886 0.626437 -0.465790
v -0.220152 0.663072 -0.468969
v -0.255252 0.659906 -0.396915
v -0.223064 0.672658 -0.442796
v -0.190151 0.685902 -0.463003
v -0.208132 0.690982 -0.401064
v -0.180150 0.697953 -0.426833
v -0.148233 0.708357 -0.407368
v -0.047640 0.702308 -0.372219
v 0.008847 0.725862 -0.299370
v 0.054787 0.721220 -0.265460
v -0.521992 0.469074 -0.365550
v -0.596915 0.419260 -0.358283
v -0.641023 0.406181 -0.336041
v -0.731082 0.397929 -0.251062
v -0.724769 0.394808 -0.217098
v -0.668915 0.396398 -0.238431
v -0.706330 0.386321 -0.190910
v -0.655766 0.387400 -0.212323
v -0.639298 0.361879 -0.184678
v -0.620006 0.338006 -0.144817
v -0.443959 0.336716 -0.006309
v -0.454414 0.343572 -0.051615
v -0.397453 0.409960 0.051768
v -0.412175 0.391738 -0.016274
v -0.365535 0.467092 0.074258
v -0.335303 0.517729 0.067559
v -0.326320 0.530528 0.112351
v -0.285743 0.582797 0.162450
v -0.795564 0.401268 -0.237599
v -0.893108 0.397342 -0.204565
v -0.889217 0.392864 -0.244473
v -0.931969 0.390906 -0.223639
v -0.982221 0.380342 -0.203961
v -1.022973 0.368682 -0.164962
v -1.079026 0.343234 -0.131194
v -1.024167 0.364604 -0.199618
v -0.990934 0.370864 -0.264730
v -0.956457 0.374338 -0.299461
v -0.934202 0.366065 -0.342632
v -0.887736 0.373202 -0.357021
v -0.900928 0.371243 -0.370911
v -0.856509 0.375935 -0.382525
v -0.872384 0.366984 -0.399330
v -0.841444 0.358059 -0.414038
v -0.815408 0.338058 -0.435167
v -0.766303 0.310751 -0.455043
v -0.773965 0.289561 -0.491578
v -0.707777 0.282594 -0.503584
v -0.681879 0.314190 -0.443673
v -0.656182 0.335559 -0.424915
v -0.680745 0.367418 -0.383758
v -0.637558 0.387125 -0.376753
v -0.717403 0.359813 -0.387745
v -0.745150 0.338261 -0.418990
v -0.789492 0.350172 -0.410667
v -0.839477 0.375949 -0.369983
v -0.904938 0.364175 -0.317552
v -0.878188 0.371935 -0.294532
v -0.912421 0.379014 -0.269773
v -0.936717 0.376419 -0.287999
v -0.963224 0.381734 -0.250524
v -1.063699 0.340892 0.018858
v -1.055272 0.320879 0.051712
v -1.016732 0.345958 0.019313
v -1.014155 0.323031 0.042085
v -0.960189 0.338727 0.008716
v -0.946529 0.355871 -0.009393
v -0.900556 0.361858 -0.013310
v -0.884921 0.355561 0.012570
v -0.856088 0.355270 0.012179
v -0.856917 0.341385 0.050019
v -0.821833 0.331446 0.041952
v -0.840891 0.331640 0.087866
v -0.770017 0.316002 0.105522
v -0.717012 0.305590 0.071382
v -0.664742 0.291493 0.064894
v -0.705279 0.307201 0.112552
v -0.658231 0.293846 0.096873
v -0.651434 0.302646 0.128341
v -0.582810 0.299045 0.109696
v -0.567490 0.319213 0.135662
v -0.520904 0.326702 0.126941
v -0.576861 0.348252 0.168496
v -0.484190 0.405854 0.169039
v -0.523012 0.398752 0.187740
v -0.454746 0.465939 0.200030
v -0.491302 0.441515 0.210210
v -0.426397 0.497087 0.216524
v -0.413422 0.512743 0.239212
v -0.394092 0.527292 0.262327
v -0.344605 0.572476 0.257114
v -0.265718 0.591528 0.333378
v -0.262009 0.625646 0.310652
v -0.241644 0.602852 0.358853
v -0.209052 0.637177 0.447117
v -0.205484 0.647804 0.510634
v -0.224111 0.617603 0.499214
v -0.192835 0.661360 0.535947
v -0.225453 0.632537 0.553412
v -0.200998 0.650290 0.589660
v -0.259859 0.616056 0.582457
v -0.243614 0.628236 0.615905
v -0.163239 0.661033 0.617062
v -0.302590 0.598870 0.608099
v -0.301581 0.595783 0.628439
v -0.239892 0.625520 0.638685
v -0.343798 0.574964 0.608759
v -0.378613 0.553837 0.596423
v -0.377202 0.545886 0.620787
v -0.411036 0.539646 0.581947
v -0.410269 0.534620 0.608678
v -0.410848 0.517594 0.630301
v -0.351056 0.551299 0.638438
v -0.456675 0.513184 0.614453
v -0.504879 0.503240 0.593677
v -0.549801 0.498590 0.567877
v -0.602125 0.482045 0.558511
v -0.647553 0.460105 0.547695
v -0.693163 0.419166 0.549953
v -0.722447 0.383246 0.580716
v -0.733976 0.389501 0.525736
v -0.774440 0.366131 0.526033
v -0.854405 0.347883 0.435501
v -0.850252 0.352647 0.390902
v -0.879501 0.339299 0.364688
v -0.884574 0.335435 0.333358
v -0.922206 0.330949 0.263700
v -0.904969 0.332235 0.209364
v -0.942883 0.312711 0.164870
v -0.935621 0.313768 0.150245
v -0.980909 0.296631 0.158559
v -1.011599 0.291023 0.122507
v -1.033280 0.281201 0.129493
v -1.040096 0.265701 0.144268
v -1.068908 0.269553 0.126860
v -1.114637 0.275170 0.112168
v -1.091644 0.282505 0.109717
v -1.069978 0.288781 0.104097
v -1.039635 0.303741 0.079250
v -0.984056 0.320275 0.034358
v -1.031619 0.294035 0.101824
v -0.971676 0.311022 0.046790
v -0.944934 0.328435 0.018180
v -0.959765 0.308341 0.063218
v -0.932871 0.324594 0.036573
v -0.910067 0.342792 0.019422
v -0.909922 0.332785 0.076977
v -0.906954 0.340878 0.053598
v -0.883578 0.345139 0.052468
v -0.877017 0.322224 0.140232
v -0.846980 0.323587 0.134677
v -0.806271 0.329165 0.200798
v -0.760029 0.317541 0.133840
v -0.720431 0.321793 0.154631
v -0.735651 0.336613 0.190962
v -0.669191 0.330009 0.166413
v -0.669888 0.353371 0.195075
v -0.605817 0.415064 0.240404
v -0.572903 0.385729 0.199675
v -0.538014 0.425487 0.223815
v -0.529779 0.444925 0.255807
v -0.486756 0.458129 0.238287
v -0.512645 0.461083 0.288756
v -0.477545 0.468106 0.261620
v -0.467245 0.479304 0.293818
v -0.436133 0.495912 0.286398
v -0.366161 0.539339 0.289626
v -0.405856 0.506838 0.323537
v -0.370344 0.521044 0.329620
v -0.341050 0.519878 0.356655
v -0.309009 0.537477 0.349071
v -0.271038 0.546662 0.386186
v -0.254298 0.572217 0.371802
v -0.287947 0.528694 0.402228
v -0.263445 0.542469 0.429616
v -0.280806 0.531760 0.448688
v -0.262821 0.553699 0.474207
v -0.247253 0.564610 0.454921
v -0.304530 0.519506 0.417603
v -0.326250 0.513881 0.444779
v -0.307757 0.527143 0.473357
v -0.360742 0.503717 0.415334
v -0.375349 0.504271 0.446866
v -0.349147 0.513742 0.468903
v -0.388211 0.506248 0.357797
v -0.440601 0.495461 0.416600
v -0.407566 0.505744 0.466954
v -0.414995 0.498736 0.373512
v -0.495391 0.488602 0.412820
v -0.468570 0.510963 0.504968
v -0.429613 0.505438 0.468724
v -0.472167 0.486665 0.361802
v -0.548820 0.486979 0.454089
v -0.483511 0.514227 0.530982
v -0.515498 0.479220 0.370046
v -0.506055 0.471327 0.321774
v -0.621790 0.466718 0.390052
v -0.620546 0.451559 0.334335
v -0.681459 0.422642 0.325205
v -0.721685 0.400362 0.331465
v -0.639082 0.430799 0.296048
v -0.755691 0.379907 0.324903
v -0.658976 0.408288 0.264716
v -0.724601 0.378344 0.276089
v -0.797947 0.366065 0.347777
v -0.769914 0.379236 0.388513
v -0.794131 0.359545 0.301097
v -0.811546 0.347776 0.283210
v -0.858284 0.343210 0.316890
v -0.865600 0.340569 0.290375
v -0.828327 0.337713 0.248411
v -0.891742 0.338399 0.248959
v -0.903454 0.320052 0.149007
v -0.926192 0.320308 0.103998
v -0.803715 0.337394 0.238230
v -0.748707 0.354070 0.240059
v -0.692863 0.361422 0.216120
v -0.445088 0.491922 0.335161
v -0.800795 0.366478 0.400417
v -0.712923 0.419118 0.423015
v -0.696938 0.428117 0.511995
v -0.494279 0.513976 0.568667
v -0.405952 0.539921 0.561931
v -0.396607 0.536263 0.539755
v -0.362777 0.548436 0.547200
v -0.373212 0.555321 0.576211
v -0.241698 0.603506 0.520773
v -0.364586 0.522532 0.656518
v -0.408261 0.500594 0.647559
v -0.455730 0.468769 0.651447
v -0.377221 0.481558 0.673771
v -0.341325 0.479704 0.696785
v -0.347631 0.496230 0.680424
v -0.431061 0.415566 0.686988
v -0.381845 0.429690 0.698099
v -0.327029 0.437268 0.736512
v -0.449066 0.359373 0.745522
v -0.371173 0.396798 0.736750
v -0.362151 0.369396 0.766262
v -0.316658 0.406017 0.765635
v -0.412991 0.335045 0.771320
v -0.519655 0.330801 0.734622
v -0.441072 0.301469 0.774063
v -0.572734 0.292632 0.720531
v -0.440303 0.278153 0.774226
v -0.372514 0.282682 0.779559
v -0.382206 0.251967 0.784276
v -0.328560 0.251064 0.815080
v -0.316237 0.288338 0.820178
v -0.443996 0.239145 0.760439
v -0.386513 0.219877 0.779709
v -0.392346 0.191571 0.762760
v -0.283042 0.204200 0.830014
v -0.273512 0.234530 0.839830
v -0.213199 0.203915 0.839161
v -0.161439 0.297177 0.834540
v -0.103784 0.274375 0.845568
v -0.097827 0.312899 0.843552
v -0.097991 0.368271 0.841960
v -0.182246 0.399755 0.825546
v -0.064008 0.423070 0.842154
v -0.134828 0.428357 0.828369
v -0.158589 0.453878 0.816504
v -0.213509 0.423037 0.807604
v -0.086863 0.452019 0.827245
v -0.116360 0.479604 0.812612
v -0.147829 0.499114 0.795098
v -0.188157 0.470544 0.794613
v -0.050439 0.466763 0.820360
v -0.085896 0.492639 0.800195
v -0.120023 0.515329 0.781996
v -0.164561 0.515665 0.772608
v -0.056943 0.508262 0.801895
v -0.103163 0.538156 0.770785
v -0.128726 0.563074 0.747274
v -0.161687 0.585093 0.713792
v -0.195860 0.562652 0.709160
v -0.193137 0.583663 0.700693
v -0.235408 0.594660 0.675171
v -0.239872 0.569698 0.680791
v -0.231550 0.548582 0.684744
v -0.289815 0.566554 0.658387
v -0.272318 0.532326 0.669240
v -0.258799 0.509315 0.682444
v -0.256784 0.493921 0.708366
v -0.307045 0.511700 0.669656
v -0.295513 0.493740 0.686152
v -0.292853 0.481352 0.710190
v -0.281474 0.470574 0.730480
v -0.279352 0.445244 0.754869
v -0.323902 0.531412 0.661988
v -0.332572 0.544688 0.652736
v -0.290440 0.588336 0.647254
v -0.094627 0.694394 0.597647
v -0.076467 0.678151 0.635580
v -0.063546 0.643976 0.708553
v 0.042904 0.620710 0.780287
v 0.059469 0.636464 0.764924
v 0.014562 0.636930 0.742070
v 0.098575 0.628427 0.783192
v 0.100836 0.650902 0.744844
v 0.133398 0.614118 0.796285
v 0.088892 0.601426 0.808783
v 0.120191 0.589283 0.830640
v 0.103038 0.580259 0.860132
v 0.132473 0.563651 0.873794
v 0.159812 0.545701 0.877778
v 0.117903 0.544021 0.892859
v 0.153302 0.521911 0.897050
v 0.133123 0.500113 0.903838
v 0.171898 0.478936 0.901532
v 0.156898 0.451421 0.898936
v 0.221317 0.417047 0.888630
v 0.238358 0.440149 0.896099
v 0.260340 0.384175 0.874429
v 0.278098 0.404239 0.879190
v 0.298645 0.341583 0.863510
v 0.318424 0.356933 0.867308
v 0.329204 0.286755 0.871445
v 0.274653 0.325537 0.851706
v 0.296644 0.278246 0.853476
v 0.303058 0.228939 0.853362
v 0.345152 0.226937 0.871518
v 0.292202 0.186690 0.855999
v 0.335175 0.175981 0.876673
v 0.309951 0.133373 0.879490
v 0.352597 0.112428 0.891619
v 0.268757 0.151476 0.856867
v 0.236170 0.126630 0.855604
v 0.274746 0.100677 0.881204
v 0.202936 0.152889 0.823726
v 0.163564 0.147248 0.824275
v 0.194303 0.113731 0.856261
v 0.177376 0.185715 0.802883
v 0.136348 0.182844 0.806021
v 0.089373 0.184385 0.819778
v 0.114781 0.147271 0.834170
v 0.165069 0.214975 0.794430
v 0.123345 0.214508 0.800533
v 0.079432 0.242042 0.813481
v 0.040754 0.245410 0.834262
v 0.040533 0.190950 0.838323
v -0.001626 0.276115 0.853540
v 0.089843 0.283244 0.816240
v 0.053042 0.296439 0.839677
v 0.028458 0.340730 0.857827
v -0.036834 0.291625 0.856126
v 0.076991 0.328853 0.841941
v 0.009447 0.359494 0.866300
v -0.018606 0.377093 0.864828
v 0.075910 0.375309 0.861382
v 0.044660 0.392796 0.867158
v 0.019295 0.408473 0.869467
v -0.002201 0.425754 0.861495
v -0.040407 0.399378 0.855140
v 0.077184 0.415551 0.886524
v 0.050043 0.436896 0.882524
v 0.021451 0.456811 0.870924
v -0.022627 0.443828 0.841885
v 0.072052 0.462507 0.900614
v 0.047934 0.484526 0.887375
v -0.012170 0.514078 0.834577
v -0.025634 0.488280 0.827177
v 0.060509 0.511991 0.888753
v 0.002481 0.537806 0.837140
v -0.025051 0.573898 0.793533
v 0.040963 0.553604 0.855036
v -0.110167 0.589783 0.740780
v 0.049749 0.575170 0.841305
v -0.016776 0.600871 0.778113
v -0.091391 0.639419 0.706410
v -0.010670 0.617088 0.764161
v 0.062242 0.590139 0.827595
v 0.086642 0.559558 0.876212
v 0.073118 0.536613 0.883910
v 0.100091 0.510812 0.902295
v 0.095623 0.442633 0.900419
v 0.120927 0.422532 0.891957
v 0.179970 0.371658 0.852843
v 0.183283 0.408709 0.879111
v 0.239585 0.363241 0.861679
v 0.247520 0.310872 0.830073
v 0.184366 0.320433 0.814319
v 0.212546 0.291918 0.808339
v 0.227987 0.259986 0.804682
v 0.265874 0.269961 0.828068
v 0.148620 0.341243 0.828320
v 0.113126 0.313939 0.819153
v 0.111334 0.356579 0.848989
v 0.062633 0.146434 0.847417
v 0.097495 0.102236 0.868795
v 0.147379 0.108013 0.857142
v 0.229956 0.078284 0.884332
v 0.298507 0.060992 0.896870
v 0.168474 -0.732718 -0.630540
v 0.194171 -0.697387 -0.647842
v 0.135058 -0.716698 -0.647147
v 0.190622 -0.644823 -0.686867
v 0.106736 -0.687305 -0.663485
v 0.150626 -0.642351 -0.692500
v 0.111137 -0.612433 -0.703617
v 0.138890 -0.569016 -0.728418
v 0.180115 -0.496677 -0.773551
v 0.077213 -0.573352 -0.717759
v 0.121745 -0.496395 -0.765777
v 0.145883 -0.457690 -0.783128
v 0.162790 -0.436549 -0.789793
v 0.128831 -0.393850 -0.786713
v 0.153798 -0.377014 -0.787065
v 0.113484 -0.295294 -0.797298
v 0.135452 -0.282080 -0.792849
v 0.087777 -0.259841 -0.793922
v 0.024849 -0.214468 -0.776521
v 0.082104 -0.172579 -0.752254
v 0.075894 -0.099512 -0.748268
v 0.130478 -0.116486 -0.741642
v 0.056372 -0.067887 -0.745620
v 0.061561 -0.048717 -0.732779
v 0.166633 -0.119353 -0.732973
v 0.141735 -0.084876 -0.716842
v 0.195259 -0.103146 -0.698757
v 0.280006 -0.121147 -0.656659
v 0.280515 -0.062780 -0.546445
v 0.247822 -0.018884 -0.509435
v 0.298636 0.013317 -0.457145
v 0.352019 0.091752 -0.331689
v 0.323286 0.118201 -0.323625
v 0.348483 0.159732 -0.289204
v 0.291398 0.160294 -0.316299
v 0.336442 0.250484 -0.270841
v 0.257652 0.251859 -0.298459
v 0.262240 0.363358 -0.263417
v 0.271395 0.402589 -0.257513
v 0.280438 0.458259 -0.262970
v 0.222251 0.431025 -0.273980
v 0.233473 0.478906 -0.274454
v 0.181261 0.494761 -0.291658
v 0.183242 0.541246 -0.295894
v 0.134950 0.532913 -0.311749
v 0.090481 0.578569 -0.342714
v 0.090228 0.622840 -0.347968
v 0.045649 0.624195 -0.378166
v 0.006851 0.633799 -0.412012
v -0.048494 0.660622 -0.468022
v -0.060091 0.672515 -0.477533
v -0.067820 0.641560 -0.517801
v -0.085740 0.664281 -0.519914
v -0.089487 0.629781 -0.549073
v -0.113852 0.615508 -0.563644
v -0.131304 0.602148 -0.577820
v -0.175260 0.615492 -0.578472
v -0.201926 0.615789 -0.574118
v -0.175717 0.604168 -0.589371
v -0.202815 0.602801 -0.584346
v -0.233975 0.573230 -0.577249
v -0.265065 0.556411 -0.557343
v -0.294656 0.537483 -0.533463
v -0.258179 0.532194 -0.565007
v -0.293590 0.518162 -0.532652
v -0.317395 0.487017 -0.510475
v -0.389693 0.441057 -0.462167
v -0.303205 0.442878 -0.505889
v -0.430401 0.402808 -0.447211
v -0.367465 0.380620 -0.452656
v -0.406956 0.350415 -0.436161
v -0.436113 0.306191 -0.426481
v -0.469432 0.251798 -0.430965
v -0.512341 0.228261 -0.446071
v -0.493454 0.160979 -0.463746
v -0.543353 0.191516 -0.476569
v -0.557938 0.149224 -0.495257
v -0.620483 0.147412 -0.531694
v -0.580244 0.087180 -0.557030
v -0.514692 0.063409 -0.540957
v -0.577924 0.002821 -0.633202
v -0.522381 -0.050114 -0.674228
v -0.498572 -0.038418 -0.662889
v -0.620224 -0.013513 -0.649163
v -0.451278 -0.058802 -0.683280
v -0.464691 -0.090795 -0.701041
v -0.618096 -0.028262 -0.657111
v -0.401876 -0.074352 -0.707279
v -0.351806 -0.071290 -0.722123
v -0.341257 -0.102506 -0.740669
v -0.405194 -0.104322 -0.720991
v -0.307384 -0.047242 -0.723113
v -0.305962 -0.061834 -0.736256
v -0.237387 0.001815 -0.736165
v -0.232438 0.029521 -0.696518
v -0.300554 0.001740 -0.663590
v -0.213935 0.042552 -0.697774
v -0.181415 0.096998 -0.642614
v -0.184066 0.067384 -0.702322
v -0.255253 0.042991 -0.627727
v -0.144155 0.121151 -0.642653
v -0.170155 0.124937 -0.607675
v -0.120145 0.148610 -0.616347
v -0.148348 0.153721 -0.593654
v -0.112535 0.167513 -0.596823
v -0.161511 0.169736 -0.574224
v -0.133993 0.179514 -0.580509
v -0.104154 0.183358 -0.581451
v -0.133956 0.196412 -0.569857
v -0.107680 0.201523 -0.569181
v -0.122901 0.219850 -0.562555
v -0.085238 0.222230 -0.555401
v -0.082076 0.201997 -0.562066
v -0.114980 0.242887 -0.559812
v -0.062482 0.242382 -0.541542
v -0.063594 0.219405 -0.545005
v -0.088080 0.273449 -0.556489
v -0.077755 0.250821 -0.549542
v -0.048249 0.268443 -0.530046
v -0.090127 0.303335 -0.564087
v -0.068045 0.304852 -0.550944
v -0.049778 0.305250 -0.534725
v -0.029069 0.304927 -0.510900
v -0.038617 0.364846 -0.530717
v -0.022181 0.377863 -0.501253
v -0.054003 0.380456 -0.561311
v -0.003623 0.419141 -0.458976
v -0.002934 0.308604 -0.472097
v -0.041261 0.443730 -0.540318
v -0.020644 0.431286 -0.498150
v -0.009851 0.498800 -0.447059
v 0.011124 0.479606 -0.401216
v 0.012206 0.424755 -0.411645
v 0.018410 0.387502 -0.422425
v 0.038187 0.458647 -0.369011
v 0.045637 0.383912 -0.381453
v 0.049713 0.314687 -0.391076
v 0.081867 0.388267 -0.346059
v 0.070949 0.305831 -0.367960
v 0.034397 0.241426 -0.435530
v 0.112651 0.335109 -0.328705
v 0.089681 0.259222 -0.366761
v 0.130041 0.269893 -0.338911
v 0.157870 0.242442 -0.338844
v 0.112996 0.148544 -0.418752
v 0.197003 0.190330 -0.354654
v 0.176948 0.137547 -0.399583
v 0.109962 0.085864 -0.470107
v 0.056016 0.144516 -0.462470
v 0.149776 0.089176 -0.447374
v 0.232992 0.063467 -0.436092
v 0.183733 0.014466 -0.496423
v 0.131772 0.026521 -0.516198
v 0.112056 0.024805 -0.546562
v 0.105362 -0.006844 -0.632624
v 0.174757 -0.007838 -0.527207
v 0.146874 -0.012106 -0.563301
v 0.119792 -0.031088 -0.652280
v 0.170812 -0.030988 -0.571145
v 0.143320 -0.072319 -0.694590
v 0.098852 -0.038415 -0.695929
v 0.021300 0.034624 -0.704467
v 0.051678 0.047448 -0.637944
v 0.040067 0.087766 -0.590813
v 0.008719 0.096588 -0.641123
v -0.002154 0.116435 -0.612381
v -0.023824 0.115633 -0.654408
v -0.048474 0.141078 -0.624290
v -0.042682 0.161148 -0.575093
v -0.044762 0.178311 -0.549624
v 0.027320 0.147751 -0.487484
v -0.027362 0.187908 -0.521333
v 0.016432 0.171243 -0.481525
v -0.015322 0.207462 -0.503772
v 0.033503 0.205332 -0.451805
v -0.010981 0.262358 -0.491205
v 0.015415 0.237295 -0.462309
v -0.063846 0.199422 -0.551955
v -0.075095 0.187195 -0.571829
v -0.068013 0.169416 -0.589912
v -0.067828 0.148485 -0.625231
v -0.085931 0.155758 -0.614485
v -0.111173 0.136448 -0.640529
v -0.149563 0.094543 -0.690731
v -0.120725 0.095827 -0.714660
v -0.149500 0.071172 -0.729135
v -0.171390 0.040353 -0.749522
v -0.199176 0.017940 -0.747206
v -0.167160 0.025303 -0.763194
v -0.237867 -0.016160 -0.753335
v -0.232871 -0.032467 -0.760758
v -0.302703 -0.074945 -0.743765
v -0.257520 -0.072114 -0.756576
v -0.270501 -0.094075 -0.755186
v -0.347890 -0.124318 -0.742864
v -0.412934 -0.138134 -0.724351
v -0.471282 -0.111660 -0.705351
v -0.545328 -0.107541 -0.690022
v -0.532991 -0.086786 -0.690768
v -0.596787 -0.061277 -0.669491
v -0.636288 -0.041592 -0.652991
v -0.675231 0.000359 -0.628142
v -0.718846 0.026649 -0.610869
v -0.748477 0.027620 -0.602751
v -0.762311 0.015564 -0.607207
v -0.722256 0.001860 -0.620523
v -0.727699 -0.017395 -0.619460
v -0.683071 -0.031313 -0.624362
v -0.685528 -0.048392 -0.616662
v -0.646280 -0.064144 -0.645108
v -0.603013 -0.096945 -0.660214
v -0.550566 -0.122268 -0.684078
v -0.476290 -0.140638 -0.702448
v -0.382765 -0.213399 -0.704583
v -0.311641 -0.258893 -0.703485
v -0.244728 -0.332435 -0.670386
v -0.196616 -0.392473 -0.645834
v -0.205749 -0.392790 -0.633552
v -0.142323 -0.478175 -0.628876
v -0.174115 -0.443726 -0.614934
v -0.133561 -0.527902 -0.570299
v -0.119536 -0.535117 -0.598798
v -0.089083 -0.621228 -0.539666
v -0.041912 -0.673024 -0.578558
v -0.004037 -0.715369 -0.573791
v -0.027383 -0.668473 -0.606131
v -0.010100 -0.661156 -0.628345
v 0.022711 -0.698107 -0.626504
v 0.058146 -0.735186 -0.615457
v 0.042235 -0.681451 -0.648785
v 0.077063 -0.717016 -0.639134
v 0.112189 -0.744438 -0.626994
v 0.064933 -0.659801 -0.668911
v 0.035726 -0.623573 -0.677121
v 0.005088 -0.569650 -0.691156
v 0.038040 -0.537549 -0.722444
v 0.078808 -0.480975 -0.760582
v 0.013818 -0.485796 -0.733880
v 0.020833 -0.416406 -0.759017
v 0.110467 -0.423105 -0.783975
v 0.064730 -0.358974 -0.787598
v 0.004084 -0.350393 -0.775348
v 0.084566 -0.324388 -0.796688
v 0.021593 -0.319635 -0.784186
v 0.058175 -0.293151 -0.793746
v -0.011432 -0.239989 -0.775919
v -0.042401 -0.258605 -0.771469
v -0.101974 -0.205584 -0.768850
v -0.100163 -0.132635 -0.776306
v -0.039204 -0.145524 -0.776695
v 0.012519 -0.101693 -0.762351
v -0.086483 -0.074539 -0.777539
v 0.006162 -0.056999 -0.760239
v 0.021266 -0.036238 -0.749942
v 0.012793 0.001624 -0.743087
v 0.035707 0.002463 -0.724694
v 0.081257 -0.042197 -0.717839
v -0.011414 0.079143 -0.697160
v -0.028506 0.073838 -0.719387
v -0.030342 0.103698 -0.686474
v -0.057356 0.093670 -0.717511
v -0.059887 0.114957 -0.693108
v -0.085816 0.117318 -0.696448
v -0.103820 0.113721 -0.697245
v -0.096545 0.101957 -0.715709
v -0.126400 0.079356 -0.732061
v -0.142150 0.058563 -0.750057
v -0.136626 0.048508 -0.759047
v -0.124396 0.022261 -0.774940
v -0.157964 0.015564 -0.771188
v -0.146698 -0.001709 -0.777940
v -0.212913 -0.054604 -0.768424
v -0.194319 -0.074428 -0.771005
v -0.253627 -0.114502 -0.755972
v -0.148785 -0.111302 -0.765565
v -0.208753 -0.157918 -0.750611
v -0.142677 -0.154873 -0.761895
v -0.224174 -0.192557 -0.733891
v -0.146390 -0.211569 -0.750391
v -0.179856 -0.229169 -0.727712
v -0.216067 -0.251494 -0.716427
v -0.238377 -0.286111 -0.702226
v -0.149159 -0.285232 -0.731925
v -0.206969 -0.296489 -0.705636
v -0.114407 -0.341696 -0.724880
v -0.155039 -0.356928 -0.702664
v -0.185347 -0.377181 -0.667679
v -0.216558 -0.332671 -0.677071
v -0.092610 -0.439764 -0.698103
v -0.138434 -0.417102 -0.682896
v -0.159620 -0.434364 -0.653773
v -0.101798 -0.462853 -0.679495
v -0.124195 -0.477822 -0.649710
v -0.040931 -0.535039 -0.682444
v -0.094437 -0.550800 -0.622010
v 0.003588 -0.638250 -0.652738
v -0.043144 -0.491743 -0.704248
v -0.046026 -0.407024 -0.734368
v -0.023373 -0.376683 -0.755880
v -0.029725 -0.316544 -0.765022
v -0.110646 -0.190629 -0.769120
v -0.141277 -0.064771 -0.771714
v -0.080172 -0.043376 -0.776660
v -0.063606 0.008105 -0.774905
v -0.029259 -0.011806 -0.767896
v -0.009203 -0.001458 -0.758414
v -0.028611 0.040467 -0.747055
v -0.044056 0.028830 -0.762171
v -0.059190 0.046460 -0.758381
v -0.102198 0.057435 -0.757655
v -0.081984 0.021160 -0.774804
v -0.107541 0.001788 -0.781194
v 0.264296 0.035212 -0.447974
v 0.207844 0.128221 -0.391088
v 0.239072 0.154952 -0.351462
v 0.220261 0.219903 -0.327580
v 0.199958 0.330016 -0.290910
v 0.158691 0.300680 -0.313631
v 0.181778 0.385436 -0.288039
v 0.156178 0.355402 -0.302208
v 0.118706 0.445696 -0.320252
v 0.082350 0.502907 -0.335373
v 0.043473 0.511410 -0.364568
v 0.047609 0.582721 -0.376113
v 0.012696 0.577814 -0.414062
v 0.012825 0.609052 -0.413905
v -0.015070 0.567328 -0.459559
v -0.019165 0.598342 -0.463618
v -0.033564 0.616964 -0.478651
v -0.151119 0.586597 -0.593556
v -0.174250 0.586662 -0.597178
v -0.202153 0.574841 -0.593537
v -0.168453 0.553509 -0.603813
v -0.199777 0.549573 -0.597337
v -0.228659 0.534938 -0.584840
v -0.249320 0.473889 -0.554618
v -0.247735 0.424341 -0.534553
v -0.278006 0.400291 -0.502673
v -0.316175 0.380909 -0.474362
v -0.314047 0.345125 -0.464590
v -0.392219 0.312381 -0.432760
v -0.424186 0.262231 -0.432640
v -0.368361 0.231379 -0.448074
v -0.412966 0.224260 -0.440709
v -0.451000 0.188712 -0.446421
v -0.402695 0.170858 -0.460105
v -0.436311 0.108217 -0.483817
v -0.486096 0.119884 -0.481145
v -0.530299 0.119993 -0.499642
v -0.469757 0.063659 -0.521414
v -0.428108 0.069216 -0.510654
v -0.421707 0.020169 -0.565144
v -0.359043 0.120084 -0.494096
v -0.334636 0.166704 -0.480481
v -0.330880 0.234346 -0.460882
v -0.290459 0.299379 -0.472453
v -0.276899 0.223897 -0.489440
v -0.251204 0.313100 -0.495926
v -0.238943 0.284204 -0.505548
v -0.193792 0.346805 -0.555925
v -0.196930 0.306726 -0.539213
v -0.260805 0.353297 -0.494245
v -0.206589 0.409433 -0.570606
v -0.186278 0.415146 -0.586401
v -0.202474 0.469094 -0.585089
v -0.181791 0.494504 -0.599446
v -0.162008 0.431060 -0.598949
v -0.157852 0.485027 -0.601359
v -0.132127 0.543445 -0.602603
v -0.117555 0.490683 -0.600338
v -0.114286 0.541627 -0.598523
v -0.083096 0.475510 -0.592665
v -0.097110 0.431701 -0.603741
v -0.117050 0.430110 -0.610744
v -0.138863 0.430254 -0.607377
v -0.116069 0.378164 -0.603098
v -0.137872 0.375899 -0.600677
v -0.133264 0.323917 -0.584704
v -0.151350 0.340253 -0.581912
v -0.172567 0.325659 -0.563577
v -0.158717 0.270743 -0.563078
v -0.170515 0.270854 -0.556443
v -0.184544 0.239605 -0.547421
v -0.206241 0.209889 -0.537273
v -0.210800 0.184070 -0.540163
v -0.271075 0.170416 -0.507397
v -0.312955 0.136681 -0.503323
v -0.282294 0.110695 -0.534463
v -0.344744 0.057686 -0.540150
v -0.264214 0.088563 -0.560505
v -0.382812 0.044585 -0.542459
v -0.340303 0.024149 -0.577565
v -0.379046 0.012273 -0.581632
v -0.391154 -0.024174 -0.644191
v -0.440832 -0.022192 -0.638009
v -0.347140 -0.021101 -0.658024
v -0.343070 0.001662 -0.613938
v -0.253416 0.063962 -0.594397
v -0.234144 0.137159 -0.545578
v -0.169900 0.189369 -0.559816
v -0.150751 0.217188 -0.559629
v -0.141708 0.241459 -0.561547
v -0.131112 0.267809 -0.567084
v -0.123780 0.297572 -0.574522
v -0.089513 0.376733 -0.595140
v -0.067785 0.376803 -0.578392
v -0.084295 0.427894 -0.594888
v -0.071931 0.462820 -0.583888
v -0.057097 0.465528 -0.563459
v -0.027469 0.514442 -0.498923
v -0.363420 0.061226 0.554637
v -0.326271 0.053648 0.643464
v -0.286825 0.050595 0.692730
v -0.254125 0.022326 0.697310
v -0.237931 0.042221 0.735187
v -0.205066 0.004593 0.740118
v -0.181607 0.024122 0.775099
v -0.123904 -0.015487 0.811496
v -0.057591 -0.039923 0.857363
v 0.028133 -0.124769 0.885543
v 0.083721 -0.161483 0.882101
v -0.399202 0.051036 0.502844
v -0.303268 -0.270779 -0.460554
v -0.317925 -0.269156 -0.505590
v -0.344301 -0.246987 -0.439482
v -0.359569 -0.241650 -0.486624
v -0.401322 -0.223739 -0.466485
v -0.423982 -0.222075 -0.524884
v -0.450091 -0.203578 -0.493383
v -0.527323 -0.171758 -0.542554
v -0.539695 -0.170014 -0.576525
v -0.576534 -0.167292 -0.522040
v -0.587353 -0.154321 -0.552793
v -0.632201 -0.146329 -0.530407
v -0.821555 -0.067347 -0.534579
v -0.828251 -0.055283 -0.546507
v -0.867164 -0.004985 -0.562778
v -0.898431 0.011288 -0.517837
v -0.901536 0.031925 -0.541568
v -0.932594 0.064499 -0.495387
v -0.927516 0.073745 -0.511317
v -0.955836 0.097991 -0.452881
v -0.956293 0.083641 -0.448126
v -0.979161 0.041910 -0.387920
v -1.029211 0.053729 -0.355450
v -0.946423 0.046579 -0.433880
v -0.926961 0.037565 -0.471223
v -0.865577 -0.032212 -0.530821
v -0.912832 0.009128 -0.454509
v -0.861785 -0.050448 -0.492892
v -0.876148 -0.042904 -0.449381
v -0.857104 -0.090212 -0.413186
v -0.839364 -0.103065 -0.427143
v -0.839535 -0.137086 -0.374197
v -0.865663 -0.110653 -0.363019
v -0.849151 -0.161068 -0.331622
v -0.871839 -0.144211 -0.322377
v -0.752777 -0.148900 -0.414632
v -0.811784 -0.151609 -0.373554
v -0.830489 -0.172565 -0.330247
v -0.847469 -0.193198 -0.296079
v -0.867912 -0.180230 -0.297662
v -0.791116 -0.160704 -0.362559
v -0.803693 -0.181918 -0.315143
v -0.818170 -0.200554 -0.288892
v -0.845629 -0.250043 -0.253201
v -0.757568 -0.198192 -0.287048
v -0.795792 -0.238875 -0.257890
v -0.798496 -0.257592 -0.236958
v -0.742962 -0.236261 -0.244841
v -0.684460 -0.244886 -0.210747
v -0.720968 -0.271848 -0.193956
v -0.815208 -0.277518 -0.207566
v -0.633068 -0.256048 -0.177744
v -0.744017 -0.302283 -0.139826
v -0.642311 -0.275163 -0.147478
v -0.674861 -0.309712 -0.095328
v -0.593456 -0.298556 -0.091051
v -0.664074 -0.326059 -0.065043
v -0.638857 -0.344524 -0.045815
v -0.566488 -0.313473 -0.077604
v -0.619783 -0.374417 -0.024440
v -0.650510 -0.386436 -0.000870
v -0.670150 -0.357596 -0.021418
v -0.687111 -0.364545 0.001504
v -0.705857 -0.343358 -0.017832
v -0.689585 -0.339771 -0.037693
v -0.718896 -0.328588 -0.047681
v -0.695817 -0.321180 -0.073250
v -0.729366 -0.316754 -0.091633
v -0.765170 -0.311714 -0.121323
v -0.803965 -0.297529 -0.158947
v -0.870215 -0.273319 -0.209110
v -0.861095 -0.264880 -0.229522
v -0.904135 -0.248734 -0.232774
v -0.881745 -0.234805 -0.259755
v -0.920552 -0.217821 -0.244359
v -0.898113 -0.212228 -0.263499
v -0.932809 -0.186076 -0.251021
v -0.919945 -0.167249 -0.262648
v -0.887313 -0.160598 -0.292408
v -0.923289 -0.110004 -0.277031
v -0.899227 -0.103386 -0.306660
v -0.946125 -0.088554 -0.279621
v -0.974108 -0.098403 -0.264021
v -0.952341 -0.121201 -0.255991
v -0.976948 -0.129788 -0.244835
v -0.968613 -0.165834 -0.235831
v -1.000859 -0.140652 -0.235771
v -0.973047 -0.197034 -0.218622
v -0.989676 -0.162433 -0.226069
v -0.954672 -0.233627 -0.218624
v -0.926524 -0.256527 -0.214374
v -0.931995 -0.259959 -0.202314
v -0.862671 -0.290447 -0.141132
v -0.818766 -0.308590 -0.123383
v -0.780676 -0.316374 -0.100228
v -0.745762 -0.321465 -0.064149
v -0.787423 -0.315478 -0.084175
v -0.728498 -0.328048 -0.032915
v -0.711840 -0.341995 -0.002470
v -0.962650 -0.233210 -0.208235
v -0.986651 -0.196275 -0.202957
v -1.014168 -0.165490 -0.205378
v -1.031493 -0.137109 -0.226871
v -1.047427 -0.080008 -0.263992
v -1.025774 -0.105146 -0.252080
v -1.025934 -0.049548 -0.301532
v -1.030814 0.001891 -0.327187
v -0.993697 0.013979 -0.351524
v -0.937286 0.018991 -0.412413
v -1.056273 -0.012535 -0.299221
v -1.047403 -0.030393 -0.301645
v -1.052708 -0.067750 -0.269400
v -0.557426 -0.345199 -0.057150
v -0.541586 -0.282336 -0.109208
v -0.516732 -0.305576 -0.092783
v -0.497347 -0.284123 -0.122301
v -0.516202 -0.257593 -0.163697
v -0.486053 -0.268393 -0.151920
v -0.476496 -0.249663 -0.186115
v -0.442282 -0.247353 -0.207111
v -0.480694 -0.237103 -0.199451
v -0.407010 -0.264916 -0.218140
v -0.434315 -0.224061 -0.240057
v -0.438150 -0.201944 -0.271977
v -0.356429 -0.251972 -0.310472
v -0.389970 -0.217693 -0.350867
v -0.359172 -0.240345 -0.369327
v -0.323985 -0.258454 -0.391168
v -0.382166 -0.227544 -0.416264
v -0.439014 -0.202062 -0.447384
v -0.447680 -0.187065 -0.377335
v -0.499522 -0.188139 -0.466866
v -0.518222 -0.172588 -0.405822
v -0.576852 -0.168876 -0.435052
v -0.565414 -0.174940 -0.477481
v -0.645678 -0.156712 -0.482550
v -0.651214 -0.157743 -0.431780
v -0.713446 -0.152095 -0.430377
v -0.759018 -0.161939 -0.359419
v -0.762415 -0.165849 -0.342999
v -0.723764 -0.169079 -0.322156
v -0.680617 -0.203731 -0.252110
v -0.704293 -0.226589 -0.241575
v -0.668119 -0.226212 -0.214824
v -0.630668 -0.224347 -0.193538
v -0.629735 -0.242214 -0.188560
v -0.583340 -0.241956 -0.179484
v -0.590310 -0.252440 -0.170349
v -0.567195 -0.267564 -0.142669
v -0.569680 -0.277185 -0.119176
v -0.547362 -0.242406 -0.180835
v -0.547724 -0.208108 -0.202791
v -0.473376 -0.215794 -0.222322
v -0.485148 -0.192059 -0.247287
v -0.468115 -0.182041 -0.310979
v -0.423596 -0.198299 -0.332655
v -0.486378 -0.174666 -0.360544
v -0.553767 -0.164969 -0.379986
v -0.524098 -0.177604 -0.271586
v -0.571663 -0.161170 -0.347678
v -0.622244 -0.154015 -0.391812
v -0.640856 -0.152887 -0.353430
v -0.660546 -0.162517 -0.318073
v -0.627079 -0.207490 -0.210127
v -0.587684 -0.206195 -0.195948
v -1.053460 0.125549 0.242529
v -1.017970 0.138728 0.343676
v -0.985059 0.130364 0.398949
v -0.909795 0.084214 0.496199
v -1.003691 0.127933 0.350858
v -1.029253 0.129792 0.300275
v -0.240315 -0.156946 0.448402
v -0.195986 -0.232357 0.545546
v -0.185447 -0.255660 0.589209
v -0.202411 -0.305376 0.528276
v -0.167025 -0.308052 0.611364
v -0.187438 -0.337978 0.544124
v -0.169577 -0.346228 0.576794
v -0.136455 -0.369989 0.611945
v -0.103036 -0.391028 0.636045
v -0.118763 -0.410998 0.594103
v -0.081291 -0.428255 0.626158
v -0.103976 -0.452654 0.585654
v -0.073530 -0.522709 0.560448
v -0.041433 -0.544962 0.566321
v -0.053493 -0.568440 0.531076
v -0.059980 -0.581037 0.493553
v -0.039297 -0.589946 0.488920
v -0.033453 -0.601737 0.446636
v -0.035804 -0.617339 0.406748
v -0.019741 -0.633547 0.362206
v -0.025055 -0.657390 0.324906
v 0.015858 -0.678568 0.274978
v 0.028166 -0.713426 0.224048
v 0.050784 -0.736815 0.161563
v 0.086034 -0.704283 0.163520
v 0.076489 -0.728200 0.145126
v 0.114220 -0.719956 0.135657
v 0.119210 -0.747769 0.114152
v 0.148691 -0.758304 0.068773
v 0.200398 -0.742626 0.051758
v 0.163815 -0.782747 -0.035795
v 0.221734 -0.765016 -0.012126
v 0.132569 -0.814574 -0.096236
v 0.164019 -0.835204 -0.146093
v 0.216686 -0.820248 -0.166877
v 0.144979 -0.775293 0.020318
v 0.056158 -0.762330 0.141503
v -0.042778 -0.635055 0.367989
v -0.057639 -0.591768 0.452944
v -0.084872 -0.546095 0.527975
v -0.102341 -0.500002 0.541095
v -0.159634 -0.387022 0.552290
v -0.846587 -0.217113 -0.056405
v -0.887006 -0.204528 -0.065893
v -0.904841 -0.215662 -0.075740
v -0.960464 -0.183472 -0.086616
v -0.962564 -0.150012 -0.071541
v -1.007897 -0.112645 -0.075292
v -0.091003 0.597506 -0.565783
vn 0.0674 0.9863 0.1506
vn 0.1541 0.9874 -0.0356
vn 0.1258 0.9885 -0.0841
vn -0.0480 0.5450 -0.8371
vn -0.1734 0.3800 -0.9086
vn -0.0329 0.6052 -0.7954
vn -0.3203 -0.9004 -0.2946
vn -0.5458 -0.7755 -0.3173
vn -0.4121 -0.8280 -0.3803
vn 0.2313 0.0619 -0.9709
vn 0.2348 0.0168 -0.9719
vn 0.1500 0.1489 -0.9774
vn 0.1521 0.0273 -0.9880
vn 0.3183 -0.9278 -0.1943
vn 0.5610 -0.8038 -0.1978
vn 0.5196 -0.8538 0.0316
vn 0.1263 -0.0694 0.9896
vn -0.1620 -0.0519 0.9854
vn -0.0828 -0.2464 0.9656
vn 0.8034 0.5006 0.3222
vn 0.7383 0.6357 0.2255
vn 0.7951 0.5103 0.3278
vn 0.7125 0.6344 0.2999
vn 0.7340 0.6088 0.3010
vn 0.7606 -0.6285 0.1624
vn 0.7667 -0.5870 0.2600
vn 0.8174 -0.5299 0.2259
vn -0.5411 0.6372 0.5488
vn -0.4586 0.5549 0.6941
vn -0.4236 0.5021 0.7539
vn -0.0373 0.0821 0.9959
vn -0.1508 0.0625 0.9866
vn -0.0576 0.0460 0.9973
vn -0.3215 0.9123 -0.2538
vn -0.4664 0.8429 -0.2685
vn -0.3515 0.9317 -0.0915
vn 0.0318 0.9416 0.3353
vn -0.0097 0.9522 0.3053
vn -0.0707 0.9553 0.2870
vn 0.6336 0.7508 -0.1868
vn 0.6669 0.6776 -0.3101
vn 0.5797 0.7493 -0.3202
vn 0.5760 0.7322 -0.3634
vn 0.6595 0.7244 -0.2007
vn 0.6669 0.3428 -0.6616
vn 0.8181 0.3105 -0.4841
vn 0.7910 0.1765 -0.5858
vn -0.1681 -0.2890 0.9425
vn -0.2223 -0.4551 0.8623
vn -0.2442 -0.2078 0.9472
vn -0.0212 0.2886 0.9572
vn -0.0006 0.3503 0.9366
vn 0.0747 0.2312 0.9700
vn 0.0006 -0.9837 0.1796
vn 0.1706 -0.9801 0.1011
vn 0.1106 -0.9889 0.0991
vn 0.5985 -0.5809 0.5517
vn 0.7310 -0.4599 0.5042
vn 0.5208 -0.5599 0.6444
vn 0.3160 0.9157 -0.2481
vn 0.3025 0.8903 -0.3403
vn 0.2666 0.9593 -0.0931
vn 0.4594 -0.3496 0.8165
vn 0.4852 -0.2117 0.8484
vn 0.4401 -0.1910 0.8774
vn 0.4904 -0.0265 0.8711
vn 0.3784 -0.0371 0.9249
vn -0.3755 -0.7015 0.6057
vn -0.1668 -0.7497 0.6404
vn -0.1893 -0.6743 0.7138
vn -0.7140 -0.3980 0.5760
vn -0.8117 -0.2780 0.5137
vn -0.7822 -0.3887 0.4869
vn -0.9003 -0.0808 0.4277
vn -0.9170 0.3886 -0.0902
vn -0.9191 0.3665 0.1450
vn -0.8710 0.4220 0.2516
vn -0.8432 0.1412 0.5188
vn -0.8895 0.3034 0.3417
vn 0.7487 0.6175 0.2411
vn 0.8462 0.5199 0.1167
vn 0.6908 0.7212 0.0516
vn 0.6299 0.7555 0.1798
vn 0.3367 0.5854 0.7375
vn 0.3140 0.6429 0.6987
vn 0.3706 0.6218 0.6900
vn -0.0202 -0.6121 0.7905
vn -0.3217 -0.5039 0.8016
vn -0.0296 -0.7536 0.6567
vn -0.1670 -0.7607 0.6272
vn 0.1083 -0.8126 0.5726
vn 0.0330 -0.9010 0.4325
vn -0.1993 -0.9367 0.2878
vn -0.0237 -0.9691 0.2456
vn 0.2252 0.5472 -0.8062
vn 0.1589 0.5122 -0.8440
vn -0.0376 0.6916 -0.7213
vn 0.0751 0.6419 -0.7631
vn 0.2955 0.4633 -0.8355
vn -0.4273 0.7893 -0.4408
vn -0.5343 0.7445 -0.4002
vn -0.4674 0.7704 -0.4336
vn -0.4064 0.8419 -0.3550
vn -0.3787 0.5232 0.7634
vn -0.4211 0.5184 0.7442
vn -0.3108 0.6163 0.7236
vn -0.2098 0.6830 0.6997
vn -0.1713 0.9386 -0.2993
vn -0.0377 0.9088 -0.4156
vn -0.0685 0.9610 -0.2680
vn -0.8672 0.4771 0.1426
vn -0.7568 0.6378 0.1431
vn -0.8594 0.5091 -0.0479
vn -0.6320 0.6065 0.4825
vn -0.5813 0.6932 0.4260
vn -0.6200 0.5378 0.5714
vn -0.6631 0.5588 0.4981
vn 0.9999 0.0111 -0.0047
vn 0.9971 -0.0549 0.0522
vn 0.9990 -0.0332 -0.0283
vn -0.3935 0.8416 0.3701
vn -0.2920 0.7595 0.5813
vn -0.4933 0.7503 0.4402
vn 0.7679 -0.3117 -0.5596
vn 0.7425 -0.4039 -0.5343
vn 0.7435 -0.3602 -0.5635
vn 0.8963 -0.3637 -0.2536
vn 0.8456 -0.4734 -0.2466
vn 0.8886 -0.2772 -0.3654
vn 0.8565 -0.4342 -0.2791
vn 0.8648 -0.2539 -0.4331
vn 0.9072 -0.1888 -0.3760
vn 0.8361 -0.5256 -0.1570
vn 0.9182 -0.3759 -0.1248
vn 0.7943 -0.5859 -0.1608
vn 0.6899 -0.6844 -0.2358
vn 0.8281 -0.5291 -0.1854
vn 0.7132 -0.6929 -0.1060
vn 0.4019 -0.7630 0.5063
vn 0.4516 -0.7572 0.4720
vn 0.3724 -0.8326 0.4099
vn 0.2410 -0.4871 0.8395
vn 0.3486 -0.5281 0.7743
vn 0.3040 -0.4282 0.8510
vn 0.6786 0.5353 0.5029
vn 0.6173 0.6392 0.4586
vn 0.5832 0.5588 0.5896
vn 0.6395 0.5144 0.5714
vn 0.4031 0.6885 0.6029
vn 0.4063 0.7645 0.5004
vn 0.2842 0.7024 0.6525
vn -0.3333 -0.3224 -0.8860
vn -0.2003 -0.1714 -0.9646
vn -0.1534 -0.2871 -0.9455
vn -0.1343 -0.4129 -0.9008
vn -0.2685 -0.4148 -0.8694
vn 0.0336 -0.9918 0.1229
vn -0.1232 -0.9832 0.1349
vn -0.0811 -0.9967 0.0072
vn -0.9029 0.4291 -0.0268
vn -0.9144 0.3784 0.1436
vn -0.8071 0.5734 0.1410
vn -0.5353 0.5695 0.6238
vn -0.5318 0.5984 0.5993
vn -0.6381 0.3737 0.6732
vn -0.5987 0.3161 0.7359
vn -0.8245 -0.0346 0.5648
vn -0.8515 -0.1746 0.4945
vn -0.8404 -0.2769 0.4658
vn -0.3290 0.9431 -0.0485
vn -0.5676 0.8202 0.0714
vn -0.3736 0.9177 0.1353
vn -0.5368 0.8407 0.0709
vn -0.6076 0.7906 0.0761
vn -0.5700 0.8216 -0.0101
vn -0.4248 0.9053 -0.0019
vn -0.7840 -0.4249 -0.4527
vn -0.7312 -0.5352 -0.4230
vn -0.7755 -0.5170 -0.3623
vn -0.1974 0.5606 -0.8042
vn -0.2060 0.5782 -0.7895
vn -0.1987 0.4953 -0.8457
vn -0.0423 0.5489 -0.8348
vn 0.2094 -0.5685 -0.7956
vn 0.2372 -0.4701 -0.8502
vn 0.3231 -0.4216 -0.8473
vn 0.1770 0.4700 -0.8648
vn 0.2269 0.4009 -0.8876
vn 0.1039 0.2399 -0.9652
vn 0.0574 0.4275 -0.9022
vn 0.1875 0.0257 -0.9819
vn 0.0299 0.2788 -0.9599
vn -0.1106 0.4832 -0.8685
vn -0.2986 0.5207 -0.7998
vn -0.0728 0.6552 -0.7519
vn 0.1556 0.5622 -0.8122
vn 0.2663 -0.6619 -0.7006
vn 0.2765 -0.5884 -0.7598
vn 0.2698 -0.5392 -0.7978
vn 0.1792 -0.6179 -0.7656
vn 0.7499 -0.6516 0.1144
vn 0.6900 -0.6604 0.2964
vn 0.5897 -0.8017 0.0976
vn 0.1852 -0.0036 0.9827
vn 0.2195 0.0682 0.9732
vn -0.0293 0.0538 0.9981
vn 0.9947 -0.1027 -0.0107
vn 0.9680 0.1454 0.2044
vn 0.9373 -0.0233 0.3476
vn 0.7416 0.6277 0.2367
vn 0.8928 0.2940 0.3414
vn 0.9111 0.3909 0.1308
vn 0.1797 -0.9739 -0.1387
vn 0.2235 -0.9735 -0.0490
vn 0.0710 -0.9789 -0.1917
vn -0.7719 -0.6315 0.0735
vn -0.9215 -0.3884 0.0047
vn -0.8624 -0.5061 0.0133
vn -0.8944 -0.3942 0.2114
vn -0.6845 -0.7187 -0.1222
vn -0.6967 -0.6766 -0.2384
vn -0.5768 -0.8071 -0.1259
vn -0.5490 -0.8330 -0.0686
vn -0.7137 -0.7004 -0.0032
vn -0.1050 0.7955 -0.5968
vn 0.1090 0.8596 -0.4993
vn -0.2108 0.8543 -0.4751
vn 0.8197 0.3137 0.4792
vn 0.7427 0.1924 0.6414
vn 0.8509 0.0748 0.5200
vn 0.5372 0.8363 0.1097
vn 0.6217 0.7741 0.1194
vn 0.6600 0.7389 0.1358
vn -0.1780 0.9813 0.0736
vn -0.4417 0.8826 0.1610
vn -0.3640 0.8514 0.3777
vn -0.4921 0.7256 -0.4810
vn -0.5403 0.7871 -0.2976
vn -0.6219 0.7551 -0.2074
vn -0.5923 0.8043 0.0478
vn -0.4399 0.8879 0.1346
vn -0.5317 0.8444 0.0657
vn -0.6476 0.7604 0.0489
vn -0.6633 0.7182 0.2104
vn -0.7094 0.6934 0.1265
vn -0.0103 0.8271 0.5619
vn 0.1380 0.9228 0.3596
vn -0.0970 0.9336 0.3449
vn -0.1540 0.9229 0.3530
vn -0.3970 0.7107 -0.5808
vn -0.3517 0.6734 -0.6503
vn -0.2830 0.7549 -0.5916
vn 0.5858 0.6352 -0.5033
vn 0.6739 0.6696 -0.3123
vn 0.6418 0.6898 -0.3351
vn -0.7314 0.1945 -0.6536
vn -0.7353 0.2242 -0.6396
vn -0.7881 -0.0150 -0.6154
vn -0.6786 0.7334 -0.0403
vn -0.5123 0.8586 0.0193
vn -0.3937 0.8913 0.2251
vn -0.3780 0.9052 0.1941
vn -0.4829 0.8714 -0.0860
vn -0.3305 0.9213 0.2050
vn -0.4970 0.8630 0.0905
vn -0.4221 0.8573 0.2948
vn -0.5441 0.8108 0.2156
vn -0.5333 0.8107 0.2415
vn -0.3779 0.8532 0.3596
vn 0.3430 0.9377 0.0562
vn 0.2049 0.9786 -0.0205
vn 0.1903 0.9808 0.0427
vn 0.3588 0.9291 0.0895
vn -0.5230 0.8489 0.0763
vn -0.4563 0.8879 0.0588
vn -0.5055 0.8574 0.0961
vn -0.5220 0.8427 0.1321
vn -0.5626 0.8228 0.0800
vn -0.5256 0.7545 0.3929
vn -0.4023 0.7185 0.5674
vn -0.3443 0.8626 0.3707
vn -0.7157 -0.3768 0.5881
vn -0.8299 -0.2909 0.4761
vn -0.7209 -0.4241 0.5482
vn 0.8361 -0.4836 0.2589
vn 0.8934 -0.4266 0.1410
vn 0.8836 -0.4519 0.1230
vn 0.8597 -0.4596 0.2227
vn 0.0227 -0.9913 0.1296
vn 0.0628 -0.9942 -0.0874
vn 0.1130 -0.9936 -0.0039
vn 0.8556 -0.4656 -0.2261
vn 0.8839 -0.4172 -0.2116
vn 0.7375 -0.5974 -0.3150
vn -0.3981 -0.8391 0.3707
vn -0.6046 -0.6947 0.3897
vn -0.3922 -0.8661 0.3100
vn -0.7823 -0.5126 -0.3539
vn -0.7619 -0.6053 -0.2306
vn -0.8216 -0.4044 -0.4018
vn -0.7644 -0.4603 -0.4514
vn -0.6755 -0.6423 -0.3621
vn -0.6921 -0.7213 -0.0268
vn -0.6778 -0.6601 -0.3239
vn -0.7379 -0.5203 -0.4298
vn -0.6065 -0.7476 -0.2707
vn -0.5671 -0.6600 -0.4927
vn -0.6120 -0.5739 -0.5441
vn -0.5296 -0.5662 -0.6316
vn -0.6052 -0.4858 -0.6307
vn -0.6186 -0.4934 -0.6115
vn -0.7268 -0.4088 -0.5519
vn -0.7166 -0.3971 -0.5735
vn -0.8209 -0.3125 -0.4781
vn -0.8550 -0.2846 -0.4335
vn -0.8203 -0.3296 -0.4674
vn -0.7988 -0.3310 -0.5024
vn -0.7185 -0.5028 -0.4806
vn -0.8253 -0.3522 -0.4414
vn -0.6710 -0.5905 -0.4483
vn -0.5524 -0.6990 -0.4542
vn -0.5607 -0.7452 -0.3611
vn -0.5326 -0.8252 -0.1879
vn -0.3967 -0.8533 -0.3383
vn -0.3851 -0.9219 -0.0419
vn -0.3213 -0.9418 0.0992
vn -0.2806 -0.9597 -0.0142
vn -0.4561 -0.8896 -0.0249
vn -0.1296 -0.9591 0.2515
vn -0.2563 -0.9610 0.1035
vn -0.3556 -0.8333 0.4233
vn -0.2832 -0.7648 0.5786
vn -0.4737 -0.7738 0.4206
vn -0.3785 -0.8066 0.4540
vn -0.3294 -0.7880 0.5201
vn -0.3825 -0.7842 0.4886
vn -0.3411 -0.7330 0.5884
vn -0.3095 -0.8553 0.4156
vn -0.0691 -0.7367 0.6727
vn -0.2703 -0.3652 0.8908
vn -0.1016 -0.5019 0.8589
vn -0.3221 0.0326 0.9461
vn -0.2175 0.2636 0.9398
vn -0.2003 -0.1490 0.9683
vn -0.1180 0.2455 0.9622
vn -0.1333 0.0468 0.9900
vn -0.0677 0.4178 0.9060
vn 0.1952 0.1596 0.9677
vn 0.2808 0.0213 0.9595
vn 0.2704 0.1903 0.9437
vn 0.3410 -0.1481 0.9283
vn 0.2791 -0.0401 0.9594
vn 0.3922 -0.1637 0.9052
vn 0.3854 -0.2889 0.8764
vn 0.2223 -0.3390 0.9141
vn 0.0843 -0.8201 0.5660
vn -0.2679 -0.8249 0.4978
vn 0.1073 -0.6227 0.7751
vn 0.0311 -0.8471 0.5306
vn -0.4401 -0.8342 0.3324
vn -0.4227 -0.8842 0.1988
vn -0.6819 -0.7244 -0.1016
vn -0.6844 -0.7183 0.1246
vn -0.8088 -0.5765 -0.1158
vn -0.7042 -0.7098 0.0188
vn -0.6936 -0.6977 -0.1794
vn -0.8296 -0.5156 -0.2141
vn -0.7264 -0.6001 -0.3350
vn -0.6516 -0.6997 -0.2931
vn -0.6185 -0.6850 -0.3849
vn -0.5516 -0.7781 -0.3005
vn -0.5190 -0.7813 -0.3468
vn -0.4371 -0.8619 -0.2569
vn -0.3945 -0.8746 -0.2818
vn -0.4945 -0.7920 -0.3581
vn -0.1608 -0.9745 -0.1563
vn -0.2916 -0.9448 -0.1492
vn -0.2692 -0.9411 -0.2044
vn -0.5882 -0.7342 -0.3390
vn -0.5910 -0.7043 -0.3934
vn -0.4151 -0.8736 -0.2540
vn -0.7420 -0.5505 -0.3826
vn -0.8628 -0.3902 -0.3214
vn -0.8480 -0.4188 -0.3250
vn -0.7714 -0.5615 -0.2995
vn -0.6590 -0.7237 -0.2048
vn -0.0001 -0.1461 0.9893
vn -0.0453 0.0616 0.9971
vn 0.1957 0.1467 0.9696
vn -0.0972 0.0869 0.9915
vn -0.1179 0.1059 0.9874
vn -0.1879 -0.0563 0.9806
vn -0.2379 -0.2712 0.9327
vn -0.3494 -0.2565 0.9012
vn -0.3592 -0.4733 0.8043
vn -0.2578 -0.5630 0.7852
vn -0.1778 -0.4107 0.8943
vn -0.1579 -0.6537 0.7401
vn -0.1183 -0.7295 0.6737
vn 0.0264 -0.6586 0.7521
vn 0.2895 -0.6101 0.7376
vn 0.1993 -0.6705 0.7147
vn 0.1723 -0.6910 0.7020
vn -0.0398 -0.4379 0.8981
vn -0.0990 -0.5940 0.7983
vn -0.0327 -0.4791 0.8772
vn -0.2900 -0.6949 0.6580
vn -0.4047 -0.7414 0.5353
vn -0.3294 -0.7124 0.6197
vn -0.2157 -0.7109 0.6694
vn -0.3892 -0.6569 0.6457
vn -0.3364 -0.6269 0.7027
vn -0.5189 -0.5466 0.6573
vn -0.7450 -0.4554 0.4875
vn -0.2362 -0.6442 0.7274
vn -0.1691 -0.8471 0.5038
vn -0.0691 -0.7665 0.6385
vn -0.3148 -0.8488 0.4247
vn -0.4194 -0.9038 0.0856
vn -0.6046 -0.7782 0.1701
vn -0.5742 -0.6867 0.4457
vn -0.6458 -0.7216 0.2493
vn -0.5907 -0.8023 0.0855
vn -0.6134 -0.7823 -0.1078
vn -0.5841 -0.7434 -0.3258
vn -0.4894 -0.5851 -0.6466
vn -0.4780 -0.5504 -0.6845
vn -0.4332 -0.5795 -0.6903
vn -0.5299 -0.5418 -0.6524
vn -0.8035 -0.3904 -0.4493
vn -0.8234 -0.3879 -0.4143
vn -0.8041 -0.3459 -0.4835
vn -0.6618 -0.5825 -0.4719
vn -0.7819 -0.4039 -0.4748
vn -0.4081 -0.8027 -0.4348
vn -0.2979 -0.8576 -0.4193
vn -0.2208 -0.9239 -0.3126
vn -0.2560 -0.9444 -0.2063
vn -0.1138 -0.9906 0.0753
vn -0.2800 -0.9585 0.0530
vn 0.0099 -0.9975 0.0695
vn 0.0994 -0.9914 0.0853
vn 0.2740 -0.9501 0.1489
vn 0.2605 -0.9401 0.2199
vn -0.0234 -0.9845 0.1739
vn 0.1629 -0.9495 0.2681
vn 0.2203 -0.8949 0.3882
vn 0.0486 -0.8967 0.4400
vn 0.0888 -0.8319 0.5478
vn 0.0150 -0.8148 0.5795
vn -0.1238 -0.7772 0.6169
vn 0.1400 -0.8171 0.5592
vn -0.7877 -0.5097 0.3461
vn -0.8339 -0.4200 0.3581
vn -0.5735 -0.6096 0.5472
vn -0.4234 -0.8604 0.2837
vn -0.5878 -0.6367 0.4991
vn -0.5167 -0.6597 0.5458
vn -0.6702 -0.3503 0.6543
vn -0.5514 -0.3411 0.7613
vn -0.5316 -0.1585 0.8320
vn -0.4509 -0.4263 0.7842
vn -0.6198 -0.0348 0.7840
vn -0.4826 0.0828 0.8719
vn -0.4442 -0.1284 0.8867
vn -0.6511 0.2089 0.7297
vn -0.3998 -0.0235 0.9163
vn -0.1581 0.1091 0.9814
vn -0.1761 0.2812 0.9433
vn -0.1216 -0.1094 0.9865
vn 0.0404 0.1341 0.9901
vn 0.1572 -0.0792 0.9844
vn 0.4213 -0.4285 0.7993
vn 0.0489 -0.7957 0.6037
vn 0.3138 -0.7198 0.6192
vn -0.1767 -0.8419 0.5099
vn -0.4986 -0.8258 0.2635
vn -0.5890 -0.7962 0.1385
vn -0.6783 -0.7304 -0.0797
vn -0.3860 -0.9150 -0.1176
vn -0.3592 -0.9332 0.0032
vn -0.2395 -0.9673 -0.0832
vn -0.0574 -0.9979 -0.0302
vn -0.1873 -0.9808 0.0550
vn 0.0037 -0.9901 0.1406
vn -0.2400 -0.9453 0.2210
vn 0.0296 -0.9707 0.2384
vn -0.7448 -0.6440 0.1747
vn -0.6775 -0.7327 0.0639
vn -0.6956 -0.6768 0.2411
vn -0.7595 -0.6483 -0.0535
vn -0.6740 -0.7118 -0.1977
vn -0.7706 -0.3199 -0.5512
vn -0.8153 -0.3640 -0.4503
vn -0.7754 -0.3117 -0.5491
vn -0.8476 -0.3325 -0.4136
vn -0.7466 -0.5593 -0.3603
vn -0.8040 -0.5553 -0.2127
vn -0.8691 -0.3981 0.2937
vn -0.6511 -0.7497 0.1184
vn -0.7478 -0.1157 0.6538
vn -0.5288 -0.0329 0.8481
vn -0.2024 -0.0260 0.9789
vn -0.2044 -0.0315 0.9784
vn -0.4300 -0.2040 0.8795
vn -0.6799 -0.1662 0.7142
vn -0.6493 -0.3387 0.6810
vn -0.7023 -0.5188 0.4875
vn -0.6037 -0.6836 0.4102
vn -0.5038 -0.6234 0.5980
vn -0.3799 -0.6892 0.6170
vn -0.4659 -0.8261 0.3169
vn -0.2755 -0.8025 0.5292
vn -0.3499 -0.8642 0.3615
vn -0.2347 -0.8005 0.5515
vn 0.0446 -0.6686 0.7423
vn -0.0245 -0.6365 0.7709
vn -0.0072 -0.5102 0.8600
vn -0.0869 -0.6972 0.7115
vn -0.0324 -0.7147 0.6987
vn 0.1317 -0.6469 0.7511
vn -0.0711 -0.6246 0.7777
vn -0.2494 -0.6204 0.7435
vn -0.2623 -0.5775 0.7731
vn -0.5037 -0.5397 0.6746
vn -0.4230 -0.3251 0.8458
vn -0.3565 -0.2158 0.9090
vn -0.4475 -0.3119 0.8381
vn -0.3026 -0.4753 0.8261
vn -0.2957 -0.4825 0.8244
vn -0.4365 -0.7436 0.5065
vn -0.5682 -0.8199 0.0699
vn -0.5909 -0.7964 -0.1290
vn -0.5979 -0.7862 -0.1561
vn -0.5661 -0.8143 0.1287
vn -0.5292 -0.8335 -0.1587
vn -0.5505 -0.7313 -0.4028
vn -0.4801 -0.7296 -0.4871
vn -0.4952 -0.6555 -0.5701
vn -0.4156 -0.5957 -0.6873
vn -0.3961 -0.5155 -0.7598
vn -0.4665 -0.5500 -0.6928
vn -0.5296 -0.4916 -0.6913
vn -0.5444 -0.5273 -0.6523
vn -0.7297 -0.5202 -0.4438
vn -0.7729 -0.5098 -0.3779
vn -0.7892 -0.4527 -0.4150
vn -0.8150 -0.4793 -0.3257
vn -0.7767 -0.4937 -0.3912
vn -0.8612 -0.3632 -0.3556
vn -0.8748 -0.4056 -0.2648
vn -0.8146 -0.4541 -0.3608
vn -0.6873 -0.6252 -0.3697
vn -0.3221 -0.8679 -0.3781
vn -0.1021 -0.9433 -0.3159
vn -0.2633 -0.8455 -0.4646
vn -0.0156 -0.9911 -0.1319
vn 0.0941 -0.9944 0.0473
vn 0.2755 -0.9148 0.2955
vn 0.1647 -0.9807 0.1055
vn 0.3687 -0.9071 0.2032
vn 0.4158 -0.8959 0.1561
vn 0.4187 -0.8949 0.1543
vn 0.4008 -0.8774 0.2637
vn 0.3216 -0.9046 0.2798
vn 0.3185 -0.8224 0.4714
vn 0.5241 -0.6706 0.5250
vn 0.3618 -0.7577 0.5431
vn 0.4177 -0.6986 0.5809
vn 0.2610 -0.7550 0.6016
vn -0.1506 -0.7482 0.6462
vn -0.1855 -0.7687 0.6121
vn 0.0934 -0.7319 0.6750
vn -0.7343 -0.5586 0.3857
vn -0.4638 -0.7147 0.5235
vn -0.3875 -0.8213 0.4187
vn -0.7222 -0.6406 0.2607
vn -0.7152 -0.6812 0.1564
vn -0.8461 -0.4843 0.2225
vn -0.8392 -0.5363 0.0901
vn -0.6463 -0.7551 0.1100
vn -0.6888 -0.7221 0.0647
vn -0.6194 -0.6418 0.4521
vn -0.5503 -0.5329 0.6428
vn -0.6775 -0.4564 0.5767
vn -0.6943 -0.2481 0.6755
vn -0.6890 -0.2029 0.6958
vn -0.6858 -0.1103 0.7194
vn -0.7446 0.0910 0.6613
vn -0.8602 0.0626 0.5061
vn -0.7774 0.2407 0.5811
vn -0.6582 -0.1454 0.7387
vn -0.5508 -0.3215 0.7702
vn -0.5516 -0.0458 0.8328
vn -0.4322 -0.5028 0.7486
vn -0.3563 -0.5698 0.7405
vn -0.3541 -0.3415 0.8706
vn 0.4207 -0.4133 0.8076
vn 0.2615 -0.3848 0.8852
vn -0.1723 -0.8640 0.4731
vn -0.7640 -0.6158 0.1927
vn -0.7162 -0.6582 0.2321
vn -0.7191 -0.6637 0.2058
vn -0.7458 -0.5992 0.2912
vn -0.5761 -0.8134 0.0802
vn -0.5728 -0.8154 -0.0837
vn -0.5074 -0.8534 0.1198
vn -0.3669 -0.9161 0.1615
vn -0.1660 -0.9609 0.2215
vn 0.0137 -0.9511 0.3086
vn 0.0407 -0.8997 0.4346
vn 0.1228 -0.9495 0.2888
vn -0.0156 -0.8161 0.5778
vn -0.0691 -0.6717 0.7376
vn 0.0914 -0.7847 0.6131
vn -0.0420 -0.8901 0.4539
vn -0.1025 -0.6929 0.7137
vn -0.1141 -0.8002 0.5888
vn -0.5616 -0.6440 0.5195
vn -0.6821 -0.6047 0.4112
vn -0.6453 -0.6783 0.3515
vn -0.5580 -0.7160 0.4195
vn -0.7137 -0.6232 0.3197
vn -0.7622 -0.5763 0.2948
vn -0.8268 -0.5295 0.1900
vn -0.7761 -0.6259 0.0768
vn -0.8674 -0.3793 -0.3220
vn -0.9764 -0.1936 -0.0954
vn -0.9953 -0.0720 0.0648
vn -0.9704 -0.1315 0.2028
vn -0.9298 -0.0903 0.3568
vn -0.8602 -0.2639 0.4364
vn -0.8470 -0.0372 0.5303
vn -0.9869 -0.0505 0.1531
vn -0.9819 -0.0693 0.1761
vn -0.9548 -0.0981 0.2805
vn -0.9975 0.0598 0.0376
vn -0.9891 0.0160 0.1461
vn -0.9923 -0.0708 -0.1020
vn -0.9952 0.0534 -0.0818
vn -0.9743 -0.1076 -0.1981
vn -0.9552 -0.2911 0.0534
vn -0.9894 -0.1030 0.1023
vn -0.9369 -0.2359 0.2581
vn -0.8714 -0.4272 0.2414
vn -0.8514 -0.3717 0.3701
vn -0.7434 -0.5507 0.3796
vn -0.5626 -0.5405 0.6256
vn -0.5129 -0.3718 0.7738
vn -0.6832 -0.4343 0.5870
vn -0.1538 -0.2285 0.9613
vn -0.2956 -0.1504 0.9434
vn -0.2908 -0.3122 0.9044
vn -0.8786 -0.4162 0.2343
vn -0.7850 -0.3622 0.5025
vn -0.7459 -0.5286 0.4052
vn -0.6622 -0.7191 0.2108
vn -0.6707 -0.7404 0.0436
vn -0.8414 -0.5401 -0.0183
vn -0.7845 -0.6187 -0.0431
vn -0.8210 -0.5327 0.2053
vn -0.9026 -0.4217 0.0866
vn -0.9041 -0.4192 -0.0830
vn -0.8119 -0.5318 -0.2408
vn -0.8083 -0.5757 -0.1229
vn -0.9171 -0.2896 -0.2738
vn -0.8393 -0.4666 -0.2790
vn -0.7789 -0.5871 -0.2205
vn -0.8374 -0.5421 0.0703
vn -0.7617 -0.6428 0.0813
vn -0.8643 -0.4943 0.0932
vn -0.7480 -0.6619 -0.0495
vn -0.7110 -0.6878 0.1464
vn -0.5663 -0.7628 0.3122
vn -0.7063 -0.6543 0.2705
vn -0.5389 -0.6727 0.5070
vn -0.5299 -0.5938 0.6054
vn -0.4371 -0.5721 0.6940
vn -0.5311 -0.6721 0.5160
vn -0.5658 -0.3887 0.7272
vn -0.4526 -0.3716 0.8106
vn -0.7511 -0.1481 0.6434
vn -0.6243 -0.0370 0.7803
vn -0.6362 -0.1903 0.7477
vn -0.8748 0.0253 0.4839
vn -0.7517 0.0843 0.6541
vn -0.5736 0.0667 0.8164
vn -0.4421 -0.0257 0.8966
vn -0.7407 0.0593 0.6692
vn -0.5745 0.0024 0.8185
vn -0.4631 -0.1922 0.8652
vn -0.4224 -0.0314 0.9059
vn -0.9915 0.1294 0.0157
vn -0.9837 0.1042 0.1464
vn -0.9617 0.1531 0.2275
vn -0.9870 0.1322 0.0911
vn -0.9845 0.1055 0.1398
vn -0.9305 -0.2354 0.2806
vn -0.8310 -0.3895 0.3972
vn -0.7955 -0.5990 0.0914
vn -0.7383 -0.6330 0.2328
vn -0.4988 -0.8665 0.0191
vn -0.5589 -0.8252 0.0815
vn -0.5715 -0.8152 -0.0942
vn -0.5138 -0.8483 0.1285
vn -0.4773 -0.8303 0.2878
vn -0.5374 -0.8142 0.2198
vn -0.4332 -0.8126 0.3899
vn -0.3325 -0.8138 0.4767
vn -0.3605 -0.7791 0.5129
vn -0.2996 -0.7583 0.5790
vn -0.3066 -0.7526 0.5827
vn -0.2110 -0.7376 0.6414
vn -0.1986 -0.7328 0.6508
vn -0.0993 -0.6436 0.7589
vn -0.0576 -0.7053 0.7066
vn 0.0231 -0.6274 0.7784
vn -0.0302 -0.5871 0.8089
vn -0.0332 -0.5210 0.8529
vn 0.0252 -0.4518 0.8917
vn -0.2677 -0.5812 0.7685
vn -0.5209 -0.6964 0.4936
vn -0.4414 -0.7991 0.4082
vn -0.5349 -0.8037 0.2606
vn -0.4690 -0.7615 0.4473
vn -0.5390 -0.8226 -0.1809
vn -0.4737 -0.8073 -0.3518
vn -0.3455 -0.5570 -0.7552
vn -0.3346 -0.6217 -0.7082
vn -0.4492 -0.5052 -0.7369
vn -0.4810 -0.5296 -0.6987
vn -0.5658 -0.5435 -0.6201
vn -0.7872 -0.5064 -0.3520
vn -0.8432 -0.4969 -0.2053
vn -0.8710 -0.4069 -0.2754
vn -0.9066 -0.3997 -0.1355
vn -0.7486 -0.6292 -0.2090
vn -0.5735 -0.8139 -0.0931
vn -0.4994 -0.8264 -0.2600
vn -0.3411 -0.8943 -0.2897
vn -0.3934 -0.9164 -0.0740
vn -0.3484 -0.8790 -0.3255
vn -0.2788 -0.7983 -0.5339
vn 0.0475 -0.9880 0.1468
vn 0.0365 -0.9925 0.1165
vn -0.0456 -0.9850 0.1664
vn 0.1111 -0.9932 0.0354
vn 0.2325 -0.9696 0.0764
vn 0.0134 -0.9884 0.1513
vn 0.2694 -0.9538 0.1329
vn 0.3335 -0.9414 0.0504
vn 0.5860 -0.7984 0.1382
vn 0.5209 -0.8271 0.2113
vn 0.5083 -0.8253 0.2460
vn 0.3489 -0.6843 0.6403
vn 0.3683 -0.6358 0.6783
vn 0.4485 -0.7110 0.5416
vn 0.5135 -0.6355 0.5766
vn 0.5137 -0.6832 0.5189
vn 0.4297 -0.5681 0.7018
vn 0.4116 -0.4996 0.7622
vn 0.3470 -0.6165 0.7067
vn 0.3530 -0.8623 0.3630
vn 0.3328 -0.8255 0.4559
vn 0.4384 -0.7911 0.4265
vn 0.4425 -0.8557 0.2681
vn 0.5155 -0.8371 0.1834
vn 0.3721 -0.9141 0.1615
vn 0.3289 -0.9003 0.2850
vn 0.5189 -0.8407 0.1546
vn 0.3593 -0.9171 0.1728
vn 0.2081 -0.9443 0.2548
vn 0.1344 -0.9001 0.4143
vn -0.0114 -0.9345 0.3557
vn -0.0056 -0.7573 0.6530
vn -0.0039 -0.6919 0.7220
vn -0.2823 -0.6318 0.7219
vn -0.2988 -0.5791 0.7585
vn -0.5835 -0.4854 0.6511
vn -0.4810 -0.5592 0.6752
vn -0.4583 -0.5493 0.6987
vn -0.5729 -0.4554 0.6815
vn -0.6218 -0.4022 0.6720
vn -0.5710 -0.4582 0.6812
vn -0.6355 -0.4482 0.6287
vn -0.7255 -0.3923 0.5655
vn -0.6451 -0.4425 0.6229
vn -0.5774 -0.4520 0.6800
vn -0.6940 -0.3365 0.6365
vn -0.7795 -0.3393 0.5265
vn -0.7600 -0.3557 0.5440
vn -0.8786 -0.3299 0.3452
vn -0.9354 -0.3313 0.1231
vn -0.9618 -0.2017 0.1849
vn -0.9619 -0.2045 0.1816
vn -0.8944 -0.4159 0.1645
vn -0.8994 -0.2865 0.3300
vn -0.8323 -0.4243 0.3568
vn -0.5021 -0.4851 0.7160
vn -0.6960 -0.4507 0.5590
vn -0.5474 -0.5510 0.6299
vn -0.3508 -0.5411 0.7643
vn -0.3142 -0.5849 0.7478
vn -0.2748 -0.5756 0.7702
vn -0.0526 -0.6852 0.7264
vn 0.0486 -0.6048 0.7949
vn -0.2459 -0.5963 0.7642
vn 0.2830 -0.6445 0.7103
vn 0.2072 -0.4988 0.8416
vn 0.3994 -0.7366 0.5458
vn 0.4718 -0.6399 0.6066
vn 0.4423 -0.5284 0.7247
vn 0.5535 -0.6301 0.5446
vn 0.5499 -0.4798 0.6837
vn 0.5562 -0.6743 0.4857
vn 0.3899 -0.8028 0.4510
vn 0.3805 -0.7449 0.5479
vn 0.0461 0.9908 0.1275
vn 0.2666 0.9605 0.0800
vn -0.0677 -0.5250 0.8484
vn -0.2047 -0.3629 0.9091
vn -0.1901 -0.4686 0.8627
vn -0.4247 -0.2994 0.8544
vn -0.3332 -0.3969 0.8552
vn -0.5051 -0.3463 0.7905
vn -0.6425 -0.5351 0.5485
vn -0.4903 -0.5211 0.6986
vn -0.6992 -0.2260 0.6782
vn -0.6468 -0.3834 0.6593
vn -0.8510 -0.1190 0.5115
vn -0.9577 -0.0554 0.2824
vn -0.9314 0.0677 0.3577
vn -0.8756 0.1844 0.4465
vn -0.9255 -0.0803 0.3702
vn -0.7488 0.1641 0.6421
vn -0.7820 0.1513 0.6046
vn -0.8860 0.1625 0.4343
vn -0.7313 0.1182 0.6717
vn -0.8814 0.1966 0.4296
vn -0.9012 0.4203 0.1054
vn -0.7898 0.5975 0.1388
vn -0.8870 0.3627 0.2858
vn -0.9070 -0.0074 0.4210
vn -0.9013 0.1832 0.3926
vn -0.8556 -0.3134 0.4121
vn -0.7427 -0.4985 0.4471
vn -0.8393 -0.2733 0.4699
vn -0.8599 -0.4047 0.3111
vn -0.8511 -0.3235 0.4136
vn -0.8811 -0.1797 0.4375
vn -0.9779 -0.1825 -0.1023
vn -0.9526 0.0765 -0.2944
vn -0.9430 -0.0631 -0.3267
vn -0.8024 -0.5453 -0.2425
vn -0.9206 -0.2641 -0.2876
vn -0.9231 -0.3239 -0.2072
vn -0.8605 -0.4858 -0.1530
vn -0.9561 -0.2804 -0.0848
vn -0.8071 -0.5851 -0.0784
vn -0.9971 -0.0547 -0.0524
vn -0.9856 -0.0593 -0.1587
vn -0.9780 -0.1417 -0.1528
vn -0.9963 -0.0848 0.0160
vn -0.8705 -0.4071 -0.2766
vn -0.9773 -0.2041 0.0564
vn -0.7885 -0.5623 -0.2493
vn -0.7631 -0.6463 0.0014
vn -0.9067 -0.4113 0.0929
vn -0.9211 -0.3847 0.0598
vn -0.5171 -0.8472 0.1216
vn -0.2963 -0.9479 -0.1169
vn -0.4824 -0.8447 0.2319
vn -0.7445 -0.3819 0.5476
vn -0.8349 -0.4890 0.2527
vn -0.8625 -0.2195 0.4560
vn -0.8850 -0.3021 0.3542
vn -0.8420 -0.4060 0.3551
vn -0.9094 -0.1454 0.3897
vn -0.9202 0.0655 0.3860
vn -0.9651 0.0520 0.2567
vn -0.9779 -0.1601 0.1341
vn -0.9754 -0.1438 0.1668
vn -0.8348 -0.5499 0.0275
vn -0.9180 -0.3630 0.1597
vn -0.6182 -0.7741 0.1364
vn -0.6315 -0.7752 -0.0141
vn -0.5962 -0.7920 0.1313
vn -0.8613 -0.4591 0.2178
vn -0.7403 -0.6681 0.0754
vn -0.7933 -0.5032 0.3428
vn -0.7064 -0.7048 -0.0643
vn -0.8119 -0.5721 0.1161
vn -0.7836 -0.6007 -0.1585
vn -0.5808 -0.7224 -0.3753
vn -0.7151 -0.6746 -0.1831
vn -0.4374 -0.7864 -0.4363
vn -0.6256 -0.7064 -0.3312
vn -0.4387 -0.7291 -0.5254
vn -0.3561 -0.6643 -0.6571
vn -0.3755 -0.6949 -0.6133
vn -0.2732 -0.5788 -0.7684
vn -0.2609 -0.5375 -0.8019
vn -0.7574 -0.5260 -0.3869
vn -0.6447 -0.6393 -0.4191
vn -0.7363 -0.5828 -0.3438
vn -0.7778 -0.5085 -0.3694
vn -0.6609 -0.7109 -0.2405
vn -0.7660 -0.5885 -0.2587
vn -0.8833 -0.4680 -0.0266
vn -0.8382 -0.5428 -0.0521
vn -0.8549 -0.5096 -0.0967
vn -0.8558 -0.4926 -0.1577
vn -0.5890 -0.8079 0.0216
vn -0.4590 -0.8634 0.2094
vn -0.3819 -0.8847 0.2673
vn -0.1565 -0.9430 -0.2937
vn -0.1501 -0.9886 -0.0125
vn 0.5182 -0.7993 -0.3043
vn 0.5994 -0.7663 -0.2316
vn 0.4741 -0.8745 -0.1021
vn 0.5420 -0.8296 -0.1342
vn 0.4232 -0.9059 -0.0171
vn 0.3623 -0.9250 -0.1148
vn 0.6144 -0.7887 -0.0230
vn 0.4899 -0.8645 0.1121
vn 0.7076 -0.7034 -0.0667
vn 0.7421 -0.6544 -0.1454
vn 0.6321 -0.7708 0.0793
vn 0.7306 -0.6814 0.0428
vn 0.6021 -0.7888 0.1232
vn 0.6368 -0.7047 0.3128
vn 0.6249 -0.7589 0.1832
vn 0.5281 -0.7528 0.3930
vn 0.4110 -0.6649 0.6238
vn 0.3883 -0.7082 0.5897
vn 0.2916 -0.6103 0.7366
vn 0.2974 -0.5483 0.7816
vn 0.4944 -0.5199 0.6966
vn 0.4592 -0.3417 0.8200
vn 0.4921 -0.2933 0.8196
vn 0.4824 -0.3454 0.8050
vn 0.4247 -0.4006 0.8119
vn 0.6532 -0.6127 0.4449
vn 0.5472 -0.7185 0.4292
vn 0.5866 -0.6945 0.4166
vn 0.6213 -0.6734 0.4006
vn 0.5205 -0.7715 0.3658
vn 0.5455 -0.7196 0.4297
vn 0.6570 -0.6297 0.4145
vn 0.3413 -0.7228 0.6009
vn 0.3341 -0.7504 0.5703
vn -0.0149 -0.7328 0.6803
vn -0.1071 -0.6524 0.7503
vn -0.2798 -0.6458 0.7104
vn -0.3356 -0.4900 0.8045
vn -0.1154 -0.5290 0.8408
vn -0.2976 -0.4025 0.8657
vn -0.4533 -0.3390 0.8244
vn -0.4769 -0.3976 0.7839
vn -0.5230 -0.4269 0.7378
vn -0.5329 -0.3570 0.7672
vn -0.6169 -0.3545 0.7027
vn -0.6383 -0.2401 0.7314
vn -0.7216 -0.2480 0.6464
vn -0.4081 -0.7919 0.4542
vn -0.3990 -0.6498 0.6470
vn -0.5948 -0.6731 0.4394
vn -0.2187 -0.7734 0.5951
vn 0.1266 -0.7355 0.6656
vn -0.1287 -0.6518 0.7474
vn 0.3442 -0.8024 0.4875
vn 0.4731 -0.7651 0.4367
vn -0.0895 -0.2872 0.9537
vn -0.0539 -0.4017 0.9142
vn -0.4720 -0.1646 0.8661
vn -0.4028 -0.1335 0.9055
vn -0.5660 0.0582 0.8224
vn -0.5818 -0.1917 0.7904
vn -0.9347 -0.1621 0.3163
vn -0.7761 0.2795 0.5653
vn -0.9013 0.2301 0.3670
vn -0.9054 -0.0196 0.4242
vn -0.8904 -0.2249 0.3956
vn -0.7962 -0.1022 0.5964
vn -0.8190 -0.1236 0.5603
vn -0.6439 0.5245 0.5570
vn -0.7320 0.6095 0.3044
vn -0.5210 0.7230 0.4537
vn -0.5243 0.8358 0.1631
vn -0.4783 0.8759 0.0635
vn -0.7096 0.6894 0.1455
vn -0.8126 0.5826 0.0180
vn -0.6286 0.7775 0.0166
vn -0.8736 0.4867 -0.0044
vn -0.8953 0.3893 0.2163
vn -0.8880 0.4041 0.2196
vn -0.8090 0.5667 0.1562
vn -0.9749 0.1942 0.1093
vn -0.9885 0.1173 -0.0952
vn -0.9990 -0.0023 0.0442
vn -0.9503 0.0749 0.3023
vn -0.9642 -0.1740 0.1999
vn -0.8634 -0.1077 0.4928
vn -0.8781 0.0383 0.4769
vn -0.8232 0.0514 0.5654
vn -0.7883 0.1465 0.5976
vn -0.6607 0.2952 0.6902
vn -0.7355 0.6091 0.2968
vn -0.4713 0.7152 0.5161
vn -0.6680 0.4933 0.5572
vn -0.7491 0.6588 0.0698
vn -0.6577 0.6999 0.2786
vn -0.9347 0.1835 -0.3045
vn -0.9725 0.0542 -0.2266
vn -0.9245 0.0715 -0.3745
vn -0.8817 0.2556 -0.3965
vn -0.9155 -0.0067 -0.4022
vn -0.9265 -0.1204 -0.3566
vn -0.8902 -0.0239 -0.4548
vn -0.8174 0.0806 -0.5704
vn -0.8897 0.0381 -0.4550
vn -0.7879 0.1393 -0.5999
vn -0.6865 0.2403 -0.6863
vn -0.7530 0.1406 -0.6429
vn -0.7059 0.2730 -0.6536
vn -0.7010 0.2844 -0.6540
vn -0.6688 0.2825 -0.6877
vn -0.6921 0.4392 -0.5728
vn -0.5830 0.2953 -0.7569
vn -0.5868 0.1883 -0.7875
vn -0.5755 0.2656 -0.7735
vn -0.3942 0.2808 -0.8751
vn -0.3256 0.4212 -0.8465
vn -0.3952 0.5272 -0.7523
vn -0.2376 0.5796 -0.7795
vn -0.5451 0.4783 -0.6886
vn -0.1686 0.3548 -0.9196
vn -0.2542 0.0020 -0.9672
vn -0.3346 0.1485 -0.9306
vn -0.3636 0.0626 -0.9294
vn -0.4295 -0.2191 -0.8761
vn -0.4010 -0.5028 -0.7658
vn -0.5438 -0.8379 0.0471
vn -0.4994 -0.8664 -0.0019
vn -0.5463 -0.8328 -0.0892
vn -0.6039 -0.7913 -0.0956
vn -0.6998 -0.7139 0.0238
vn -0.6118 -0.7757 0.1549
vn -0.8904 -0.4503 -0.0670
vn -0.8786 -0.4568 -0.1389
vn -0.8805 -0.4707 -0.0554
vn -0.9157 -0.4008 -0.0309
vn -0.7869 -0.5895 -0.1825
vn -0.7881 -0.6095 -0.0857
vn -0.6507 -0.7170 -0.2500
vn -0.6847 -0.7161 -0.1355
vn -0.5289 -0.7681 -0.3610
vn -0.3606 -0.8556 -0.3713
vn -0.4808 -0.8618 -0.1619
vn 0.4830 -0.7102 -0.5122
vn 0.5556 -0.7117 -0.4299
vn 0.4428 -0.7973 -0.4101
vn 0.6352 -0.7118 -0.2999
vn 0.6222 -0.7319 -0.2778
vn 0.7251 -0.6569 -0.2068
vn 0.7736 -0.6253 -0.1033
vn 0.8191 -0.5607 -0.1211
vn 0.8990 -0.4379 0.0098
vn 0.9233 -0.3679 -0.1102
vn 0.8965 -0.3955 -0.1995
vn 0.8572 -0.3344 -0.3917
vn 0.8648 -0.3650 -0.3448
vn 0.8548 -0.2704 -0.4430
vn 0.8094 -0.2102 -0.5484
vn 0.9091 -0.1683 -0.3810
vn 0.8461 -0.2995 -0.4410
vn 0.8576 -0.4201 -0.2968
vn 0.7841 -0.5094 -0.3545
vn 0.8098 -0.4081 -0.4215
vn 0.7831 -0.5738 -0.2399
vn 0.8451 -0.4855 -0.2238
vn 0.8426 -0.5093 -0.1751
vn 0.7681 -0.6301 0.1142
vn 0.6413 -0.6721 0.3702
vn 0.5520 -0.6699 0.4966
vn 0.4791 -0.6563 0.5829
vn 0.3877 -0.6059 0.6947
vn 0.2659 -0.5561 0.7874
vn 0.2640 -0.4419 0.8574
vn 0.1639 -0.4394 0.8832
vn 0.4651 -0.3528 0.8119
vn 0.5373 -0.5952 0.5976
vn 0.6600 -0.5763 0.4820
vn 0.6597 -0.4876 0.5718
vn 0.7612 -0.4858 0.4296
vn 0.6983 -0.6224 0.3536
vn 0.7586 -0.5099 0.4057
vn 0.7467 -0.4871 0.4529
vn 0.7721 -0.4345 0.4637
vn 0.7193 -0.5966 0.3559
vn 0.7403 -0.5134 0.4341
vn 0.6026 -0.6929 0.3958
vn 0.3798 -0.6046 0.7002
vn 0.5005 -0.5787 0.6438
vn 0.4272 -0.5970 0.6790
vn 0.4061 -0.6480 0.6443
vn 0.3905 -0.5773 0.7171
vn 0.3505 -0.5050 0.7888
vn -0.2357 -0.0603 0.9699
vn -0.2545 -0.2634 0.9305
vn -0.3526 -0.1724 0.9197
vn -0.4188 -0.5505 0.7222
vn -0.5098 -0.5199 0.6854
vn -0.4492 -0.4585 0.7668
vn -0.4378 -0.5989 0.6705
vn -0.2678 -0.8428 0.4670
vn -0.3212 -0.9220 0.2162
vn -0.4195 -0.7842 0.4573
vn -0.1027 -0.9586 0.2657
vn -0.1749 -0.9729 0.1511
vn -0.1039 -0.5740 0.8123
vn -0.0164 -0.4856 0.8740
vn 0.0369 -0.5995 0.7995
vn -0.3144 -0.4394 0.8415
vn -0.1905 -0.2881 0.9385
vn -0.1449 -0.4377 0.8874
vn -0.2472 -0.1611 0.9555
vn -0.2098 -0.0722 0.9751
vn -0.2807 -0.0420 0.9589
vn -0.3234 0.1773 0.9295
vn -0.4088 0.2722 0.8711
vn -0.2767 0.3094 0.9098
vn -0.3135 0.3229 0.8930
vn -0.4113 0.3042 0.8592
vn -0.4092 0.5118 0.7554
vn -0.3901 0.5469 0.7407
vn -0.4089 0.3731 0.8328
vn -0.3713 0.4652 0.8036
vn -0.2236 0.5794 0.7838
vn -0.4434 0.6530 0.6140
vn -0.3519 0.6811 0.6421
vn -0.3939 0.6145 0.6835
vn -0.4381 0.5487 0.7120
vn -0.4634 0.7352 0.4948
vn -0.3910 0.6572 0.6443
vn -0.4983 0.7062 0.5030
vn -0.5095 0.6901 0.5140
vn -0.4872 0.6968 0.5264
vn -0.4566 0.8301 0.3201
vn -0.3672 0.8995 0.2368
vn -0.3624 0.9024 0.2329
vn -0.3802 0.9234 0.0534
vn -0.3363 0.9413 0.0295
vn -0.3586 0.9236 0.1356
vn -0.5209 0.8499 -0.0789
vn -0.5672 0.8217 0.0563
vn -0.7304 0.6831 -0.0043
vn -0.7448 0.6404 0.1877
vn -0.7070 0.5599 0.4321
vn -0.6583 0.5434 0.5209
vn -0.8106 0.4695 0.3500
vn -0.8319 0.2497 0.4956
vn -0.5598 0.4383 0.7032
vn -0.7749 0.6305 -0.0442
vn -0.8446 0.4191 -0.3330
vn -0.9238 0.3706 -0.0965
vn -0.9221 0.2941 -0.2516
vn -0.9696 0.2219 -0.1030
vn -0.8358 0.3874 -0.3891
vn -0.7418 0.4603 -0.4877
vn -0.7671 0.4587 -0.4485
vn -0.8938 0.3654 -0.2601
vn -0.8009 0.4322 -0.4144
vn -0.8720 0.2164 -0.4391
vn -0.7538 0.3271 -0.5699
vn -0.8740 0.0293 -0.4851
vn -0.6501 0.3768 -0.6598
vn -0.6574 0.2779 -0.7004
vn -0.5365 0.4971 -0.6819
vn -0.3340 0.5517 -0.7642
vn -0.4106 0.3495 -0.8422
vn -0.2454 0.2927 -0.9242
vn -0.2388 0.3544 -0.9041
vn -0.2057 0.3409 -0.9173
vn -0.1899 0.4025 -0.8955
vn -0.1046 0.3634 -0.9257
vn 0.3043 0.4956 -0.8135
vn 0.1792 0.2525 -0.9509
vn 0.3775 0.3871 -0.8412
vn -0.4733 0.3432 -0.8113
vn -0.4583 0.0840 -0.8848
vn -0.3284 0.0366 -0.9438
vn -0.6267 0.4033 -0.6668
vn -0.6038 0.3264 -0.7273
vn -0.5986 0.5604 -0.5724
vn -0.5924 0.6299 -0.5023
vn -0.5590 0.7273 -0.3983
vn -0.4956 0.7392 -0.4561
vn -0.5066 0.7712 -0.3856
vn -0.3319 0.6852 -0.6484
vn -0.2412 0.6420 -0.7278
vn 0.0464 0.6117 -0.7898
vn -0.2328 0.5881 -0.7745
vn -0.2256 0.6224 -0.7495
vn -0.0483 0.8841 -0.4647
vn 0.0843 0.9768 -0.1968
vn 0.1138 0.7914 -0.6007
vn 0.5500 0.7627 -0.3402
vn 0.2092 0.9477 -0.2409
vn 0.4646 0.7671 -0.4424
vn 0.2715 0.3248 -0.9060
vn 0.2134 0.2300 -0.9495
vn 0.3386 0.1218 -0.9330
vn 0.1654 -0.1162 -0.9793
vn 0.0948 -0.1293 -0.9871
vn 0.1813 -0.0623 -0.9815
vn 0.1112 -0.0686 -0.9914
vn 0.1777 -0.0359 -0.9834
vn 0.1557 -0.1216 -0.9803
vn 0.0991 0.1982 -0.9751
vn 0.1773 0.1796 -0.9676
vn 0.1399 0.0962 -0.9855
vn 0.0287 0.3254 -0.9452
vn 0.1742 0.2367 -0.9558
vn -0.0687 0.7560 -0.6509
vn 0.0271 0.8112 -0.5842
vn -0.0628 0.7304 -0.6801
vn -0.0147 0.7503 -0.6610
vn 0.0889 0.7593 -0.6446
vn 0.1074 0.7875 -0.6069
vn 0.2939 0.6894 -0.6621
vn 0.3137 0.8143 -0.4883
vn 0.2478 0.8330 -0.4946
vn 0.2985 0.5750 -0.7617
vn 0.2612 0.6685 -0.6963
vn 0.2524 0.5104 -0.8221
vn 0.1857 0.2270 -0.9560
vn 0.2026 0.0676 -0.9769
vn 0.2530 -0.0385 -0.9667
vn 0.1235 -0.0380 -0.9916
vn 0.0935 -0.0392 -0.9948
vn 0.1511 0.0555 -0.9870
vn 0.1863 0.1178 -0.9754
vn 0.1208 0.0615 -0.9908
vn 0.2426 0.0391 -0.9693
vn 0.2320 -0.0168 -0.9726
vn 0.0947 0.0966 -0.9908
vn 0.3153 -0.1087 -0.9428
vn 0.1706 -0.2580 -0.9510
vn 0.2085 -0.5024 -0.8392
vn 0.2444 -0.5626 -0.7898
vn 0.2195 -0.5356 -0.8155
vn 0.2868 -0.5249 -0.8014
vn 0.2337 -0.6088 -0.7581
vn 0.3336 -0.6272 -0.7038
vn 0.2699 -0.5641 -0.7803
vn 0.3714 -0.7090 -0.5995
vn 0.4593 -0.6802 -0.5712
vn 0.6126 -0.7160 -0.3346
vn 0.6565 -0.7102 -0.2542
vn 0.6506 -0.7116 -0.2654
vn 0.7509 -0.6200 -0.2275
vn 0.6789 -0.6964 -0.2326
vn 0.7608 -0.5784 -0.2943
vn 0.7607 -0.5850 -0.2811
vn 0.7417 -0.6201 -0.2556
vn 0.8522 -0.4019 0.3350
vn 0.8741 -0.4260 0.2335
vn 0.8935 -0.4092 0.1851
vn 0.9207 -0.3894 0.0245
vn 0.9025 -0.4307 -0.0050
vn 0.8751 -0.4684 0.1220
vn 0.8460 -0.5317 -0.0404
vn 0.9024 -0.4282 -0.0480
vn 0.8443 -0.5294 0.0834
vn 0.7837 -0.6168 -0.0733
vn 0.6999 -0.6972 -0.1551
vn 0.7419 -0.6348 -0.2156
vn 0.6015 -0.7341 -0.3151
vn 0.4829 -0.7135 -0.5077
vn 0.6482 -0.6515 -0.3943
vn 0.8440 -0.2383 -0.4805
vn 0.9029 -0.2024 -0.3793
vn 0.9184 -0.1845 -0.3499
vn 0.9065 -0.2853 -0.3111
vn 0.8853 -0.2846 -0.3678
vn 0.8097 -0.5545 -0.1923
vn 0.6363 -0.7459 0.1970
vn 0.5478 -0.6598 0.5144
vn 0.2574 -0.5737 0.7776
vn 0.1950 -0.4684 0.8617
vn 0.4004 -0.6989 0.5927
vn 0.4725 -0.4667 0.7476
vn 0.3990 -0.5618 0.7247
vn 0.4135 -0.7503 0.5158
vn 0.4290 -0.6464 0.6310
vn 0.6301 -0.6087 0.4821
vn 0.5003 -0.7350 0.4577
vn 0.6309 -0.6557 0.4147
vn 0.7466 -0.5413 0.3868
vn 0.7742 -0.5813 0.2503
vn 0.7921 -0.5572 0.2492
vn 0.7097 -0.6528 0.2648
vn 0.7002 -0.6016 0.3845
vn 0.7383 -0.5853 0.3351
vn 0.6479 -0.7001 0.3002
vn 0.6300 -0.7207 0.2895
vn 0.3424 -0.6591 0.6696
vn 0.3927 -0.5257 0.7546
vn 0.4053 -0.5228 0.7499
vn 0.4860 -0.3745 0.7896
vn 0.5455 -0.0813 0.8341
vn 0.5122 0.2227 0.8295
vn 0.4265 0.1037 0.8985
vn 0.5498 0.3799 0.7439
vn 0.4451 0.4235 0.7890
vn 0.3143 0.2961 0.9019
vn 0.5406 0.5314 0.6522
vn 0.5208 0.4303 0.7373
vn 0.4821 0.3452 0.8053
vn 0.3554 0.3048 0.8836
vn 0.5431 0.4733 0.6935
vn 0.5042 0.6260 0.5950
vn 0.3003 0.6939 0.6545
vn 0.4148 0.6249 0.6614
vn -0.0241 0.9163 0.3999
vn -0.1172 0.9618 0.2474
vn 0.0025 0.8817 0.4718
vn -0.0486 0.6585 0.7510
vn -0.0876 0.7151 0.6935
vn -0.0336 0.7112 0.7022
vn -0.1236 0.7592 0.6391
vn -0.0477 0.8082 0.5870
vn -0.1896 0.8404 0.5076
vn -0.2106 0.8617 0.4617
vn -0.3025 0.8521 0.4272
vn -0.3407 0.9113 0.2312
vn -0.2702 0.9559 0.1150
vn -0.3674 0.8276 0.4244
vn -0.2897 0.9446 0.1545
vn -0.2822 0.9554 -0.0873
vn -0.2244 0.9735 -0.0447
vn -0.3371 0.9276 -0.1609
vn -0.4937 0.8637 -0.1012
vn -0.3455 0.9247 0.1597
vn -0.4971 0.8589 0.1231
vn -0.4626 0.8581 0.2230
vn -0.3004 0.9394 0.1654
vn -0.5411 0.7927 0.2807
vn -0.1283 0.9569 0.2604
vn 0.1025 0.9591 0.2639
vn 0.0560 0.9961 0.0686
vn -0.1148 0.9911 0.0673
vn 0.0489 0.9987 -0.0152
vn -0.1530 0.9882 0.0101
vn -0.0877 0.9885 -0.1229
vn -0.2169 0.9560 -0.1973
vn -0.1840 0.9799 -0.0772
vn -0.3411 0.9319 -0.1233
vn -0.3843 0.8851 -0.2623
vn -0.0100 0.9887 -0.1496
vn -0.0142 0.9699 -0.2430
vn 0.2683 0.8525 0.4487
vn 0.2089 0.6832 0.6997
vn 0.4144 0.7426 0.5261
vn 0.1792 0.9547 0.2374
vn 0.0323 0.8311 0.5552
vn -0.0864 0.9302 0.3567
vn -0.2217 0.7825 0.5818
vn 0.0499 0.8486 0.5266
vn 0.1962 0.6997 0.6870
vn 0.2038 0.8911 0.4056
vn 0.2355 0.8170 0.5263
vn 0.0736 0.9733 0.2174
vn -0.0946 0.9740 0.2058
vn 0.0280 0.9855 0.1676
vn -0.3317 0.9398 0.0822
vn -0.5618 0.8263 -0.0404
vn -0.5348 0.8214 -0.1984
vn -0.5436 0.7730 -0.3271
vn -0.4777 0.8055 -0.3507
vn -0.4166 0.7915 -0.4471
vn -0.5299 0.6924 -0.4896
vn -0.5237 0.8022 -0.2867
vn -0.5151 0.7663 -0.3840
vn -0.3113 0.8298 -0.4631
vn -0.7340 0.6350 -0.2410
vn -0.6034 0.7682 -0.2140
vn -0.7646 0.6314 -0.1294
vn -0.7060 0.6772 -0.2072
vn -0.7097 0.6844 -0.1670
vn -0.6902 0.7232 -0.0261
vn -0.5340 0.8373 0.1171
vn -0.5744 0.8143 -0.0827
vn -0.5209 0.8518 0.0557
vn -0.4421 0.8887 -0.1216
vn -0.4243 0.9044 0.0442
vn -0.3700 0.9061 0.2052
vn -0.5362 0.8223 0.1906
vn -0.3505 0.9120 0.2130
vn -0.4043 0.6802 0.6115
vn -0.5161 0.6961 0.4991
vn -0.5102 0.7045 0.4933
vn -0.4950 0.6795 0.5416
vn -0.4634 0.7940 0.3934
vn -0.2289 0.9664 0.1167
vn -0.3230 0.9277 0.1874
vn -0.3561 0.9343 0.0182
vn -0.4418 0.8968 0.0229
vn -0.4610 0.8856 -0.0568
vn -0.4949 0.8599 -0.1248
vn -0.2961 0.9447 -0.1411
vn -0.5036 0.8636 -0.0249
vn -0.6431 0.7572 0.1144
vn -0.4946 0.8548 -0.1571
vn 0.1103 0.9188 -0.3790
vn 0.1271 0.8280 -0.5462
vn -0.0329 0.9414 -0.3357
vn 0.1243 0.9691 -0.2132
vn 0.2933 0.8349 -0.4657
vn 0.3038 0.9279 -0.2161
vn 0.5094 0.7945 -0.3305
vn 0.4558 0.6984 -0.5518
vn 0.4136 0.6456 -0.6420
vn 0.4468 0.7382 -0.5054
vn 0.4404 0.6829 -0.5829
vn 0.4281 0.5764 -0.6961
vn 0.3124 0.3688 -0.8754
vn 0.5429 0.7287 -0.4174
vn 0.3452 0.3775 -0.8593
vn 0.2035 0.3225 -0.9244
vn 0.1983 0.1810 -0.9633
vn 0.1042 0.1359 -0.9852
vn 0.2330 0.3422 -0.9103
vn -0.0331 0.0626 -0.9975
vn -0.0155 -0.1119 -0.9936
vn -0.4474 0.5302 -0.7202
vn -0.5629 0.4999 -0.6583
vn -0.4611 0.6148 -0.6398
vn -0.3334 0.5957 -0.7307
vn -0.3041 0.7046 -0.6411
vn -0.3189 0.7694 -0.5535
vn -0.3275 0.7266 -0.6039
vn -0.1974 0.7271 -0.6575
vn -0.0427 0.6054 -0.7948
vn -0.1016 0.7371 -0.6681
vn 0.0743 0.5288 -0.8455
vn 0.2788 0.3793 -0.8823
vn 0.2094 0.3789 -0.9015
vn 0.1179 0.4262 -0.8969
vn 0.2446 0.1125 -0.9631
vn 0.2330 0.0602 -0.9706
vn 0.1812 -0.0683 -0.9811
vn 0.2572 -0.0552 -0.9648
vn 0.2617 -0.0597 -0.9633
vn 0.2242 0.0516 -0.9732
vn 0.4087 -0.2916 -0.8648
vn 0.5817 -0.3516 -0.7335
vn 0.4898 -0.2341 -0.8398
vn 0.5311 -0.4347 -0.7273
vn 0.4302 -0.2672 -0.8623
vn 0.4558 -0.3194 -0.8308
vn 0.6294 -0.5453 -0.5537
vn 0.6490 -0.6345 -0.4198
vn 0.5610 -0.6108 -0.5587
vn 0.6871 -0.6885 -0.2322
vn 0.7179 -0.6657 -0.2035
vn 0.6153 -0.7102 -0.3421
vn 0.7087 -0.6997 -0.0904
vn 0.6865 -0.7100 -0.1567
vn 0.7793 -0.6241 -0.0572
vn 0.6396 -0.7298 -0.2415
vn 0.7104 -0.6264 -0.3210
vn 0.7900 -0.6107 -0.0543
vn 0.8543 -0.4424 0.2729
vn 0.8439 -0.4466 0.2974
vn 0.8639 -0.4304 0.2616
vn 0.7626 -0.6466 0.0189
vn 0.6698 -0.7408 -0.0506
vn 0.6728 -0.7371 -0.0636
vn 0.6890 -0.6776 -0.2573
vn 0.6418 -0.7325 -0.2271
vn 0.6530 -0.7256 -0.2170
vn 0.6068 -0.7204 -0.3359
vn 0.6152 -0.7438 -0.2614
vn 0.5296 -0.7719 -0.3517
vn 0.4572 -0.7798 -0.4278
vn 0.4675 -0.5195 -0.7152
vn 0.6151 -0.3976 -0.6808
vn 0.3764 -0.4725 -0.7969
vn 0.4883 -0.5568 -0.6720
vn 0.6358 -0.4765 -0.6072
vn 0.7930 -0.3708 -0.4834
vn 0.6298 -0.6160 -0.4732
vn 0.8692 -0.2899 -0.4006
vn 0.3433 -0.9201 -0.1884
vn 0.5845 -0.8032 -0.1146
vn 0.3095 -0.9349 0.1739
vn 0.3754 -0.8675 0.3265
vn 0.4263 -0.7179 0.5504
vn 0.1431 -0.8834 0.4463
vn 0.1763 -0.7456 0.6427
vn -0.0904 -0.7438 0.6623
vn -0.0041 -0.6179 0.7862
vn 0.1611 -0.4546 0.8760
vn -0.0001 -0.6185 0.7858
vn 0.2062 -0.5248 0.8259
vn 0.2481 -0.6983 0.6714
vn 0.2184 -0.4718 0.8542
vn 0.2906 -0.8090 0.5110
vn 0.3308 -0.8184 0.4699
vn 0.3608 -0.7644 0.5343
vn 0.3513 -0.8055 0.4772
vn 0.3601 -0.7776 0.5155
vn 0.3974 -0.7928 0.4621
vn 0.5165 -0.7470 0.4187
vn 0.7123 -0.6594 0.2406
vn 0.8086 -0.5695 0.1476
vn 0.7632 -0.6405 0.0857
vn 0.6806 -0.7199 0.1360
vn 0.7252 -0.6860 0.0582
vn 0.6871 -0.7250 0.0463
vn 0.6710 -0.7338 0.1058
vn 0.5653 -0.7742 0.2845
vn 0.4277 -0.8904 0.1559
vn 0.4819 -0.7716 0.4153
vn 0.4106 -0.8094 0.4199
vn 0.2816 -0.8942 0.3480
vn 0.3412 -0.8069 0.4822
vn 0.3898 -0.7229 0.5705
vn 0.3741 -0.7236 0.5800
vn -0.1002 -0.9254 0.3655
vn 0.0006 -0.9454 0.3259
vn 0.1362 -0.8762 0.4623
vn -0.0299 -0.9525 0.3029
vn 0.2581 -0.8565 0.4470
vn 0.5248 -0.7240 0.4477
vn 0.3676 -0.7676 0.5251
vn 0.7910 -0.4199 0.4451
vn 0.9405 -0.0618 0.3342
vn 0.8246 -0.3326 0.4577
vn 0.8338 -0.4004 0.3799
vn 0.8360 -0.5122 0.1969
vn 0.7963 -0.5379 0.2765
vn 0.5814 -0.1465 0.8003
vn 0.4774 -0.2808 0.8326
vn 0.4992 -0.3561 0.7899
vn 0.4860 -0.4688 0.7375
vn 0.6589 -0.4436 0.6075
vn 0.7261 -0.2041 0.6566
vn 0.7780 0.0903 0.6218
vn 0.7496 0.3595 0.5558
vn 0.6161 0.1024 0.7810
vn 0.6714 0.2701 0.6901
vn 0.6055 0.3800 0.6993
vn 0.5494 0.3094 0.7762
vn 0.6489 0.5220 0.5536
vn 0.6110 0.5286 0.5893
vn 0.6774 0.6221 0.3926
vn 0.7619 0.5297 0.3726
vn 0.7659 0.5251 0.3709
vn 0.9044 0.4067 0.1293
vn 0.8125 0.5347 0.2324
vn 0.4424 0.8044 0.3965
vn 0.5459 0.7721 0.3254
vn 0.3739 0.8690 0.3240
vn 0.3001 0.8378 0.4560
vn 0.6576 0.7262 0.2005
vn 0.5229 0.8426 0.1288
vn 0.5846 0.7866 0.1988
vn 0.6901 0.6755 0.2596
vn 0.6629 0.7158 0.2195
vn 0.5219 0.8406 0.1450
vn 0.6409 0.7499 0.1641
vn 0.7434 0.6612 0.1007
vn 0.8194 0.5597 0.1236
vn 0.8490 0.5264 0.0452
vn 0.7303 0.6498 0.2109
vn 0.6730 0.6842 0.2808
vn 0.6681 0.7070 0.2319
vn 0.7068 0.6685 0.2314
vn 0.6797 0.7114 0.1786
vn 0.7568 0.6490 0.0778
vn 0.7318 0.6814 0.0070
vn 0.5854 0.7933 -0.1672
vn 0.3736 0.8528 -0.3649
vn 0.4589 0.7597 -0.4608
vn -0.0308 0.7613 -0.6476
vn 0.2011 0.7507 -0.6293
vn 0.1215 0.8822 -0.4549
vn -0.2140 0.7037 -0.6775
vn 0.2468 0.7507 -0.6128
vn -0.0447 0.7129 -0.6998
vn -0.0572 0.6680 -0.7420
vn -0.3200 0.6246 -0.7124
vn -0.4619 0.5258 -0.7143
vn -0.4167 0.5919 -0.6900
vn -0.1955 0.4708 -0.8603
vn -0.3712 0.4713 -0.8001
vn -0.0162 0.4423 -0.8967
vn 0.1705 0.3504 -0.9210
vn -0.0653 0.4087 -0.9103
vn -0.0232 0.3230 -0.9461
vn 0.1185 0.2584 -0.9587
vn 0.2367 0.1688 -0.9568
vn 0.1005 0.2005 -0.9745
vn 0.3553 -0.0955 -0.9299
vn 0.3201 0.1696 -0.9321
vn 0.1120 0.2010 -0.9732
vn 0.7117 -0.2775 -0.6454
vn 0.6020 -0.2262 -0.7657
vn 0.6049 -0.1782 -0.7761
vn 0.6903 -0.4231 -0.5868
vn 0.6606 -0.4441 -0.6053
vn 0.4875 -0.4053 -0.7734
vn 0.5419 -0.2937 -0.7874
vn 0.7161 -0.6673 -0.2046
vn 0.6097 -0.7759 -0.1620
vn 0.6462 -0.7536 -0.1202
vn 0.8415 -0.4915 0.2241
vn 0.7160 -0.5888 0.3750
vn 0.8328 -0.4570 0.3124
vn 0.7253 -0.5782 0.3738
vn 0.8122 -0.4446 0.3776
vn 0.6193 -0.7112 0.3328
vn 0.6355 -0.7571 0.1517
vn 0.6995 -0.6825 0.2122
vn 0.6665 -0.6723 -0.3221
vn 0.3739 -0.8298 -0.4142
vn 0.2398 -0.9193 -0.3121
vn 0.1793 -0.8665 -0.4658
vn 0.1080 -0.8261 -0.5531
vn 0.2639 -0.8191 -0.5093
vn 0.3157 -0.8216 -0.4747
vn 0.2486 -0.5425 -0.8024
vn 0.3156 -0.6447 -0.6962
vn 0.1937 -0.6878 -0.6996
vn 0.3335 -0.7125 -0.6174
vn 0.3771 -0.7311 -0.5686
vn 0.3518 -0.6789 -0.6445
vn 0.3982 -0.8396 -0.3696
vn 0.3450 -0.8892 -0.3005
vn 0.3716 -0.7619 -0.5305
vn 0.4067 -0.7572 -0.5111
vn -0.3142 -0.7649 0.5624
vn -0.2154 -0.8871 0.4082
vn -0.3877 -0.7548 0.5291
vn -0.2871 -0.7315 0.6184
vn -0.3029 -0.7297 0.6130
vn -0.3983 -0.7623 0.5101
vn -0.3140 -0.7054 0.6354
vn -0.2833 -0.7841 0.5522
vn -0.3146 -0.8710 0.3774
vn 0.1440 -0.8899 0.4328
vn 0.2566 -0.8449 0.4693
vn 0.1464 -0.8765 0.4586
vn -0.0969 -0.9199 0.3800
vn 0.1440 -0.9053 0.3995
vn 0.2602 -0.8676 0.4237
vn 0.4122 -0.8781 0.2429
vn 0.3846 -0.8320 0.3998
vn 0.3682 -0.8313 0.4165
vn 0.3568 -0.9251 0.1297
vn 0.2811 -0.9577 0.0612
vn 0.4034 -0.9124 0.0688
vn 0.2145 -0.9394 0.2673
vn 0.2236 -0.9380 0.2648
vn 0.0617 -0.9451 0.3208
vn 0.2381 -0.8050 0.5434
vn -0.0967 -0.9640 0.2477
vn -0.1273 -0.9743 0.1860
vn 0.0088 -0.8452 0.5343
vn 0.2686 -0.7222 0.6374
vn -0.1586 -0.9017 0.4022
vn 0.2233 -0.6102 0.7601
vn 0.5651 -0.3652 0.7398
vn 0.7652 -0.4193 0.4885
vn 0.9363 -0.0534 0.3472
vn 0.9491 -0.2708 0.1609
vn 0.9228 -0.3838 -0.0347
vn 0.9054 -0.4198 0.0636
vn 0.9509 -0.1893 -0.2449
vn 0.9867 -0.0640 -0.1491
vn 0.9620 -0.1883 -0.1979
vn 0.9869 0.1223 0.1057
vn 0.9927 0.1129 -0.0425
vn 0.9685 0.2156 -0.1243
vn 0.6358 0.7681 -0.0767
vn 0.6436 0.7385 -0.2012
vn 0.4548 0.8713 -0.1841
vn 0.5672 0.8006 -0.1934
vn 0.4727 0.8261 -0.3068
vn 0.4065 0.8973 -0.1720
vn 0.4371 0.8470 -0.3026
vn 0.4103 0.8925 -0.1873
vn 0.3937 0.9174 -0.0585
vn 0.2971 0.9402 0.1669
vn 0.2679 0.9626 0.0393
vn 0.2555 0.9637 0.0771
vn 0.2803 0.9206 0.2719
vn 0.4714 0.8574 0.2064
vn 0.9681 0.1453 0.2043
vn 0.9222 0.3415 0.1814
vn 0.8897 0.2774 0.3626
vn 0.9833 0.1817 -0.0032
vn 0.9323 0.3597 0.0368
vn 0.9806 0.1185 -0.1559
vn 0.9666 0.2259 -0.1211
vn 0.5515 -0.1730 -0.8160
vn 0.6226 -0.0402 -0.7815
vn 0.7012 -0.1351 -0.7001
vn 0.6369 -0.6282 -0.4469
vn 0.7197 -0.4172 -0.5550
vn 0.5613 -0.3918 -0.7290
vn 0.7492 -0.5999 -0.2808
vn 0.7910 -0.4941 -0.3607
vn 0.7840 -0.5863 -0.2038
vn 0.7895 -0.6034 -0.1122
vn 0.7746 -0.6322 0.0149
vn 0.7921 -0.6063 -0.0705
vn 0.7399 -0.5971 -0.3100
vn 0.8114 -0.5707 0.1265
vn 0.7475 -0.6529 0.1223
vn 0.7632 -0.6229 0.1717
vn 0.3674 -0.9127 0.1786
vn 0.4282 -0.8877 0.1696
vn 0.5232 -0.8069 0.2741
vn 0.1308 -0.9712 -0.1990
vn 0.2386 -0.9705 -0.0348
vn 0.2527 -0.9246 -0.2851
vn 0.1510 -0.8111 -0.5651
vn 0.1216 -0.7984 -0.5897
vn 0.0213 -0.8220 -0.5691
vn 0.1729 -0.6656 -0.7260
vn 0.0916 -0.7580 -0.6457
vn 0.2037 -0.7823 -0.5887
vn 0.5318 -0.7504 -0.3926
vn 0.4909 -0.8231 -0.2855
vn 0.4343 -0.7811 -0.4485
vn 0.7070 -0.6997 -0.1028
vn 0.6835 -0.6878 -0.2444
vn 0.8106 -0.5831 -0.0537
vn 0.9100 -0.3142 0.2706
vn 0.8577 -0.4672 0.2145
vn 0.9215 -0.3648 0.1336
vn 0.9414 -0.1765 0.2876
vn 0.8538 -0.4177 0.3106
vn 0.3198 -0.2848 0.9037
vn 0.6526 -0.1939 0.7325
vn 0.6459 -0.0199 0.7632
vn 0.9091 0.1602 0.3845
vn 0.8771 -0.1546 0.4546
vn 0.9725 0.0243 0.2316
vn 0.9543 0.1584 0.2533
vn 0.9661 -0.2478 0.0724
vn 0.9573 -0.2434 -0.1558
vn 0.9474 -0.2732 -0.1670
vn 0.9969 -0.0322 -0.0718
vn 0.9661 -0.1929 -0.1717
vn 0.9880 -0.1497 0.0387
vn 0.9804 -0.0772 0.1812
vn 0.8683 0.2364 0.4360
vn 0.9327 0.2237 0.2830
vn 0.7117 0.6663 0.2224
vn 0.8258 0.5578 0.0834
vn 0.8463 0.5307 0.0458
vn 0.7395 0.6728 -0.0217
vn 0.6159 0.7878 -0.0060
vn 0.5004 0.8468 0.1806
vn 0.5674 0.7952 0.2136
vn 0.3899 0.9159 0.0960
vn 0.2714 0.9625 -0.0005
vn 0.7043 0.6215 0.3431
vn 0.4551 0.8763 0.1578
vn 0.9410 -0.3241 -0.0979
vn 0.8618 -0.4629 -0.2074
vn 0.8184 -0.4980 -0.2868
vn 0.7249 -0.6432 -0.2466
vn 0.6856 -0.6628 -0.3011
vn 0.4523 -0.8524 -0.2624
vn 0.5680 -0.7884 -0.2362
vn 0.3860 -0.9143 -0.1230
vn 0.5188 -0.8540 -0.0388
vn 0.4166 -0.9050 0.0865
vn 0.5321 -0.8329 0.1524
vn 0.5410 -0.8040 0.2466
vn 0.6031 -0.7918 0.0965
vn 0.2741 -0.9601 -0.0553
vn 0.2282 -0.9524 -0.2020
vn 0.1493 -0.9437 -0.2951
vn 0.1558 -0.9712 -0.1805
vn 0.2479 -0.8123 -0.5279
vn 0.0741 -0.8343 -0.5464
vn 0.4045 -0.7737 -0.4877
vn 0.3678 -0.7383 -0.5654
vn 0.2008 -0.7574 -0.6214
vn 0.6363 -0.6847 -0.3555
vn 0.7004 -0.5800 -0.4161
vn 0.8455 -0.5173 -0.1322
vn 0.9457 -0.2897 -0.1476
vn 0.9536 -0.2880 0.0872
vn 0.9722 -0.0457 0.2298
vn 0.9387 -0.0345 0.3430
vn 0.9251 -0.2246 0.3062
vn 0.9384 -0.0481 0.3421
vn 0.9239 -0.1161 0.3647
vn 0.6868 0.3041 0.6602
vn 0.5009 0.4004 0.7673
vn 0.7963 -0.0974 0.5970
vn 0.6945 0.3904 0.6043
vn 0.8909 0.3911 0.2310
vn 0.9901 -0.1343 0.0405
vn 0.9856 -0.1692 -0.0051
vn 0.9834 -0.1382 -0.1180
vn 0.9806 -0.1380 0.1391
vn 0.9646 -0.1991 0.1730
vn 0.9154 -0.0732 0.3957
vn 0.9079 -0.2177 0.3581
vn 0.8545 -0.0951 0.5107
vn 0.7907 -0.2477 0.5599
vn 0.8005 -0.1467 0.5811
vn 0.7762 -0.2532 0.5774
vn 0.8063 -0.1704 0.5665
vn 0.8586 -0.1054 0.5017
vn 0.8682 -0.0456 0.4942
vn 0.8790 0.2938 0.3755
vn 0.8134 0.3632 0.4544
vn 0.8376 0.4968 0.2274
vn 0.6672 0.6226 0.4090
vn 0.7370 0.4474 0.5066
vn 0.8198 0.3988 0.4110
vn 0.7485 0.4108 0.5205
vn 0.7587 0.4632 0.4580
vn 0.8153 0.3942 0.4242
vn 0.7006 0.4347 0.5659
vn 0.7835 0.3601 0.5064
vn 0.8051 0.3745 0.4599
vn 0.8727 0.3541 0.3363
vn 0.8091 0.4231 0.4079
vn 0.9368 0.1363 0.3222
vn 0.9109 0.2672 0.3143
vn 0.9126 0.1265 0.3888
vn 0.5063 -0.8049 -0.3095
vn 0.3046 -0.8988 -0.3152
vn 0.4949 -0.8225 -0.2802
vn 0.3375 -0.8639 -0.3738
vn 0.5497 -0.6957 -0.4624
vn 0.6805 -0.6201 -0.3904
vn 0.8088 -0.5213 -0.2722
vn 0.8849 -0.3323 -0.3264
vn 0.9698 -0.1709 -0.1742
vn 0.9045 -0.4229 -0.0547
vn 0.9929 -0.0830 0.0848
vn 0.9525 -0.2780 -0.1244
vn 0.9079 0.3065 0.2858
vn 0.9430 0.2267 0.2436
vn 0.9687 0.0990 0.2276
vn 0.8622 0.2649 0.4317
vn 0.9054 0.1677 0.3900
vn 0.4904 0.5414 0.6829
vn 0.3623 0.5324 0.7650
vn 0.4597 0.6231 0.6328
vn 0.4080 0.4474 0.7959
vn 0.9673 0.1599 0.1969
vn 0.8872 0.3565 0.2930
vn 0.9567 0.1369 0.2568
vn 0.9880 0.0357 0.1504
vn 0.9945 -0.0616 0.0843
vn 0.8722 -0.3293 0.3617
vn 0.8813 -0.3231 0.3449
vn 0.9615 -0.2243 0.1587
vn 0.7638 -0.3447 0.5457
vn 0.7198 -0.1794 0.6706
vn 0.7381 -0.2279 0.6351
vn 0.6759 -0.0948 0.7309
vn 0.7492 -0.0713 0.6585
vn 0.6323 0.0354 0.7739
vn 0.5635 0.2558 0.7855
vn 0.7215 0.0734 0.6885
vn 0.7035 0.3904 0.5939
vn 0.5944 0.3676 0.7152
vn 0.5976 0.4166 0.6850
vn 0.6524 0.4279 0.6255
vn 0.5677 0.4921 0.6600
vn 0.7196 0.4152 0.5566
vn 0.4155 0.5294 0.7396
vn 0.4681 0.4151 0.7801
vn 0.4060 0.4564 0.7918
vn 0.5383 0.2663 0.7996
vn 0.6622 0.1298 0.7380
vn 0.6054 0.3550 0.7124
vn 0.8406 0.1609 0.5172
vn 0.9326 0.1919 0.3057
vn 0.8075 0.2830 0.5175
vn 0.7270 0.4234 0.5405
vn 0.8318 0.1660 0.5296
vn 0.8037 -0.0560 0.5924
vn 0.3336 0.2609 0.9059
vn 0.3069 -0.9201 -0.2435
vn 0.7039 -0.7043 0.0923
vn 0.6144 -0.7890 -0.0010
vn 0.7448 -0.6591 -0.1042
vn 0.6158 -0.7663 -0.1832
vn 0.6477 -0.6303 -0.4281
vn 0.6735 -0.6726 -0.3065
vn 0.6265 -0.7528 -0.2020
vn 0.8231 0.4605 0.3324
vn 0.8613 0.3866 0.3296
vn 0.0479 -0.5867 0.8084
vn 0.0387 -0.7653 0.6425
vn 0.3007 -0.6049 0.7374
vn -0.1290 -0.8531 0.5055
vn -0.1927 -0.8445 0.4997
vn -0.2919 -0.8763 0.3832
vn -0.3679 -0.8701 0.3279
vn -0.2707 -0.8491 0.4535
vn -0.2857 -0.9045 0.3167
vn -0.3442 -0.8845 0.3151
vn -0.2961 -0.9122 0.2831
vn 0.1969 -0.9688 0.1505
vn 0.3281 -0.9034 0.2762
vn 0.1391 -0.9564 0.2568
vn 0.3531 -0.8290 0.4337
vn -0.0813 -0.9852 0.1508
vn -0.1909 -0.9649 0.1804
vn -0.0937 -0.9363 0.3386
vn -0.1478 -0.8512 0.5036
vn -0.0267 -0.9033 0.4282
vn -0.1623 -0.8855 0.4354
vn 0.3049 -0.8768 0.3718
vn 0.1493 -0.8534 0.4994
vn 0.5328 -0.7853 0.3154
vn 0.4309 -0.7541 0.4957
vn 0.2805 -0.9355 0.2149
vn 0.3582 -0.9317 -0.0599
vn 0.4911 -0.8678 0.0758
vn -0.1522 -0.7977 0.5835
vn -0.2400 -0.8788 0.4125
vn -0.3575 -0.7839 0.5076
vn 0.7393 -0.5349 -0.4090
vn 0.9234 0.1673 -0.3455
vn 0.9031 0.4279 -0.0358
vn 0.7818 0.6210 0.0562
vn 0.6379 0.7541 -0.1562
vn 0.5503 0.8187 -0.1640
vn 0.5302 0.3481 -0.7732
vn 0.2874 0.3535 -0.8902
vn 0.2806 0.3018 -0.9112
vn 0.3427 0.4067 -0.8469
vn 0.3243 0.2153 -0.9211
vn 0.0999 0.4164 -0.9037
vn 0.1057 0.8116 -0.5746
vn 0.1834 0.8759 -0.4462
vn 0.2590 0.8464 -0.4654
vn 0.4251 0.8324 -0.3555
vn 0.3549 0.9116 -0.2076
vn 0.5793 0.8149 -0.0199
vn 0.4982 0.8318 0.2446
vn 0.4649 0.7208 0.5141
vn 0.5846 0.7818 0.2168
vn 0.4657 0.7207 0.5134
vn 0.5687 0.7389 0.3613
vn 0.5875 0.6829 0.4341
vn 0.6905 0.5078 0.5151
vn 0.6890 0.4068 0.5998
vn 0.8088 0.4679 0.3561
vn 0.3090 0.6968 0.6473
vn 0.4903 0.6706 0.5568
vn 0.5002 0.5340 0.6817
vn 0.1954 0.5857 0.7866
vn 0.1580 0.6797 0.7163
vn 0.2832 0.8352 0.4714
vn 0.3040 0.8088 0.5035
vn 0.5581 0.7238 0.4058
vn 0.5938 0.7224 0.3543
vn 0.5384 0.8094 0.2346
vn 0.5255 0.8508 0.0076
vn 0.4188 0.8863 -0.1976
vn 0.3585 0.8635 -0.3547
vn 0.1917 0.9498 -0.2473
vn 0.2379 0.9588 -0.1550
vn 0.3250 0.9085 -0.2627
vn 0.3542 0.9105 0.2135
vn 0.3357 0.9399 0.0624
vn 0.1673 0.9855 0.0275
vn 0.2983 0.9532 -0.0484
vn 0.2383 0.9679 -0.0801
vn 0.5419 0.8400 -0.0273
vn 0.6988 0.7132 -0.0547
vn 0.4269 0.9034 -0.0389
vn 0.5499 0.8199 0.1591
vn 0.4893 0.8693 0.0705
vn 0.5563 0.8293 0.0517
vn 0.6632 0.6663 0.3410
vn 0.6562 0.6561 0.3728
vn 0.6977 0.4487 0.5585
vn 0.9062 0.3849 -0.1752
vn 0.9464 0.2062 -0.2486
vn 0.9531 0.2861 -0.0990
vn 0.8630 0.4995 0.0752
vn 0.7498 0.6515 0.1153
vn 0.9243 0.3645 0.1136
vn 0.6764 0.7108 0.1930
vn 0.6158 0.7305 0.2953
vn 0.6871 0.7077 0.1646
vn 0.8294 0.5368 0.1550
vn 0.8438 0.4431 0.3029
vn 0.8132 0.5109 0.2788
vn 0.7985 0.3319 0.5023
vn 0.7769 0.4869 0.3993
vn 0.7426 0.5070 0.4376
vn 0.8230 0.5080 0.2541
vn 0.9515 0.2561 0.1705
vn 0.9253 0.2692 0.2669
vn 0.8937 0.2320 0.3840
vn 0.8422 0.2791 0.4612
vn 0.8255 0.0302 0.5636
vn 0.7436 0.2134 0.6337
vn 0.5943 0.2766 0.7551
vn 0.5296 0.5038 0.6824
vn 0.7088 0.5215 0.4750
vn 0.5534 0.6773 0.4849
vn 0.6015 0.6509 0.4631
vn 0.2280 0.8542 -0.4673
vn 0.3543 0.7639 -0.5394
vn 0.3033 0.7369 -0.6041
vn 0.1734 0.8420 -0.5108
vn 0.3700 0.9214 0.1189
vn 0.4692 0.8830 -0.0162
vn 0.3408 0.7779 0.5279
vn 0.4241 0.6998 0.5749
vn 0.2570 0.6653 0.7009
vn 0.3337 0.6758 0.6572
vn 0.1863 0.6530 0.7341
vn 0.1778 0.6569 0.7327
vn 0.2034 0.5796 0.7891
vn 0.2766 0.6200 0.7342
vn 0.3304 0.5635 0.7572
vn 0.4122 0.5828 0.7003
vn 0.2503 0.6239 0.7403
vn 0.5120 0.8215 0.2511
vn 0.5721 0.8129 0.1087
vn 0.5160 0.7734 0.3682
vn 0.6210 0.7801 0.0768
vn 0.6724 0.7177 0.1811
vn 0.6293 0.7714 0.0945
vn 0.7780 0.6281 0.0124
vn 0.6274 0.7726 0.0967
vn 0.8827 0.4682 0.0405
vn 0.9028 0.4248 -0.0671
vn 0.9403 0.3335 -0.0681
vn 0.9073 0.4037 -0.1173
vn 0.7878 0.5982 0.1468
vn 0.8920 0.4300 0.1398
vn 0.9595 0.2139 0.1831
vn 0.9798 0.1847 0.0773
vn 0.9946 0.0950 -0.0407
vn 0.9122 0.0085 0.4097
vn 0.9040 0.0328 0.4263
vn 0.5296 0.1701 0.8310
vn 0.4229 0.3334 0.8426
vn 0.3767 0.3850 0.8425
vn 0.4463 0.4580 0.7688
vn 0.2561 0.5516 0.7938
vn 0.1671 0.6981 0.6962
vn 0.1059 0.6633 0.7408
vn 0.5382 0.8050 0.2497
vn 0.5001 0.8239 0.2665
vn 0.5454 0.2720 0.7928
vn 0.3862 0.2870 0.8766
vn 0.5949 0.3932 0.7011
vn 0.4494 0.7410 0.4990
vn 0.5475 0.6401 0.5390
vn 0.9963 0.0854 -0.0021
vn 0.9633 0.2220 0.1506
vn 0.9841 0.1574 -0.0823
vn 0.7340 0.6036 0.3113
vn 0.7975 0.6009 0.0532
vn 0.5394 0.7202 0.4363
vn 0.6125 0.7267 0.3112
vn 0.4132 0.8667 0.2795
vn 0.3469 0.9320 -0.1051
vn 0.1955 0.9803 0.0287
vn 0.0393 0.9750 0.2189
vn -0.1183 0.9839 0.1337
vn -0.0760 0.9896 0.1221
vn -0.1138 0.9787 0.1707
vn 0.0572 0.9902 0.1278
vn -0.0180 0.9990 -0.0403
vn 0.1187 0.9858 0.1188
vn -0.1023 0.9932 0.0560
vn 0.1686 0.9502 -0.2622
vn 0.3137 0.9481 -0.0519
vn 0.0756 0.9849 -0.1557
vn 0.2680 0.9384 -0.2181
vn 0.4265 0.8979 -0.1088
vn 0.5172 0.8390 -0.1692
vn 0.8572 0.2444 -0.4533
vn 0.9245 0.1315 -0.3578
vn 0.9971 0.0597 0.0479
vn 0.9686 0.2446 0.0435
vn 0.9938 0.0874 0.0686
vn 0.9757 0.2034 0.0815
vn 0.9450 0.1783 0.2743
vn 0.9033 0.3802 0.1989
vn 0.8812 0.3294 0.3390
vn 0.9063 0.0938 0.4122
vn 0.9331 0.2469 0.2616
vn 0.7614 -0.0624 0.6452
vn 0.7646 0.0684 0.6408
vn 0.8576 -0.0177 0.5140
vn 0.7193 0.1521 0.6779
vn 0.7681 0.2421 0.5928
vn 0.7856 0.1990 0.5859
vn 0.8368 0.3237 0.4416
vn 0.8091 0.2888 0.5118
vn 0.8927 0.3613 0.2693
vn 0.8533 0.4394 0.2808
vn 0.8891 0.2793 0.3626
vn 0.8856 0.2874 0.3649
vn 0.7691 0.3111 0.5583
vn 0.8737 0.4131 0.2570
vn 0.9285 0.3708 -0.0202
vn 0.6870 0.2689 0.6751
vn 0.4979 0.1951 0.8450
vn 0.6286 0.2047 0.7503
vn 0.5030 0.3028 0.8095
vn 0.5035 0.4507 0.7371
vn 0.4426 0.4472 0.7773
vn 0.1013 0.9598 0.2619
vn 0.0081 0.9853 0.1709
vn 0.1096 0.9209 -0.3742
vn 0.1390 0.9002 -0.4127
vn 0.3661 0.7640 -0.5313
vn 0.4615 0.6965 -0.5495
vn 0.3682 0.7800 -0.5060
vn 0.9637 0.1985 -0.1785
vn 0.9914 0.0955 -0.0900
vn 0.9366 0.0784 -0.3415
vn 0.9775 0.0606 -0.2021
vn 0.8895 0.4522 0.0655
vn 0.9668 0.2389 0.0905
vn 0.9193 0.3877 -0.0680
vn 0.7414 0.2212 0.6336
vn 0.6200 0.1560 0.7689
vn 0.7171 0.0049 0.6969
vn 0.6499 0.1420 0.7467
vn 0.4743 0.2065 0.8558
vn 0.4682 0.6321 0.6174
vn 0.5493 0.5318 0.6446
vn 0.2081 0.9597 0.1887
vn 0.2053 0.9764 0.0665
vn 0.1108 0.9896 0.0917
vn 0.1578 0.9792 -0.1275
vn 0.1696 0.9406 -0.2942
vn 0.4064 0.9127 0.0422
vn 0.4582 0.8749 -0.1567
vn 0.6089 0.6534 0.4498
vn 0.6182 0.5489 0.5627
vn 0.7663 0.4289 0.4783
vn 0.8465 0.4287 0.3158
vn 0.9355 0.2472 0.2523
vn 0.8551 0.2165 0.4711
vn 0.9825 -0.0559 0.1774
vn 0.9660 -0.0179 0.2581
vn 0.9949 -0.0115 0.1003
vn 0.7862 0.6012 0.1430
vn 0.7968 0.2867 0.5318
vn 0.7899 0.3565 0.4990
vn 0.8181 0.3986 0.4144
vn 0.7766 0.3745 0.5066
vn 0.8168 0.3645 0.4473
vn 0.2841 -0.8465 0.4503
vn 0.2729 -0.9545 0.1203
vn 0.4685 -0.8828 0.0327
vn 0.6672 -0.7385 0.0977
vn 0.6383 -0.7103 0.2967
vn 0.5042 -0.7901 0.3486
vn 0.3365 -0.8176 0.4673
vn 0.0774 -0.7593 0.6461
vn -0.0859 -0.8343 0.5446
vn 0.4423 -0.8854 -0.1431
vn 0.3736 -0.6072 -0.7012
vn 0.4289 -0.3539 -0.8311
vn 0.2864 0.2423 -0.9270
vn 0.2030 0.4151 -0.8869
vn 0.1287 0.3650 -0.9220
vn -0.0973 0.3893 -0.9159
vn -0.2136 0.4549 -0.8645
vn -0.2295 0.4908 -0.8405
vn -0.3976 0.5141 -0.7600
vn -0.5290 0.5390 -0.6555
vn -0.5393 0.5039 -0.6746
vn -0.4078 0.4582 -0.7898
vn -0.4282 0.5929 -0.6820
vn -0.2725 0.4192 -0.8660
vn -0.3466 0.5268 -0.7761
vn -0.1778 0.5760 -0.7979
vn -0.0470 0.5308 -0.8462
vn -0.1187 0.7492 -0.6516
vn 0.3794 0.6747 -0.6331
vn 0.2692 0.6176 -0.7390
vn 0.4580 0.5645 -0.6867
vn 0.5943 0.7835 -0.1817
vn 0.6991 0.7098 -0.0864
vn 0.6833 0.7102 0.1696
vn 0.6853 0.7229 0.0886
vn 0.7460 0.6422 0.1761
vn 0.5702 0.8153 0.1003
vn 0.7882 0.6067 0.1031
vn 0.2710 0.9624 -0.0178
vn 0.1840 0.9670 -0.1764
vn 0.1324 0.9679 -0.2136
vn 0.0560 0.9831 -0.1742
vn 0.0424 0.9959 0.0799
vn 0.2493 0.9684 0.0028
vn 0.3950 0.9163 0.0663
vn 0.4052 0.9142 0.0057
vn 0.5660 0.8218 -0.0656
vn 0.6231 0.7792 -0.0681
vn 0.5374 0.7368 -0.4103
vn 0.1355 0.9636 -0.2305
vn 0.1620 0.9793 -0.1217
vn -0.1509 0.8735 0.4628
vn -0.2932 0.8852 0.3612
vn -0.3208 0.9330 0.1630
vn 0.0778 0.7678 -0.6359
vn -0.1049 0.8419 -0.5293
vn 0.1660 0.8920 -0.4205
vn 0.0237 0.9658 -0.2580
vn 0.2342 0.9694 -0.0733
vn 0.3874 0.9106 0.1438
vn 0.5723 0.7684 -0.2865
vn 0.5397 0.7239 -0.4297
vn 0.4097 0.7748 -0.4815
vn -0.0682 0.9971 0.0345
vn -0.2676 0.9542 0.1336
vn -0.5678 0.8217 0.0496
vn -0.6160 0.7866 -0.0426
vn -0.5954 0.7817 -0.1855
vn -0.5959 0.7389 -0.3144
vn -0.5160 0.8470 -0.1278
vn -0.6378 0.7622 0.1110
vn -0.5982 0.8008 0.0294
vn -0.5166 0.8559 0.0241
vn -0.5087 0.8535 -0.1128
vn -0.6144 0.7844 0.0846
vn -0.4747 0.8764 0.0806
vn -0.5461 0.8373 0.0251
vn -0.2944 0.9535 0.0646
vn -0.4034 0.9150 0.0028
vn 0.0198 0.9701 -0.2421
vn -0.2405 0.9661 -0.0941
vn 0.1360 0.8747 -0.4651
vn 0.1100 0.9370 -0.3316
vn -0.0558 0.9410 -0.3338
vn -0.5563 0.8310 -0.0058
vn -0.2562 0.9310 -0.2600
vn 0.1134 0.8202 -0.5607
vn 0.1265 0.8289 -0.5449
vn -0.6055 0.7954 0.0275
vn -0.4548 0.8726 -0.1781
vn -0.7127 0.6945 -0.0989
vn -0.6021 0.7982 0.0218
vn -0.5889 0.6174 0.5216
vn -0.6457 0.7343 0.2096
vn -0.5538 0.7765 0.3005
vn -0.6004 0.6388 0.4812
vn -0.4249 0.8735 -0.2378
vn 0.6046 0.6523 -0.4571
vn 0.5118 0.7579 -0.4046
vn 0.4947 0.6302 -0.5985
vn -0.2863 0.1626 -0.9443
vn -0.0148 0.4138 -0.9103
vn -0.2566 0.3214 -0.9115
vn -0.5239 0.4333 -0.7334
vn -0.5790 0.5220 -0.6263
vn -0.5367 0.5525 -0.6378
vn -0.3485 0.5273 -0.7749
vn -0.4406 0.6097 -0.6589
vn -0.2733 0.5216 -0.8082
vn -0.1399 0.5879 -0.7967
vn 0.3388 -0.1639 -0.9265
vn 0.3683 -0.2411 -0.8979
vn 0.4119 -0.3248 -0.8514
vn 0.0791 0.4355 -0.8967
vn -0.0071 0.4812 -0.8766
vn -0.4116 0.3165 -0.8546
vn 0.7468 0.6210 0.2380
vn 0.7524 0.6120 0.2439
vn 0.1231 0.8483 0.5151
vn 0.6599 -0.7309 0.1742
vn 0.6153 -0.6990 0.3645
vn 0.6253 -0.7211 0.2984
vn 0.6411 -0.7296 0.2380
vn 0.3246 -0.1994 -0.9246
vn 0.2812 0.4695 -0.8369
vn 0.2719 0.3289 -0.9044
vn 0.2166 0.6164 -0.7570
vn -0.0465 0.8180 -0.5733
vn 0.0156 0.7212 -0.6926
vn -0.1193 0.8164 -0.5650
vn -0.2079 0.7880 -0.5795
vn 0.2087 0.1088 -0.9719
vn 0.3593 0.3408 -0.8688
vn -0.1611 0.0742 -0.9841
vn -0.0269 0.0722 -0.9970
vn -0.0588 -0.0956 -0.9937
vn -0.1791 0.2764 -0.9442
vn -0.0345 0.2371 -0.9709
vn -0.1903 0.6322 -0.7511
vn -0.1145 0.6860 -0.7186
vn -0.1542 0.5763 -0.8025
vn -0.0742 0.7189 -0.6911
vn -0.1459 0.7498 -0.6454
vn -0.0251 0.7877 -0.6156
vn 0.1033 0.8212 -0.5612
vn 0.1004 0.8302 -0.5483
vn -0.0132 0.8451 -0.5345
vn 0.2216 0.7155 -0.6625
vn 0.1829 0.8375 -0.5150
vn 0.0292 0.6980 -0.7155
vn 0.1071 0.5619 -0.8202
vn 0.1064 0.6760 -0.7291
vn -0.3829 0.8790 -0.2840
vn -0.0852 0.9476 0.3079
vn -0.0674 0.9867 0.1480
vn -0.3483 0.9261 0.1451
vn -0.4626 0.8799 0.1084
vn -0.3015 0.9385 0.1682
vn -0.6414 0.7434 0.1900
vn -0.6378 0.6943 0.3335
vn -0.6353 0.7186 0.2828
vn -0.4674 0.8712 0.1502
vn -0.3665 0.8765 0.3120
vn -0.7536 0.6369 0.1628
vn -0.6766 0.7044 0.2147
vn -0.7356 0.5513 0.3935
vn -0.5335 0.7848 -0.3155
vn -0.5618 0.7776 -0.2824
vn -0.4232 0.8029 -0.4198
vn -0.5358 0.7857 -0.3091
vn -0.5366 0.7967 -0.2782
vn -0.4208 0.8206 -0.3867
vn -0.6789 0.7156 -0.1643
vn -0.8533 0.5187 -0.0528
vn -0.8048 0.5933 0.0169
vn -0.3331 0.8621 -0.3818
vn -0.3639 0.8964 -0.2532
vn -0.4672 0.8573 -0.2162
vn -0.6696 0.5522 -0.4968
vn -0.6654 0.5194 -0.5361
vn -0.6424 0.6020 -0.4742
vn -0.7282 0.5728 -0.3763
vn -0.5601 0.7183 -0.4126
vn -0.4516 0.8916 -0.0344
vn -0.1842 0.9825 -0.0261
vn -0.5281 0.8198 -0.2214
vn 0.2002 0.9685 0.1481
vn -0.0382 0.9992 0.0066
vn 0.0083 0.9882 0.1528
vn 0.2322 0.9446 0.2322
vn 0.1612 0.9460 0.2813
vn 0.3081 0.9009 0.3058
vn 0.3876 0.8537 0.3477
vn 0.2707 0.9272 0.2589
vn 0.2580 0.9057 0.3364
vn -0.1744 0.9785 0.1097
vn -0.3079 0.9434 0.1235
vn -0.1930 0.9612 0.1971
vn -0.4753 0.8722 0.1156
vn -0.5580 0.8259 -0.0805
vn -0.3711 0.9278 0.0391
vn -0.6787 0.6781 -0.2821
vn -0.5729 0.8101 -0.1242
vn -0.6658 0.6656 -0.3372
vn -0.6739 0.6969 -0.2453
vn -0.8149 0.5217 -0.2524
vn -0.8606 0.4148 -0.2954
vn -0.8731 0.4331 -0.2240
vn -0.5512 0.6061 -0.5735
vn -0.3442 0.6988 -0.6271
vn -0.1764 0.6839 -0.7080
vn 0.0868 0.8561 -0.5095
vn -0.0617 0.6977 -0.7137
vn -0.2251 0.4360 -0.8713
vn -0.1410 0.4374 -0.8881
vn -0.1851 0.1824 -0.9656
vn -0.2756 0.1999 -0.9403
vn 0.0510 0.8303 -0.5550
vn 0.2332 0.6735 -0.7014
vn -0.0963 0.6062 -0.7895
vn -0.0369 0.3763 -0.9258
vn 0.1534 0.5213 -0.8395
vn -0.5222 0.5877 -0.6179
vn -0.4232 0.4111 -0.8074
vn -0.5960 0.6004 -0.5332
vn -0.5777 0.3735 -0.7258
vn -0.5573 0.7413 -0.3740
vn -0.5662 0.7571 -0.3258
vn -0.6238 0.6931 -0.3612
vn -0.6082 0.7317 -0.3077
vn -0.6189 0.6447 -0.4487
vn -0.5751 0.7358 -0.3577
vn -0.5978 0.7631 -0.2455
vn -0.5444 0.7897 -0.2828
vn -0.0326 0.9993 0.0195
vn 0.1420 0.9897 0.0193
vn 0.2302 0.8878 -0.3984
vn -0.0087 0.7837 -0.6211
vn 0.1712 0.8347 -0.5234
vn 0.2530 0.8603 -0.4425
vn -0.0882 0.9853 0.1461
vn -0.1783 0.9560 -0.2331
vn -0.4487 0.8917 -0.0601
vn -0.2653 0.9556 0.1282
vn -0.3180 0.9336 -0.1649
vn -0.6047 0.7884 -0.1131
vn -0.5623 0.8258 0.0420
vn -0.6040 0.7871 -0.1253
vn -0.6208 0.7762 -0.1101
vn -0.5626 0.7997 -0.2097
vn -0.4672 0.8823 -0.0578
vn -0.4645 0.7961 -0.3878
vn -0.3448 0.9018 -0.2604
vn 0.0729 0.8700 0.4876
vn 0.1811 0.9200 0.3475
vn 0.1324 0.8243 0.5505
vn -0.7797 0.6260 -0.0154
vn -0.8133 0.5810 0.0310
vn -0.8710 0.4855 0.0750
vn -0.7589 0.6503 -0.0341
vn -0.8412 0.5387 -0.0462
vn -0.7161 0.6746 -0.1791
vn -0.6153 0.7610 -0.2056
vn -0.6171 0.7520 -0.2317
vn -0.7334 0.5701 -0.3704
vn -0.6395 0.6408 -0.4247
vn 0.0664 0.9832 0.1701
vn 0.0377 0.9972 0.0647
vn 0.0653 0.9866 0.1494
vn -0.0818 0.9963 -0.0252
vn -0.0332 0.9959 0.0841
vn -0.1655 0.9862 -0.0056
vn -0.1515 0.9800 -0.1293
vn -0.2933 0.9533 -0.0725
vn -0.3892 0.9200 -0.0450
vn -0.2914 0.9563 0.0219
vn -0.4194 0.9013 0.1085
vn -0.5429 0.8394 -0.0256
vn -0.6091 0.7915 0.0496
vn -0.6641 0.7190 0.2049
vn -0.3599 0.9160 -0.1773
vn -0.3771 0.8547 -0.3567
vn -0.5247 0.8013 -0.2874
vn -0.1491 0.9659 -0.2116
vn -0.1224 0.9787 -0.1647
vn 0.1223 0.7691 -0.6274
vn 0.1050 0.7752 -0.6229
vn -0.0340 0.8059 -0.5911
vn -0.0236 0.8455 -0.5334
vn 0.0649 0.6181 -0.7834
vn -0.0490 0.7829 -0.6202
vn -0.0239 0.7252 -0.6881
vn -0.3263 0.7670 -0.5524
vn -0.4025 0.6528 -0.6418
vn -0.2448 0.6549 -0.7150
vn -0.0168 0.8306 -0.5566
vn 0.0769 0.7729 -0.6298
vn 0.1250 0.8233 -0.5536
vn 0.0169 0.9854 -0.1695
vn -0.1959 0.9660 -0.1690
vn -0.0435 0.9660 -0.2549
vn -0.1511 0.9568 -0.2482
vn -0.1769 0.9472 -0.2675
vn -0.1852 0.9720 -0.1448
vn -0.1711 0.9512 -0.2567
vn -0.0857 0.9473 -0.3086
vn -0.0198 0.9050 -0.4250
vn 0.0535 0.8488 -0.5260
vn 0.0143 0.9992 0.0366
vn -0.4644 0.8091 0.3601
vn -0.3869 0.9021 0.1912
vn -0.5891 0.7982 0.1262
vn -0.1713 0.8737 0.4552
vn 0.0144 0.8465 0.5322
vn -0.2212 0.9360 0.2738
vn 0.0562 0.7941 0.6051
vn -0.0834 0.9174 0.3892
vn -0.0009 0.9356 0.3530
vn 0.1616 0.9337 0.3196
vn 0.2686 0.9382 0.2181
vn 0.3034 0.8817 0.3614
vn 0.2227 0.9748 0.0129
vn 0.1393 0.9902 0.0086
vn -0.3531 0.6833 -0.6391
vn -0.2666 0.8950 -0.3575
vn -0.5238 0.5856 -0.6186
vn -0.6147 0.6660 -0.4226
vn -0.6150 0.7482 -0.2490
vn -0.6047 0.7445 -0.2831
vn -0.6519 0.7324 0.1965
vn -0.7933 0.5149 0.3248
vn -0.7228 0.5296 0.4439
vn -0.7102 0.4711 0.5231
vn -0.8161 0.4119 0.4053
vn -0.8836 0.4051 0.2351
vn -0.8985 0.4384 0.0224
vn -0.7910 0.6105 -0.0411
vn -0.8274 0.5563 0.0768
vn -0.6942 0.7124 0.1031
vn -0.6756 0.7331 0.0783
vn -0.6246 0.7697 -0.1321
vn -0.4883 0.8514 -0.1917
vn -0.4793 0.8712 0.1057
vn -0.4704 0.8821 -0.0243
vn -0.4400 0.8957 0.0641
vn -0.5358 0.8330 0.1375
vn -0.4881 0.7930 0.3646
vn -0.3901 0.8385 0.3804
vn -0.3300 0.7687 0.5479
vn -0.3694 0.6873 0.6254
vn -0.3181 0.8588 0.4016
vn -0.3328 0.6902 0.6425
vn -0.3573 0.7638 0.5375
vn -0.3018 0.9070 0.2936
vn -0.4026 0.8299 0.3864
vn -0.5551 0.7833 0.2797
vn -0.6458 0.7285 0.2286
vn -0.5583 0.7687 0.3120
vn -0.5803 0.7960 0.1722
vn -0.4560 0.8820 0.1193
vn -0.3378 0.9375 0.0837
vn -0.2753 0.9547 0.1132
vn -0.3340 0.9425 -0.0124
vn -0.4126 0.9094 -0.0525
vn -0.4155 0.9091 -0.0301
vn -0.3485 0.9369 0.0266
vn -0.3223 0.9466 0.0030
vn -0.3941 0.9157 -0.0783
vn -0.3913 0.9151 0.0971
vn -0.5274 0.8138 0.2442
vn -0.2711 0.9373 0.2188
vn -0.3272 0.8287 0.4541
vn -0.1919 0.6765 0.7110
vn -0.5129 0.5824 0.6307
vn -0.4320 0.5837 0.6875
vn -0.2560 0.7150 0.6506
vn -0.2677 0.8048 0.5297
vn -0.6251 0.6185 0.4761
vn -0.1131 0.9518 0.2852
vn -0.3836 0.8748 0.2959
vn -0.0327 0.9987 0.0386
vn 0.0235 0.9988 0.0435
vn 0.1596 0.9728 0.1679
vn 0.0642 0.9862 -0.1525
vn 0.0010 0.9343 -0.3566
vn 0.1639 0.9670 -0.1949
vn -0.0920 0.8015 -0.5909
vn 0.0049 0.9016 -0.4326
vn -0.3384 0.7591 -0.5561
vn -0.3815 0.6307 -0.6758
vn -0.2626 0.6604 -0.7035
vn -0.4664 0.8687 -0.1666
vn -0.4873 0.8238 -0.2896
vn -0.1222 0.9892 -0.0810
vn -0.0832 0.9560 -0.2812
vn -0.1292 0.9781 -0.1630
vn -0.1260 0.9814 -0.1450
vn -0.0799 0.9559 -0.2827
vn -0.1894 0.9687 -0.1606
vn -0.1760 0.9776 -0.1151
vn -0.1052 0.9766 -0.1877
vn -0.2795 0.9311 -0.2343
vn -0.3900 0.9135 -0.1158
vn -0.3892 0.8508 -0.3531
vn -0.3280 0.9128 -0.2433
vn -0.4093 0.8939 -0.1830
vn -0.3309 0.9383 -0.1007
vn -0.2484 0.9355 -0.2515
vn -0.1441 0.9889 -0.0355
vn -0.2735 0.9590 -0.0744
vn -0.1203 0.9911 -0.0569
vn -0.1873 0.9739 -0.1279
vn -0.1687 0.9850 -0.0357
vn -0.3314 0.9246 0.1877
vn -0.3598 0.9266 0.1093
vn -0.2719 0.9462 0.1757
vn -0.3075 0.9513 -0.0230
vn -0.0814 0.9258 0.3691
vn -0.0168 0.9927 -0.1193
vn -0.0284 0.9832 -0.1802
vn -0.2903 0.8895 -0.3528
vn -0.2856 0.8107 -0.5110
vn -0.3800 0.8191 -0.4296
vn -0.2666 0.7928 -0.5481
vn -0.1958 0.7544 -0.6265
vn -0.3281 0.8731 -0.3605
vn -0.2897 0.9129 -0.2877
vn -0.3123 0.8781 -0.3625
vn -0.2416 0.9488 -0.2036
vn -0.2890 0.9218 -0.2583
vn -0.3030 0.9527 -0.0236
vn -0.3947 0.9053 0.1568
vn -0.5092 0.8603 0.0257
vn -0.4015 0.9060 -0.1337
vn -0.1724 0.9524 -0.2512
vn -0.2857 0.9551 0.0789
vn -0.6049 0.7962 -0.0112
vn -0.5591 0.8264 -0.0666
vn -0.6602 0.7399 0.1290
vn -0.2118 0.9213 -0.3262
vn -0.1623 0.9578 -0.2371
vn -0.2934 0.8710 -0.3940
vn -0.1956 0.9330 -0.3021
vn -0.3469 0.8766 -0.3335
vn -0.4056 0.8948 -0.1867
vn -0.8209 0.5483 -0.1599
vn -0.7753 0.6114 -0.1583
vn -0.3599 0.9321 0.0418
vn -0.3281 0.9009 0.2842
vn -0.2759 0.9451 0.1753
vn -0.1036 0.8305 0.5474
vn -0.3063 0.5980 0.7407
vn -0.3499 0.5807 0.7351
vn -0.2269 0.4816 0.8465
vn -0.2399 0.5981 0.7647
vn -0.4057 0.5444 0.7342
vn -0.4280 0.5717 0.7000
vn -0.3326 0.6037 0.7245
vn -0.3900 0.4606 0.7973
vn -0.1933 0.6693 0.7175
vn -0.2759 0.5828 0.7644
vn -0.3849 0.6318 0.6728
vn -0.3434 0.5504 0.7610
vn -0.3711 0.3251 0.8698
vn -0.2830 0.4054 0.8692
vn -0.2763 0.1126 0.9544
vn -0.3066 -0.2696 0.9128
vn -0.4294 -0.2487 0.8682
vn -0.3937 -0.0220 0.9190
vn -0.3975 -0.4405 0.8050
vn -0.3237 -0.2548 0.9112
vn -0.2308 -0.0574 0.9713
vn -0.1088 -0.0621 0.9921
vn -0.1251 0.0770 0.9891
vn -0.3290 0.2629 0.9070
vn -0.4258 0.1318 0.8952
vn -0.0577 0.0572 0.9967
vn -0.1316 0.1008 0.9862
vn -0.2111 0.0769 0.9744
vn -0.2158 0.3211 0.9221
vn -0.0965 0.4410 0.8923
vn -0.1756 0.2435 0.9539
vn -0.3377 0.6046 0.7214
vn -0.2135 0.6078 0.7649
vn -0.1324 0.5909 0.7958
vn -0.4296 0.5940 0.6801
vn -0.3456 0.5214 0.7802
vn -0.3634 0.6113 0.7030
vn -0.4036 0.3828 0.8310
vn -0.5465 0.3613 0.7555
vn -0.3929 0.4777 0.7857
vn -0.4378 0.1865 0.8795
vn -0.2580 0.7723 0.5804
vn -0.3698 0.6841 0.6287
vn -0.4187 0.7980 0.4335
vn -0.3966 0.5832 0.7090
vn -0.3475 0.4347 0.8308
vn -0.3543 0.3262 0.8764
vn -0.3195 0.4766 0.8190
vn -0.1798 0.4093 0.8945
vn -0.3397 0.5461 0.7657
vn -0.4387 0.6377 0.6331
vn -0.4483 0.5916 0.6701
vn -0.4866 0.7674 0.4176
vn -0.3494 0.7185 0.6014
vn -0.3547 0.8824 0.3091
vn -0.2858 0.8654 0.4115
vn -0.1434 0.8808 0.4513
vn -0.2402 0.8551 0.4595
vn -0.0410 0.8979 0.4382
vn 0.0169 0.8837 0.4677
vn 0.0053 0.7927 0.6095
vn -0.1427 0.8608 0.4886
vn -0.1177 0.9205 0.3726
vn -0.1850 0.7847 0.5916
vn -0.1610 0.8470 0.5067
vn -0.1126 0.9248 0.3634
vn 0.0048 0.8574 0.5147
vn 0.1412 0.7726 0.6190
vn -0.1156 0.7751 0.6212
vn 0.2440 0.6197 0.7459
vn 0.1773 0.3704 0.9118
vn 0.3229 0.5152 0.7939
vn 0.0890 0.0127 0.9960
vn 0.3184 0.2247 0.9209
vn -0.2713 0.1881 0.9439
vn -0.2995 0.0246 0.9538
vn -0.2068 0.5390 0.8165
vn -0.2882 0.3457 0.8930
vn -0.0381 0.3790 0.9246
vn -0.0578 -0.0092 0.9983
vn 0.2001 -0.0764 0.9768
vn 0.1777 -0.2393 0.9545
vn 0.0165 -0.1427 0.9896
vn -0.5019 0.0946 0.8598
vn -0.4381 0.2642 0.8592
vn -0.5576 0.3698 0.7432
vn -0.6021 0.2317 0.7641
vn -0.4670 0.4880 0.7374
vn -0.4576 0.4758 0.7511
vn -0.3458 0.6420 0.6842
vn -0.4104 0.5648 0.7159
vn -0.2580 0.7401 0.6210
vn -0.3349 0.7315 0.5939
vn -0.1662 0.8129 0.5582
vn -0.0350 0.8283 0.5592
vn 0.0366 -0.4420 0.8963
vn -0.0733 -0.5942 0.8010
vn -0.0533 -0.5067 0.8605
vn 0.0319 -0.2333 0.9719
vn -0.0235 -0.3654 0.9305
vn -0.1858 -0.4903 0.8515
vn 0.0751 -0.5833 0.8088
vn 0.1421 -0.5382 0.8307
vn -0.3871 0.6401 0.6636
vn -0.4186 0.3428 0.8410
vn -0.5450 0.1869 0.8173
vn -0.2876 0.1979 0.9371
vn -0.0100 0.2140 0.9768
vn -0.1922 0.3572 0.9140
vn -0.0895 0.4662 0.8802
vn -0.0232 0.1217 0.9923
vn -0.2012 0.8768 0.4368
vn -0.3470 0.1119 0.9312
vn -0.5091 0.8154 -0.2756
vn -0.5596 0.8135 -0.1583
vn -0.5613 0.7442 -0.3622
vn -0.6331 0.7099 0.3085
vn -0.7263 0.6156 -0.3058
vn -0.6037 0.7877 -0.1226
vn -0.5017 0.7878 -0.3573
vn -0.6969 0.6965 -0.1709
vn 0.4382 0.8623 -0.2537
vn 0.1732 0.9468 -0.2713
vn -0.2550 0.8608 0.4405
vn -0.2963 0.9454 0.1353
vn -0.0423 -0.3977 -0.9166
vn 0.0827 -0.5125 -0.8547
vn 0.0674 -0.5072 -0.8592
vn 0.0694 -0.2741 -0.9592
vn -0.1364 -0.2433 -0.9603
vn -0.0070 -0.0996 -0.9950
vn 0.0828 0.0235 -0.9963
vn -0.0345 -0.0672 -0.9971
vn 0.0861 0.0341 -0.9957
vn -0.0191 0.2250 -0.9742
vn -0.0254 0.3789 -0.9251
vn 0.1115 0.2433 -0.9635
vn 0.1951 0.1312 -0.9720
vn 0.1716 0.3177 -0.9325
vn 0.2692 0.5727 -0.7743
vn 0.3332 0.7304 -0.5963
vn 0.3917 0.7723 -0.5002
vn 0.3257 0.8681 -0.3746
vn 0.1337 0.7725 -0.6208
vn 0.2248 0.8350 -0.5022
vn 0.1649 0.7501 -0.6404
vn 0.1229 0.8303 -0.5436
vn 0.2548 0.2229 -0.9409
vn 0.2598 0.1478 -0.9543
vn 0.3978 -0.0874 -0.9133
vn 0.3586 -0.0715 -0.9307
vn 0.2921 -0.1372 -0.9465
vn 0.4813 0.0607 -0.8744
vn 0.6336 0.1551 -0.7579
vn 0.7123 0.3394 -0.6144
vn 0.5368 0.4240 -0.7294
vn 0.7701 0.4394 -0.4625
vn 0.6200 0.5426 -0.5667
vn 0.6961 0.5619 -0.4469
vn 0.6397 0.6477 -0.4138
vn 0.4514 0.6323 -0.6297
vn 0.4065 0.8340 -0.3732
vn 0.4298 0.4980 -0.7532
vn -0.0511 0.7124 -0.6999
vn 0.0838 0.8349 -0.5439
vn -0.3352 0.7407 -0.5823
vn -0.2324 0.9101 -0.3430
vn -0.1406 0.9338 -0.3290
vn -0.3611 0.4791 -0.8001
vn -0.6003 0.5560 -0.5749
vn -0.5564 0.2605 -0.7890
vn -0.6424 0.2178 -0.7347
vn -0.6310 0.0945 -0.7700
vn -0.5799 -0.1150 -0.8065
vn -0.5607 0.0787 -0.8243
vn -0.5062 -0.2113 -0.8361
vn -0.4826 -0.1244 -0.8670
vn -0.3356 -0.1852 -0.9236
vn -0.1462 -0.1934 -0.9702
vn -0.0968 -0.0565 -0.9937
vn -0.1234 -0.2032 -0.9713
vn -0.0341 -0.0335 -0.9989
vn 0.1156 0.0307 -0.9928
vn 0.0948 0.1595 -0.9826
vn 0.4669 0.2808 -0.8385
vn 0.3212 0.1969 -0.9263
vn 0.3314 0.2420 -0.9119
vn 0.2410 0.3719 -0.8964
vn 0.4295 0.2576 -0.8656
vn 0.4464 0.2475 -0.8599
vn 0.3890 0.2980 -0.8717
vn 0.3848 0.1887 -0.9035
vn 0.3707 0.5506 -0.7480
vn 0.3140 0.6495 -0.6925
vn 0.1742 0.6227 -0.7628
vn 0.1187 0.5209 -0.8453
vn 0.1686 0.7091 -0.6846
vn -0.0040 0.5801 -0.8146
vn 0.0568 0.7325 -0.6784
vn -0.0673 0.6711 -0.7383
vn -0.1634 0.3854 -0.9082
vn -0.2071 0.6101 -0.7648
vn -0.2614 0.2919 -0.9200
vn -0.4718 0.7702 -0.4291
vn -0.5195 0.7457 -0.4173
vn -0.5020 0.6713 -0.5453
vn -0.5504 0.7422 -0.3824
vn -0.5513 0.7146 -0.4307
vn -0.5527 0.7085 -0.4388
vn -0.5039 0.6928 -0.5159
vn -0.5251 0.7069 -0.4739
vn -0.4265 0.7976 -0.4266
vn -0.4156 0.6034 -0.6806
vn -0.2848 0.7770 -0.5614
vn -0.4246 0.4690 -0.7745
vn -0.2465 0.5614 -0.7900
vn -0.1247 0.7306 -0.6713
vn -0.1861 0.4126 -0.8917
vn 0.0230 0.2092 -0.9776
vn 0.0797 0.4746 -0.8766
vn 0.1771 -0.0330 -0.9836
vn 0.3306 0.2224 -0.9172
vn 0.3626 -0.1690 -0.9165
vn 0.4278 -0.0062 -0.9038
vn 0.6641 -0.0199 -0.7474
vn 0.5531 0.0688 -0.8303
vn 0.9139 0.0418 -0.4038
vn 0.9144 0.0989 -0.3925
vn 0.8863 0.0084 -0.4630
vn 0.9242 0.0327 -0.3804
vn 0.8320 0.0882 -0.5476
vn 0.8516 0.1521 -0.5016
vn 0.6788 0.1793 -0.7121
vn 0.5698 0.3216 -0.7563
vn 0.6990 0.2860 -0.6555
vn 0.4358 0.3304 -0.8372
vn 0.3495 0.4327 -0.8310
vn 0.4586 0.4437 -0.7700
vn 0.3870 0.4861 -0.7836
vn 0.4189 0.5272 -0.7393
vn 0.3526 0.5601 -0.7496
vn 0.3348 0.5789 -0.7435
vn 0.4299 0.6010 -0.6738
vn 0.4940 0.7519 -0.4366
vn 0.5872 0.6674 -0.4580
vn 0.6121 0.6979 -0.3719
vn 0.6937 0.6175 -0.3708
vn 0.6703 0.6747 -0.3090
vn 0.6477 0.6725 -0.3580
vn 0.5825 0.7608 -0.2862
vn 0.6859 0.6683 -0.2879
vn 0.5600 0.7313 -0.3894
vn 0.6262 0.5840 -0.5165
vn 0.6834 0.3436 -0.6441
vn 0.6355 0.5411 -0.5508
vn 0.7050 0.1571 -0.6916
vn 0.6747 0.3544 -0.6474
vn 0.7615 0.0931 -0.6414
vn 0.7887 -0.0164 -0.6146
vn 0.5733 0.1783 -0.7997
vn 0.5786 0.4058 -0.7074
vn 0.3568 0.6570 -0.6641
vn 0.3404 0.4756 -0.8111
vn -0.0232 0.8603 -0.5092
vn -0.2814 0.8473 -0.4504
vn -0.4183 0.7358 -0.5325
vn -0.4382 0.7965 -0.4165
vn -0.4685 0.6095 -0.6396
vn -0.4380 0.4711 -0.7657
vn -0.4664 0.6463 -0.6040
vn -0.3151 0.2072 -0.9262
vn -0.3359 0.3171 -0.8869
vn -0.4174 0.4699 -0.7778
vn -0.2757 0.0951 -0.9565
vn -0.2777 0.2535 -0.9266
vn -0.2282 0.1033 -0.9681
vn -0.1803 0.2214 -0.9584
vn -0.2149 0.3160 -0.9241
vn -0.2670 0.2235 -0.9374
vn -0.1664 0.5741 -0.8017
vn 0.0154 0.7101 -0.7039
vn -0.2621 -0.1698 -0.9500
vn -0.2809 -0.2521 -0.9260
vn -0.2606 -0.0354 -0.9648
vn -0.3927 -0.1180 -0.9121
vn -0.4206 -0.3896 -0.8193
vn -0.3348 -0.3033 -0.8921
vn -0.4757 -0.6325 -0.6113
vn -0.4762 -0.7725 -0.4201
vn -0.4101 -0.7103 -0.5721
vn -0.3854 -0.5375 -0.7500
vn -0.4805 -0.6884 -0.5433
vn -0.3085 -0.5816 -0.7527
vn -0.3550 -0.5855 -0.7289
vn -0.6212 -0.5762 -0.5312
vn -0.5418 -0.7577 -0.3637
vn -0.6961 -0.6460 -0.3133
vn -0.7859 -0.6090 -0.1077
vn -0.8556 -0.5167 -0.0313
vn -0.7897 -0.5641 -0.2413
vn -0.8442 -0.4949 -0.2061
vn -0.7805 -0.5103 -0.3611
vn -0.8301 -0.5157 -0.2122
vn -0.7410 -0.5711 -0.3532
vn -0.6519 -0.6477 -0.3943
vn -0.5621 -0.6349 -0.5300
vn -0.5742 -0.6957 -0.4316
vn -0.1328 -0.5010 -0.8552
vn 0.0260 -0.4976 -0.8670
vn 0.0320 -0.5531 -0.8325
vn -0.1365 -0.4531 -0.8809
vn -0.2277 -0.4477 -0.8647
vn -0.0782 -0.4692 -0.8796
vn -0.2741 -0.3141 -0.9090
vn -0.1789 -0.3802 -0.9075
vn -0.3175 -0.2814 -0.9055
vn -0.1800 -0.1730 -0.9683
vn -0.1852 -0.1930 -0.9636
vn -0.0717 -0.0854 -0.9938
vn -0.2568 -0.0881 -0.9624
vn -0.1154 0.0172 -0.9932
vn -0.1612 0.0166 -0.9868
vn 0.0304 0.1854 -0.9822
vn -0.1445 -0.0385 -0.9887
vn 0.0736 0.0490 -0.9961
vn 0.2004 0.0992 -0.9747
vn 0.2645 0.1184 -0.9571
vn 0.4893 0.7326 -0.4731
vn 0.2722 0.8174 -0.5077
vn 0.5065 0.7818 -0.3636
vn 0.2154 0.8684 -0.4465
vn 0.4272 0.8198 -0.3814
vn 0.3091 0.7917 -0.5269
vn -0.0079 0.8606 -0.5093
vn -0.0796 0.7639 -0.6404
vn -0.3219 0.7819 -0.5338
vn -0.2807 0.8410 -0.4625
vn -0.2393 0.7281 -0.6424
vn -0.2946 0.6624 -0.6888
vn -0.3434 0.4703 -0.8130
vn -0.4958 0.6447 -0.5818
vn -0.1574 0.1209 -0.9801
vn -0.2056 0.0324 -0.9781
vn -0.2816 -0.0199 -0.9593
vn -0.2196 0.0116 -0.9755
vn -0.3216 -0.0759 -0.9438
vn -0.1519 -0.2790 -0.9482
vn -0.1168 -0.3436 -0.9318
vn -0.0768 -0.2044 -0.9759
vn -0.1857 -0.4558 -0.8705
vn -0.1419 -0.2709 -0.9521
vn -0.2602 -0.2501 -0.9326
vn -0.3205 -0.2604 -0.9107
vn -0.6286 -0.5023 -0.5938
vn -0.5064 -0.4832 -0.7142
vn -0.5340 -0.4277 -0.7293
vn -0.4615 -0.3783 -0.8024
vn -0.5345 -0.4471 -0.7172
vn -0.6043 -0.4972 -0.6226
vn -0.6605 -0.5372 -0.5245
vn -0.6990 -0.4836 -0.5267
vn -0.4721 -0.4455 -0.7606
vn -0.5646 -0.4883 -0.6654
vn -0.4070 -0.4199 -0.8112
vn -0.5128 -0.4285 -0.7440
vn -0.4570 -0.3717 -0.8081
vn -0.3995 -0.3160 -0.8606
vn -0.3737 -0.3327 -0.8658
vn -0.3831 -0.2728 -0.8825
vn -0.3251 -0.1941 -0.9256
vn -0.3767 -0.1677 -0.9110
vn -0.2289 -0.1338 -0.9642
vn -0.2376 -0.1736 -0.9557
vn -0.2360 -0.1408 -0.9615
vn -0.2365 -0.1262 -0.9634
vn -0.1350 -0.1193 -0.9836
vn -0.0366 -0.1168 -0.9925
vn 0.0014 0.0164 -0.9999
vn 0.0848 -0.0289 -0.9960
vn 0.2117 0.1656 -0.9632
vn 0.4315 0.2834 -0.8565
vn 0.5196 0.4074 -0.7510
vn 0.4135 0.2482 -0.8760
vn 0.2544 0.5176 -0.8170
vn 0.3206 0.6740 -0.6655
vn 0.4806 0.6029 -0.6369
vn 0.0360 0.6594 -0.7509
vn 0.1561 0.7235 -0.6724
vn -0.0112 0.5586 -0.8294
vn 0.1121 0.3338 -0.9360
vn 0.0073 0.0907 -0.9958
vn -0.0927 0.3626 -0.9273
vn -0.0913 -0.1181 -0.9888
vn -0.1970 0.5397 -0.8185
vn -0.3534 -0.2716 -0.8951
vn -0.4356 -0.3782 -0.8168
vn -0.6965 -0.5294 -0.4843
vn -0.4360 0.0328 -0.8994
vn 0.3864 0.7455 -0.5431
vn 0.3192 0.6784 -0.6617
vn 0.2406 0.7234 -0.6472
vn 0.3215 0.7783 -0.5394
vn 0.3049 0.6862 -0.6604
vn 0.2426 0.7431 -0.6237
vn 0.4201 0.5749 -0.7021
vn 0.4530 0.4798 -0.7514
vn 0.3850 0.5495 -0.7415
vn 0.4272 0.4020 -0.8098
vn 0.3716 0.4017 -0.8370
vn 0.3390 0.3193 -0.8849
vn 0.3152 0.2273 -0.9214
vn 0.3401 -0.0628 -0.9383
vn 0.2283 -0.1113 -0.9672
vn 0.2997 -0.0371 -0.9533
vn 0.5132 -0.0322 -0.8577
vn 0.6803 -0.0808 -0.7284
vn 0.5160 -0.1243 -0.8476
vn 0.8107 -0.0387 -0.5842
vn 0.6682 -0.0889 -0.7386
vn 0.7723 0.1092 -0.6258
vn 0.8168 0.3152 -0.4833
vn 0.7200 0.4426 -0.5346
vn 0.4740 0.3510 -0.8076
vn 0.3338 0.3836 -0.8611
vn 0.1968 0.6091 -0.7683
vn 0.2022 0.3849 -0.9005
vn 0.0100 0.5527 -0.8333
vn -0.0458 0.2982 -0.9534
vn -0.3391 0.1957 -0.9202
vn -0.4896 -0.0506 -0.8705
vn -0.5734 -0.2394 -0.7836
vn -0.5920 -0.0796 -0.8020
vn -0.4799 -0.2981 -0.8251
vn -0.4945 -0.3277 -0.8050
vn -0.4048 -0.3114 -0.8598
vn -0.4004 -0.1585 -0.9025
vn -0.2983 -0.2448 -0.9225
vn -0.2421 -0.0291 -0.9698
vn -0.1247 0.1452 -0.9815
vn 0.3699 0.5340 -0.7603
vn 0.2081 0.5089 -0.8353
vn -0.6084 -0.2475 -0.7540
vn -0.6023 -0.2694 -0.7514
vn -0.5579 -0.2204 -0.8001
vn -0.6155 -0.3089 -0.7251
vn -0.4887 -0.1589 -0.8579
vn -0.3057 0.0406 -0.9513
vn -0.2932 -0.0856 -0.9522
vn 0.3272 0.1910 -0.9254
vn 0.0010 0.0499 -0.9988
vn 0.1550 0.1333 -0.9789
vn 0.5859 0.1101 -0.8028
vn 0.4180 0.0088 -0.9084
vn 0.1122 0.0065 -0.9937
vn -0.1769 -0.0290 -0.9838
vn -0.2587 -0.2396 -0.9358
vn -0.3401 -0.0979 -0.9353
vn -0.4873 -0.1927 -0.8517
vn -0.5677 -0.2134 -0.7951
vn -0.6275 -0.1339 -0.7670
vn -0.4959 -0.0981 -0.8628
vn -0.5675 0.0520 -0.8217
vn -0.5732 -0.0646 -0.8169
vn -0.4719 0.1805 -0.8630
vn -0.4478 0.0193 -0.8939
vn -0.1294 0.8218 -0.5549
vn -0.0014 0.8041 -0.5945
vn -0.1443 0.7100 -0.6892
vn 0.0020 0.8259 -0.5639
vn 0.1076 0.8112 -0.5748
vn -0.5170 0.7624 -0.3892
vn -0.3176 0.7586 -0.5689
vn -0.3992 0.3241 -0.8577
vn -0.4916 0.1341 -0.8604
vn -0.2670 0.1363 -0.9540
vn -0.1393 -0.0815 -0.9869
vn 0.0529 -0.2233 -0.9733
vn 0.7356 0.1036 -0.6694
vn 0.8125 0.0723 -0.5784
vn 0.8136 -0.0841 -0.5753
vn 0.9305 0.0546 -0.3621
vn 0.8522 0.0278 -0.5225
vn 0.6979 0.0892 -0.7106
vn 0.3799 0.2877 -0.8792
vn 0.8820 0.1152 -0.4568
vn 0.9001 0.0196 -0.4352
vn 0.8575 0.1422 -0.4944
vn 0.6465 0.2197 -0.7305
vn 0.6083 -0.0231 -0.7934
vn 0.4600 -0.2103 -0.8626
vn -0.4846 0.2674 -0.8329
vn -0.4760 0.4438 -0.7593
vn -0.4485 0.3264 -0.8320
vn -0.4525 0.5846 -0.6734
vn -0.4065 0.4952 -0.7678
vn -0.2938 0.6249 -0.7233
vn -0.3167 0.8381 -0.4441
vn 0.3476 0.6292 -0.6952
vn 0.2583 -0.6712 -0.6948
vn 0.0762 -0.6658 -0.7422
vn 0.2041 -0.5862 -0.7840
vn 0.1411 0.5026 -0.8530
vn 0.1798 0.5027 -0.8456
vn -0.3678 -0.9003 0.2329
vn -0.5213 -0.8157 0.2508
vn -0.4786 -0.8412 0.2514
vn -0.5009 -0.6408 0.5818
vn -0.5958 -0.5229 0.6096
vn -0.5377 -0.2141 0.8155
vn -0.3909 -0.1251 0.9119
vn -0.5232 -0.0975 0.8466
vn -0.1322 -0.3993 0.9073
vn -0.3178 -0.2925 0.9019
vn -0.6054 -0.1845 0.7743
vn -0.6994 -0.2185 0.6805
vn -0.6917 -0.3815 0.6132
vn -0.7770 -0.3751 0.5056
vn -0.6241 -0.7433 0.2409
vn -0.7765 -0.6101 0.1573
vn -0.7481 -0.5950 0.2939
vn -0.2169 -0.8819 0.4185
vn 0.3812 -0.2545 0.8887
vn 0.3096 -0.1006 0.9455
vn 0.2695 -0.1789 0.9462
vn 0.7872 -0.3441 -0.5117
vn 0.8832 -0.3891 -0.2618
vn -0.4821 -0.8654 0.1367
vn -0.4333 -0.8945 0.1103
vn -0.3952 -0.9144 0.0882
vn -0.3036 -0.9522 -0.0325
vn -0.4364 -0.8996 -0.0149
vn -0.3296 -0.9174 -0.2229
vn -0.2864 -0.9042 -0.3169
vn -0.4262 -0.8692 -0.2507
vn -0.3493 -0.8035 -0.4821
vn -0.3912 -0.7618 -0.5163
vn -0.8263 -0.0528 -0.5608
vn -0.6995 -0.3356 -0.6309
vn -0.8321 -0.2705 -0.4842
vn -0.8897 -0.2911 -0.3517
vn -0.7704 -0.4801 -0.4195
vn -0.8200 -0.5025 -0.2740
vn -0.8237 -0.4914 -0.2829
vn -0.7106 -0.6122 -0.3467
vn -0.5328 -0.6925 -0.4864
vn -0.5281 -0.7554 -0.3880
vn -0.0428 -0.7343 -0.6775
vn -0.1848 -0.6767 -0.7127
vn 0.0301 -0.7154 -0.6981
vn 0.0134 -0.8607 -0.5090
vn 0.1446 -0.7693 -0.6223
vn 0.1262 -0.7999 -0.5866
vn 0.1245 -0.6872 -0.7157
vn 0.2306 -0.7141 -0.6610
vn 0.1292 -0.9065 -0.4019
vn 0.2030 -0.8309 -0.5181
vn 0.2058 -0.7660 -0.6090
vn 0.1661 -0.8595 -0.4834
vn 0.1223 -0.8839 -0.4514
vn 0.0559 -0.7773 -0.6266
vn -0.0095 -0.8279 -0.5608
vn -0.2123 -0.8517 -0.4791
vn -0.2144 -0.9427 -0.2558
vn -0.0155 -0.9183 -0.3955
vn 0.0436 -0.9656 -0.2564
vn 0.0342 -0.9529 -0.3014
vn -0.0535 -0.9354 -0.3494
vn -0.1661 -0.9114 -0.3765
vn 0.0286 -0.8922 -0.4506
vn -0.1230 -0.8407 -0.5273
vn -0.3106 -0.6003 -0.7370
vn -0.4859 -0.4060 -0.7740
vn -0.4838 -0.5213 -0.7029
vn -0.5289 -0.2399 -0.8141
vn -0.5498 -0.3831 -0.7423
vn -0.6489 -0.3457 -0.6778
vn -0.7214 -0.3631 -0.5897
vn -0.7138 -0.4377 -0.5467
vn -0.2478 -0.3852 -0.8889
vn -0.1810 -0.5868 -0.7892
vn -0.3749 -0.3749 -0.8479
vn -0.4986 -0.2831 -0.8193
vn -0.4432 -0.3309 -0.8331
vn -0.4905 -0.4302 -0.7578
vn -0.5981 -0.3928 -0.6985
vn -0.5558 -0.5099 -0.6566
vn -0.3422 -0.9329 -0.1121
vn -0.2132 -0.9594 -0.1847
vn -0.0903 -0.9888 -0.1186
vn -0.1313 -0.9867 -0.0961
vn -0.2271 -0.9694 0.0934
vn -0.4747 -0.8366 -0.2734
vn -0.4494 -0.8927 -0.0335
vn -0.5539 -0.7537 -0.3537
vn -0.6524 -0.7305 -0.2017
vn -0.6572 -0.7031 0.2716
vn -0.7467 -0.5717 -0.3400
vn -0.6214 -0.6798 -0.3896
vn -0.4547 -0.6160 -0.6433
vn -0.4614 -0.5029 -0.7309
vn -0.3679 -0.4564 -0.8101
vn -0.4254 -0.5456 -0.7220
vn -0.2083 -0.6058 -0.7679
vn -0.7827 -0.5693 -0.2515
vn -0.8171 -0.5402 -0.2014
vn -0.7701 -0.5532 -0.3178
vn -0.6774 -0.6096 -0.4118
vn -0.6026 -0.5129 -0.6115
vn -0.6162 -0.3408 -0.7101
vn -0.8811 -0.2875 -0.3754
vn -0.6717 -0.4518 -0.5870
vn -0.5316 -0.5697 -0.6268
vn -0.6109 -0.4022 -0.6819
vn -0.2869 -0.5635 -0.7747
vn -0.9604 -0.0888 -0.2640
vn -0.9416 -0.0334 -0.3351
vn -0.8358 -0.1305 -0.5332
vn -0.2345 -0.6059 -0.7602
vn -0.2228 -0.5310 -0.8176
vn -0.3846 -0.4606 -0.8000
vn -0.0905 -0.7924 -0.6032
vn -0.2663 -0.7398 -0.6179
vn -0.2768 -0.5681 -0.7750
vn -0.0956 -0.8561 -0.5079
vn -0.2189 -0.7935 -0.5678
vn -0.2173 -0.8212 -0.5277
vn -0.4932 -0.7063 -0.5078
vn -0.5449 -0.6703 -0.5037
vn -0.4649 -0.8836 0.0563
vn -0.3734 -0.9178 0.1350
vn -0.4157 -0.9029 0.1097
vn -0.2510 -0.9667 0.0495
vn -0.1841 -0.9816 -0.0515
vn -0.2200 -0.9621 -0.1612
vn -0.2299 -0.9587 -0.1675
vn -0.2681 -0.9097 -0.3172
vn -0.1109 -0.9929 0.0426
vn -0.1226 -0.9808 -0.1519
vn -0.0088 -0.9933 -0.1151
vn 0.0117 -0.9770 -0.2130
vn 0.0590 -0.9348 -0.3503
vn -0.0700 -0.9292 -0.3630
vn 0.1318 -0.9029 -0.4091
vn 0.3133 -0.7523 -0.5796
vn 0.3087 -0.6946 -0.6498
vn 0.4276 -0.5838 -0.6901
vn 0.3322 -0.6544 -0.6793
vn 0.2718 -0.4956 -0.8249
vn 0.0523 -0.8710 -0.4885
vn 0.0406 -0.9011 -0.4316
vn -0.2856 -0.9500 -0.1264
vn -0.1364 -0.9894 -0.0499
vn -0.2341 -0.9721 0.0138
vn -0.1555 -0.9844 0.0819
vn -0.1620 -0.9807 0.1090
vn -0.1880 -0.9732 0.1323
vn -0.0799 -0.9944 0.0686
vn 0.0844 -0.9494 -0.3026
vn 0.2360 -0.8596 -0.4533
vn -0.1726 -0.6527 -0.7377
vn -0.1601 -0.8463 -0.5080
vn -0.2803 -0.8652 -0.4157
vn 0.0417 -0.5986 -0.7999
vn 0.3003 -0.4890 -0.8190
vn -0.6705 -0.4819 -0.5641
vn -0.7303 0.3008 -0.6134
vn -0.1592 0.5663 -0.8087
vn -0.7763 0.1277 0.6172
vn 0.1249 -0.5291 0.8393
vn 0.0623 -0.4438 0.8940
vn -0.9399 -0.1408 0.3112
vn -0.7587 -0.6335 0.1518
vn -0.6378 -0.7447 0.1965
vn -0.7728 -0.5395 0.3343
vn -0.7014 -0.7127 0.0066
vn -0.5260 -0.7772 0.3455
vn -0.7158 -0.5947 0.3661
vn -0.8460 -0.3681 0.3858
vn -0.8329 -0.4113 0.3702
vn -0.8074 -0.4066 0.4275
vn -0.6519 -0.7184 0.2428
vn -0.5414 -0.7988 0.2624
vn -0.9364 -0.0733 0.3433
vn -0.9700 -0.0424 0.2392
vn -0.9463 -0.1473 0.2878
vn -0.9603 -0.1788 0.2142
vn -0.9116 -0.0702 0.4050
vn -0.8551 -0.2870 0.4317
vn -0.8397 -0.2789 0.4660
vn -0.7262 -0.4386 0.5294
vn -0.6735 -0.4412 0.5931
vn -0.6169 -0.5068 0.6021
vn -0.4968 -0.5480 0.6730
vn -0.5955 -0.5264 0.6069
vn -0.4268 -0.6694 0.6081
vn -0.2888 -0.6718 0.6821
vn -0.4203 -0.7648 0.4884
vn -0.2221 -0.8684 0.4434
vn 0.2224 -0.8683 0.4434
vn 0.1965 -0.9416 0.2736
vn 0.4119 -0.7569 0.5073
vn 0.5169 -0.6992 0.4940
vn 0.4772 -0.6651 0.5743
vn 0.5353 -0.6756 0.5070
vn 0.4607 -0.5327 0.7099
vn 0.3404 -0.5591 0.7560
vn 0.3628 -0.5705 0.7368
vn 0.3492 -0.5827 0.7338
vn 0.4205 -0.6138 0.6681
vn 0.1910 -0.9203 0.3415
vn 0.2147 -0.9115 0.3507
vn 0.2591 -0.8779 0.4028
vn 0.2176 -0.9469 0.2368
vn 0.2681 -0.9515 0.1508
vn 0.0623 -0.9838 -0.1682
vn 0.3277 -0.8990 0.2904
vn 0.1777 -0.8817 0.4370
vn 0.3727 -0.9002 0.2254
vn 0.5994 -0.5354 0.5951
vn 0.4795 -0.6082 0.6326
vn 0.5429 -0.6507 0.5308
vn 0.3589 -0.6907 0.6278
vn -0.0486 -0.9176 0.3944
vn 0.0956 -0.8716 0.4809
vn -0.6000 -0.5202 0.6078
vn -0.6336 -0.4500 0.6293
vn -0.7105 -0.4181 0.5660
vn -0.7327 -0.3046 0.6086
vn -0.8571 -0.2364 0.4578
vn -0.7994 -0.0775 0.5957
vn -0.8191 -0.3614 0.4456
vn -0.7683 -0.2500 0.5893
vn 0.2555 -0.7965 0.5480
vn 0.4020 -0.6754 0.6183
vn -0.8487 0.1446 0.5087
vn -0.5212 -0.1650 0.8373
vn -0.3632 -0.2335 0.9020
vn -0.2368 -0.1842 0.9539
vn -0.2788 -0.2958 0.9137
vn -0.3546 -0.4232 0.8338
vn -0.4843 -0.4749 0.7348
vn -0.6016 -0.5881 0.5406
vn -0.6714 -0.5166 0.5314
vn -0.5073 -0.4538 0.7326
vn -0.7310 -0.4176 0.5396
vn -0.5073 -0.4761 0.7183
vn -0.3291 -0.3674 0.8699
vn -0.2818 -0.4206 0.8624
vn -0.1089 -0.3826 0.9175
vn -0.2030 -0.2650 0.9426
vn -0.7634 -0.4282 0.4836
vn -0.3420 0.7728 0.5346
vn -0.5612 0.7159 0.4154
vn -0.2539 0.3947 0.8830
vn -0.5082 0.3994 0.7630
vn 0.1084 -0.3529 0.9294
vn -0.3320 0.4486 0.8298
vn -0.3853 0.4492 0.8061
vn -0.2082 0.2821 0.9365
vn -0.3170 0.7520 0.5780
vn -0.6040 0.5098 0.6126
vn 0.1964 0.0664 0.9783
vn 0.1546 0.2485 0.9562
vn -0.5941 0.5117 0.6206
vn -0.5626 0.7161 -0.4132
vn -0.3290 0.9430 0.0505
vn -0.4591 0.8173 0.3481
vn 0.3545 0.8050 -0.4757
vn 0.3179 0.7028 -0.6364
vn -0.5103 0.8593 -0.0338
vn 0.5980 0.7517 -0.2783
vn 0.2461 0.8202 -0.5164
vn 0.9955 0.0576 0.0756
vn 0.0372 -0.8840 -0.4660
vn -0.0766 -0.9592 -0.2720
vn 0.3765 -0.6849 0.6238
vn 0.2789 -0.7917 0.5435
vn 0.3460 -0.6469 0.6795
vn 0.4164 -0.5403 0.7312
vn 0.3964 -0.4285 0.8119
vn 0.5681 -0.8181 -0.0892
vn -0.2814 -0.7795 0.5596
vn -0.8501 -0.1059 0.5159
vn -0.8234 0.1686 0.5418
vn 0.7674 -0.5479 -0.3330
vn 0.6521 -0.4792 -0.5875
vn 0.8530 -0.3986 -0.3369
vn -0.7618 -0.4828 0.4319
vn 0.1983 -0.8258 0.5279
vn 0.3735 -0.8234 0.4272
vn 0.2288 -0.7647 0.6024
vn 0.2374 0.7132 -0.6596
vn 0.3500 0.6494 -0.6751
vn 0.1500 -0.9473 0.2829
vn 0.0839 0.9041 -0.4191
vn -0.3925 0.7205 0.5717
vn -0.0168 0.9958 -0.0899
vn -0.0300 0.9930 -0.1146
vn -0.1251 0.9921 -0.0089
vn -0.3725 0.6337 0.6780
vn -0.3526 0.7209 0.5966
vn -0.5565 0.7753 0.2988
vn -0.6006 0.7380 0.3076
vn -0.6186 0.6277 0.4727
vn -0.5815 0.6155 0.5320
vn -0.5009 0.8430 0.1961
vn -0.3984 0.6691 0.6273
vn 0.4423 -0.8252 0.3514
vn 0.4464 -0.8169 0.3651
vn 0.3956 -0.8910 0.2227
vn 0.3239 -0.9011 0.2885
vn 0.0280 -0.4175 0.9082
vn 0.1547 -0.3845 0.9101
vn 0.2410 -0.2754 0.9306
vn 0.3774 0.6197 0.6882
vn 0.3797 0.6871 0.6194
vn 0.4460 0.7310 0.5164
vn -0.8917 0.0328 -0.4515
vn -0.4337 -0.6825 -0.5883
vn -0.6209 -0.6549 -0.4308
vn -0.5287 -0.6688 -0.5227
vn -0.4863 -0.5908 -0.6438
vn -0.3114 -0.6412 -0.7013
vn -0.7363 -0.5081 -0.4468
vn 0.0896 -0.9879 0.1263
vn -0.6930 0.2130 0.6888
vn -0.6961 0.1322 0.7057
vn -0.2753 0.9563 0.0988
vn -0.8939 -0.3759 0.2441
vn -0.7648 -0.5863 0.2672
vn -0.7855 -0.5703 -0.2402
vn -0.3274 -0.0945 0.9401
vn 0.3291 -0.2543 -0.9094
vn 0.4484 -0.5214 -0.7260
vn 0.3544 -0.6349 -0.6866
vn 0.1322 0.0641 -0.9892
vn 0.1405 0.1560 0.9777
vn -0.1041 0.0457 0.9935
vn -0.1714 0.1440 0.9746
vn -0.4486 0.2727 0.8511
vn -0.4095 0.0769 0.9091
vn -0.5640 0.0784 0.8221
vn 0.9585 -0.2666 0.1006
vn 0.8861 -0.2243 0.4055
vn 0.7017 0.6397 0.3138
vn 0.7827 0.6224 -0.0035
vn 0.0366 -0.9982 -0.0474
vn 0.0576 -0.9978 0.0317
vn 0.1572 -0.9876 -0.0027
vn -0.1517 -0.9618 -0.2277
vn -0.1200 -0.9925 -0.0232
vn -0.1358 -0.9389 -0.3163
vn 0.5385 0.2120 -0.8155
vn 0.9260 0.1831 0.3302
vn 0.8536 0.4215 0.3060
vn -0.2749 0.8645 -0.4208
vn -0.1668 0.9591 -0.2288
vn 0.0200 0.9991 0.0369
vn -0.3873 0.8947 -0.2225
vn 0.7693 0.6289 0.1125
vn 0.7686 0.5792 0.2717
vn 0.7678 0.6373 0.0653
vn 0.7761 0.6027 0.1853
vn 0.7648 0.6400 0.0736
vn -0.6795 0.6897 -0.2503
vn -0.5259 0.8458 0.0895
vn -0.8078 0.5550 0.1983
vn -0.2047 0.8522 0.4816
vn -0.4591 0.8165 0.3501
vn -0.2187 0.8306 0.5121
vn -0.1815 0.9118 0.3685
vn -0.6168 0.7867 0.0235
vn -0.7555 0.6523 0.0610
vn -0.6903 0.6822 -0.2410
vn -0.5831 0.7525 -0.3062
vn -0.5292 0.7432 -0.4093
vn -0.4633 0.8346 -0.2978
vn 0.0719 0.9911 -0.1124
vn 0.6473 0.6397 -0.4146
vn 0.2543 0.9671 -0.0056
vn 0.3797 0.9251 -0.0015
vn 0.4258 0.8045 -0.4141
vn 0.3493 0.8408 -0.4135
vn 0.5623 0.4968 -0.6611
vn 0.6271 0.3837 -0.6779
vn -0.5498 0.3867 -0.7404
vn 0.3917 0.9178 0.0646
vn 0.5175 0.8452 0.1333
vn -0.6383 0.7636 0.0979
vn -0.6471 0.7341 0.2059
vn 0.7434 -0.4601 -0.4855
vn 0.6850 -0.4177 -0.5969
vn 0.8407 -0.3980 -0.3673
vn -0.4742 -0.8549 0.2105
vn 0.1506 0.7653 -0.6258
vn 0.2528 0.7308 -0.6340
vn -0.1925 -0.9219 0.3361
vn -0.2230 -0.9137 0.3397
vn -0.7839 -0.4106 -0.4657
vn -0.0810 -0.7356 0.6725
vn -0.1991 -0.6279 0.7524
vn -0.3161 -0.6591 0.6824
vn -0.4613 -0.5834 0.6685
vn -0.2766 -0.7736 0.5701
vn -0.5288 -0.6598 0.5338
vn -0.5358 -0.6398 0.5509
vn -0.8326 -0.4383 0.3387
vn -0.8216 -0.4351 0.3684
vn -0.6208 -0.5632 0.5453
vn -0.7939 -0.4466 0.4127
vn -0.5782 -0.6354 0.5118
vn -0.8731 -0.3499 0.3395
vn -0.6702 -0.6838 0.2887
vn -0.4897 -0.8472 0.2062
vn -0.5423 -0.8084 0.2289
vn -0.0730 -0.7791 0.6226
vn -0.5155 0.2856 0.8079
vn -0.3291 0.3096 0.8921
vn -0.1805 0.4131 0.8926
vn -0.3617 0.3821 0.8504
vn 0.4467 -0.5730 0.6871
vn 0.1099 0.2799 0.9537
vn -0.3187 -0.9460 0.0586
vn -0.2041 -0.9739 -0.0995
vn -0.4428 -0.8964 0.0182
vn -0.5477 -0.8190 0.1712
vn -0.4111 -0.8875 0.2082
vn -0.5259 -0.8494 -0.0440
vn -0.3616 -0.5244 0.7709
vn -0.5362 -0.3135 0.7837
vn -0.1024 0.0290 0.9943
vn -0.5511 -0.4709 0.6888
vn 0.0082 -0.6054 0.7958
vn 0.1224 -0.4561 0.8815
vn -0.5843 -0.4014 0.7053
vn -0.7042 -0.4441 0.5540
vn -0.6759 -0.4909 0.5497
vn -0.5092 -0.4166 0.7531
vn -0.5723 -0.5512 -0.6072
vn -0.6763 -0.4928 -0.5475
vn -0.7853 -0.4309 -0.4445
vn -0.8035 -0.3924 -0.4477
vn -0.7191 -0.4819 -0.5006
vn -0.5196 -0.7035 -0.4849
vn -0.3836 -0.8009 -0.4598
vn -0.0729 -0.9943 -0.0777
vn 0.0842 -0.7929 0.6036
vn -0.9118 -0.3318 0.2418
vn -0.9276 -0.2980 0.2252
vn -0.6180 -0.7171 0.3224
vn -0.5886 -0.7981 0.1289
vn -0.6598 -0.4755 0.5819
vn -0.6708 0.2527 0.6972
vn -0.7718 0.1661 0.6138
vn -0.5382 0.3307 0.7753
vn -0.3932 0.2429 0.8868
vn -0.5607 0.1496 0.8144
vn -0.0599 -0.2750 0.9596
vn 0.2098 -0.2861 0.9350
vn 0.5244 -0.6170 0.5868
vn -0.3282 -0.8651 0.3793
vn -0.5099 -0.7974 0.3228
vn -0.3824 -0.7690 0.5123
vn -0.6167 -0.7405 0.2670
vn -0.8270 -0.5414 -0.1514
vn -0.8062 -0.4254 -0.4113
vn -0.8216 -0.2575 0.5085
vn -0.1710 -0.7177 0.6751
vn -0.0739 -0.5977 0.7983
vn -0.5216 -0.8183 0.2414
vn -0.6255 -0.5198 -0.5819
vn -0.8263 -0.4098 -0.3865
vn -0.8409 -0.3899 -0.3753
vn -0.4744 -0.7646 -0.4363
vn -0.3275 -0.8181 -0.4727
vn 0.4431 -0.8789 0.1766
vn 0.3503 -0.8428 0.4086
vn 0.2210 -0.7292 0.6476
vn 0.0008 -0.8296 0.5583
vn -0.6818 -0.7112 0.1711
vn -0.6534 -0.5965 0.4661
vn -0.6430 -0.7263 0.2429
vn -0.8540 0.0997 0.5106
vn -0.9030 0.0853 0.4211
vn -0.7811 -0.0252 0.6240
vn -0.8667 -0.0843 0.4917
vn -0.6807 0.0580 0.7302
vn -0.7405 -0.2084 0.6389
vn -0.6536 -0.3687 0.6609
vn -0.2914 -0.5028 0.8138
vn 0.0200 -0.4066 0.9134
vn -0.1691 -0.5484 0.8189
vn 0.2682 -0.7407 0.6160
vn -0.3482 -0.8042 0.4816
vn -0.3442 -0.8960 0.2805
vn -0.3608 -0.6710 0.6478
vn -0.0967 -0.5497 0.8297
vn -0.9126 -0.4086 -0.0133
vn -0.9258 -0.2759 -0.2586
vn -0.9008 -0.1836 -0.3936
vn -0.8643 -0.2359 -0.4441
vn -0.8724 -0.1550 0.4637
vn -0.9554 -0.0019 0.2954
vn -0.8862 -0.1165 0.4484
vn -0.7728 -0.4287 0.4680
vn -0.7795 -0.1842 0.5986
vn -0.6441 -0.2113 0.7352
vn -0.3208 -0.5004 0.8042
vn -0.1142 -0.4053 0.9070
vn -0.1470 -0.5223 0.8400
vn -0.4269 -0.6523 0.6263
vn -0.3096 -0.8312 0.4618
vn -0.9263 -0.3665 0.0878
vn -0.9773 -0.1606 0.1379
vn -0.7777 -0.6148 -0.1310
vn -0.9840 -0.1779 0.0131
vn -0.6208 -0.4428 0.6469
vn -0.8600 0.1094 0.4985
vn -0.9128 0.1751 0.3690
vn -0.9291 0.1731 0.3268
vn -0.6112 -0.7848 -0.1021
vn -0.3136 -0.6742 0.6687
vn -0.6298 -0.7350 0.2512
vn -0.6154 -0.7658 0.1867
vn -0.4298 -0.7610 -0.4859
vn -0.3385 -0.5614 -0.7551
vn -0.5965 -0.5207 -0.6108
vn -0.7125 -0.5165 -0.4749
vn -0.6716 -0.5537 -0.4923
vn -0.7977 -0.5539 -0.2384
vn -0.8955 -0.4141 -0.1631
vn -0.8426 -0.4667 -0.2687
vn -0.3679 -0.9191 -0.1411
vn -0.3433 -0.9365 0.0715
vn -0.4782 -0.8742 0.0841
vn -0.2806 -0.9249 0.2567
vn -0.1934 -0.9537 0.2305
vn 0.2634 -0.9643 -0.0277
vn 0.3944 -0.9175 -0.0516
vn 0.4663 -0.8137 0.3470
vn 0.4457 -0.7165 0.5367
vn 0.3704 -0.7732 0.5148
vn 0.4583 -0.7644 0.4535
vn 0.3980 -0.7285 0.5576
vn 0.4360 -0.5998 0.6709
vn 0.5192 -0.4313 0.7378
vn 0.5213 -0.5978 0.6091
vn 0.5144 -0.6527 0.5562
vn 0.4946 -0.7404 0.4551
vn 0.3276 -0.8791 0.3462
vn -0.4986 -0.4635 0.7325
vn -0.8769 -0.2863 0.3860
vn -0.7710 -0.3640 0.5226
vn -0.8843 -0.3814 0.2693
vn -0.9005 -0.4235 0.0983
vn -0.8011 -0.5678 0.1892
vn -0.7400 -0.5471 0.3913
vn 0.4608 -0.8169 0.3468
vn 0.4067 -0.8068 0.4284
vn 0.2921 -0.7507 0.5926
vn 0.1784 -0.6767 0.7143
vn 0.0441 -0.5912 0.8053
vn -0.6963 0.0334 0.7169
vn -0.6789 0.0858 0.7292
vn -0.8396 -0.3704 0.3974
vn -0.8333 0.0597 0.5496
vn -0.8090 -0.3234 0.4908
vn -0.8680 -0.0895 0.4884
vn -0.6772 -0.6195 0.3970
vn -0.9656 -0.1240 -0.2286
vn -0.9817 -0.1746 -0.0759
vn -0.6673 -0.7298 0.1487
vn -0.7800 -0.6256 0.0162
vn -0.6307 -0.7741 0.0544
vn -0.3367 -0.9209 0.1966
vn -0.5298 -0.7245 0.4410
vn -0.3863 -0.9077 0.1638
vn -0.9481 -0.3094 0.0729
vn -0.9643 -0.2614 -0.0417
vn -0.6822 -0.7274 -0.0737
vn -0.6803 -0.6895 0.2485
vn -0.7250 -0.6684 0.1662
vn -0.9209 -0.3548 0.1613
vn -0.3957 -0.4970 -0.7723
vn -0.4131 -0.5647 -0.7145
vn -0.4086 -0.6966 -0.5897
vn -0.5461 -0.5766 -0.6076
vn -0.5448 -0.6533 -0.5257
vn -0.7784 -0.6248 -0.0611
vn -0.6709 -0.7362 -0.0889
vn -0.9076 -0.4178 -0.0413
vn -0.7799 -0.6212 -0.0766
vn -0.6970 -0.7170 0.0100
vn -0.6555 -0.7551 0.0060
vn -0.4747 -0.8800 -0.0149
vn -0.6034 -0.7854 -0.1376
vn -0.1347 -0.9857 0.1015
vn -0.0244 -0.8681 -0.4958
vn 0.1746 -0.9060 -0.3857
vn 0.3025 -0.9206 -0.2471
vn 0.3786 -0.9148 -0.1409
vn 0.5850 -0.7816 -0.2165
vn 0.4974 -0.8546 -0.1489
vn 0.5689 -0.7840 -0.2484
vn 0.4508 -0.4632 0.7631
vn 0.6102 -0.4651 0.6413
vn 0.5958 -0.4026 0.6950
vn 0.6934 -0.5028 0.5161
vn 0.6244 -0.6222 0.4722
vn 0.7039 -0.5480 0.4519
vn 0.6461 -0.7308 0.2202
vn 0.6845 -0.6814 0.2590
vn 0.5840 -0.7712 0.2534
vn 0.6071 -0.7731 0.1840
vn 0.2775 -0.7849 0.5541
vn 0.1712 -0.6987 0.6947
vn -0.7951 -0.3127 0.5196
vn -0.8581 -0.4286 0.2829
vn -0.6439 -0.7284 0.2341
vn -0.1223 -0.6968 0.7068
vn 0.1155 -0.7967 0.5933
vn 0.2404 -0.7653 0.5971
vn 0.3411 -0.8507 0.3999
vn 0.3369 -0.8950 0.2923
vn 0.2454 -0.8423 0.4798
vn 0.2896 -0.8781 0.3809
vn 0.1930 -0.7982 0.5707
vn 0.1117 -0.6979 0.7074
vn -0.3058 -0.1510 0.9400
vn -0.3269 0.1196 0.9375
vn -0.4080 0.1361 0.9028
vn -0.8499 -0.0535 0.5243
vn -0.4313 0.5687 0.7004
vn -0.4783 0.7409 0.4715
vn -0.2195 0.7175 0.6610
vn -0.8794 0.3269 0.3462
vn -0.8968 0.4172 0.1471
vn -0.8638 0.2689 -0.4261
vn -0.9393 -0.0620 -0.3374
vn -0.4076 0.2010 -0.8908
vn -0.5426 0.2528 -0.8010
vn 0.0108 0.7019 -0.7122
vn -0.5462 -0.2388 -0.8029
vn -0.7495 -0.1374 -0.6476
vn -0.3792 -0.2480 -0.8915
vn -0.4769 -0.5519 -0.6841
vn -0.4463 -0.5897 -0.6731
vn -0.4276 -0.7197 -0.5469
vn -0.4785 -0.7256 -0.4946
vn -0.5069 -0.7816 -0.3635
vn -0.4906 -0.8424 -0.2230
vn -0.5191 -0.3424 -0.7831
vn -0.5060 -0.8259 -0.2486
vn -0.5533 -0.7850 -0.2786
vn -0.5294 -0.8330 0.1610
vn -0.8147 -0.5717 0.0973
vn -0.7689 -0.6289 0.1154
vn -0.6684 -0.7170 0.1979
vn -0.8482 -0.5234 0.0809
vn -0.4095 -0.7374 -0.5372
vn -0.2337 -0.8087 -0.5398
vn -0.0720 -0.7499 -0.6576
vn -0.2711 -0.7023 -0.6583
vn 0.1334 -0.7750 -0.6177
vn 0.3044 -0.7875 -0.5360
vn 0.3774 -0.6877 -0.6202
vn 0.6236 -0.7386 -0.2562
vn 0.8455 -0.5250 0.0975
vn 0.2507 -0.4652 0.8490
vn 0.5122 -0.4146 0.7522
vn 0.3397 -0.4132 0.8449
vn 0.7383 -0.6390 0.2159
vn 0.8148 -0.5515 0.1785
vn 0.7366 -0.6339 0.2359
vn 0.6293 -0.7513 0.1986
vn 0.4995 -0.8121 0.3015
vn 0.5184 -0.7235 0.4558
vn 0.3855 -0.7205 0.5764
vn 0.5378 -0.6705 0.5111
vn 0.1538 -0.0079 0.9881
vn 0.1132 -0.0221 0.9933
vn 0.0417 -0.0957 0.9945
vn 0.0019 0.2690 0.9631
vn -0.0403 0.2102 0.9768
vn -0.1659 0.0723 0.9835
vn -0.0976 -0.2095 0.9729
vn -0.0090 0.4582 0.8888
vn -0.0489 0.3537 0.9341
vn -0.1886 0.1952 0.9625
vn -0.2924 -0.0672 0.9539
vn -0.3408 0.0467 0.9390
vn 0.0271 0.3636 0.9312
vn -0.1201 0.1851 0.9754
vn -0.3228 0.0213 0.9462
vn -0.4765 -0.0965 0.8739
vn -0.4950 -0.2848 0.8209
vn -0.3555 -0.3828 0.8527
vn -0.4198 -0.6770 0.6045
vn 0.0947 -0.9415 0.3235
vn -0.4104 -0.4716 0.7805
vn -0.3695 -0.5772 0.7282
vn -0.2484 -0.7095 0.6594
vn -0.1101 -0.8586 0.5007
vn 0.0226 -0.8433 0.5370
vn -0.0410 -0.7282 0.6842
vn -0.2718 -0.6007 0.7518
vn -0.2660 -0.5401 0.7985
vn -0.3452 -0.1379 0.9284
vn -0.3789 0.3092 0.8723
vn -0.3259 0.6273 0.7073
vn -0.3463 0.4896 0.8002
vn -0.4700 0.8823 0.0256
vn -0.2171 0.7164 0.6630
vn -0.5658 0.5518 0.6127
vn -0.2306 0.6370 0.7356
vn -0.8181 0.5510 -0.1644
vn -0.8696 0.4792 0.1191
vn -0.6754 0.5911 -0.4409
vn -0.2435 0.1534 -0.9577
vn 0.1749 0.3621 -0.9156
vn -0.0526 0.2091 -0.9765
vn 0.1678 0.1824 -0.9688
vn 0.1682 0.2354 -0.9572
vn 0.3905 0.3205 -0.8630
vn -0.0559 0.2134 -0.9754
vn -0.0844 0.0605 -0.9946
vn -0.2141 0.2301 -0.9493
vn -0.2027 -0.0109 -0.9792
vn -0.3499 0.2327 -0.9074
vn -0.5693 0.7347 -0.3689
vn -0.2836 0.7078 -0.6469
vn -0.3245 0.8164 -0.4777
vn -0.1901 0.9427 -0.2742
vn 0.3832 0.7614 -0.5230
vn 0.4303 0.6207 -0.6554
vn 0.2550 0.6469 -0.7187
vn 0.3859 0.3768 -0.8420
vn 0.1586 0.5819 -0.7976
vn 0.2129 0.0316 -0.9766
vn 0.2219 0.0563 -0.9734
vn 0.2082 0.2175 -0.9536
vn 0.2063 -0.1366 -0.9689
vn 0.0654 -0.1679 -0.9836
vn 0.1755 -0.1727 -0.9692
vn 0.0433 0.1663 -0.9851
vn 0.1645 0.4964 -0.8524
vn -0.0932 0.4682 -0.8787
vn 0.0227 0.6394 -0.7686
vn -0.1103 0.3455 -0.9319
vn -0.1957 0.4783 -0.8561
vn 0.1825 0.7785 -0.6006
vn 0.1453 0.8685 -0.4739
vn 0.0756 0.7767 -0.6253
vn 0.1286 -0.0428 -0.9908
vn 0.1316 -0.1036 -0.9859
vn 0.2254 0.0961 -0.9695
vn 0.5233 -0.7213 -0.4538
vn 0.8376 -0.5312 0.1270
vn 0.7455 -0.6176 -0.2508
vn 0.6334 -0.7416 -0.2209
vn 0.4452 -0.6245 -0.6417
vn 0.3971 -0.4775 -0.7838
vn 0.6055 -0.3584 -0.7106
vn 0.7752 -0.2940 -0.5592
vn 0.3171 -0.6258 0.7126
vn 0.5332 -0.7360 0.4172
vn 0.5165 -0.6724 0.5302
vn 0.4426 -0.7023 0.5576
vn 0.4033 -0.5406 0.7383
vn 0.4017 -0.6326 0.6622
vn 0.5441 0.1156 0.8310
vn 0.3624 0.0905 0.9276
vn 0.1858 0.1537 0.9705
vn 0.4216 0.4752 0.7723
vn 0.4080 0.6554 0.6356
vn 0.4462 0.6202 0.6451
vn 0.3672 0.6906 0.6231
vn 0.4707 0.6581 0.5877
vn 0.3339 0.7649 0.5509
vn 0.0855 0.8449 0.5280
vn 0.3314 0.8156 0.4743
vn 0.1960 0.8705 0.4514
vn -0.0326 0.6912 0.7219
vn -0.0764 0.7746 0.6278
vn -0.0848 0.8076 0.5836
vn -0.1058 0.9134 0.3930
vn -0.0534 0.9953 0.0813
vn -0.0708 0.9646 0.2541
vn -0.2350 0.8430 0.4838
vn -0.1472 0.8999 0.4106
vn -0.0479 0.9748 0.2180
vn -0.0538 0.9985 0.0099
vn -0.2444 0.9555 0.1649
vn -0.5040 0.8472 0.1679
vn -0.6482 0.7424 0.1695
vn 0.4569 0.8893 -0.0181
vn 0.0422 0.9991 -0.0069
vn 0.4453 0.8784 0.1737
vn 0.5328 0.8372 0.1233
vn 0.5727 0.8188 -0.0403
vn 0.4938 0.8033 0.3330
vn 0.4147 0.8228 0.3885
vn 0.3520 0.7910 0.5003
vn -0.5743 0.7868 -0.2261
vn -0.7736 0.6313 0.0553
vn -0.4277 0.8620 -0.2722
vn -0.3392 0.8668 0.3655
vn -0.5002 0.8067 0.3146
vn -0.4921 0.7655 0.4145
vn -0.3558 0.7805 0.5140
vn -0.4589 0.8138 0.3565
vn -0.4695 0.8654 0.1751
vn -0.2816 0.9547 -0.0966
vn -0.3054 0.8570 -0.4151
vn -0.1280 0.8155 -0.5644
vn -0.0665 0.8014 -0.5944
vn -0.0515 0.9165 -0.3966
vn -0.1352 0.8440 -0.5190
vn 0.0418 0.9428 -0.3307
vn -0.1436 -0.0689 -0.9872
vn -0.1971 0.1122 -0.9740
vn -0.2761 -0.0094 -0.9611
vn -0.3136 0.1336 -0.9401
vn -0.4263 0.1704 -0.8884
vn -0.4122 0.2179 -0.8846
vn -0.2903 0.3584 -0.8873
vn -0.4658 0.3387 -0.8175
vn -0.3423 0.4123 -0.8443
vn -0.3974 0.4886 -0.7768
vn -0.2498 0.5453 -0.8002
vn -0.2387 0.6812 -0.6921
vn 0.0971 0.6343 -0.7670
vn -0.0159 0.4971 -0.8675
vn 0.2067 0.4503 -0.8686
vn -0.0501 0.5450 -0.8369
vn 0.3628 -0.1434 -0.9208
vn 0.4935 -0.7017 -0.5139
vn 0.6792 -0.6085 -0.4102
vn 0.6416 -0.7361 -0.2158
vn 0.8517 -0.5060 0.1363
vn 0.8665 -0.4527 0.2103
vn 0.7563 -0.6086 0.2401
vn 0.3550 -0.7285 -0.5859
vn 0.5636 -0.8252 0.0380
vn 0.5223 -0.8374 0.1611
vn 0.5410 -0.8385 0.0654
vn 0.5293 -0.8245 0.2001
vn 0.6093 -0.7629 0.2160
vn 0.4838 -0.8724 0.0695
vn 0.5184 -0.8212 0.2387
vn 0.5352 -0.7731 0.3404
vn 0.5435 -0.7781 0.3147
vn 0.2831 -0.7711 0.5703
vn 0.2485 -0.7976 0.5496
vn 0.8000 -0.4900 0.3463
vn 0.8758 0.4721 0.1006
vn 0.7667 0.6410 0.0368
vn 0.6849 0.6555 0.3180
vn 0.9004 0.4072 0.1530
vn 0.6328 0.6850 0.3611
vn 0.5544 0.7543 0.3517
vn 0.4520 0.7748 0.4419
vn 0.4331 0.7942 0.4262
vn 0.2995 0.7988 0.5217
vn 0.3450 0.9126 0.2193
vn 0.5972 0.7959 0.0990
vn 0.7966 0.5991 0.0806
vn 0.6877 0.7148 0.1271
vn 0.6000 0.7860 0.1489
vn 0.2517 0.9430 -0.2177
vn 0.4602 0.8808 -0.1115
vn 0.1636 0.8864 -0.4331
vn 0.2597 0.7403 -0.6201
vn 0.2963 -0.0380 -0.9543
vn 0.3723 0.0393 -0.9273
vn 0.4633 -0.2385 -0.8535
vn 0.4812 -0.0120 -0.8765
vn 0.4802 0.0192 -0.8769
vn 0.6586 -0.4963 -0.5656
vn 0.7430 -0.6139 0.2665
vn 0.6320 -0.7165 0.2954
vn 0.2072 -0.7261 -0.6557
vn 0.3008 -0.6895 -0.6588
vn 0.2365 -0.9662 -0.1025
vn 0.1971 -0.9779 -0.0704
vn 0.0438 -0.9895 0.1378
vn -0.0056 -0.9855 0.1698
vn -0.1005 -0.8982 0.4279
vn 0.4435 -0.8893 0.1117
vn 0.2870 -0.8608 0.4203
vn -0.2854 -0.9159 0.2824
vn -0.2512 -0.8963 0.3655
vn 0.9331 0.3519 -0.0740
vn 0.9491 0.2588 0.1796
vn 0.7044 0.6866 0.1803
vn 0.8627 0.2547 0.4370
vn 0.6140 0.6989 0.3668
vn 0.3124 0.9469 0.0766
vn 0.3277 0.9206 0.2125
vn 0.4434 0.8962 0.0125
vn 0.6174 0.7326 0.2866
vn 0.7960 0.3216 0.5128
vn 0.4742 0.8724 0.1186
vn 0.4937 0.7846 0.3752
vn 0.6789 0.6456 0.3498
vn 0.6866 0.5342 0.4933
vn 0.6679 0.4322 0.6059
vn 0.7943 0.3159 0.5189
vn 0.8063 0.3365 0.4865
vn 0.8276 0.4372 0.3521
vn 0.9759 0.0033 -0.2180
vn 0.9057 0.1560 -0.3943
vn 0.8176 0.3739 0.4378
vn 0.8916 0.1822 0.4145
vn 0.9609 0.0454 0.2730
vn 0.9998 -0.0052 0.0167
vn 0.9848 -0.1134 -0.1313
vn 0.9511 -0.2740 -0.1427
vn 0.9399 -0.1919 -0.2825
vn 0.9004 -0.0543 -0.4317
vn 0.8703 0.1950 -0.4523
vn 0.8498 0.0640 -0.5231
vn 0.8217 -0.3039 -0.4821
vn 0.7625 -0.2305 -0.6046
vn 0.5892 -0.4518 -0.6699
vn 0.1143 -0.9674 -0.2261
vn 0.0800 -0.9534 -0.2911
vn -0.0058 -0.9619 -0.2735
vn 0.0293 -0.8993 -0.4363
vn 0.0333 -0.8850 -0.4645
vn 0.5067 -0.7358 -0.4493
vn 0.7377 -0.4437 0.5088
vn 0.6253 -0.6202 0.4737
vn 0.5023 -0.3170 0.8045
vn 0.2798 -0.0871 0.9561
vn 0.1283 -0.3816 0.9154
vn 0.3556 0.0668 0.9322
vn 0.8055 -0.0370 0.5914
vn 0.9361 0.1875 0.2976
vn 0.7470 0.5787 0.3274
vn 0.5919 0.7951 0.1324
vn 0.9076 0.2217 0.3566
vn 0.9858 -0.1261 0.1108
vn 0.9443 -0.2764 -0.1785
vn 0.9710 -0.1948 -0.1389
vn 0.1738 -0.9108 -0.3745
vn 0.5675 -0.8232 0.0159
vn 0.9953 0.0115 0.0958
vn 0.8393 0.2472 0.4842
vn 0.5675 0.0344 0.8227
vn 0.9812 0.0387 0.1892
vn 0.7327 -0.6460 -0.2143
vn 0.8329 0.2985 0.4660
vn 0.8549 0.2774 0.4384
vn 0.6614 0.4930 0.5653
vn 0.9796 0.0117 0.2007
vn 0.9018 -0.1131 0.4171
vn 0.7027 -0.0143 0.7113
vn 0.6817 0.2450 0.6894
vn 0.7719 0.2586 0.5808
vn 0.4409 0.5461 0.7123
vn -0.0087 -0.7107 0.7034
vn -0.0217 -0.9753 0.2199
vn -0.0054 -0.9139 0.4059
vn 0.1611 -0.9613 0.2236
vn 0.5244 0.3074 -0.7941
vn 0.7307 0.1790 -0.6588
vn 0.4786 0.0777 -0.8746
vn 0.7658 0.2419 -0.5959
vn 0.8840 0.0282 -0.4666
vn 0.6952 0.4144 -0.5874
vn 0.8650 0.2561 -0.4316
vn 0.9417 0.1809 -0.2838
vn 0.9102 0.0936 -0.4034
vn 0.8615 0.4935 -0.1196
vn 0.3929 0.8378 -0.3792
vn 0.7096 0.6461 -0.2810
vn 0.4946 0.7782 -0.3870
vn 0.4475 0.5230 -0.7254
vn 0.2693 0.7450 -0.6103
vn 0.2126 0.8583 -0.4671
vn 0.5454 0.5356 0.6447
vn 0.4747 0.6331 0.6115
vn 0.5956 0.7791 0.1957
vn 0.0844 0.9943 -0.0653
vn 0.6839 0.7278 0.0508
vn 0.7119 0.7016 0.0302
vn 0.6368 0.7493 -0.1820
vn 0.7670 0.5920 -0.2474
vn 0.6509 0.6319 -0.4208
vn 0.9707 0.1377 -0.1970
vn 0.9650 0.2441 -0.0962
vn 0.9982 0.0525 -0.0286
vn 0.9832 0.1809 -0.0229
vn 0.7937 0.5864 0.1618
vn 0.7267 0.6762 0.1211
vn 0.6832 0.6659 0.2996
vn 0.7496 0.6278 0.2094
vn 0.6689 0.6926 0.2700
vn 0.7166 0.6076 0.3425
vn 0.7703 0.5975 0.2228
vn 0.7110 0.6750 0.1971
vn 0.8309 0.1633 0.5319
vn 0.8406 0.3380 0.4233
vn 0.8279 0.5511 0.1046
vn 0.8249 0.5513 0.1252
vn 0.9555 -0.0045 0.2948
vn 0.9798 0.0142 0.1994
vn 0.4795 0.8616 0.1666
vn 0.2520 0.5813 0.7737
vn 0.5466 0.6958 0.4659
vn 0.4378 0.8417 0.3160
vn 0.5092 0.7918 0.3372
vn 0.3629 0.6925 0.6235
vn 0.9278 0.3726 0.0172
vn 0.9325 0.3593 -0.0367
vn 0.9899 0.0372 0.1372
vn 0.9619 0.0095 0.2731
vn 0.7169 0.0585 0.6948
vn 0.1513 0.6921 0.7057
vn 0.3110 0.8077 0.5009
vn 0.2567 0.7973 0.5463
vn 0.1643 0.5969 0.7853
vn 0.4526 0.8612 0.2312
vn 0.7352 0.5859 0.3409
vn 0.6243 0.6974 0.3520
vn 0.6591 0.5087 0.5538
vn 0.4511 0.5402 0.7104
vn 0.2896 0.6595 0.6937
vn 0.3389 0.4980 0.7982
vn 0.1797 0.6318 0.7540
vn 0.2985 0.3970 0.8679
vn 0.9170 0.2919 0.2717
vn 0.8926 0.3296 0.3076
vn 0.7605 0.2839 0.5840
vn 0.7788 0.2416 0.5788
vn 0.6581 0.5434 0.5212
vn 0.5006 0.5046 0.7034
vn 0.3727 0.7124 0.5946
vn 0.2297 0.8768 0.4224
vn -0.0888 0.9960 0.0115
vn -0.1061 0.9879 -0.1135
vn 0.0034 0.9698 -0.2439
vn 0.3073 0.9013 -0.3054
vn 0.2291 0.8632 -0.4499
vn 0.4330 0.8242 -0.3650
vn 0.5540 0.7443 -0.3730
vn 0.5732 0.5749 -0.5838
vn 0.7529 0.5053 -0.4217
vn 0.7304 0.3771 -0.5695
vn 0.9780 0.1412 0.1538
vn 0.9820 0.0605 0.1787
vn 0.9363 0.3161 0.1533
vn 0.8685 -0.1301 0.4783
vn 0.9248 -0.0661 0.3746
vn 0.6153 0.2624 0.7434
vn 0.3553 0.6203 0.6992
vn 0.3925 0.7825 0.4833
vn 0.2737 0.7620 0.5869
vn 0.2749 0.8975 0.3449
vn 0.1588 0.8750 0.4573
vn 0.0258 0.9992 0.0298
vn 0.0560 0.9876 -0.1467
vn 0.2294 0.8569 -0.4616
vn 0.4193 0.8099 -0.4102
vn 0.5450 0.5905 -0.5952
vn 0.5825 0.6947 -0.4220
vn 0.7213 0.3825 -0.5774
vn 0.7632 0.5228 -0.3797
vn 0.8436 0.2189 -0.4904
vn 0.8852 0.3550 -0.3007
vn 0.9292 -0.0289 0.3684
vn 0.8720 -0.0172 0.4892
vn 0.5830 0.3679 0.7244
vn 0.7040 0.3736 0.6040
vn 0.4480 0.8184 0.3600
vn 0.4183 0.8056 0.4195
vn 0.2873 0.9150 0.2832
vn 0.3175 0.9249 0.2094
vn 0.4817 0.8306 -0.2795
vn 0.6574 0.7498 -0.0747
vn 0.6148 0.7381 -0.2779
vn 0.5884 0.7930 0.1578
vn 0.8066 0.5895 0.0430
vn 0.7508 0.6091 0.2555
vn 0.7911 0.5923 -0.1527
vn 0.3944 -0.0883 -0.9147
vn 0.2221 0.1814 -0.9580
vn 0.6780 0.6527 -0.3381
vn 0.6112 0.7765 -0.1533
vn 0.0899 0.8459 -0.5258
vn -0.0668 0.8716 -0.4857
vn -0.2237 0.9003 -0.3734
vn -0.0132 0.9973 -0.0727
vn -0.3459 0.9155 -0.2056
vn -0.3578 0.9338 -0.0080
vn 0.1846 0.9662 0.1798
vn 0.1689 0.9739 0.1519
vn 0.1004 0.9938 -0.0467
vn -0.4221 0.9047 -0.0586
vn 0.3895 0.9044 -0.1743
vn -0.8128 0.5700 0.1204
vn -0.7032 0.6417 0.3060
vn 0.0159 0.3842 -0.9231
vn -0.5015 0.4047 -0.7647
vn 0.1102 0.7627 0.6373
vn 0.0983 0.8456 0.5246
vn 0.3074 0.8264 0.4717
vn 0.6394 -0.7267 0.2511
vn 0.1708 0.6911 -0.7023
vn -0.0524 0.4759 -0.8779
vn 0.0222 -0.1537 -0.9879
vn 0.2279 0.2133 -0.9500
vn 0.2798 0.1849 -0.9421
vn 0.2128 -0.0154 -0.9770
vn 0.0064 0.7972 -0.6037
vn -0.1418 0.7489 -0.6473
vn -0.1187 0.7658 -0.6321
vn 0.0533 0.6496 -0.7584
vn 0.2554 0.7301 -0.6338
vn -0.0374 0.8656 -0.4994
vn -0.1549 0.9153 -0.3719
vn 0.0185 0.9838 0.1781
vn -0.5856 0.7958 0.1540
vn -0.6511 0.7588 -0.0148
vn -0.5890 0.7923 0.1594
vn -0.5372 0.8393 -0.0837
vn -0.6056 0.7904 -0.0923
vn -0.5119 0.8572 -0.0560
vn -0.0974 0.8138 0.5729
vn -0.2143 0.9241 0.3162
vn -0.2983 0.9523 0.0642
vn -0.0647 0.7745 0.6292
vn -0.2521 0.7071 0.6606
vn -0.1101 0.8749 0.4716
vn -0.2933 0.8055 0.5150
vn -0.4607 0.7389 0.4918
vn -0.3289 0.8555 0.3999
vn -0.5353 0.7756 0.3344
vn -0.6812 0.6315 0.3703
vn -0.7667 0.6101 0.1997
vn -0.5450 0.8326 -0.0989
vn -0.4581 0.8338 -0.3081
vn -0.4633 0.8850 0.0467
vn -0.5544 0.8236 0.1195
vn -0.3805 0.9128 -0.1482
vn -0.4575 0.8781 -0.1398
vn -0.7878 0.6115 0.0737
vn -0.5544 0.8240 -0.1169
vn -0.6518 0.7181 0.2439
vn -0.5682 0.7687 -0.2936
vn -0.5849 0.6874 -0.4305
vn -0.6356 0.7686 -0.0723
vn -0.6257 0.6966 -0.3511
vn -0.7610 0.6427 -0.0888
vn -0.4005 0.8874 0.2283
vn -0.1399 0.9705 0.1963
vn -0.0461 0.9897 -0.1355
vn 0.0309 0.9611 0.2745
vn -0.1504 0.9273 0.3428
vn 0.3711 0.8692 0.3268
vn 0.2407 0.8954 0.3745
vn 0.3279 0.8783 0.3479
vn 0.0797 0.9680 0.2380
vn 0.1200 0.9425 0.3120
vn -0.0165 0.9793 0.2018
vn -0.0033 0.8922 0.4515
vn 0.1412 0.9671 0.2115
vn -0.6037 0.7640 -0.2276
vn -0.4382 0.8960 -0.0719
vn -0.6977 0.6955 -0.1719
vn -0.7284 0.6467 0.2263
vn -0.7403 0.6383 0.2109
vn -0.8025 0.5804 -0.1380
vn -0.7799 0.5930 -0.2004
vn -0.6202 0.7654 -0.1716
vn -0.5825 0.6084 -0.5391
vn -0.4207 0.7778 -0.4669
vn -0.1566 0.1760 -0.9719
vn -0.2846 0.5107 -0.8113
vn -0.5374 0.7008 -0.4692
vn -0.4185 0.8562 -0.3029
vn -0.1503 0.9885 -0.0162
vn 0.3019 0.8390 -0.4528
vn 0.1162 0.7978 -0.5916
vn -0.0406 0.9732 0.2264
vn 0.0719 0.9058 0.4176
vn -0.6392 0.7195 0.2715
vn -0.7321 0.6661 0.1423
vn -0.8429 0.5283 0.1023
vn -0.8394 0.5313 -0.1146
vn -0.4660 0.8765 -0.1209
vn -0.1603 0.8692 -0.4677
vn -0.2637 0.9282 -0.2626
vn -0.0929 0.9943 0.0529
vn -0.0071 0.9728 -0.2314
vn 0.0436 0.8307 -0.5549
vn -0.1445 0.7180 -0.6809
vn -0.1712 0.7990 -0.5764
vn -0.0158 0.9972 -0.0731
vn -0.0014 0.9770 -0.2132
vn 0.1728 0.7621 0.6240
vn 0.1955 0.9485 0.2493
vn 0.1528 0.9882 -0.0020
vn 0.0997 0.9800 -0.1724
vn -0.1161 0.9131 -0.3909
vn -0.1791 0.7620 -0.6223
vn -0.2213 0.6823 -0.6968
vn -0.4951 0.7016 -0.5125
vn -0.6223 0.7790 -0.0770
vn -0.6026 0.7866 0.1347
vn -0.3997 0.8446 0.3563
vn -0.4757 0.8724 0.1124
vn -0.3597 0.9304 0.0708
vn -0.1086 0.7650 0.6347
vn 0.0368 0.8800 0.4736
vn 0.0133 0.8314 0.5556
vn -0.0399 0.9171 0.3967
vn 0.1768 0.7667 0.6171
vn -0.1329 0.8358 0.5327
vn 0.1490 0.6929 0.7054
vn -0.4112 0.8779 0.2454
vn -0.4084 0.8928 0.1900
vn -0.0775 0.9661 0.2462
vn -0.1786 0.8920 -0.4153
vn -0.5167 0.7830 0.3462
vn -0.4792 0.7799 0.4026
vn -0.3509 0.8761 0.3307
vn -0.6237 0.7245 0.2935
vn -0.7527 0.5535 0.3565
vn -0.6603 0.7510 0.0033
vn -0.4839 0.8559 0.1825
vn -0.6351 0.7052 -0.3151
vn -0.5036 0.8483 -0.1634
vn -0.2775 0.9511 -0.1360
vn -0.2037 0.9787 0.0254
vn -0.2077 0.9676 -0.1436
vn -0.1996 0.9787 0.0477
vn -0.2100 0.9721 -0.1047
vn -0.1594 0.9720 -0.1729
vn -0.4476 0.8525 -0.2700
vn -0.4930 0.8421 -0.2186
vn -0.2931 0.9407 -0.1710
vn -0.6782 0.6562 -0.3308
vn -0.2405 0.5655 0.7889
vn -0.4120 0.5318 0.7399
vn -0.3480 0.3268 0.8787
vn -0.2666 -0.0986 0.9588
vn -0.3415 0.0402 0.9390
vn -0.4607 0.0048 0.8875
vn -0.1537 0.1418 0.9779
vn -0.1835 0.0491 0.9818
vn -0.1847 0.2437 0.9521
vn -0.2554 0.3733 0.8919
vn -0.0868 0.5114 0.8549
vn -0.1353 0.5141 0.8470
vn -0.2703 0.4057 0.8731
vn -0.2951 0.4343 0.8511
vn -0.5128 0.1957 0.8359
vn -0.2940 0.2610 0.9195
vn -0.3724 0.5786 0.7257
vn -0.1831 0.7321 0.6562
vn -0.1248 0.4819 0.8673
vn -0.0782 0.7833 0.6167
vn -0.0488 0.8188 0.5720
vn 0.1555 0.7065 0.6904
vn 0.0066 0.4866 0.8736
vn 0.1556 -0.1068 0.9820
vn 0.0409 0.0894 0.9952
vn 0.1559 -0.1685 0.9733
vn -0.0428 -0.3598 0.9320
vn -0.0182 -0.0208 0.9996
vn -0.2131 -0.1850 0.9594
vn -0.3297 -0.0623 0.9420
vn -0.4991 -0.1342 0.8561
vn -0.3759 -0.3257 0.8675
vn -0.4983 0.0564 0.8652
vn -0.4458 0.2577 0.8572
vn -0.2545 0.2661 0.9297
vn -0.3838 0.3735 0.8445
vn -0.2602 0.5042 0.8234
vn -0.0870 0.5996 0.7956
vn 0.0249 0.5744 0.8182
vn 0.1661 0.3831 0.9087
vn 0.1840 0.5380 0.8226
vn 0.3224 0.3194 0.8911
vn 0.0391 0.1888 0.9812
vn 0.2468 0.1769 0.9528
vn 0.3932 -0.0167 0.9193
vn 0.3346 0.2059 0.9196
vn 0.3918 -0.0492 0.9187
vn 0.3526 -0.2398 0.9045
vn 0.3636 -0.2536 0.8964
vn 0.2774 -0.0214 0.9605
vn -0.1932 0.0234 0.9809
vn 0.2641 -0.3859 0.8839
vn -0.0546 -0.2734 0.9603
vn 0.0686 -0.4336 0.8985
vn -0.2187 -0.0519 0.9744
vn -0.3811 0.1746 0.9079
vn -0.3603 -0.1888 0.9135
vn -0.1629 -0.4172 0.8941
vn -0.5228 0.0603 0.8503
vn -0.2845 -0.0812 0.9552
vn -0.3992 0.3262 0.8569
vn -0.3630 0.6543 0.6634
vn -0.2437 0.6026 0.7599
vn -0.3662 0.4241 0.8283
vn -0.1475 0.1978 0.9691
vn -0.0901 -0.2455 0.9652
vn -0.4019 -0.3896 0.8287
vn -0.2752 -0.3486 0.8959
vn -0.1134 -0.4948 0.8616
vn -0.3847 -0.1435 0.9118
vn -0.5347 -0.1635 0.8291
vn 0.2539 -0.4179 0.8723
vn 0.2186 0.4193 0.8811
vn 0.1023 0.4998 0.8601
vn 0.0559 0.5889 0.8063
vn 0.1908 -0.5748 -0.7958
vn 0.1788 -0.5313 -0.8281
vn 0.2111 0.0781 -0.9743
vn 0.3292 0.3065 -0.8931
vn 0.4386 0.4054 -0.8020
vn 0.4344 0.6649 -0.6076
vn 0.2313 0.7599 -0.6075
vn 0.2964 0.6508 -0.6991
vn 0.2930 0.3598 -0.8858
vn 0.2211 0.0001 -0.9753
vn 0.1498 -0.1391 -0.9789
vn 0.3852 0.4846 -0.7854
vn 0.4120 0.3987 -0.8193
vn -0.3210 0.5835 -0.7460
vn 0.0399 0.6477 -0.7608
vn 0.6006 -0.1968 -0.7750
vn 0.4026 -0.2746 -0.8732
vn 0.7225 -0.1192 -0.6811
vn 0.8720 0.0309 -0.4885
vn 0.8681 -0.0578 -0.4931
vn 0.8650 0.1807 -0.4681
vn 0.7557 0.1582 -0.6356
vn 0.7791 0.1476 -0.6093
vn 0.6085 0.0959 -0.7877
vn 0.7714 0.2256 -0.5950
vn 0.5330 0.1493 -0.8329
vn 0.5144 0.6850 -0.5159
vn 0.6396 0.6785 -0.3613
vn 0.5407 0.7491 -0.3829
vn 0.6442 0.5960 -0.4793
vn 0.4694 0.7811 -0.4119
vn 0.7767 0.1574 -0.6099
vn 0.7206 0.2574 -0.6438
vn -0.1853 -0.0049 -0.9827
vn -0.1202 0.4615 -0.8790
vn -0.3406 0.0578 -0.9384
vn -0.1168 0.6234 -0.7731
vn -0.1880 0.2709 -0.9441
vn -0.1976 0.1756 -0.9644
vn -0.3763 -0.1447 -0.9151
vn -0.4987 -0.0998 -0.8610
vn -0.4795 -0.3626 -0.7992
vn -0.4770 -0.5564 -0.6804
vn -0.2484 -0.5617 -0.7892
vn -0.3874 -0.6490 -0.6548
vn -0.3627 -0.4953 -0.7894
vn -0.1012 -0.6216 -0.7767
vn -0.2657 -0.4499 -0.8526
vn -0.3357 -0.3957 -0.8548
vn -0.3354 -0.4395 -0.8333
vn 0.5213 0.5747 -0.6309
vn 0.5777 0.5065 -0.6401
vn 0.6104 0.6106 -0.5046
vn -0.2402 0.3308 -0.9126
vn -0.1127 -0.1423 -0.9834
vn -0.3310 -0.2384 -0.9130
vn -0.3284 -0.3921 -0.8593
vn -0.3251 -0.4593 -0.8266
vn 0.2812 0.1079 -0.9536
vn 0.4576 0.5131 -0.7262
vn 0.3423 0.3815 -0.8586
vn 0.3854 0.0583 -0.9209
vn 0.4265 0.1192 -0.8966
vn 0.4612 0.0290 -0.8868
vn -0.0456 0.0962 -0.9943
vn -0.2754 0.1952 -0.9413
vn -0.1484 0.2267 -0.9626
vn 0.0116 0.3241 -0.9459
vn -0.1832 0.3665 -0.9122
vn -0.0382 0.5062 -0.8616
vn 0.1857 0.6720 -0.7169
vn -0.0442 0.6367 -0.7698
vn -0.3751 0.1708 -0.9111
vn -0.2615 0.4731 -0.8413
vn -0.3249 0.3416 -0.8819
vn -0.1101 0.0047 -0.9939
vn 0.1222 -0.2307 -0.9653
vn -0.4534 -0.2584 -0.8530
vn -0.1600 -0.2885 -0.9440
vn -0.3330 -0.1885 -0.9239
vn -0.4582 -0.0036 -0.8888
vn -0.3707 0.4414 -0.8172
vn -0.1222 0.8318 -0.5414
vn -0.3219 0.8008 -0.5050
vn 0.2405 -0.2973 -0.9240
vn 0.6757 -0.1542 -0.7209
vn -0.5568 -0.6978 0.4506
vn -0.6830 -0.5555 0.4742
vn -0.6195 -0.3493 0.7030
vn -0.0541 -0.8404 0.5393
vn -0.5358 -0.8230 0.1885
vn -0.7277 -0.6799 0.0909
vn -0.5833 -0.8102 0.0577
vn -0.4369 -0.8901 0.1300
vn -0.4735 -0.8802 0.0308
vn -0.3774 -0.9239 -0.0631
vn -0.4469 -0.8873 -0.1136
vn -0.8188 -0.3935 -0.4179
vn -0.8819 -0.0457 -0.4693
vn -0.7410 -0.6227 -0.2513
vn -0.7760 -0.5522 -0.3049
vn -0.5580 -0.7358 -0.3836
vn -0.5423 -0.6797 -0.4939
vn -0.7903 -0.4567 -0.4084
vn -0.2847 -0.8281 -0.4829
vn -0.2545 -0.9100 -0.3273
vn -0.5135 -0.6513 -0.5587
vn -0.2344 -0.8086 -0.5397
vn -0.0880 -0.6506 -0.7543
vn -0.1141 -0.7059 -0.6991
vn -0.3114 -0.7485 -0.5855
vn -0.3957 -0.6773 -0.6202
vn -0.3281 -0.6837 -0.6519
vn -0.3221 -0.5994 -0.7328
vn -0.2474 -0.4841 -0.8393
vn -0.3646 -0.7675 -0.5272
vn -0.4737 -0.8549 -0.2116
vn -0.6787 -0.7342 -0.0180
vn -0.7229 -0.6148 -0.3154
vn -0.2135 -0.5858 -0.7818
vn -0.8483 -0.2065 -0.4876
vn -0.4207 -0.7037 -0.5726
vn -0.2569 -0.6944 -0.6722
vn -0.4706 -0.8235 -0.3169
vn -0.6132 -0.7418 -0.2716
vn -0.5646 -0.8205 -0.0896
vn -0.5601 -0.8258 -0.0659
vn -0.5599 -0.8268 -0.0535
vn -0.3638 -0.9283 0.0763
vn 0.0981 -0.7765 -0.6224
vn -0.0882 -0.6428 -0.7609
vn -0.3308 -0.7190 -0.6112
vn -0.4759 -0.8757 -0.0817
vn 0.2806 -0.7415 -0.6094
vn 0.0610 -0.6727 -0.7374
vn -0.1537 -0.9643 -0.2157
vn -0.7497 -0.5394 0.3833
vn -0.8421 -0.2226 0.4912
vn -0.4642 -0.8422 0.2742
vn -0.2364 -0.9326 0.2726
vn -0.0938 -0.9479 0.3046
vn 0.4289 -0.6925 0.5800
vn 0.4055 -0.8343 0.3735
vn 0.3680 -0.8348 0.4095
vn -0.4563 -0.8493 0.2655
vn -0.6302 -0.6154 0.4734
vt 0.053067 0.141482
vt 0.045926 0.131265
vt 0.054967 0.131783
vt 0.658976 0.803701
vt 0.664287 0.792259
vt 0.672817 0.810017
vt 0.561807 0.593313
vt 0.538503 0.615021
vt 0.538832 0.593352
vt 0.686506 0.177533
vt 0.689286 0.174266
vt 0.696227 0.186945
vt 0.682553 0.177308
vt 0.362346 0.806875
vt 0.355511 0.813594
vt 0.356226 0.805746
vt 0.468764 0.344301
vt 0.475875 0.344684
vt 0.472260 0.349040
vt 0.730647 0.379822
vt 0.743171 0.389299
vt 0.732838 0.399322
vt 0.748187 0.411908
vt 0.737013 0.420372
vt 0.414378 0.570587
vt 0.422662 0.570635
vt 0.422991 0.584794
vt 0.353459 0.385923
vt 0.355160 0.375253
vt 0.367217 0.377788
vt 0.416894 0.328475
vt 0.401093 0.318152
vt 0.422133 0.309908
vt 0.099641 0.194981
vt 0.110262 0.202841
vt 0.106004 0.207749
vt 0.372045 0.703923
vt 0.375429 0.694856
vt 0.383317 0.704182
vt 0.744566 0.373002
vt 0.732577 0.358177
vt 0.748452 0.366157
vt 0.757948 0.382279
vt 0.758250 0.388070
vt 0.133202 0.008670
vt 0.126024 0.014402
vt 0.126601 0.006090
vt 0.930933 0.126410
vt 0.927163 0.116932
vt 0.932843 0.119033
vt 0.517918 0.859186
vt 0.534133 0.864785
vt 0.514756 0.865515
vt 0.313605 0.548711
vt 0.319446 0.544184
vt 0.322567 0.553907
vt 0.282027 0.534812
vt 0.280547 0.519116
vt 0.284554 0.513933
vt 0.936904 0.621490
vt 0.918225 0.615578
vt 0.947546 0.618581
vt 0.301649 0.470821
vt 0.289587 0.462112
vt 0.310970 0.447027
vt 0.290468 0.448052
vt 0.306243 0.421490
vt 0.075124 0.297626
vt 0.088763 0.299156
vt 0.083429 0.309759
vt 0.045075 0.799724
vt 0.055536 0.806601
vt 0.049554 0.815711
vt 0.191261 0.249808
vt 0.199166 0.258672
vt 0.187554 0.258099
vt 0.141524 0.287362
vt 0.147605 0.283537
vt 0.152444 0.290192
vt 0.156541 0.284828
vt 0.164401 0.290319
vt 0.604457 0.298271
vt 0.599810 0.283794
vt 0.623126 0.277644
vt 0.625756 0.294547
vt 0.630312 0.937624
vt 0.634511 0.944239
vt 0.626730 0.950438
vt 0.044841 0.762449
vt 0.046972 0.775207
vt 0.035039 0.768080
vt 0.031519 0.775747
vt 0.017866 0.769401
vt 0.959577 0.452475
vt 0.956701 0.433892
vt 0.967639 0.443006
vt 0.052531 0.094090
vt 0.059293 0.084969
vt 0.072909 0.085308
vt 0.062202 0.096870
vt 0.033344 0.091938
vt 0.285618 0.704925
vt 0.291029 0.713818
vt 0.275913 0.722754
vt 0.277142 0.699776
vt 0.259873 0.346719
vt 0.256731 0.354965
vt 0.248676 0.348353
vt 0.252734 0.337777
vt 0.684331 0.702476
vt 0.673446 0.712172
vt 0.667538 0.704315
vt 0.282404 0.744486
vt 0.275776 0.741497
vt 0.283264 0.738941
vt 0.255533 0.769214
vt 0.247867 0.765679
vt 0.262974 0.761998
vt 0.264439 0.770591
vt 0.938663 0.667896
vt 0.939142 0.696944
vt 0.922372 0.687001
vt 0.263712 0.075007
vt 0.281002 0.084612
vt 0.254620 0.087902
vt 0.268516 0.885686
vt 0.264948 0.906235
vt 0.253467 0.904106
vt 0.283556 0.865599
vt 0.306059 0.855532
vt 0.302902 0.871672
vt 0.317106 0.870184
vt 0.321402 0.884569
vt 0.299099 0.886231
vt 0.071768 0.460895
vt 0.072643 0.446738
vt 0.083987 0.451735
vt 0.079454 0.468780
vt 0.086634 0.439742
vt 0.095060 0.447055
vt 0.136761 0.413206
vt 0.149972 0.418097
vt 0.154014 0.429372
vt 0.414109 0.465511
vt 0.408111 0.473613
vt 0.382801 0.452198
vt 0.470496 0.683505
vt 0.458154 0.698878
vt 0.462510 0.677644
vt 0.485087 0.670487
vt 0.607327 0.320113
vt 0.615055 0.314596
vt 0.626976 0.328114
vt 0.674697 0.006116
vt 0.685499 0.020137
vt 0.679328 0.026259
vt 0.669380 0.040172
vt 0.671232 0.023479
vt 0.898757 0.947219
vt 0.898867 0.937004
vt 0.905602 0.944947
vt 0.133848 0.284096
vt 0.124630 0.287283
vt 0.126922 0.281837
vt 0.223981 0.305155
vt 0.206315 0.299733
vt 0.202551 0.287393
vt 0.212930 0.283886
vt 0.153892 0.266205
vt 0.141470 0.262499
vt 0.155626 0.260130
vt 0.205733 0.687439
vt 0.194231 0.679807
vt 0.210548 0.677832
vt 0.159210 0.677461
vt 0.171299 0.671389
vt 0.159068 0.689616
vt 0.150695 0.690387
vt 0.946986 0.916502
vt 0.950404 0.931068
vt 0.942709 0.921606
vt 0.696472 0.820539
vt 0.684402 0.813854
vt 0.698699 0.814191
vt 0.709544 0.825142
vt 0.672880 0.227719
vt 0.682796 0.209170
vt 0.689363 0.228761
vt 0.817205 0.122692
vt 0.788095 0.136541
vt 0.815018 0.114055
vt 0.832062 0.116786
vt 0.736611 0.150479
vt 0.723834 0.149880
vt 0.726997 0.141896
vt 0.846527 0.351995
vt 0.847176 0.346766
vt 0.854604 0.351916
vt 0.855017 0.362472
vt 0.396523 0.895293
vt 0.382828 0.900943
vt 0.373602 0.888556
vt 0.390580 0.879714
vt 0.569266 0.955694
vt 0.585330 0.962497
vt 0.567700 0.967503
vt 0.336715 0.423607
vt 0.312982 0.401782
vt 0.539504 0.351460
vt 0.527356 0.347957
vt 0.537130 0.318848
vt 0.703011 0.860050
vt 0.699016 0.862920
vt 0.698350 0.858443
vt 0.694713 0.885930
vt 0.697399 0.876692
vt 0.700719 0.884637
vt 0.131064 0.489623
vt 0.143442 0.477789
vt 0.143052 0.492751
vt 0.743521 0.609263
vt 0.733601 0.616360
vt 0.729326 0.604424
vt 0.721807 0.612843
vt 0.433260 0.109807
vt 0.444650 0.113626
vt 0.440876 0.121595
vt 0.429683 0.117327
vt 0.426041 0.102701
vt 0.844510 0.665347
vt 0.841704 0.667716
vt 0.827876 0.658182
vt 0.675937 0.393530
vt 0.681033 0.385376
vt 0.685120 0.392444
vt 0.611411 0.433646
vt 0.613981 0.415523
vt 0.630518 0.432363
vt 0.058413 0.162458
vt 0.053030 0.160938
vt 0.055004 0.156257
vt 0.297691 0.782669
vt 0.298743 0.776878
vt 0.306711 0.778861
vt 0.311338 0.772945
vt 0.321240 0.771716
vt 0.315641 0.781878
vt 0.293662 0.773398
vt 0.275457 0.773409
vt 0.304131 0.762795
vt 0.391701 0.755010
vt 0.401514 0.768420
vt 0.387134 0.769976
vt 0.382695 0.760914
vt 0.133394 0.203661
vt 0.135612 0.197817
vt 0.143107 0.199011
vt 0.901862 0.177047
vt 0.900016 0.168040
vt 0.916844 0.163770
vt 0.617673 0.776452
vt 0.629357 0.790414
vt 0.610254 0.781949
vt 0.149184 0.226187
vt 0.149365 0.238303
vt 0.136710 0.225464
vt 0.130573 0.234810
vt 0.119035 0.231994
vt 0.131909 0.214425
vt 0.342954 0.741722
vt 0.324003 0.747408
vt 0.334555 0.735174
vt 0.325207 0.735721
vt 0.323222 0.722804
vt 0.333003 0.718871
vt 0.059079 0.209519
vt 0.070633 0.208435
vt 0.073177 0.226224
vt 0.061313 0.235386
vt 0.121296 0.107231
vt 0.144026 0.099051
vt 0.137114 0.122373
vt 0.128619 0.137258
vt 0.124102 0.126262
vt 0.187709 0.115496
vt 0.192523 0.107806
vt 0.199031 0.115381
vt 0.514245 0.722402
vt 0.522629 0.722192
vt 0.520386 0.725833
vt 0.241760 0.857965
vt 0.260275 0.861478
vt 0.243593 0.869031
vt 0.231907 0.865777
vt 0.124610 0.533508
vt 0.118956 0.544621
vt 0.114876 0.535880
vt 0.832552 0.414511
vt 0.833141 0.428343
vt 0.819927 0.411660
vt 0.153691 0.543939
vt 0.165002 0.538131
vt 0.172352 0.545709
vt 0.448607 0.108552
vt 0.432163 0.088608
vt 0.445561 0.095051
vt 0.463310 0.113651
vt 0.454434 0.120362
vt 0.424698 0.075397
vt 0.434191 0.073776
vt 0.439067 0.084765
vt 0.431631 0.062878
vt 0.437519 0.056963
vt 0.442144 0.072251
vt 0.449031 0.054948
vt 0.460125 0.069371
vt 0.475238 0.059902
vt 0.474791 0.074366
vt 0.464821 0.077287
vt 0.465107 0.085723
vt 0.483770 0.087480
vt 0.491150 0.095176
vt 0.483559 0.108682
vt 0.480571 0.122968
vt 0.463119 0.106219
vt 0.465841 0.125231
vt 0.475082 0.139592
vt 0.460766 0.132828
vt 0.447858 0.130013
vt 0.466349 0.147265
vt 0.445472 0.136746
vt 0.247369 0.462769
vt 0.253604 0.460735
vt 0.255646 0.473341
vt 0.255042 0.452877
vt 0.261230 0.457084
vt 0.552272 0.778308
vt 0.543270 0.769807
vt 0.551957 0.761365
vt 0.559416 0.798631
vt 0.544556 0.790332
vt 0.551200 0.803858
vt 0.547226 0.811027
vt 0.541036 0.803655
vt 0.539946 0.814299
vt 0.539721 0.818246
vt 0.527058 0.819291
vt 0.536716 0.827690
vt 0.533705 0.840492
vt 0.524431 0.827827
vt 0.525680 0.846292
vt 0.517523 0.837767
vt 0.532412 0.854162
vt 0.351494 0.052391
vt 0.345031 0.050066
vt 0.352448 0.042878
vt 0.331627 0.040489
vt 0.339219 0.034329
vt 0.331018 0.030711
vt 0.324225 0.041806
vt 0.323745 0.030728
vt 0.307134 0.027719
vt 0.315210 0.026252
vt 0.315876 0.028676
vt 0.298535 0.026287
vt 0.278879 0.023220
vt 0.299301 0.022594
vt 0.298802 0.019642
vt 0.278829 0.020353
vt 0.279879 0.016140
vt 0.266438 0.019144
vt 0.012556 0.781581
vt 0.020508 0.789821
vt 0.007335 0.789567
vt 0.015503 0.795246
vt 0.023730 0.799000
vt 0.013843 0.805439
vt 0.029299 0.806797
vt 0.020365 0.810691
vt 0.026446 0.818264
vt 0.015851 0.821432
vt 0.013412 0.814022
vt 0.920709 0.960979
vt 0.926885 0.940525
vt 0.940384 0.962863
vt 0.952013 0.949710
vt 0.939683 0.932622
vt 0.952604 0.941126
vt 0.949776 0.959592
vt 0.933591 0.938604
vt 0.967499 0.942656
vt 0.963459 0.949159
vt 0.272587 0.001816
vt 0.283289 0.004836
vt 0.269343 0.009719
vt 0.298557 0.015268
vt 0.308849 0.018914
vt 0.337819 0.028935
vt 0.360434 0.030994
vt 0.371466 0.040871
vt 0.353323 0.033760
vt 0.509970 0.860207
vt 0.515840 0.849349
vt 0.508808 0.845325
vt 0.505011 0.841946
vt 0.497028 0.852520
vt 0.497888 0.842280
vt 0.501006 0.833180
vt 0.507850 0.832244
vt 0.502623 0.825446
vt 0.503842 0.815727
vt 0.512517 0.810553
vt 0.520835 0.807024
vt 0.528031 0.804320
vt 0.526409 0.813724
vt 0.522725 0.782124
vt 0.529276 0.779328
vt 0.524801 0.794222
vt 0.536191 0.785385
vt 0.538263 0.797920
vt 0.539576 0.756011
vt 0.528651 0.750661
vt 0.527706 0.743268
vt 0.517178 0.738917
vt 0.517377 0.729838
vt 0.516627 0.716867
vt 0.942742 0.114458
vt 0.945628 0.112167
vt 0.950460 0.115680
vt 0.939968 0.110104
vt 0.264934 0.454048
vt 0.266634 0.460660
vt 0.420850 0.111168
vt 0.419037 0.099899
vt 0.418628 0.077947
vt 0.421313 0.062528
vt 0.426022 0.063624
vt 0.431470 0.049196
vt 0.451401 0.040469
vt 0.456168 0.050525
vt 0.473816 0.041268
vt 0.476254 0.049797
vt 0.505783 0.084150
vt 0.511042 0.102785
vt 0.502510 0.105566
vt 0.510511 0.136134
vt 0.491773 0.122384
vt 0.483559 0.148919
vt 0.489714 0.166429
vt 0.475376 0.164508
vt 0.462333 0.153884
vt 0.239600 0.465160
vt 0.242848 0.470882
vt 0.230106 0.468474
vt 0.217303 0.472716
vt 0.216421 0.465519
vt 0.223330 0.454312
vt 0.240933 0.457699
vt 0.239435 0.450130
vt 0.239351 0.439825
vt 0.250008 0.447624
vt 0.246755 0.438340
vt 0.251013 0.415748
vt 0.250985 0.426797
vt 0.244399 0.421195
vt 0.953613 0.176261
vt 0.954856 0.164848
vt 0.959212 0.163846
vt 0.565337 0.791281
vt 0.570977 0.797455
vt 0.560296 0.804061
vt 0.566884 0.804806
vt 0.558403 0.810888
vt 0.552745 0.817697
vt 0.549902 0.813605
vt 0.563057 0.816732
vt 0.547208 0.826531
vt 0.543939 0.820841
vt 0.566899 0.824736
vt 0.884132 0.484263
vt 0.886206 0.495469
vt 0.874610 0.496691
vt 0.893834 0.495421
vt 0.890680 0.506540
vt 0.344633 0.060568
vt 0.353822 0.064268
vt 0.316002 0.033471
vt 0.277439 0.029456
vt 0.290131 0.030935
vt 0.277564 0.025996
vt 0.014409 0.778708
vt 0.025720 0.783993
vt 0.030277 0.795209
vt 0.095008 0.575743
vt 0.118862 0.564937
vt 0.120732 0.570612
vt 0.105282 0.585888
vt 0.905092 0.962996
vt 0.903914 0.969949
vt 0.892202 0.962580
vt 0.893255 0.928928
vt 0.882565 0.935426
vt 0.925450 0.903135
vt 0.926906 0.918046
vt 0.917745 0.906335
vt 0.933933 0.911523
vt 0.935007 0.924780
vt 0.961518 0.902945
vt 0.962716 0.920531
vt 0.955186 0.901004
vt 0.957783 0.928054
vt 0.971898 0.921827
vt 0.969712 0.934075
vt 0.310821 0.012138
vt 0.317572 0.012641
vt 0.323613 0.023067
vt 0.315986 0.023568
vt 0.344732 0.021158
vt 0.353757 0.023827
vt 0.345002 0.027915
vt 0.378437 0.033795
vt 0.376526 0.036967
vt 0.494571 0.862472
vt 0.501270 0.863077
vt 0.382156 0.024298
vt 0.363282 0.020069
vt 0.383043 0.020766
vt 0.483388 0.852426
vt 0.482132 0.844532
vt 0.487495 0.843362
vt 0.493458 0.834803
vt 0.484188 0.833363
vt 0.493379 0.824939
vt 0.487755 0.815664
vt 0.496129 0.804994
vt 0.508510 0.760471
vt 0.525333 0.767862
vt 0.515980 0.784066
vt 0.514610 0.747733
vt 0.521221 0.757188
vt 0.508468 0.751756
vt 0.502681 0.736554
vt 0.504851 0.731889
vt 0.497972 0.725274
vt 0.504652 0.723397
vt 0.937905 0.132397
vt 0.940140 0.122812
vt 0.945491 0.127627
vt 0.947534 0.124139
vt 0.933722 0.115317
vt 0.931760 0.111219
vt 0.474529 0.720668
vt 0.473854 0.730158
vt 0.472217 0.719831
vt 0.419999 0.040974
vt 0.425613 0.045275
vt 0.424323 0.029442
vt 0.425115 0.005950
vt 0.428227 0.010273
vt 0.434363 0.028984
vt 0.438488 0.018637
vt 0.443246 0.029436
vt 0.460689 0.027007
vt 0.474864 0.015486
vt 0.482109 0.032371
vt 0.491859 0.023836
vt 0.497979 0.033834
vt 0.521505 0.050752
vt 0.532371 0.064164
vt 0.519827 0.066332
vt 0.551346 0.073447
vt 0.530582 0.073858
vt 0.526605 0.094343
vt 0.545222 0.107622
vt 0.525701 0.125294
vt 0.523690 0.138319
vt 0.517051 0.187529
vt 0.499377 0.188869
vt 0.499743 0.176725
vt 0.173294 0.492551
vt 0.181874 0.485119
vt 0.206373 0.487438
vt 0.179021 0.478908
vt 0.191781 0.470930
vt 0.193075 0.478335
vt 0.204397 0.468843
vt 0.212543 0.457146
vt 0.210181 0.446042
vt 0.202879 0.434711
vt 0.222404 0.444450
vt 0.236763 0.426521
vt 0.232436 0.415951
vt 0.239015 0.419004
vt 0.245320 0.404104
vt 0.250994 0.404180
vt 0.961965 0.172989
vt 0.962464 0.156216
vt 0.964434 0.162796
vt 0.958315 0.196040
vt 0.959030 0.180424
vt 0.963779 0.202696
vt 0.959261 0.208011
vt 0.953489 0.230197
vt 0.945512 0.203304
vt 0.955228 0.211037
vt 0.941338 0.238924
vt 0.942898 0.225843
vt 0.948255 0.243469
vt 0.949844 0.250247
vt 0.940856 0.250384
vt 0.598768 0.791347
vt 0.592087 0.797755
vt 0.569418 0.809573
vt 0.576423 0.819727
vt 0.591981 0.824617
vt 0.579190 0.828636
vt 0.881590 0.460747
vt 0.889553 0.463943
vt 0.879503 0.473005
vt 0.899190 0.460774
vt 0.909954 0.474403
vt 0.894321 0.483372
vt 0.316356 0.044193
vt 0.324001 0.056577
vt 0.264097 0.025807
vt 0.036893 0.803935
vt 0.033430 0.792176
vt 0.081517 0.580924
vt 0.089238 0.568751
vt 0.091348 0.571805
vt 0.084126 0.582709
vt 0.116343 0.558754
vt 0.128463 0.555984
vt 0.142160 0.558803
vt 0.131041 0.565135
vt 0.142984 0.563830
vt 0.166894 0.558331
vt 0.181115 0.564379
vt 0.168508 0.564140
vt 0.850819 0.928204
vt 0.846625 0.916749
vt 0.864071 0.921836
vt 0.878072 0.925971
vt 0.857063 0.940032
vt 0.869009 0.909133
vt 0.874104 0.917165
vt 0.885745 0.893734
vt 0.897129 0.891619
vt 0.900525 0.906707
vt 0.892071 0.910070
vt 0.909860 0.896629
vt 0.920371 0.887465
vt 0.929903 0.886258
vt 0.932565 0.901128
vt 0.962110 0.883126
vt 0.965382 0.882874
vt 0.966916 0.890514
vt 0.961647 0.876392
vt 0.327994 0.010171
vt 0.334730 0.012064
vt 0.331957 0.017386
vt 0.344205 0.016843
vt 0.332413 0.021386
vt 0.353470 0.019028
vt 0.343327 0.012338
vt 0.360167 0.003624
vt 0.359730 0.010231
vt 0.958954 0.852580
vt 0.950578 0.831205
vt 0.965224 0.841754
vt 0.943178 0.874676
vt 0.948784 0.863975
vt 0.955343 0.876489
vt 0.936360 0.878388
vt 0.934582 0.871101
vt 0.925970 0.871514
vt 0.927728 0.879018
vt 0.917232 0.872243
vt 0.908095 0.881438
vt 0.884135 0.887226
vt 0.882210 0.879838
vt 0.890771 0.877372
vt 0.863102 0.880454
vt 0.871999 0.873266
vt 0.873170 0.882022
vt 0.216406 0.560117
vt 0.225485 0.572559
vt 0.212974 0.563776
vt 0.202301 0.555214
vt 0.193811 0.545391
vt 0.210630 0.546350
vt 0.188548 0.528094
vt 0.179762 0.523850
vt 0.183877 0.516414
vt 0.191889 0.514105
vt 0.204175 0.515683
vt 0.191865 0.521802
vt 0.207029 0.510811
vt 0.223530 0.514294
vt 0.203390 0.523585
vt 0.609679 0.687639
vt 0.617640 0.681282
vt 0.610826 0.691961
vt 0.613835 0.670752
vt 0.628192 0.664479
vt 0.637269 0.656225
vt 0.627596 0.675102
vt 0.640957 0.659182
vt 0.649024 0.652074
vt 0.645080 0.662346
vt 0.656241 0.644566
vt 0.661272 0.648411
vt 0.657860 0.659352
vt 0.894278 0.827337
vt 0.886144 0.840199
vt 0.884091 0.831236
vt 0.907142 0.833563
vt 0.900337 0.845739
vt 0.886010 0.851985
vt 0.874340 0.854113
vt 0.900264 0.856971
vt 0.886295 0.861223
vt 0.880588 0.872135
vt 0.878419 0.864169
vt 0.940803 0.862134
vt 0.932743 0.862869
vt 0.930410 0.843799
vt 0.947112 0.852915
vt 0.949675 0.841853
vt 0.966107 0.830478
vt 0.372003 0.007586
vt 0.481094 0.862654
vt 0.467957 0.851887
vt 0.476168 0.848942
vt 0.477118 0.833249
vt 0.475970 0.840590
vt 0.467681 0.836253
vt 0.478810 0.823850
vt 0.480137 0.814471
vt 0.474224 0.803941
vt 0.480016 0.790117
vt 0.488120 0.800181
vt 0.486716 0.774768
vt 0.494253 0.783665
vt 0.488060 0.762035
vt 0.493133 0.759558
vt 0.497376 0.769361
vt 0.490971 0.748761
vt 0.500751 0.762987
vt 0.496755 0.743445
vt 0.486994 0.739283
vt 0.491249 0.728571
vt 0.481973 0.730371
vt 0.487739 0.721502
vt 0.479950 0.735867
vt 0.477840 0.721717
vt 0.478139 0.750365
vt 0.410546 0.055565
vt 0.416193 0.061270
vt 0.412703 0.066225
vt 0.742539 0.582802
vt 0.746448 0.570971
vt 0.749851 0.573241
vt 0.464553 0.011127
vt 0.455697 0.009922
vt 0.700063 0.539973
vt 0.679894 0.537983
vt 0.669659 0.530547
vt 0.554257 0.061415
vt 0.569266 0.071089
vt 0.551333 0.087973
vt 0.558837 0.108395
vt 0.539061 0.141642
vt 0.537121 0.152571
vt 0.529074 0.150809
vt 0.524782 0.162520
vt 0.531653 0.165706
vt 0.521207 0.175279
vt 0.513201 0.173576
vt 0.134427 0.528291
vt 0.127247 0.523714
vt 0.139460 0.519308
vt 0.114784 0.525043
vt 0.115677 0.513129
vt 0.122399 0.513828
vt 0.143522 0.464057
vt 0.133826 0.462894
vt 0.110041 0.438947
vt 0.108510 0.415887
vt 0.119367 0.438783
vt 0.118483 0.396560
vt 0.119514 0.387188
vt 0.138222 0.398155
vt 0.138180 0.385487
vt 0.149612 0.389987
vt 0.165856 0.385613
vt 0.178498 0.380860
vt 0.181523 0.395047
vt 0.484701 0.612560
vt 0.487771 0.622479
vt 0.478533 0.624795
vt 0.473045 0.605176
vt 0.471334 0.594756
vt 0.480048 0.591820
vt 0.485925 0.600749
vt 0.475778 0.582361
vt 0.479947 0.580857
vt 0.483428 0.579491
vt 0.479632 0.569065
vt 0.488745 0.577180
vt 0.478446 0.556691
vt 0.469070 0.535347
vt 0.476862 0.532521
vt 0.481176 0.543441
vt 0.968596 0.286381
vt 0.978754 0.276293
vt 0.983417 0.290965
vt 0.978432 0.302359
vt 0.967067 0.298338
vt 0.976908 0.317085
vt 0.957078 0.307545
vt 0.945257 0.308646
vt 0.955458 0.320883
vt 0.966024 0.327509
vt 0.946827 0.343838
vt 0.937038 0.336809
vt 0.941553 0.326411
vt 0.897696 0.374381
vt 0.905124 0.390051
vt 0.887878 0.388216
vt 0.888372 0.403887
vt 0.912888 0.407971
vt 0.895225 0.419639
vt 0.908775 0.421773
vt 0.901441 0.448333
vt 0.905297 0.435330
vt 0.918511 0.439171
vt 0.914952 0.463274
vt 0.933169 0.457243
vt 0.931258 0.468156
vt 0.936064 0.481977
vt 0.933504 0.491790
vt 0.928163 0.478992
vt 0.944706 0.495477
vt 0.932620 0.500565
vt 0.959108 0.493826
vt 0.956478 0.503635
vt 0.946657 0.507527
vt 0.289620 0.046354
vt 0.306772 0.039622
vt 0.299167 0.050397
vt 0.279172 0.045758
vt 0.269087 0.046893
vt 0.270762 0.040560
vt 0.044738 0.148524
vt 0.039712 0.143869
vt 0.067322 0.750280
vt 0.075992 0.754915
vt 0.060174 0.760321
vt 0.069879 0.778944
vt 0.060866 0.775312
vt 0.061139 0.786788
vt 0.036819 0.789225
vt 0.041309 0.783591
vt 0.209486 0.262934
vt 0.212338 0.253006
vt 0.197671 0.266768
vt 0.186349 0.270432
vt 0.186231 0.264433
vt 0.175672 0.267024
vt 0.175464 0.272442
vt 0.167658 0.270851
vt 0.152173 0.276925
vt 0.147873 0.270993
vt 0.155217 0.276926
vt 0.150029 0.279927
vt 0.141806 0.276324
vt 0.135039 0.270349
vt 0.958984 0.085341
vt 0.955680 0.076787
vt 0.964292 0.085085
vt 0.958734 0.077129
vt 0.945550 0.069771
vt 0.918254 0.046102
vt 0.927301 0.050254
vt 0.925384 0.054300
vt 0.904425 0.041811
vt 0.911263 0.043551
vt 0.902974 0.046658
vt 0.178663 0.519405
vt 0.883909 0.040802
vt 0.873308 0.034758
vt 0.889011 0.037966
vt 0.871925 0.041844
vt 0.863455 0.034673
vt 0.846089 0.026634
vt 0.232723 0.509733
vt 0.238983 0.515433
vt 0.236868 0.521206
vt 0.216408 0.537876
vt 0.243776 0.532565
vt 0.229925 0.535957
vt 0.577031 0.711410
vt 0.564494 0.707337
vt 0.583535 0.695666
vt 0.586155 0.701595
vt 0.592835 0.687789
vt 0.595704 0.697818
vt 0.600128 0.683031
vt 0.608015 0.681171
vt 0.601353 0.687201
vt 0.603192 0.693431
vt 0.634141 0.653571
vt 0.640809 0.644429
vt 0.644904 0.648523
vt 0.687050 0.632658
vt 0.693164 0.623534
vt 0.697319 0.630373
vt 0.690758 0.638609
vt 0.706338 0.624917
vt 0.717743 0.627367
vt 0.709032 0.631202
vt 0.917715 0.833230
vt 0.914314 0.819449
vt 0.929605 0.831175
vt 0.934654 0.819637
vt 0.954249 0.818892
vt 0.753125 0.615778
vt 0.763435 0.612996
vt 0.753202 0.625489
vt 0.766990 0.578577
vt 0.766414 0.597278
vt 0.754566 0.600428
vt 0.410635 0.007452
vt 0.419541 0.008967
vt 0.407930 0.022166
vt 0.702886 0.619247
vt 0.708924 0.611475
vt 0.712979 0.616516
vt 0.714726 0.603183
vt 0.719436 0.609464
vt 0.724575 0.598893
vt 0.728878 0.587004
vt 0.734651 0.592365
vt 0.735871 0.577887
vt 0.716507 0.595473
vt 0.723110 0.584257
vt 0.714941 0.583647
vt 0.722819 0.564864
vt 0.731644 0.565031
vt 0.707888 0.582092
vt 0.703398 0.567937
vt 0.545268 0.026828
vt 0.548219 0.016341
vt 0.557762 0.026555
vt 0.546363 0.037806
vt 0.570511 0.023802
vt 0.573017 0.034025
vt 0.582438 0.077853
vt 0.583957 0.066018
vt 0.566873 0.137069
vt 0.546483 0.132580
vt 0.558390 0.172736
vt 0.554058 0.181599
vt 0.544228 0.178469
vt 0.577236 0.196918
vt 0.575352 0.204418
vt 0.570289 0.195080
vt 0.103268 0.525064
vt 0.096526 0.513042
vt 0.106697 0.512878
vt 0.106422 0.464976
vt 0.117427 0.462411
vt 0.116003 0.474542
vt 0.104047 0.449353
vt 0.118453 0.450517
vt 0.091126 0.425263
vt 0.080041 0.407594
vt 0.099067 0.421861
vt 0.081431 0.384118
vt 0.097856 0.404078
vt 0.085022 0.376988
vt 0.093674 0.392024
vt 0.097881 0.389863
vt 0.098427 0.375741
vt 0.103712 0.387578
vt 0.103252 0.372365
vt 0.113743 0.372107
vt 0.153003 0.378537
vt 0.154958 0.366641
vt 0.152784 0.351939
vt 0.166603 0.358517
vt 0.167699 0.373536
vt 0.443951 0.620980
vt 0.456332 0.641989
vt 0.445303 0.643090
vt 0.453902 0.609693
vt 0.463687 0.612271
vt 0.454415 0.619809
vt 0.466697 0.559132
vt 0.461346 0.537689
vt 0.472658 0.558119
vt 0.462626 0.522680
vt 0.456395 0.506524
vt 0.470240 0.520371
vt 0.456611 0.486383
vt 0.449396 0.487255
vt 0.447330 0.461924
vt 0.993795 0.351903
vt 0.977672 0.363866
vt 0.986213 0.338660
vt 0.976495 0.332841
vt 0.967800 0.356539
vt 0.956791 0.351100
vt 0.020509 0.591587
vt 0.034169 0.586453
vt 0.033111 0.602144
vt 0.942202 0.437206
vt 0.934319 0.445754
vt 0.930081 0.430523
vt 0.945077 0.451097
vt 0.944523 0.483882
vt 0.938464 0.470518
vt 0.963975 0.479123
vt 0.976453 0.493498
vt 0.085663 0.738609
vt 0.083130 0.726219
vt 0.230065 0.269867
vt 0.233618 0.258626
vt 0.240219 0.272708
vt 0.222160 0.278564
vt 0.220376 0.266745
vt 0.187011 0.276382
vt 0.189934 0.288484
vt 0.177166 0.290804
vt 0.186583 0.282470
vt 0.167326 0.284153
vt 0.159995 0.283216
vt 0.163426 0.279654
vt 0.191176 0.295352
vt 0.176266 0.297686
vt 0.131455 0.646833
vt 0.121380 0.658226
vt 0.117728 0.653988
vt 0.111244 0.666603
vt 0.109106 0.664116
vt 0.410143 0.228141
vt 0.411077 0.216680
vt 0.414560 0.228921
vt 0.405744 0.204829
vt 0.411284 0.206430
vt 0.931030 0.101778
vt 0.934279 0.095681
vt 0.944380 0.098629
vt 0.938475 0.091579
vt 0.886766 0.051066
vt 0.879456 0.047157
vt 0.888438 0.046130
vt 0.894902 0.049578
vt 0.896409 0.044958
vt 0.909034 0.052540
vt 0.901658 0.055415
vt 0.921243 0.060379
vt 0.907343 0.062814
vt 0.924147 0.064618
vt 0.943003 0.073123
vt 0.930775 0.074005
vt 0.933685 0.067909
vt 0.953573 0.091633
vt 0.934221 0.083388
vt 0.948276 0.094032
vt 0.129739 0.277242
vt 0.861966 0.041962
vt 0.851922 0.038002
vt 0.839967 0.038380
vt 0.824662 0.034222
vt 0.818072 0.027846
vt 0.819093 0.017574
vt 0.807195 0.016501
vt 0.793812 0.013438
vt 0.798358 0.008382
vt 0.794415 0.029346
vt 0.782897 0.030735
vt 0.783625 0.016705
vt 0.770394 0.029647
vt 0.758126 0.031756
vt 0.771322 0.043583
vt 0.628535 0.749720
vt 0.637349 0.755944
vt 0.627392 0.756737
vt 0.635711 0.766270
vt 0.636244 0.776244
vt 0.644521 0.776920
vt 0.645388 0.788433
vt 0.643576 0.801279
vt 0.649433 0.812994
vt 0.640371 0.802513
vt 0.666399 0.821768
vt 0.668379 0.827011
vt 0.657771 0.822112
vt 0.518195 0.576234
vt 0.521953 0.576265
vt 0.520421 0.599291
vt 0.636577 0.026948
vt 0.638544 0.001936
vt 0.642891 0.021460
vt 0.638067 0.047108
vt 0.632360 0.061484
vt 0.625455 0.043715
vt 0.598680 0.105481
vt 0.592552 0.121306
vt 0.580561 0.126576
vt 0.575271 0.110651
vt 0.580515 0.147919
vt 0.559572 0.148969
vt 0.579792 0.169213
vt 0.565963 0.164525
vt 0.581992 0.181070
vt 0.579454 0.189438
vt 0.571872 0.187108
vt 0.088618 0.536755
vt 0.080197 0.525851
vt 0.103859 0.536628
vt 0.078737 0.514544
vt 0.073757 0.481837
vt 0.062579 0.475181
vt 0.040256 0.469129
vt 0.060773 0.466443
vt 0.057757 0.458234
vt 0.062532 0.442900
vt 0.263644 0.873591
vt 0.266877 0.878829
vt 0.250752 0.886926
vt 0.277605 0.876279
vt 0.279079 0.892704
vt 0.289441 0.894394
vt 0.277897 0.901339
vt 0.276664 0.907301
vt 0.068010 0.408314
vt 0.064417 0.397534
vt 0.073600 0.408489
vt 0.070494 0.419122
vt 0.076447 0.428768
vt 0.085534 0.429227
vt 0.072585 0.390455
vt 0.072182 0.376650
vt 0.076702 0.371402
vt 0.075199 0.354723
vt 0.085979 0.368304
vt 0.085208 0.358987
vt 0.087772 0.353292
vt 0.099987 0.358818
vt 0.088821 0.340836
vt 0.106523 0.352067
vt 0.132705 0.356367
vt 0.391061 0.645736
vt 0.401431 0.636036
vt 0.402987 0.646234
vt 0.428953 0.623080
vt 0.433802 0.633201
vt 0.423069 0.634070
vt 0.411644 0.627312
vt 0.423609 0.614450
vt 0.450576 0.565850
vt 0.451275 0.552693
vt 0.455900 0.540665
vt 0.428779 0.495669
vt 0.408431 0.494357
vt 0.394183 0.484513
vt 0.359109 0.482064
vt 0.370518 0.470753
vt 0.378210 0.461038
vt 0.417911 0.298870
vt 0.392392 0.298778
vt 0.413512 0.289598
vt 0.086822 0.647975
vt 0.066168 0.627381
vt 0.075053 0.620975
vt 0.077295 0.655149
vt 0.058711 0.684115
vt 0.047856 0.675521
vt 0.055385 0.659788
vt 0.979270 0.427455
vt 0.966324 0.428124
vt 0.967881 0.413788
vt 0.075886 0.710532
vt 0.076658 0.724277
vt 0.069281 0.721697
vt 0.092298 0.687631
vt 0.093488 0.713926
vt 0.087107 0.712452
vt 0.295116 0.291895
vt 0.292797 0.297673
vt 0.272662 0.278707
vt 0.267057 0.282270
vt 0.288574 0.301942
vt 0.267137 0.293514
vt 0.258773 0.296060
vt 0.244170 0.300127
vt 0.249634 0.288567
vt 0.267550 0.313424
vt 0.264621 0.322652
vt 0.247634 0.319039
vt 0.250574 0.314557
vt 0.234626 0.305379
vt 0.288539 0.351389
vt 0.274672 0.345999
vt 0.276920 0.339399
vt 0.267385 0.360108
vt 0.270229 0.354616
vt 0.247312 0.351998
vt 0.241197 0.329472
vt 0.235014 0.325617
vt 0.220867 0.312667
vt 0.205707 0.305683
vt 0.163178 0.647995
vt 0.147808 0.651311
vt 0.146997 0.644651
vt 0.134423 0.654251
vt 0.125932 0.665484
vt 0.397039 0.224422
vt 0.397779 0.213833
vt 0.406810 0.226519
vt 0.402348 0.190803
vt 0.410856 0.182436
vt 0.410448 0.194283
vt 0.417282 0.188538
vt 0.415087 0.185147
vt 0.422838 0.172453
vt 0.921135 0.087812
vt 0.927228 0.091419
vt 0.923470 0.095744
vt 0.899585 0.063247
vt 0.907081 0.066521
vt 0.875428 0.063188
vt 0.868187 0.051088
vt 0.877054 0.052757
vt 0.860670 0.047136
vt 0.851091 0.045995
vt 0.840183 0.050763
vt 0.828080 0.051992
vt 0.827316 0.046433
vt 0.816462 0.038845
vt 0.827076 0.040348
vt 0.805005 0.034632
vt 0.794190 0.042886
vt 0.805386 0.025770
vt 0.782682 0.047897
vt 0.771459 0.050314
vt 0.760015 0.050787
vt 0.640240 0.742427
vt 0.648609 0.746252
vt 0.647045 0.752251
vt 0.654416 0.778105
vt 0.678686 0.792522
vt 0.676080 0.805480
vt 0.696808 0.804522
vt 0.692039 0.781093
vt 0.717829 0.742792
vt 0.728972 0.735327
vt 0.721799 0.745920
vt 0.749781 0.699172
vt 0.770314 0.693070
vt 0.757512 0.700959
vt 0.804516 0.678619
vt 0.792287 0.682173
vt 0.792716 0.677278
vt 0.804610 0.672154
vt 0.809350 0.662016
vt 0.819245 0.657754
vt 0.821669 0.666709
vt 0.173809 0.024536
vt 0.163590 0.020540
vt 0.166413 0.017439
vt 0.154722 0.015397
vt 0.144727 0.015372
vt 0.148982 0.012410
vt 0.150247 0.020835
vt 0.149100 0.032314
vt 0.144095 0.040579
vt 0.146341 0.028719
vt 0.132034 0.044806
vt 0.127148 0.057052
vt 0.123013 0.053788
vt 0.080307 0.069039
vt 0.048889 0.080951
vt 0.076629 0.062376
vt 0.433789 0.857460
vt 0.434928 0.872899
vt 0.420708 0.882500
vt 0.891370 0.320924
vt 0.901636 0.308219
vt 0.912709 0.310247
vt 0.871925 0.283708
vt 0.883866 0.282663
vt 0.888183 0.301241
vt 0.858975 0.268777
vt 0.870099 0.269196
vt 0.825113 0.248163
vt 0.836941 0.238923
vt 0.836366 0.250909
vt 0.813668 0.243953
vt 0.816008 0.223251
vt 0.827238 0.223831
vt 0.806813 0.137429
vt 0.813315 0.144503
vt 0.800956 0.153336
vt 0.790659 0.142780
vt 0.820882 0.128230
vt 0.775221 0.149805
vt 0.159439 0.911412
vt 0.174984 0.914082
vt 0.172173 0.919963
vt 0.709477 0.167054
vt 0.716303 0.156671
vt 0.728139 0.171304
vt 0.722441 0.181621
vt 0.713213 0.189123
vt 0.700330 0.173618
vt 0.688271 0.165618
vt 0.699851 0.202365
vt 0.690637 0.194915
vt 0.685188 0.185785
vt 0.700670 0.215862
vt 0.681365 0.188706
vt 0.676878 0.190422
vt 0.665605 0.205184
vt 0.654041 0.194772
vt 0.646107 0.212075
vt 0.657898 0.224425
vt 0.640585 0.222846
vt 0.633414 0.203174
vt 0.051290 0.543499
vt 0.050552 0.534202
vt 0.064410 0.535810
vt 0.063485 0.515579
vt 0.040914 0.507545
vt 0.066658 0.504561
vt 0.036543 0.497843
vt 0.052090 0.488581
vt 0.028090 0.486445
vt 0.039228 0.486988
vt 0.039573 0.477308
vt 0.258641 0.844278
vt 0.272077 0.845833
vt 0.257681 0.855155
vt 0.272506 0.860862
vt 0.261992 0.867596
vt 0.284577 0.848225
vt 0.302895 0.846801
vt 0.284042 0.857111
vt 0.305219 0.832761
vt 0.310628 0.840528
vt 0.319239 0.834488
vt 0.315030 0.848529
vt 0.344183 0.860408
vt 0.359702 0.864588
vt 0.337216 0.873215
vt 0.319493 0.899321
vt 0.307213 0.903747
vt 0.310935 0.888868
vt 0.062150 0.380992
vt 0.065020 0.367537
vt 0.060588 0.345649
vt 0.064597 0.342797
vt 0.076278 0.347532
vt 0.075232 0.335671
vt 0.110442 0.332007
vt 0.143865 0.326415
vt 0.148883 0.338385
vt 0.131207 0.333834
vt 0.378081 0.635467
vt 0.379668 0.650192
vt 0.400270 0.622781
vt 0.389099 0.612085
vt 0.399520 0.608124
vt 0.410270 0.608602
vt 0.409291 0.597249
vt 0.430057 0.605341
vt 0.429628 0.563006
vt 0.439795 0.560816
vt 0.438495 0.575988
vt 0.434764 0.557333
vt 0.448493 0.545743
vt 0.310632 0.493385
vt 0.305455 0.483315
vt 0.319249 0.475947
vt 0.289152 0.482400
vt 0.675430 0.851947
vt 0.643939 0.853124
vt 0.664216 0.844483
vt 0.617532 0.868725
vt 0.614335 0.862596
vt 0.610287 0.883169
vt 0.585078 0.891742
vt 0.582365 0.886102
vt 0.588307 0.898516
vt 0.570279 0.910639
vt 0.481484 0.658309
vt 0.464453 0.653454
vt 0.481652 0.647870
vt 0.462566 0.666499
vt 0.430747 0.672369
vt 0.422970 0.671864
vt 0.430845 0.662639
vt 0.413858 0.715756
vt 0.406254 0.702692
vt 0.408401 0.692290
vt 0.381701 0.736733
vt 0.381612 0.746619
vt 0.370793 0.731714
vt 0.366730 0.738090
vt 0.358597 0.723624
vt 0.351357 0.725559
vt 0.357168 0.742749
vt 0.345514 0.735464
vt 0.328105 0.776777
vt 0.331788 0.764066
vt 0.141967 0.246916
vt 0.113104 0.237659
vt 0.100929 0.237416
vt 0.356210 0.766814
vt 0.349624 0.752657
vt 0.362773 0.756114
vt 0.371505 0.761446
vt 0.374808 0.758502
vt 0.379977 0.772336
vt 0.091130 0.261474
vt 0.092493 0.246907
vt 0.096817 0.250788
vt 0.084461 0.261467
vt 0.078519 0.261236
vt 0.082005 0.232612
vt 0.090280 0.229749
vt 0.082535 0.212879
vt 0.095455 0.215145
vt 0.089679 0.196461
vt 0.093565 0.194478
vt 0.097049 0.206003
vt 0.093221 0.171841
vt 0.095875 0.186093
vt 0.089695 0.171230
vt 0.087363 0.183266
vt 0.070247 0.153684
vt 0.069206 0.148946
vt 0.074761 0.152302
vt 0.067605 0.158817
vt 0.064871 0.152416
vt 0.061124 0.155926
vt 0.058874 0.151937
vt 0.062603 0.143381
vt 0.070012 0.143977
vt 0.070907 0.141733
vt 0.075339 0.144042
vt 0.077401 0.140739
vt 0.086349 0.148418
vt 0.087947 0.155830
vt 0.092637 0.155349
vt 0.099188 0.167258
vt 0.099832 0.175899
vt 0.104571 0.182594
vt 0.104455 0.191759
vt 0.137752 0.191194
vt 0.125584 0.200344
vt 0.157207 0.183539
vt 0.154655 0.193544
vt 0.147246 0.192126
vt 0.163528 0.185399
vt 0.159495 0.171333
vt 0.170106 0.147924
vt 0.177673 0.165200
vt 0.180656 0.149636
vt 0.181168 0.133998
vt 0.191460 0.125155
vt 0.192345 0.141433
vt 0.226412 0.132439
vt 0.205247 0.143025
vt 0.204156 0.133105
vt 0.202412 0.124142
vt 0.225200 0.121273
vt 0.214065 0.123185
vt 0.193470 0.096031
vt 0.193796 0.085871
vt 0.204130 0.091956
vt 0.176473 0.097799
vt 0.168503 0.093455
vt 0.161355 0.076267
vt 0.167318 0.084719
vt 0.156719 0.084919
vt 0.142086 0.090012
vt 0.131901 0.098103
vt 0.123398 0.094684
vt 0.133173 0.072630
vt 0.116081 0.103891
vt 0.107807 0.111064
vt 0.101416 0.113189
vt 0.052564 0.115504
vt 0.054043 0.110233
vt 0.060501 0.111664
vt 0.047813 0.122985
vt 0.044713 0.114959
vt 0.040735 0.124267
vt 0.033101 0.122609
vt 0.037518 0.112348
vt 0.029280 0.099472
vt 0.027939 0.105791
vt 0.012523 0.104025
vt 0.793328 0.384492
vt 0.779383 0.374121
vt 0.796430 0.378107
vt 0.782584 0.368113
vt 0.764254 0.366149
vt 0.752598 0.356178
vt 0.767651 0.357227
vt 0.753339 0.350785
vt 0.770003 0.352639
vt 0.737523 0.343991
vt 0.739508 0.337658
vt 0.755477 0.341146
vt 0.788532 0.292113
vt 0.776717 0.306943
vt 0.775189 0.269539
vt 0.788621 0.272865
vt 0.749563 0.247845
vt 0.755096 0.234321
vt 0.776114 0.256313
vt 0.753564 0.227246
vt 0.753619 0.205356
vt 0.762445 0.207021
vt 0.123679 0.887975
vt 0.138993 0.889659
vt 0.122341 0.893019
vt 0.125417 0.884114
vt 0.126071 0.879210
vt 0.162255 0.899099
vt 0.172112 0.887682
vt 0.155655 0.881890
vt 0.174834 0.876344
vt 0.712834 0.206615
vt 0.706722 0.212957
vt 0.142464 0.857438
vt 0.154836 0.848060
vt 0.158508 0.858810
vt 0.169709 0.844726
vt 0.172465 0.852470
vt 0.140451 0.851261
vt 0.164138 0.839797
vt 0.171097 0.830175
vt 0.181133 0.832964
vt 0.163812 0.826259
vt 0.173231 0.820178
vt 0.019177 0.508434
vt 0.027032 0.517143
vt 0.011320 0.515491
vt 0.015924 0.497548
vt 0.143129 0.803878
vt 0.138115 0.796089
vt 0.148730 0.797006
vt 0.018907 0.474416
vt 0.017899 0.465207
vt 0.028883 0.475914
vt 0.126501 0.817696
vt 0.264616 0.822119
vt 0.251915 0.835581
vt 0.289668 0.831540
vt 0.313701 0.825889
vt 0.322809 0.820124
vt 0.332460 0.815800
vt 0.337425 0.824410
vt 0.339533 0.833357
vt 0.330430 0.850323
vt 0.357553 0.827938
vt 0.351716 0.842814
vt 0.363069 0.840980
vt 0.363665 0.853811
vt 0.355710 0.901448
vt 0.338221 0.899871
vt 0.359689 0.891973
vt 0.346136 0.908126
vt 0.337299 0.908128
vt 0.328402 0.906889
vt 0.054909 0.347744
vt 0.053940 0.337034
vt 0.059494 0.356028
vt 0.046124 0.319053
vt 0.057946 0.335522
vt 0.054870 0.326096
vt 0.063290 0.332311
vt 0.070649 0.338895
vt 0.060942 0.322719
vt 0.067358 0.329758
vt 0.067798 0.319357
vt 0.074758 0.325083
vt 0.082439 0.330261
vt 0.090134 0.313538
vt 0.095081 0.318688
vt 0.099981 0.310376
vt 0.101705 0.324749
vt 0.324125 0.646669
vt 0.328265 0.629271
vt 0.346244 0.652664
vt 0.356521 0.619350
vt 0.364469 0.639587
vt 0.372368 0.602025
vt 0.389680 0.598473
vt 0.399911 0.586027
vt 0.408844 0.587858
vt 0.402089 0.578974
vt 0.403895 0.549432
vt 0.405407 0.568650
vt 0.389763 0.564149
vt 0.393355 0.546421
vt 0.364100 0.528655
vt 0.353685 0.538033
vt 0.366115 0.505966
vt 0.353069 0.505318
vt 0.342625 0.518705
vt 0.335449 0.507265
vt 0.338462 0.494602
vt 0.326298 0.497956
vt 0.296977 0.546439
vt 0.286357 0.554071
vt 0.295441 0.531617
vt 0.279810 0.565685
vt 0.283582 0.552290
vt 0.280501 0.550641
vt 0.276514 0.564245
vt 0.274921 0.548816
vt 0.276362 0.535482
vt 0.278862 0.535044
vt 0.277061 0.522081
vt 0.268377 0.513117
vt 0.273124 0.508644
vt 0.264330 0.483631
vt 0.270484 0.475161
vt 0.270254 0.492096
vt 0.280613 0.495782
vt 0.266260 0.497751
vt 0.693954 0.852187
vt 0.692259 0.857756
vt 0.687085 0.851051
vt 0.684290 0.864052
vt 0.668392 0.859183
vt 0.666222 0.865750
vt 0.648994 0.873878
vt 0.619637 0.875141
vt 0.622587 0.887013
vt 0.607626 0.893563
vt 0.595873 0.909198
vt 0.578167 0.920640
vt 0.585337 0.924965
vt 0.474710 0.692063
vt 0.472733 0.708841
vt 0.461329 0.721653
vt 0.417757 0.760045
vt 0.425799 0.760982
vt 0.410707 0.773210
vt 0.410142 0.758575
vt 0.043507 0.239629
vt 0.052340 0.235093
vt 0.054253 0.253381
vt 0.034094 0.249277
vt 0.028974 0.219535
vt 0.044830 0.217344
vt 0.027991 0.190333
vt 0.001680 0.169726
vt 0.013730 0.150370
vt 0.013210 0.174173
vt 0.764690 0.442720
vt 0.753968 0.435178
vt 0.761281 0.415704
vt 0.772932 0.421316
vt 0.753981 0.397111
vt 0.765142 0.399441
vt 0.728759 0.364642
vt 0.741403 0.375560
vt 0.689094 0.327545
vt 0.675775 0.311606
vt 0.701246 0.329751
vt 0.674043 0.293769
vt 0.680824 0.305393
vt 0.668553 0.298926
vt 0.662851 0.272572
vt 0.652741 0.265812
vt 0.658380 0.262769
vt 0.656647 0.255017
vt 0.652408 0.245439
vt 0.664490 0.259871
vt 0.662820 0.243322
vt 0.670601 0.247957
vt 0.669249 0.258306
vt 0.666670 0.232362
vt 0.671418 0.237275
vt 0.842703 0.357285
vt 0.827959 0.365456
vt 0.821121 0.356760
vt 0.803465 0.358847
vt 0.816545 0.363655
vt 0.808517 0.368036
vt 0.027008 0.894437
vt 0.024049 0.902952
vt 0.011962 0.898486
vt 0.042447 0.885018
vt 0.060010 0.884269
vt 0.043419 0.892208
vt 0.075831 0.870273
vt 0.092776 0.871256
vt 0.060996 0.874807
vt 0.092486 0.867484
vt 0.109532 0.862116
vt 0.125812 0.856446
vt 0.110412 0.869709
vt 0.143857 0.823324
vt 0.150427 0.811211
vt 0.157780 0.818864
vt 0.104666 0.817419
vt 0.073700 0.824072
vt 0.096853 0.809217
vt 0.300889 0.793715
vt 0.302418 0.806437
vt 0.292842 0.813219
vt 0.324388 0.795739
vt 0.329542 0.805467
vt 0.317777 0.810387
vt 0.352858 0.821483
vt 0.371458 0.832516
vt 0.377273 0.820918
vt 0.382344 0.829965
vt 0.388485 0.849379
vt 0.377188 0.851722
vt 0.374954 0.842313
vt 0.371750 0.880437
vt 0.370502 0.871651
vt 0.379745 0.865613
vt 0.794564 0.545693
vt 0.785596 0.554545
vt 0.783157 0.549846
vt 0.774206 0.554666
vt 0.020897 0.297955
vt 0.035234 0.305821
vt 0.032060 0.310887
vt 0.042339 0.320790
vt 0.064601 0.310808
vt 0.059293 0.312138
vt 0.057647 0.300686
vt 0.055417 0.288592
vt 0.263667 0.647203
vt 0.274167 0.636189
vt 0.293895 0.646411
vt 0.291551 0.637138
vt 0.284347 0.627794
vt 0.310711 0.610777
vt 0.318184 0.628145
vt 0.308078 0.626776
vt 0.303675 0.605232
vt 0.315625 0.592962
vt 0.326994 0.588742
vt 0.365668 0.571062
vt 0.366492 0.586668
vt 0.355030 0.584302
vt 0.344964 0.560698
vt 0.339857 0.550550
vt 0.352601 0.549513
vt 0.333812 0.529661
vt 0.315209 0.534803
vt 0.306799 0.539991
vt 0.305604 0.517496
vt 0.301448 0.550069
vt 0.291576 0.557791
vt 0.267101 0.587998
vt 0.270951 0.576240
vt 0.276007 0.577212
vt 0.259627 0.587375
vt 0.267639 0.575885
vt 0.272256 0.563203
vt 0.272604 0.548029
vt 0.715969 0.961945
vt 0.723929 0.951342
vt 0.728162 0.958508
vt 0.272591 0.524996
vt 0.737441 0.950184
vt 0.713817 0.875723
vt 0.705648 0.871570
vt 0.708052 0.859152
vt 0.701010 0.871441
vt 0.704451 0.883009
vt 0.708779 0.890725
vt 0.565188 0.440751
vt 0.567535 0.430402
vt 0.570898 0.440911
vt 0.567303 0.419537
vt 0.574567 0.430619
vt 0.582510 0.404845
vt 0.577376 0.419051
vt 0.570838 0.408073
vt 0.566870 0.397154
vt 0.584230 0.374220
vt 0.580291 0.377513
vt 0.567718 0.370132
vt 0.570409 0.361628
vt 0.564531 0.361835
vt 0.573945 0.297128
vt 0.586919 0.290870
vt 0.577541 0.302061
vt 0.867419 0.427895
vt 0.875271 0.421007
vt 0.874190 0.435980
vt 0.857785 0.408484
vt 0.865851 0.406010
vt 0.801358 0.377440
vt 0.829485 0.382497
vt 0.828850 0.387097
vt 0.040754 0.870576
vt 0.059067 0.871981
vt 0.041425 0.876336
vt 0.058425 0.866137
vt 0.075130 0.864356
vt 0.094419 0.852357
vt 0.074267 0.857915
vt 0.088028 0.847361
vt 0.114901 0.835120
vt 0.121680 0.843127
vt 0.104177 0.832378
vt 0.071403 0.845565
vt 0.084654 0.838691
vt 0.362261 0.784200
vt 0.357913 0.794504
vt 0.342357 0.792815
vt 0.372571 0.801173
vt 0.364903 0.797405
vt 0.370904 0.814104
vt 0.407917 0.848067
vt 0.409807 0.859816
vt 0.399573 0.849466
vt 0.401465 0.870147
vt 0.390591 0.860115
vt 0.799990 0.512089
vt 0.801960 0.500607
vt 0.810551 0.513239
vt 0.802511 0.550739
vt 0.790330 0.564928
vt 0.787471 0.559666
vt 0.807678 0.555616
vt 0.813186 0.541810
vt 0.817239 0.543784
vt 0.825054 0.559232
vt 0.820185 0.576232
vt 0.824803 0.544546
vt 0.831711 0.569603
vt 0.826938 0.578497
vt 0.649933 0.965583
vt 0.665152 0.965185
vt 0.665996 0.967256
vt 0.256531 0.587067
vt 0.663920 0.962409
vt 0.678029 0.959366
vt 0.679487 0.963919
vt 0.705350 0.962552
vt 0.694802 0.965892
vt 0.692895 0.959617
vt 0.712103 0.954318
vt 0.722155 0.943529
vt 0.738665 0.940651
vt 0.719289 0.891628
vt 0.721496 0.877711
vt 0.724817 0.886159
vt 0.729522 0.894171
vt 0.756662 0.920113
vt 0.765725 0.921893
vt 0.755864 0.922689
vt 0.561357 0.440499
vt 0.561209 0.430321
vt 0.561739 0.419883
vt 0.563489 0.409100
vt 0.560758 0.389372
vt 0.558692 0.376627
vt 0.562333 0.375787
vt 0.566662 0.385239
vt 0.555354 0.377628
vt 0.559872 0.361228
vt 0.841081 0.457887
vt 0.834192 0.457560
vt 0.828676 0.443034
vt 0.827858 0.457818
vt 0.821719 0.441174
vt 0.813506 0.429468
vt 0.808115 0.415225
vt 0.801016 0.419553
vt 0.793162 0.407807
vt 0.782819 0.419452
vt 0.011908 0.844100
vt 0.022520 0.852597
vt 0.006120 0.858202
vt 0.038256 0.842317
vt 0.038697 0.849863
vt 0.786588 0.429834
vt 0.774097 0.428608
vt 0.016653 0.832824
vt 0.800763 0.434334
vt 0.799625 0.448768
vt 0.787378 0.441480
vt 0.807617 0.487885
vt 0.800145 0.488327
vt 0.816220 0.487127
vt 0.815034 0.514903
vt 0.810316 0.526908
vt 0.816952 0.528968
vt 0.821556 0.516059
vt 0.821251 0.530102
vt 0.828468 0.517475
vt 0.828764 0.531774
vt 0.836463 0.532871
vt 0.838244 0.551121
vt 0.831236 0.556435
vt 0.587712 0.934220
vt 0.598253 0.943241
vt 0.583437 0.938626
vt 0.615063 0.947053
vt 0.623441 0.954217
vt 0.611244 0.950530
vt 0.661787 0.956468
vt 0.676144 0.954955
vt 0.708467 0.945939
vt 0.713135 0.924498
vt 0.726281 0.918010
vt 0.716044 0.934186
vt 0.701487 0.925805
vt 0.710429 0.914101
vt 0.707295 0.902268
vt 0.702918 0.908078
vt 0.700201 0.897693
vt 0.743325 0.905614
vt 0.754349 0.901274
vt 0.746660 0.908682
vt 0.766376 0.908168
vt 0.775523 0.913158
vt 0.763786 0.917284
vt 0.778907 0.917786
vt 0.553169 0.413358
vt 0.550578 0.401745
vt 0.556983 0.411883
vt 0.556137 0.390705
vt 0.550085 0.383857
vt 0.550210 0.375610
vt 0.892651 0.546833
vt 0.884604 0.541421
vt 0.885410 0.536008
vt 0.886934 0.555550
vt 0.865263 0.559922
vt 0.869444 0.549890
vt 0.862970 0.537234
vt 0.872283 0.541973
vt 0.844399 0.535019
vt 0.852309 0.534481
vt 0.850718 0.557234
vt 0.821065 0.472912
vt 0.812278 0.453681
vt 0.820379 0.458550
vt 0.811458 0.473926
vt 0.820578 0.488003
vt 0.824775 0.488099
vt 0.828970 0.487834
vt 0.827767 0.502759
vt 0.834707 0.503922
vt 0.836002 0.472862
vt 0.842087 0.488554
vt 0.834542 0.488438
vt 0.853165 0.522785
vt 0.845145 0.520904
vt 0.849025 0.492365
vt 0.858098 0.557083
vt 0.847946 0.577707
vt 0.618838 0.943778
vt 0.633730 0.955695
vt 0.645870 0.949914
vt 0.646192 0.957871
vt 0.686192 0.948539
vt 0.674394 0.950390
vt 0.681950 0.940922
vt 0.692085 0.937546
vt 0.703235 0.935756
vt 0.688176 0.916504
vt 0.695076 0.911943
vt 0.693725 0.922530
vt 0.685166 0.906378
vt 0.668301 0.900298
vt 0.677069 0.915599
vt 0.667894 0.894590
vt 0.686042 0.898688
vt 0.661972 0.905509
vt 0.787016 0.907088
vt 0.786462 0.898454
vt 0.794713 0.894195
vt 0.805975 0.896831
vt 0.796718 0.906642
vt 0.824561 0.914795
vt 0.815443 0.916729
vt 0.816132 0.905893
vt 0.880765 0.569584
vt 0.869378 0.572773
vt 0.613663 0.925213
vt 0.607662 0.926968
vt 0.622418 0.925111
vt 0.632283 0.917281
vt 0.640597 0.929617
vt 0.650885 0.922770
vt 0.663034 0.923795
vt 0.654908 0.930766
vt 0.674751 0.927696
vt 0.678607 0.934234
vt 0.669644 0.938594
vt 0.654487 0.909919
vt 0.642597 0.909684
vt 0.823523 0.924127
vt 0.814610 0.925124
vt 0.796466 0.919009
vt 0.786734 0.914762
vt 0.770474 0.903479
vt 0.633384 0.958813
vt 0.808378 0.431128
vt 0.055747 0.848852
vt 0.039481 0.857616
vt 0.057539 0.859580
vt 0.040213 0.864284
vt 0.021908 0.871822
vt 0.002373 0.868614
vt 0.021809 0.866788
vt 0.550793 0.359138
vt 0.544015 0.375983
vt 0.541905 0.355987
vt 0.247707 0.596785
vt 0.240416 0.607259
vt 0.233974 0.604401
vt 0.258644 0.599359
vt 0.248313 0.610109
vt 0.254547 0.612483
vt 0.266954 0.621908
vt 0.251551 0.636234
vt 0.269065 0.602463
vt 0.282156 0.592907
vt 0.285272 0.607457
vt 0.327321 0.562541
vt 0.339912 0.571747
vt 0.323720 0.573041
vt 0.343656 0.585722
vt 0.305189 0.565551
vt 0.289232 0.570602
vt 0.306168 0.588415
vt 0.247714 0.651436
vt 0.238538 0.638210
vt 0.242484 0.623053
vt 0.233633 0.638569
vt 0.236756 0.622050
vt 0.225790 0.638587
vt 0.229347 0.620128
vt 0.028949 0.271208
vt 0.028911 0.287129
vt 0.019523 0.269233
vt 0.048659 0.288042
vt 0.052862 0.301190
vt 0.038256 0.273155
vt 0.260219 0.635995
vt 0.098188 0.857477
vt 0.856272 0.398567
vt 0.610761 0.263421
vt 0.616102 0.270272
vt 0.595125 0.278418
vt 0.624771 0.263740
vt 0.634043 0.273810
vt 0.844524 0.377070
vt 0.843616 0.368218
vt 0.850180 0.367120
vt 0.836399 0.372662
vt 0.828099 0.372612
vt 0.843541 0.362278
vt 0.644467 0.246847
vt 0.642401 0.254554
vt 0.634245 0.250155
vt 0.640766 0.273956
vt 0.654862 0.294149
vt 0.638722 0.290772
vt 0.646366 0.305210
vt 0.633644 0.310952
vt 0.635215 0.299814
vt 0.623869 0.311868
vt 0.621016 0.304032
vt 0.605981 0.308345
vt 0.595584 0.311237
vt 0.584203 0.316132
vt 0.592986 0.302925
vt 0.578464 0.349097
vt 0.571810 0.345429
vt 0.576897 0.338668
vt 0.591431 0.347589
vt 0.585208 0.356093
vt 0.573985 0.355565
vt 0.589703 0.368186
vt 0.598286 0.377318
vt 0.609171 0.384566
vt 0.594926 0.381267
vt 0.591421 0.402049
vt 0.595473 0.425970
vt 0.586710 0.429895
vt 0.594010 0.445938
vt 0.583546 0.449715
vt 0.579066 0.440873
vt 0.566210 0.465116
vt 0.570167 0.457446
vt 0.582143 0.458758
vt 0.560446 0.491824
vt 0.556257 0.501196
vt 0.549642 0.501003
vt 0.555030 0.491983
vt 0.884256 0.586326
vt 0.882506 0.579999
vt 0.897154 0.565437
vt 0.642265 0.890939
vt 0.627033 0.890941
vt 0.668472 0.882068
vt 0.667879 0.875826
vt 0.878691 0.672929
vt 0.888618 0.685096
vt 0.881384 0.689152
vt 0.460593 0.756840
vt 0.453189 0.755801
vt 0.462762 0.740646
vt 0.431143 0.766537
vt 0.439071 0.753667
vt 0.445816 0.755673
vt 0.751501 0.501133
vt 0.739225 0.488911
vt 0.753226 0.488160
vt 0.719740 0.473526
vt 0.732476 0.468294
vt 0.738161 0.478445
vt 0.725480 0.435041
vt 0.711260 0.434813
vt 0.717239 0.424201
vt 0.722704 0.399586
vt 0.720635 0.383192
vt 0.710624 0.385236
vt 0.712441 0.369044
vt 0.700554 0.356231
vt 0.689741 0.343148
vt 0.705500 0.352513
vt 0.678911 0.331370
vt 0.692828 0.339615
vt 0.652153 0.279053
vt 0.644768 0.270884
vt 0.645975 0.260533
vt 0.648995 0.251781
vt 0.657717 0.311771
vt 0.648968 0.300720
vt 0.654736 0.317606
vt 0.666268 0.324111
vt 0.647086 0.324185
vt 0.642619 0.316857
vt 0.626373 0.339762
vt 0.623862 0.359922
vt 0.608548 0.343047
vt 0.606439 0.329784
vt 0.587843 0.337454
vt 0.599921 0.323130
vt 0.593519 0.362747
vt 0.633287 0.399181
vt 0.621684 0.405957
vt 0.617547 0.394736
vt 0.636573 0.404998
vt 0.653381 0.401000
vt 0.638003 0.413781
vt 0.647129 0.425151
vt 0.639706 0.421756
vt 0.668111 0.415332
vt 0.654071 0.430773
vt 0.673167 0.425672
vt 0.664680 0.425459
vt 0.662662 0.404187
vt 0.669116 0.407029
vt 0.680305 0.409243
vt 0.682166 0.418977
vt 0.688674 0.428456
vt 0.694014 0.399927
vt 0.715765 0.397975
vt 0.690105 0.364617
vt 0.685029 0.348439
vt 0.671505 0.342309
vt 0.675351 0.336282
vt 0.659346 0.339035
vt 0.648379 0.335609
vt 0.640670 0.355946
vt 0.644058 0.389155
vt 0.639764 0.393908
vt 0.680043 0.372581
vt 0.677004 0.358433
vt 0.674557 0.379965
vt 0.645212 0.379655
vt 0.660098 0.384130
vt 0.698643 0.435756
vt 0.697790 0.444026
vt 0.688323 0.437694
vt 0.637937 0.444047
vt 0.643049 0.436311
vt 0.626574 0.452464
vt 0.625597 0.443444
vt 0.616611 0.453511
vt 0.601422 0.438731
vt 0.606645 0.455119
vt 0.609160 0.463984
vt 0.591476 0.482168
vt 0.592538 0.465834
vt 0.581139 0.474294
vt 0.579373 0.468135
vt 0.566510 0.491436
vt 0.570625 0.475125
vt 0.572960 0.482007
vt 0.901531 0.582343
vt 0.901656 0.572536
vt 0.909592 0.573898
vt 0.894047 0.592105
vt 0.870189 0.609747
vt 0.880334 0.600720
vt 0.876954 0.614818
vt 0.899393 0.664037
vt 0.905520 0.673611
vt 0.935006 0.709219
vt 0.929678 0.729738
vt 0.919498 0.715919
vt 0.915523 0.724021
vt 0.967788 0.727487
vt 0.967247 0.740634
vt 0.954069 0.739124
vt 0.979441 0.710723
vt 0.979748 0.725814
vt 0.683263 0.498559
vt 0.694963 0.490526
vt 0.697484 0.499391
vt 0.691880 0.475021
vt 0.695145 0.466345
vt 0.705337 0.474397
vt 0.712174 0.458121
vt 0.697888 0.458629
vt 0.710608 0.446105
vt 0.721995 0.454031
vt 0.695394 0.451394
vt 0.680713 0.451556
vt 0.677997 0.457317
vt 0.669856 0.450141
vt 0.670432 0.444287
vt 0.675114 0.463552
vt 0.661409 0.469399
vt 0.657858 0.461072
vt 0.649151 0.475724
vt 0.642091 0.480233
vt 0.640527 0.470048
vt 0.612553 0.479730
vt 0.604152 0.483119
vt 0.912755 0.597515
vt 0.901253 0.596330
vt 0.905010 0.623775
vt 0.893617 0.632456
vt 0.894666 0.620389
vt 0.927191 0.659123
vt 0.931909 0.664268
vt 0.915915 0.665883
vt 0.912515 0.681922
vt 0.947120 0.646545
vt 0.948533 0.658687
vt 0.936023 0.651996
vt 0.660592 0.500325
vt 0.660364 0.490303
vt 0.671024 0.500156
vt 0.676905 0.473723
vt 0.657920 0.479362
vt 0.635351 0.481389
vt 0.643454 0.490676
vt 0.959725 0.609612
vt 0.953447 0.614421
vt 0.953206 0.601954
vt 0.937970 0.601055
vt 0.922180 0.604465
vt 0.951942 0.625685
vt 0.945521 0.627990
vt 0.966472 0.632956
vt 0.975364 0.637379
vt 0.967826 0.644696
vt 0.959642 0.645316
vt 0.955831 0.658154
vt 0.969077 0.657190
vt 0.950690 0.698411
vt 0.956471 0.670070
vt 0.950082 0.669424
vt 0.739088 0.439484
vt 0.680488 0.870694
vt 0.681569 0.877063
vt 0.859863 0.358859
vt 0.695572 0.869374
vt 0.689614 0.870331
vt 0.694059 0.863500
vt 0.331906 0.519062
vt 0.342878 0.539557
vt 0.370330 0.549305
vt 0.390930 0.575162
vt 0.391125 0.584741
vt 0.383140 0.584201
vt 0.341467 0.607895
vt 0.311098 0.648843
vt 0.303288 0.647310
vt 0.300121 0.637600
vt 0.019941 0.286786
vt 0.367377 0.909028
vt 0.127932 0.865593
vt 0.093067 0.882647
vt 0.076834 0.889089
vt 0.060545 0.892632
vt 0.045083 0.900227
vt 0.030931 0.910884
vt 0.016939 0.909708
vt 0.822585 0.351451
vt 0.804869 0.347921
vt 0.738366 0.289273
vt 0.745935 0.295729
vt 0.738619 0.307010
vt 0.747352 0.315650
vt 0.740268 0.318835
vt 0.674121 0.255733
vt 0.681354 0.262108
vt 0.681975 0.273605
vt 0.670821 0.268524
vt 0.685327 0.284557
vt 0.675307 0.278041
vt 0.679275 0.289158
vt 0.688402 0.298095
vt 0.666936 0.284045
vt 0.718233 0.338959
vt 0.697712 0.320778
vt 0.735414 0.351419
vt 0.714420 0.344472
vt 0.770544 0.394371
vt 0.017466 0.134010
vt 0.025081 0.138799
vt 0.014233 0.140833
vt 0.002426 0.145578
vt 0.028330 0.152823
vt 0.021996 0.151718
vt 0.048142 0.190720
vt 0.068863 0.195973
vt 0.054831 0.190066
vt 0.047703 0.182720
vt 0.041576 0.165218
vt 0.039790 0.175252
vt 0.035500 0.172358
vt 0.035706 0.136490
vt 0.028997 0.130902
vt 0.018342 0.127527
vt 0.022831 0.119032
vt 0.060199 0.128677
vt 0.066740 0.130769
vt 0.055607 0.146167
vt 0.049690 0.151251
vt 0.045214 0.157244
vt 0.065181 0.184039
vt 0.060325 0.180188
vt 0.067092 0.177514
vt 0.063388 0.172215
vt 0.068819 0.166646
vt 0.073144 0.161021
vt 0.080270 0.172974
vt 0.083130 0.180611
vt 0.073953 0.179085
vt 0.081835 0.134389
vt 0.087919 0.145133
vt 0.099478 0.154885
vt 0.115325 0.162868
vt 0.115748 0.172405
vt 0.115465 0.180732
vt 0.131626 0.167055
vt 0.113498 0.144758
vt 0.120043 0.151232
vt 0.131290 0.148910
vt 0.152063 0.158525
vt 0.101594 0.139512
vt 0.093304 0.140979
vt 0.099144 0.129188
vt 0.087798 0.135908
vt 0.090759 0.130104
vt 0.081424 0.127769
vt 0.087244 0.127771
vt 0.076940 0.125531
vt 0.068833 0.127801
vt 0.087867 0.120828
vt 0.101784 0.120815
vt 0.095661 0.114550
vt 0.079900 0.115295
vt 0.085652 0.117209
vt 0.113063 0.114660
vt 0.147492 0.170760
vt 0.160407 0.150606
vt 0.151449 0.146663
vt 0.176908 0.110590
vt 0.151509 0.113072
vt 0.159475 0.102379
vt 0.167638 0.106467
vt 0.140775 0.181834
vt 0.777255 0.378456
vt 0.789200 0.392982
vt 0.750422 0.360943
vt 0.712262 0.316334
vt 0.707674 0.319043
vt 0.695906 0.296465
vt 0.787866 0.309652
vt 0.765368 0.321762
vt 0.765839 0.297339
vt 0.754859 0.281388
vt 0.740948 0.276206
vt 0.749055 0.262919
vt 0.740975 0.261321
vt 0.743016 0.246051
vt 0.144254 0.874808
vt 0.128114 0.870996
vt 0.144452 0.867124
vt 0.092997 0.888057
vt 0.060682 0.897604
vt 0.061067 0.904625
vt 0.692702 0.279195
vt 0.018162 0.218048
vt 0.015328 0.203132
vt 0.417519 0.794256
vt 0.403321 0.756595
vt 0.415267 0.552281
vt 0.417703 0.519459
vt 0.431585 0.529798
vt 0.422762 0.542986
vt 0.034055 0.541456
vt 0.160030 0.871006
vt 0.140760 0.903055
vt 0.149880 0.899495
vt 0.761503 0.165744
vt 0.770671 0.165153
vt 0.774445 0.198846
vt 0.765985 0.193791
vt 0.781284 0.217172
vt 0.777870 0.241544
vt 0.782923 0.352999
vt 0.015837 0.092595
vt 0.016224 0.087603
vt 0.851715 0.328178
vt 0.873866 0.319992
vt 0.879847 0.333554
vt 0.837930 0.312980
vt 0.861759 0.300304
vt 0.810192 0.267478
vt 0.815122 0.256787
vt 0.836164 0.263065
vt 0.801500 0.248118
vt 0.789510 0.245985
vt 0.794178 0.222599
vt 0.781126 0.181338
vt 0.805167 0.187568
vt 0.785485 0.200940
vt 0.784418 0.159156
vt 0.792763 0.164826
vt 0.106213 0.099620
vt 0.096098 0.106045
vt 0.087668 0.109104
vt 0.118372 0.092372
vt 0.155729 0.062891
vt 0.148311 0.069787
vt 0.172161 0.063042
vt 0.180468 0.068362
vt 0.176157 0.074895
vt 0.213404 0.067252
vt 0.211165 0.086209
vt 0.198382 0.080732
vt 0.272290 0.062298
vt 0.284902 0.073054
vt 0.239063 0.129434
vt 0.235481 0.118000
vt 0.246946 0.111938
vt 0.182358 0.176919
vt 0.188028 0.164531
vt 0.187712 0.186981
vt 0.200552 0.180510
vt 0.186724 0.194271
vt 0.192314 0.175454
vt 0.157812 0.236749
vt 0.157715 0.223133
vt 0.155123 0.214804
vt 0.287257 0.783902
vt 0.275948 0.782045
vt 0.283965 0.778136
vt 0.258754 0.171041
vt 0.271023 0.177061
vt 0.256754 0.189891
vt 0.272576 0.161341
vt 0.282916 0.162674
vt 0.283517 0.149274
vt 0.292329 0.149587
vt 0.283348 0.155864
vt 0.323567 0.145995
vt 0.302252 0.150029
vt 0.301745 0.141338
vt 0.324912 0.136081
vt 0.314178 0.123058
vt 0.326294 0.125090
vt 0.338559 0.117040
vt 0.341061 0.106188
vt 0.349925 0.120114
vt 0.390746 0.097057
vt 0.401840 0.105689
vt 0.404408 0.114165
vt 0.841219 0.078137
vt 0.848525 0.076377
vt 0.850395 0.082726
vt 0.865076 0.064895
vt 0.866527 0.070951
vt 0.831087 0.061085
vt 0.817977 0.062983
vt 0.817349 0.057642
vt 0.805660 0.048120
vt 0.816977 0.051723
vt 0.769274 0.056089
vt 0.642966 0.735354
vt 0.633500 0.733549
vt 0.650226 0.740888
vt 0.668249 0.747945
vt 0.661118 0.748798
vt 0.656600 0.752074
vt 0.681939 0.756717
vt 0.683722 0.772648
vt 0.654023 0.768882
vt 0.705715 0.748369
vt 0.704527 0.752174
vt 0.714385 0.733611
vt 0.724095 0.726658
vt 0.716818 0.737868
vt 0.728224 0.703130
vt 0.731334 0.711816
vt 0.761241 0.686610
vt 0.767114 0.688507
vt 0.724642 0.693525
vt 0.751638 0.683540
vt 0.766525 0.679834
vt 0.778521 0.670129
vt 0.780589 0.676973
vt 0.182990 0.025112
vt 0.185852 0.030868
vt 0.192722 0.037430
vt 0.172563 0.040763
vt 0.129715 0.058853
vt 0.139784 0.051769
vt 0.117468 0.066822
vt 0.086226 0.076301
vt 0.099453 0.070066
vt 0.105296 0.074571
vt 0.136622 0.063230
vt 0.123604 0.069188
vt 0.168400 0.050264
vt 0.162120 0.055881
vt 0.161439 0.045012
vt 0.181908 0.049417
vt 0.183953 0.060975
vt 0.215606 0.042144
vt 0.204670 0.049220
vt 0.731921 0.686094
vt 0.709026 0.689817
vt 0.720420 0.680548
vt 0.711456 0.698614
vt 0.697634 0.698730
vt 0.309664 0.086442
vt 0.322056 0.088563
vt 0.307388 0.096412
vt 0.233614 0.155443
vt 0.236387 0.143363
vt 0.246875 0.139815
vt 0.226992 0.167112
vt 0.241017 0.166797
vt 0.225107 0.179006
vt 0.212713 0.176721
vt 0.209371 0.193442
vt 0.254802 0.165202
vt 0.242631 0.179483
vt 0.326789 0.080818
vt 0.342531 0.075338
vt 0.351554 0.088282
vt 0.369202 0.076811
vt 0.380039 0.092589
vt 0.383147 0.085993
vt 0.793750 0.084994
vt 0.804975 0.077341
vt 0.807708 0.091152
vt 0.818785 0.073709
vt 0.819318 0.085466
vt 0.832170 0.076965
vt 0.832697 0.065272
vt 0.848432 0.070179
vt 0.842953 0.058378
vt 0.795026 0.067145
vt 0.783303 0.062691
vt 0.794890 0.059133
vt 0.782817 0.068267
vt 0.771352 0.065066
vt 0.670373 0.741567
vt 0.661256 0.737178
vt 0.676687 0.753793
vt 0.688380 0.753406
vt 0.696932 0.755279
vt 0.693068 0.735706
vt 0.707384 0.741233
vt 0.701674 0.710006
vt 0.715262 0.709022
vt 0.707759 0.721949
vt 0.680692 0.721178
vt 0.676546 0.730793
vt 0.665607 0.729745
vt 0.651613 0.719319
vt 0.648172 0.709148
vt 0.658041 0.713215
vt 0.765942 0.096060
vt 0.760111 0.086876
vt 0.771127 0.083416
vt 0.793040 0.074622
vt 0.783078 0.090407
vt 0.781462 0.081221
vt 0.688767 0.747549
vt 0.682007 0.744715
vt 0.326540 0.072235
vt 0.885091 0.071719
vt 0.869641 0.077793
vt 0.876491 0.070493
vt 0.872215 0.081839
vt 0.430472 0.133214
vt 0.411433 0.128220
vt 0.422787 0.126611
vt 0.392253 0.124650
vt 0.379684 0.126310
vt 0.382345 0.114875
vt 0.369254 0.132813
vt 0.360694 0.143753
vt 0.349430 0.130825
vt 0.334628 0.154673
vt 0.322266 0.154266
vt 0.290908 0.170570
vt 0.291895 0.162753
vt 0.278141 0.187898
vt 0.267771 0.190722
vt 0.217149 0.769260
vt 0.229025 0.774047
vt 0.203649 0.769300
vt 0.246533 0.771533
vt 0.285640 0.766559
vt 0.273680 0.769568
vt 0.270337 0.760278
vt 0.278399 0.756796
vt 0.291478 0.755057
vt 0.298656 0.742962
vt 0.305892 0.729638
vt 0.306332 0.747749
vt 0.315363 0.739805
vt 0.313218 0.725566
vt 0.304908 0.717236
vt 0.300149 0.706669
vt 0.315726 0.711628
vt 0.292299 0.695923
vt 0.306810 0.700293
vt 0.280958 0.690189
vt 0.293526 0.690417
vt 0.262132 0.681295
vt 0.252012 0.674818
vt 0.264103 0.674668
vt 0.239649 0.674767
vt 0.240616 0.668885
vt 0.227799 0.668751
vt 0.226079 0.676480
vt 0.212745 0.673015
vt 0.199993 0.669928
vt 0.188912 0.663551
vt 0.180442 0.650609
vt 0.206154 0.664201
vt 0.174865 0.663214
vt 0.161855 0.657975
vt 0.149301 0.665470
vt 0.139350 0.669591
vt 0.133633 0.680961
vt 0.124303 0.683105
vt 0.382237 0.229568
vt 0.395365 0.235405
vt 0.385372 0.219761
vt 0.392141 0.200720
vt 0.397128 0.173878
vt 0.408923 0.170255
vt 0.417704 0.171611
vt 0.415704 0.160265
vt 0.423170 0.161923
vt 0.432423 0.159424
vt 0.426766 0.166545
vt 0.430472 0.169469
vt 0.897401 0.075043
vt 0.891522 0.072854
vt 0.892173 0.067853
vt 0.376727 0.133078
vt 0.384170 0.135008
vt 0.378732 0.168466
vt 0.370061 0.167605
vt 0.367242 0.155661
vt 0.346946 0.170190
vt 0.337705 0.175498
vt 0.332918 0.164938
vt 0.324964 0.179952
vt 0.320271 0.169021
vt 0.185651 0.755146
vt 0.181084 0.766175
vt 0.171138 0.757598
vt 0.207949 0.752771
vt 0.201606 0.757815
vt 0.234586 0.725008
vt 0.246611 0.714059
vt 0.251204 0.722220
vt 0.222030 0.716511
vt 0.241922 0.706132
vt 0.198761 0.699366
vt 0.218528 0.691010
vt 0.214110 0.701990
vt 0.189716 0.708330
vt 0.192750 0.695275
vt 0.150152 0.721007
vt 0.137410 0.706826
vt 0.148089 0.706574
vt 0.140412 0.696801
vt 0.363662 0.208028
vt 0.379194 0.206559
vt 0.376580 0.215735
vt 0.383882 0.197320
vt 0.387266 0.185052
vt 0.385734 0.170182
vt 0.387712 0.151752
vt 0.390926 0.157445
vt 0.399557 0.146239
vt 0.393298 0.168897
vt 0.419745 0.154237
vt 0.370763 0.190906
vt 0.359439 0.180832
vt 0.346157 0.198846
vt 0.340622 0.206675
vt 0.331583 0.195936
vt 0.163883 0.731311
vt 0.156752 0.739637
vt 0.312709 0.196917
vt 0.324789 0.189884
vt 0.173892 0.726300
vt 0.173234 0.742815
vt 0.183386 0.720217
vt 0.193084 0.748656
vt 0.207506 0.736542
vt 0.201040 0.743784
vt 0.224362 0.740106
vt 0.232433 0.747357
vt 0.221839 0.752848
vt 0.214019 0.747197
vt 0.360820 0.196151
vt 0.145185 0.684476
vt 0.171121 0.689856
vt 0.183877 0.689996
vt 0.184326 0.671903
vt 0.258856 0.699926
vt 0.238060 0.699332
vt 0.267721 0.701553
vt 0.259698 0.720240
vt 0.268663 0.723572
vt 0.269344 0.693890
vt 0.297038 0.729087
vt 0.280799 0.733754
vt 0.262898 0.733862
vt 0.251044 0.745096
vt 0.240449 0.741345
vt 0.429373 0.151438
vt 0.279220 0.366951
vt 0.282639 0.360621
vt 0.301309 0.376662
vt 0.294950 0.366522
vt 0.304675 0.353201
vt 0.316820 0.360417
vt 0.331933 0.362624
vt 0.322514 0.374102
vt 0.308421 0.369989
vt 0.294081 0.340703
vt 0.311255 0.334747
vt 0.324161 0.350053
vt 0.329994 0.341599
vt 0.334144 0.334462
vt 0.316841 0.328032
vt 0.316840 0.320661
vt 0.320620 0.304270
vt 0.335310 0.303761
vt 0.334926 0.311330
vt 0.101140 0.672731
vt 0.095405 0.647233
vt 0.103512 0.644106
vt 0.365094 0.314237
vt 0.381575 0.310185
vt 0.367343 0.325010
vt 0.354014 0.337165
vt 0.351054 0.324300
vt 0.388213 0.335980
vt 0.386138 0.356761
vt 0.400076 0.356889
vt 0.402740 0.373992
vt 0.394158 0.379544
vt 0.384729 0.369885
vt 0.367916 0.390839
vt 0.374656 0.386740
vt 0.378730 0.394353
vt 0.361143 0.399391
vt 0.371873 0.406343
vt 0.360058 0.412339
vt 0.349508 0.409679
vt 0.350735 0.404024
vt 0.335829 0.410416
vt 0.337614 0.404266
vt 0.334196 0.377803
vt 0.339949 0.374085
vt 0.340554 0.384254
vt 0.343585 0.366625
vt 0.365995 0.364725
vt 0.324733 0.401006
vt 0.315997 0.392722
vt 0.319592 0.389950
vt 0.310521 0.384377
vt 0.310927 0.392802
vt 0.296220 0.686238
vt 0.273145 0.683054
vt 0.280790 0.679329
vt 0.312204 0.687318
vt 0.312783 0.691400
vt 0.323909 0.704836
vt 0.334912 0.706685
vt 0.349680 0.710469
vt 0.343609 0.720057
vt 0.357874 0.702586
vt 0.377629 0.713620
vt 0.374626 0.722990
vt 0.357949 0.692836
vt 0.377609 0.688224
vt 0.386667 0.678650
vt 0.389889 0.684838
vt 0.398424 0.692486
vt 0.408074 0.668657
vt 0.415435 0.666144
vt 0.408895 0.679152
vt 0.421584 0.655665
vt 0.422375 0.648119
vt 0.431534 0.654601
vt 0.452075 0.412128
vt 0.459076 0.402726
vt 0.477893 0.403967
vt 0.449180 0.647024
vt 0.516918 0.336001
vt 0.516017 0.349215
vt 0.484167 0.325068
vt 0.482922 0.333476
vt 0.476471 0.331492
vt 0.418354 0.343187
vt 0.429098 0.341201
vt 0.434426 0.358327
vt 0.426506 0.363011
vt 0.429583 0.396770
vt 0.430886 0.403799
vt 0.411379 0.407272
vt 0.409071 0.400713
vt 0.420780 0.412766
vt 0.397362 0.415649
vt 0.396415 0.423504
vt 0.372375 0.416159
vt 0.373064 0.679313
vt 0.351239 0.690127
vt 0.372145 0.673685
vt 0.394629 0.666907
vt 0.399411 0.672840
vt 0.451871 0.385567
vt 0.467084 0.373645
vt 0.465619 0.384691
vt 0.457057 0.395328
vt 0.474365 0.390218
vt 0.481834 0.376765
vt 0.462208 0.364007
vt 0.452100 0.367312
vt 0.370916 0.425119
vt 0.360571 0.421165
vt 0.394081 0.397724
vt 0.406279 0.393696
vt 0.411047 0.369725
vt 0.515211 0.305347
vt 0.506905 0.313727
vt 0.497561 0.305284
vt 0.525498 0.321189
vt 0.346240 0.701149
vt 0.349358 0.421315
vt 0.285982 0.310955
vt 0.202319 0.210533
vt 0.195905 0.203569
vt 0.223729 0.199993
vt 0.234057 0.104390
vt 0.169654 0.187581
vt 0.142536 0.212140
vt 0.142071 0.206242
vt 0.152310 0.206761
vt 0.086774 0.172228
vt 0.082197 0.186511
vt 0.368389 0.748544
vt 0.363868 0.751230
vt 0.669200 0.172721
vt 0.667134 0.182828
vt 0.651289 0.184314
vt 0.676555 0.180107
vt 0.674151 0.163396
vt 0.679919 0.164539
vt 0.691649 0.156735
vt 0.685343 0.153175
vt 0.704240 0.139321
vt 0.708641 0.130938
vt 0.726237 0.130069
vt 0.730755 0.118586
vt 0.742753 0.108782
vt 0.740562 0.121778
vt 0.846313 0.115474
vt 0.838681 0.122633
vt 0.835787 0.129676
vt 0.838115 0.135289
vt 0.822794 0.153241
vt 0.821873 0.196507
vt 0.828168 0.174365
vt 0.847599 0.241100
vt 0.837900 0.226928
vt 0.885799 0.269930
vt 0.907633 0.282071
vt 0.437195 0.914943
vt 0.416775 0.913018
vt 0.435742 0.900775
vt 0.414392 0.928498
vt 0.410555 0.914247
vt 0.100290 0.048086
vt 0.110332 0.040525
vt 0.104296 0.053729
vt 0.126786 0.031466
vt 0.115955 0.046718
vt 0.133375 0.031566
vt 0.128320 0.041491
vt 0.140126 0.022902
vt 0.139276 0.035958
vt 0.140518 0.011805
vt 0.145947 0.006906
vt 0.834952 0.670087
vt 0.829707 0.670218
vt 0.828970 0.666611
vt 0.828140 0.662505
vt 0.829855 0.673394
vt 0.821746 0.672919
vt 0.823296 0.678557
vt 0.815025 0.680822
vt 0.805396 0.683842
vt 0.805695 0.688337
vt 0.785947 0.686976
vt 0.796556 0.695107
vt 0.784305 0.692564
vt 0.773453 0.704282
vt 0.766663 0.727151
vt 0.750312 0.720222
vt 0.761879 0.713349
vt 0.757596 0.738060
vt 0.741743 0.732333
vt 0.750502 0.750763
vt 0.721970 0.753682
vt 0.734305 0.744208
vt 0.740826 0.757225
vt 0.746326 0.773216
vt 0.732999 0.768579
vt 0.719925 0.764411
vt 0.712753 0.775799
vt 0.708567 0.762559
vt 0.719374 0.796025
vt 0.740758 0.801268
vt 0.716824 0.817224
vt 0.709119 0.809487
vt 0.728841 0.828040
vt 0.742635 0.844176
vt 0.747224 0.840200
vt 0.759426 0.846805
vt 0.756548 0.856181
vt 0.772445 0.853029
vt 0.771392 0.861318
vt 0.798666 0.832798
vt 0.815044 0.830684
vt 0.817145 0.841854
vt 0.828357 0.808255
vt 0.831174 0.824101
vt 0.823503 0.827555
vt 0.805122 0.805384
vt 0.829581 0.796523
vt 0.837735 0.802553
vt 0.835499 0.787239
vt 0.844236 0.792537
vt 0.831360 0.780887
vt 0.839893 0.779488
vt 0.846235 0.785046
vt 0.839828 0.772812
vt 0.843459 0.765843
vt 0.847807 0.771988
vt 0.846086 0.759047
vt 0.854752 0.765447
vt 0.853755 0.752351
vt 0.856232 0.756669
vt 0.863907 0.752727
vt 0.861376 0.759277
vt 0.461038 0.978927
vt 0.463937 0.967242
vt 0.474608 0.978720
vt 0.444364 0.965073
vt 0.490467 0.966451
vt 0.471506 0.955739
vt 0.490923 0.937675
vt 0.502450 0.933842
vt 0.502931 0.943401
vt 0.500401 0.922275
vt 0.508028 0.916878
vt 0.510875 0.930108
vt 0.523751 0.911808
vt 0.532275 0.937387
vt 0.538531 0.926820
vt 0.896547 0.209470
vt 0.890636 0.196307
vt 0.897315 0.185614
vt 0.851360 0.132153
vt 0.867279 0.127701
vt 0.870127 0.142591
vt 0.893910 0.140299
vt 0.877944 0.144341
vt 0.909789 0.138078
vt 0.918429 0.147011
vt 0.904953 0.153978
vt 0.929937 0.147682
vt 0.525390 0.988361
vt 0.522004 0.980375
vt 0.532650 0.964755
vt 0.516753 0.976466
vt 0.525877 0.965718
vt 0.501504 0.972341
vt 0.493046 0.979805
vt 0.502085 0.986288
vt 0.514946 0.987907
vt 0.508970 0.987916
vt 0.861363 0.770618
vt 0.865818 0.775209
vt 0.857297 0.776664
vt 0.855591 0.771216
vt 0.853446 0.790987
vt 0.847998 0.799999
vt 0.840366 0.827824
vt 0.839956 0.817525
vt 0.835284 0.836711
vt 0.818041 0.848070
vt 0.797852 0.849396
vt 0.820220 0.851891
vt 0.799017 0.858368
vt 0.798428 0.854487
vt 0.809922 0.858674
vt 0.785990 0.863650
vt 0.755268 0.860151
vt 0.739520 0.854738
vt 0.717869 0.839600
vt 0.702988 0.831163
vt 0.692620 0.824367
vt 0.657059 0.809449
vt 0.508440 0.587507
vt 0.513321 0.589080
vt 0.507693 0.599098
vt 0.513691 0.575488
vt 0.518821 0.533178
vt 0.518234 0.514569
vt 0.523189 0.533868
vt 0.534392 0.500585
vt 0.528789 0.516641
vt 0.527897 0.498088
vt 0.665491 0.014770
vt 0.658270 0.020330
vt 0.658849 0.004807
vt 0.661653 0.037708
vt 0.648272 0.062323
vt 0.636868 0.080411
vt 0.645366 0.048858
vt 0.632478 0.077557
vt 0.625000 0.074986
vt 0.613424 0.086289
vt 0.621887 0.090796
vt 0.605734 0.110543
vt 0.610510 0.115347
vt 0.589747 0.131928
vt 0.594463 0.149341
vt 0.591064 0.161101
vt 0.597004 0.164153
vt 0.586584 0.171779
vt 0.617422 0.179493
vt 0.632719 0.185007
vt 0.612824 0.188379
vt 0.635107 0.172568
vt 0.640234 0.161941
vt 0.647959 0.173951
vt 0.661394 0.152115
vt 0.663149 0.163210
vt 0.668561 0.132276
vt 0.677371 0.153418
vt 0.685481 0.136052
vt 0.695400 0.136615
vt 0.690303 0.123029
vt 0.704071 0.106495
vt 0.699041 0.127706
vt 0.713115 0.111589
vt 0.715074 0.073585
vt 0.720318 0.088883
vt 0.735993 0.096100
vt 0.745553 0.088135
vt 0.866733 0.812750
vt 0.860852 0.813082
vt 0.867447 0.803816
vt 0.858161 0.794298
vt 0.863883 0.795369
vt 0.858706 0.782902
vt 0.854865 0.813800
vt 0.853195 0.820296
vt 0.847155 0.820864
vt 0.850871 0.814760
vt 0.846388 0.826793
vt 0.842977 0.833166
vt 0.836572 0.840847
vt 0.827125 0.840738
vt 0.739811 0.048842
vt 0.721032 0.039627
vt 0.723221 0.036238
vt 0.680435 0.004424
vt 0.690525 0.016915
vt 0.518828 0.495733
vt 0.512707 0.496324
vt 0.514848 0.532602
vt 0.510709 0.514334
vt 0.699370 0.052802
vt 0.686993 0.052097
vt 0.693230 0.036189
vt 0.663029 0.055512
vt 0.673334 0.060138
vt 0.682871 0.066018
vt 0.675021 0.078391
vt 0.633024 0.094481
vt 0.642795 0.082378
vt 0.642646 0.097864
vt 0.645372 0.111109
vt 0.636749 0.110645
vt 0.627373 0.107827
vt 0.601804 0.152207
vt 0.613918 0.123176
vt 0.615611 0.154997
vt 0.607866 0.155031
vt 0.630780 0.147657
vt 0.631315 0.133670
vt 0.640324 0.129892
vt 0.660457 0.117473
vt 0.651493 0.139166
vt 0.670837 0.119271
vt 0.680263 0.122377
vt 0.683181 0.110894
vt 0.694251 0.102410
vt 0.695734 0.089133
vt 0.701903 0.078242
vt 0.705861 0.066680
vt 0.715402 0.059933
vt 0.726319 0.057072
vt 0.728566 0.069389
vt 0.738855 0.068326
vt 0.751563 0.065178
vt 0.890661 0.103995
vt 0.888207 0.110482
vt 0.879222 0.106484
vt 0.907908 0.101843
vt 0.914853 0.115009
vt 0.908323 0.115535
vt 0.863139 0.820954
vt 0.855410 0.828625
vt 0.858246 0.819970
vt 0.852666 0.834166
vt 0.859970 0.833997
vt 0.906725 0.095689
vt 0.911094 0.095576
vt 0.744564 0.056597
vt 0.752263 0.059767
vt 0.747513 0.052076
vt 0.719376 0.045732
vt 0.847289 0.843334
vt 0.844610 0.836782
vt 0.667140 0.092148
vt 0.654522 0.087892
vt 0.622719 0.103580
vt 0.712784 0.842114
vt 0.867200 0.174793
vt 0.870483 0.185505
vt 0.851749 0.185653
vt 0.844908 0.171468
vt 0.861178 0.205629
vt 0.851279 0.206286
vt 0.888250 0.220383
vt 0.887767 0.232789
vt 0.868571 0.243310
vt 0.879637 0.245152
vt 0.899088 0.244384
vt 0.899362 0.256778
vt 0.486079 0.900609
vt 0.481454 0.885192
vt 0.498185 0.884108
vt 0.447110 0.902392
vt 0.451382 0.890081
vt 0.462976 0.893233
vt 0.444015 0.928880
vt 0.441706 0.941282
vt 0.425491 0.928270
vt 0.424992 0.953630
vt 0.424093 0.941418
vt 0.411778 0.954480
vt 0.413665 0.941873
vt 0.417176 0.954164
vt 0.120388 0.023016
vt 0.134553 0.019600
vt 0.139500 0.003222
vt 0.142618 0.003202
vt 0.845195 0.670823
vt 0.848855 0.667473
vt 0.850644 0.669413
vt 0.841195 0.676244
vt 0.835221 0.673385
vt 0.835807 0.676946
vt 0.830192 0.679151
vt 0.824479 0.686686
vt 0.815407 0.701228
vt 0.816145 0.686495
vt 0.797199 0.705011
vt 0.801496 0.717498
vt 0.790325 0.721530
vt 0.789292 0.730866
vt 0.777619 0.720348
vt 0.769515 0.736487
vt 0.761232 0.748167
vt 0.737951 0.785937
vt 0.748945 0.783082
vt 0.823837 0.715539
vt 0.825277 0.729608
vt 0.803852 0.729616
vt 0.812156 0.711886
vt 0.827770 0.701651
vt 0.830856 0.684278
vt 0.833457 0.696306
vt 0.849167 0.686266
vt 0.845967 0.698085
vt 0.843427 0.686226
vt 0.855558 0.701464
vt 0.851064 0.711371
vt 0.846998 0.711450
vt 0.842259 0.711086
vt 0.841851 0.722038
vt 0.836873 0.710620
vt 0.831183 0.713889
vt 0.831820 0.736247
vt 0.822343 0.739141
vt 0.830405 0.749708
vt 0.808612 0.748371
vt 0.805224 0.738873
vt 0.797267 0.759115
vt 0.793257 0.741468
vt 0.773772 0.815263
vt 0.763916 0.811878
vt 0.772743 0.803729
vt 0.762554 0.832449
vt 0.751239 0.829844
vt 0.806610 0.815468
vt 0.783313 0.811790
vt 0.828822 0.773984
vt 0.820979 0.763753
vt 0.835022 0.766208
vt 0.838276 0.758752
vt 0.841732 0.751327
vt 0.859954 0.704661
vt 0.865539 0.704098
vt 0.864169 0.724901
vt 0.440884 0.976441
vt 0.449047 0.953129
vt 0.454197 0.941928
vt 0.492808 0.912659
vt 0.430030 0.984339
vt 0.428246 0.967137
vt 0.419902 0.968987
vt 0.866913 0.679260
vt 0.860668 0.677488
vt 0.855006 0.712511
vt 0.852674 0.723885
vt 0.815649 0.772046
vt 0.809356 0.784972
vt 0.799654 0.773251
vt 0.801450 0.796611
vt 0.796198 0.788209
vt 0.781644 0.800512
vt 0.784090 0.821791
vt 0.132471 0.001526
vt 0.515451 0.902117
vt 0.871016 0.208086
vt 0.600944 0.203807
vt 0.601692 0.195038
vt 0.610805 0.197187
vt 0.151008 0.007836
vt 0.706376 0.800197
vt 0.704326 0.789403
vt 0.951683 0.427823
vt 0.944391 0.424779
vt 0.956679 0.404970
vt 0.044332 0.662578
vt 0.061826 0.643623
vt 0.055913 0.632674
vt 0.043399 0.567737
vt 0.054526 0.554565
vt 0.056420 0.573917
vt 0.432708 0.451714
vt 0.987282 0.373850
vt 0.057003 0.593103
vt 0.045706 0.607042
vt 0.048846 0.621890
vt 0.039227 0.628614
vt 0.947113 0.401746
vt 0.932838 0.403540
vt 0.939857 0.393315
vt 0.950567 0.442901
vt 0.333342 0.447479
vt 0.332639 0.434969
vt 0.359648 0.439783
vt 0.253811 0.892278
vt 0.245751 0.900080
vt 0.077718 0.437881
vt 0.629396 0.015222
vt 0.620435 0.001744
vt 0.577386 0.522877
vt 0.558469 0.536207
vt 0.550081 0.521389
vt 0.550542 0.550264
vt 0.552375 0.564074
vt 0.544083 0.550671
vt 0.529420 0.577550
vt 0.524390 0.565449
vt 0.519577 0.667198
vt 0.532546 0.682113
vt 0.533203 0.687973
vt 0.512515 0.667576
vt 0.523125 0.665572
vt 0.517892 0.650588
vt 0.532822 0.661229
vt 0.523325 0.635949
vt 0.526800 0.648918
vt 0.528532 0.624069
vt 0.528456 0.611822
vt 0.533692 0.611335
vt 0.616445 0.633626
vt 0.600250 0.631233
vt 0.603779 0.624796
vt 0.595526 0.618874
vt 0.607864 0.610059
vt 0.623366 0.624697
vt 0.616447 0.622116
vt 0.620386 0.611992
vt 0.649228 0.616682
vt 0.636985 0.609128
vt 0.643288 0.588001
vt 0.649684 0.589764
vt 0.664343 0.604125
vt 0.668263 0.586319
vt 0.675762 0.602462
vt 0.682884 0.611279
vt 0.676831 0.619160
vt 0.670701 0.611073
vt 0.663051 0.618836
vt 0.653359 0.624906
vt 0.640955 0.630401
vt 0.626490 0.641777
vt 0.630289 0.629415
vt 0.621381 0.638337
vt 0.611972 0.640766
vt 0.606106 0.645540
vt 0.596754 0.636696
vt 0.597450 0.650986
vt 0.586348 0.655585
vt 0.593397 0.642717
vt 0.580546 0.648632
vt 0.584783 0.637072
vt 0.594518 0.666887
vt 0.585833 0.667393
vt 0.591064 0.661758
vt 0.603790 0.654055
vt 0.602131 0.663842
vt 0.610339 0.650311
vt 0.610868 0.663363
vt 0.616088 0.657485
vt 0.630897 0.649353
vt 0.648603 0.636624
vt 0.657475 0.629953
vt 0.668550 0.625801
vt 0.660333 0.633182
vt 0.687763 0.617129
vt 0.680029 0.623303
vt 0.696603 0.611993
vt 0.705934 0.607680
vt 0.683078 0.627242
vt 0.612747 0.667648
vt 0.606506 0.675375
vt 0.599051 0.678752
vt 0.604442 0.668485
vt 0.561412 0.683324
vt 0.553943 0.674790
vt 0.571565 0.671500
vt 0.535398 0.646763
vt 0.545399 0.634281
vt 0.559927 0.644536
vt 0.541407 0.657539
vt 0.541997 0.671179
vt 0.548575 0.686290
vt 0.582639 0.688604
vt 0.582015 0.685426
vt 0.584422 0.682453
vt 0.570719 0.685358
vt 0.573214 0.679651
vt 0.572790 0.696109
vt 0.552997 0.703939
vt 0.547891 0.692813
vt 0.694755 0.591077
vt 0.684483 0.575100
vt 0.678136 0.559038
vt 0.665338 0.568800
vt 0.664403 0.558666
vt 0.672162 0.564424
vt 0.653442 0.561536
vt 0.650406 0.551162
vt 0.657148 0.554563
vt 0.637731 0.538399
vt 0.647298 0.511795
vt 0.647562 0.531982
vt 0.601582 0.510659
vt 0.589180 0.522380
vt 0.588467 0.510502
vt 0.579148 0.535198
vt 0.570408 0.550355
vt 0.562607 0.569827
vt 0.559522 0.549636
vt 0.552527 0.579253
vt 0.575646 0.574497
vt 0.571734 0.589872
vt 0.595117 0.577873
vt 0.582244 0.599133
vt 0.590812 0.607532
vt 0.584094 0.613650
vt 0.598759 0.599775
vt 0.619203 0.593430
vt 0.622997 0.600887
vt 0.630124 0.592871
vt 0.632930 0.598480
vt 0.639712 0.586033
vt 0.661222 0.575520
vt 0.654180 0.573316
vt 0.617217 0.541500
vt 0.600556 0.561822
vt 0.604396 0.541844
vt 0.594822 0.555477
vt 0.582366 0.555976
vt 0.591791 0.545260
vt 0.587217 0.570579
vt 0.602434 0.584426
vt 0.620079 0.582679
vt 0.636502 0.565622
vt 0.630611 0.564577
vt 0.628856 0.549636
vt 0.643408 0.576885
vt 0.635641 0.584543
vt 0.518334 0.623947
vt 0.637880 0.803898
vt 0.649031 0.799922
vt 0.131827 0.297406
vt 0.199862 0.281781
vt 0.437083 0.488203
vt 0.427816 0.467037
vt 0.925570 0.821428
vt 0.923721 0.814355
vt 0.180267 0.531938
vt 0.178638 0.538795
vt 0.170577 0.531276
vt 0.186960 0.537083
vt 0.140438 0.545611
vt 0.971969 0.076503
vt 0.971964 0.079205
vt 0.958570 0.074114
vt 0.142422 0.257261
vt 0.157034 0.254942
vt 0.173378 0.251529
vt 0.113190 0.555194
vt 0.101080 0.557251
vt 0.114829 0.550133
vt 0.126609 0.549651
vt 0.970177 0.081746
vt 0.609769 0.844385
vt 0.617360 0.833234
vt 0.626799 0.843075
vt 0.881295 0.419646
vt 0.624583 0.822663
vt 0.632929 0.829545
vt 0.605466 0.819942
vt 0.933817 0.308650
vt 0.934996 0.295464
vt 0.947339 0.283811
vt 0.958323 0.283553
vt 0.964715 0.275193
vt 0.979071 0.254350
vt 0.968300 0.247816
vt 0.977285 0.243788
vt 0.983618 0.253557
vt 0.496580 0.573716
vt 0.493283 0.575260
vt 0.492127 0.563639
vt 0.483816 0.554844
vt 0.494765 0.618282
vt 0.491029 0.597187
vt 0.483179 0.634619
vt 0.234219 0.386415
vt 0.239862 0.373008
vt 0.247604 0.375348
vt 0.219626 0.399564
vt 0.212194 0.385462
vt 0.219126 0.409628
vt 0.210047 0.407261
vt 0.193698 0.400983
vt 0.195327 0.390958
vt 0.204604 0.392910
vt 0.180366 0.443141
vt 0.160825 0.450784
vt 0.170680 0.430886
vt 0.166207 0.468810
vt 0.154104 0.466259
vt 0.164753 0.485837
vt 0.191103 0.458680
vt 0.179738 0.460926
vt 0.190819 0.433561
vt 0.227376 0.411195
vt 0.223587 0.417975
vt 0.238774 0.398174
vt 0.251038 0.395341
vt 0.497278 0.606829
vt 0.501335 0.606393
vt 0.499904 0.616903
vt 0.958395 0.248069
vt 0.958871 0.263957
vt 0.947764 0.272840
vt 0.938206 0.263862
vt 0.936861 0.271358
vt 0.605823 0.809723
vt 0.596024 0.813139
vt 0.613983 0.802255
vt 0.600257 0.804568
vt 0.496820 0.629045
vt 0.207018 0.415076
vt 0.910046 0.844901
vt 0.866108 0.839847
vt 0.858225 0.845464
vt 0.854886 0.855509
vt 0.847007 0.851085
vt 0.649010 0.669622
vt 0.637754 0.680596
vt 0.633837 0.677591
vt 0.626738 0.690615
vt 0.631939 0.700476
vt 0.623362 0.704933
vt 0.227305 0.587777
vt 0.218680 0.577361
vt 0.234573 0.584862
vt 0.640092 0.689215
vt 0.637507 0.708083
vt 0.837311 0.892104
vt 0.840950 0.869879
vt 0.041491 0.802275
vt 0.268176 0.467974
vt 0.116733 0.248835
vt 0.108408 0.251245
vt 0.238616 0.292927
vt 0.226185 0.293008
vt 0.849095 0.676545
vt 0.465533 0.352734
vt 0.359944 0.352370
vt 0.348539 0.343536
vt 0.366093 0.348798
vt 0.334580 0.696057
vt 0.339470 0.688068
vt 0.867868 0.525028
vt 0.352492 0.398442
vt 0.431083 0.323612
vt 0.439193 0.311035
vt 0.344425 0.394041
vt 0.115470 0.196826
vt 0.107761 0.220414
vt 0.102456 0.242304
vt 0.078027 0.187045
vt 0.071646 0.183756
vt 0.363166 0.771556
vt 0.759880 0.375363
vt 0.070988 0.189953
vt 0.705069 0.428968
vt 0.426439 0.990430
vt 0.419542 0.983447
vt 0.628780 0.572066
vt 0.622959 0.564865
vt 0.288990 0.519797
vt 0.286589 0.536598
vt 0.297132 0.504682
vt 0.293558 0.495562
vt 0.341504 0.459026
vt 0.009452 0.288038
vt 0.006361 0.278488
vt 0.076240 0.307101
vt 0.012664 0.266886
vt 0.001708 0.261864
vt 0.173682 0.257499
vt 0.174345 0.261811
vt 0.331066 0.874632
vt 0.337012 0.881718
vt 0.324373 0.877605
vt 0.045644 0.816076
vt 0.188864 0.246462
vt 0.141867 0.294838
vt 0.027917 0.762084
vt 0.019912 0.755187
vt 0.025486 0.751259
vt 0.034955 0.756712
vt 0.441915 0.144897
vt 0.444315 0.140390
vt 0.015607 0.760050
vt 0.050058 0.107230
vt 0.041381 0.105594
vt 0.973280 0.449943
vt 0.661174 0.721602
vt 0.263041 0.340372
vt 0.656732 0.692330
vt 0.669092 0.694161
vt 0.653945 0.700668
vt 0.682728 0.692546
vt 0.245407 0.323747
vt 0.262829 0.332500
vt 0.237596 0.079194
vt 0.222564 0.095405
vt 0.265352 0.754098
vt 0.259491 0.102653
vt 0.242610 0.061060
vt 0.271279 0.096551
vt 0.129526 0.437249
vt 0.118828 0.419204
vt 0.132936 0.449824
vt 0.143627 0.450756
vt 0.420592 0.449755
vt 0.407986 0.446979
vt 0.385591 0.442238
vt 0.449245 0.669606
vt 0.448550 0.680404
vt 0.443815 0.696619
vt 0.538285 0.701134
vt 0.527230 0.700419
vt 0.561730 0.659946
vt 0.555085 0.653295
vt 0.570499 0.653590
vt 0.576734 0.655610
vt 0.566005 0.665891
vt 0.571320 0.648377
vt 0.885947 0.946963
vt 0.163089 0.267238
vt 0.157900 0.271380
vt 0.238494 0.682026
vt 0.139189 0.265891
vt 0.612700 0.700505
vt 0.619835 0.685264
vt 0.940643 0.914091
vt 0.866825 0.856878
vt 0.696852 0.222948
vt 0.184514 0.839815
vt 0.189964 0.849779
vt 0.188431 0.859149
vt 0.018524 0.541063
vt 0.002027 0.539846
vt 0.005570 0.529073
vt 0.021164 0.532053
vt 0.738258 0.134934
vt 0.747473 0.182987
vt 0.737536 0.172465
vt 0.575322 0.948098
vt 0.592554 0.949551
vt 0.522107 0.370928
vt 0.516053 0.367012
vt 0.811156 0.575356
vt 0.795101 0.571947
vt 0.595592 0.861051
vt 0.614184 0.851762
vt 0.578617 0.880407
vt 0.478375 0.339635
vt 0.486808 0.336819
vt 0.485129 0.342597
vt 0.494522 0.345171
vt 0.703997 0.853692
vt 0.698964 0.853367
vt 0.682418 0.883097
vt 0.694539 0.890252
vt 0.705631 0.892926
vt 0.704804 0.895515
vt 0.673518 0.887073
vt 0.136242 0.505505
vt 0.126587 0.502303
vt 0.164690 0.477874
vt 0.150560 0.503047
vt 0.144380 0.510957
vt 0.157878 0.497154
vt 0.438407 0.127718
vt 0.854026 0.672932
vt 0.854492 0.685802
vt 0.680404 0.400774
vt 0.671134 0.399129
vt 0.055681 0.176433
vt 0.058477 0.171779
vt 0.063472 0.163751
vt 0.053378 0.171597
vt 0.016671 0.188876
vt 0.001507 0.203186
vt 0.002236 0.185708
vt 0.006924 0.218892
vt 0.753381 0.472435
vt 0.759756 0.457092
vt 0.743049 0.460610
vt 0.749243 0.448422
vt 0.311075 0.785049
vt 0.296800 0.791774
vt 0.319957 0.759446
vt 0.298661 0.759826
vt 0.376943 0.753095
vt 0.115186 0.256121
vt 0.123242 0.250745
vt 0.125314 0.255730
vt 0.176099 0.202704
vt 0.165517 0.206622
vt 0.162560 0.197182
vt 0.175709 0.196494
vt 0.177629 0.188257
vt 0.125772 0.207776
vt 0.082203 0.196765
vt 0.543158 0.959760
vt 0.541424 0.975164
vt 0.534080 0.972034
vt 0.575415 0.383123
vt 0.583714 0.389734
vt 0.850716 0.162648
vt 0.838963 0.162249
vt 0.533913 0.954390
vt 0.527325 0.957997
vt 0.765046 0.008812
vt 0.771558 0.001676
vt 0.635623 0.788944
vt 0.040943 0.190361
vt 0.033583 0.191198
vt 0.148841 0.127843
vt 0.181750 0.121870
vt 0.818284 0.395599
vt 0.799631 0.398770
vt 0.801380 0.387074
vt 0.830664 0.404600
vt 0.188291 0.549766
vt 0.754137 0.808411
vt 0.734454 0.817001
vt 0.160470 0.551574
vt 0.184637 0.555529
vt 0.485188 0.076921
vt 0.245046 0.476295
vt 0.256735 0.445179
vt 0.260298 0.450019
vt 0.253853 0.437122
vt 0.952638 0.123353
vt 0.956040 0.122109
vt 0.961210 0.131219
vt 0.956534 0.131983
vt 0.952352 0.135562
vt 0.961334 0.138581
vt 0.954018 0.141233
vt 0.953255 0.151866
vt 0.958686 0.154211
vt 0.950358 0.157197
vt 0.949762 0.166710
vt 0.948377 0.177243
vt 0.532781 0.741267
vt 0.537709 0.734890
vt 0.546778 0.743529
vt 0.544104 0.749392
vt 0.951510 0.187408
vt 0.547904 0.739158
vt 0.558380 0.747705
vt 0.556308 0.754135
vt 0.571131 0.785200
vt 0.562645 0.769269
vt 0.533736 0.802903
vt 0.550529 0.831846
vt 0.542291 0.836408
vt 0.542557 0.854413
vt 0.545959 0.862702
vt 0.550632 0.850936
vt 0.307205 0.031483
vt 0.360864 0.054751
vt 0.368344 0.060869
vt 0.906625 0.933637
vt 0.911185 0.943552
vt 0.916255 0.930868
vt 0.908590 0.923091
vt 0.900958 0.925730
vt 0.927158 0.927580
vt 0.007344 0.801634
vt 0.002064 0.796017
vt 0.323283 0.026675
vt 0.336517 0.024401
vt 0.353512 0.027420
vt 0.504523 0.855653
vt 0.491372 0.851850
vt 0.511293 0.799061
vt 0.518323 0.796969
vt 0.530621 0.725625
vt 0.501857 0.716349
vt 0.507303 0.715922
vt 0.949791 0.139644
vt 0.945986 0.140868
vt 0.948694 0.131666
vt 0.270528 0.457119
vt 0.276100 0.461144
vt 0.495802 0.044616
vt 0.496459 0.055279
vt 0.497713 0.070708
vt 0.516781 0.082815
vt 0.509234 0.055125
vt 0.500112 0.144453
vt 0.497084 0.154373
vt 0.222408 0.483036
vt 0.217714 0.478782
vt 0.253162 0.420032
vt 0.255045 0.412763
vt 0.255679 0.404760
vt 0.964833 0.153573
vt 0.954314 0.198482
vt 0.950713 0.200402
vt 0.572983 0.764363
vt 0.580157 0.785038
vt 0.576847 0.779596
vt 0.581930 0.773253
vt 0.583830 0.788443
vt 0.569601 0.846157
vt 0.580593 0.844376
vt 0.559145 0.847253
vt 0.555359 0.861127
vt 0.565520 0.859706
vt 0.869239 0.486529
vt 0.870061 0.474732
vt 0.875383 0.507118
vt 0.901279 0.495914
vt 0.901801 0.506449
vt 0.332731 0.059427
vt 0.291165 0.034813
vt 0.265289 0.022530
vt 0.099788 0.592564
vt 0.090183 0.586932
vt 0.033560 0.816773
vt 0.916588 0.970126
vt 0.113261 0.579055
vt 0.867436 0.949523
vt 0.876798 0.960385
vt 0.887617 0.921233
vt 0.896074 0.917955
vt 0.883146 0.913306
vt 0.905869 0.914699
vt 0.939860 0.900110
vt 0.947539 0.901018
vt 0.490836 0.862188
vt 0.372701 0.015808
vt 0.503104 0.794514
vt 0.509735 0.789095
vt 0.496074 0.718018
vt 0.942465 0.136581
vt 0.414987 0.078271
vt 0.414005 0.037332
vt 0.432415 0.009818
vt 0.509720 0.034890
vt 0.528296 0.083929
vt 0.518640 0.115779
vt 0.517679 0.148502
vt 0.515670 0.160876
vt 0.202130 0.459416
vt 0.260030 0.396343
vt 0.231273 0.432964
vt 0.261280 0.386977
vt 0.264926 0.387487
vt 0.268133 0.378513
vt 0.962995 0.182539
vt 0.961532 0.218932
vt 0.957206 0.240299
vt 0.964095 0.228602
vt 0.586458 0.777021
vt 0.590935 0.781091
vt 0.592128 0.841942
vt 0.600221 0.834247
vt 0.588171 0.856320
vt 0.600570 0.853316
vt 0.576506 0.858229
vt 0.871945 0.462103
vt 0.874744 0.448857
vt 0.884468 0.447957
vt 0.893332 0.447772
vt 0.903762 0.485162
vt 0.913016 0.497388
vt 0.915832 0.506585
vt 0.927131 0.507000
vt 0.917834 0.487601
vt 0.263472 0.032743
vt 0.277442 0.033863
vt 0.308040 0.047619
vt 0.016115 0.775852
vt 0.028517 0.780415
vt 0.036608 0.816289
vt 0.140626 0.551707
vt 0.878375 0.901806
vt 0.865417 0.900514
vt 0.938000 0.885678
vt 0.945688 0.886059
vt 0.951887 0.884441
vt 0.957701 0.883795
vt 0.362414 0.015506
vt 0.383445 0.011340
vt 0.964550 0.861682
vt 0.342424 0.007390
vt 0.923809 0.863420
vt 0.914778 0.864113
vt 0.906097 0.873888
vt 0.902281 0.866054
vt 0.888700 0.869569
vt 0.874611 0.889634
vt 0.863940 0.891493
vt 0.841580 0.905274
vt 0.210675 0.583020
vt 0.201025 0.576428
vt 0.207533 0.569376
vt 0.221930 0.590326
vt 0.216417 0.593005
vt 0.196481 0.562445
vt 0.191774 0.570129
vt 0.220995 0.554423
vt 0.232188 0.564593
vt 0.204031 0.536197
vt 0.248493 0.556603
vt 0.245886 0.565316
vt 0.241002 0.543360
vt 0.244399 0.581398
vt 0.665082 0.652820
vt 0.681146 0.642260
vt 0.677832 0.637213
vt 0.903859 0.823224
vt 0.912286 0.854807
vt 0.919584 0.843480
vt 0.921704 0.853957
vt 0.962755 0.807408
vt 0.971733 0.806101
vt 0.969453 0.817908
vt 0.466640 0.845946
vt 0.472035 0.816837
vt 0.480215 0.773345
vt 0.479658 0.762089
vt 0.484564 0.750368
vt 0.408867 0.044595
vt 0.750965 0.587030
vt 0.745579 0.584734
vt 0.752973 0.575051
vt 0.757812 0.577058
vt 0.739343 0.566796
vt 0.440996 0.008036
vt 0.448317 0.008962
vt 0.696755 0.549405
vt 0.711088 0.547883
vt 0.714110 0.558154
vt 0.488420 0.013949
vt 0.509520 0.016231
vt 0.514630 0.025248
vt 0.526097 0.035974
vt 0.532697 0.022478
vt 0.572782 0.047257
vt 0.564056 0.086979
vt 0.537973 0.125791
vt 0.525358 0.188875
vt 0.521980 0.200369
vt 0.512733 0.198208
vt 0.533422 0.189579
vt 0.540573 0.165076
vt 0.532110 0.201012
vt 0.542158 0.190283
vt 0.541945 0.201239
vt 0.552219 0.191583
vt 0.552401 0.201642
vt 0.120256 0.494930
vt 0.113041 0.492415
vt 0.106380 0.401412
vt 0.167759 0.399518
vt 0.113819 0.401371
vt 0.164215 0.412396
vt 0.180627 0.405884
vt 0.191287 0.375732
vt 0.182199 0.370008
vt 0.197222 0.365587
vt 0.206731 0.370629
vt 0.222255 0.365337
vt 0.231462 0.370163
vt 0.212178 0.360966
vt 0.466571 0.638566
vt 0.476093 0.570110
vt 0.985281 0.264852
vt 0.986026 0.276318
vt 0.988569 0.289423
vt 0.987973 0.321730
vt 0.995887 0.325800
vt 0.930766 0.320079
vt 0.926850 0.329940
vt 0.643758 0.822305
vt 0.650655 0.829785
vt 0.639381 0.836450
vt 0.896814 0.434281
vt 0.910906 0.377054
vt 0.916835 0.394181
vt 0.921226 0.411807
vt 0.917186 0.424548
vt 0.936726 0.507322
vt 0.978876 0.504804
vt 0.967510 0.506949
vt 0.998070 0.493490
vt 0.994430 0.499965
vt 0.987050 0.479328
vt 0.997612 0.474378
vt 0.035418 0.736578
vt 0.043919 0.739233
vt 0.052303 0.741610
vt 0.060912 0.745106
vt 0.057875 0.795587
vt 0.222451 0.255067
vt 0.210592 0.278152
vt 0.160154 0.276426
vt 0.947308 0.067277
vt 0.935174 0.063249
vt 0.936611 0.059459
vt 0.925151 0.058442
vt 0.946198 0.062801
vt 0.168257 0.528073
vt 0.173681 0.523756
vt 0.160886 0.533771
vt 0.898099 0.040263
vt 0.256187 0.527340
vt 0.254081 0.537237
vt 0.258980 0.513154
vt 0.251451 0.547146
vt 0.567267 0.719916
vt 0.626710 0.659724
vt 0.618506 0.661601
vt 0.624232 0.656375
vt 0.670407 0.629632
vt 0.673911 0.632468
vt 0.652643 0.640956
vt 0.952522 0.808935
vt 0.941667 0.810442
vt 0.743856 0.626145
vt 0.734249 0.627158
vt 0.761080 0.627140
vt 0.752830 0.609585
vt 0.763822 0.606877
vt 0.747096 0.598233
vt 0.740179 0.595911
vt 0.725798 0.627265
vt 0.724815 0.621472
vt 0.684027 0.552026
vt 0.668664 0.552074
vt 0.660761 0.547173
vt 0.664658 0.539216
vt 0.672676 0.522003
vt 0.656151 0.535271
vt 0.662538 0.516838
vt 0.586993 0.042925
vt 0.585852 0.030771
vt 0.575750 0.088796
vt 0.551118 0.145386
vt 0.555230 0.159594
vt 0.545814 0.155226
vt 0.563855 0.184765
vt 0.567474 0.176255
vt 0.562137 0.193275
vt 0.562750 0.201535
vt 0.584038 0.198906
vt 0.581801 0.206962
vt 0.112285 0.546196
vt 0.110005 0.536259
vt 0.109288 0.525030
vt 0.099047 0.487685
vt 0.106680 0.488255
vt 0.098463 0.475054
vt 0.126990 0.368642
vt 0.188093 0.360169
vt 0.173659 0.349325
vt 0.194088 0.350286
vt 0.176810 0.338323
vt 0.202959 0.355849
vt 0.434712 0.644157
vt 0.424168 0.645016
vt 0.443551 0.611423
vt 0.453204 0.599900
vt 0.460471 0.575686
vt 0.472640 0.571245
vt 0.466008 0.585449
vt 0.454808 0.526658
vt 0.447534 0.510168
vt 0.021462 0.577529
vt 0.028464 0.567114
vt 0.014305 0.601695
vt 0.025691 0.611311
vt 0.008552 0.612147
vt 0.018572 0.619772
vt 0.029649 0.634456
vt 0.928269 0.386483
vt 0.937322 0.420475
vt 0.942564 0.460699
vt 0.953833 0.463650
vt 0.953850 0.483769
vt 0.973356 0.463156
vt 0.983318 0.457214
vt 0.962622 0.463299
vt 0.992953 0.454562
vt 0.043800 0.719627
vt 0.052006 0.722347
vt 0.060346 0.723507
vt 0.253916 0.274131
vt 0.256111 0.269357
vt 0.252197 0.279513
vt 0.232799 0.282142
vt 0.198439 0.276566
vt 0.190951 0.301711
vt 0.409274 0.239969
vt 0.121525 0.297152
vt 0.923798 0.067972
vt 0.924433 0.083515
vt 0.921774 0.073916
vt 0.892621 0.061455
vt 0.884937 0.059644
vt 0.839226 0.042791
vt 0.257958 0.519368
vt 0.542743 0.730170
vt 0.537442 0.719779
vt 0.545415 0.718499
vt 0.555263 0.717187
vt 0.532773 0.710289
vt 0.759293 0.038596
vt 0.645100 0.762782
vt 0.647049 0.815225
vt 0.668175 0.818192
vt 0.506643 0.636053
vt 0.506733 0.622967
vt 0.512318 0.623444
vt 0.510153 0.636143
vt 0.513690 0.611687
vt 0.506933 0.610842
vt 0.519850 0.612503
vt 0.525718 0.589327
vt 0.529751 0.590579
vt 0.524335 0.550243
vt 0.529771 0.534795
vt 0.537510 0.535017
vt 0.520792 0.563450
vt 0.541914 0.503653
vt 0.554318 0.507206
vt 0.651088 0.003606
vt 0.649057 0.018153
vt 0.629177 0.029342
vt 0.615541 0.071550
vt 0.611351 0.055778
vt 0.610004 0.041521
vt 0.604410 0.074845
vt 0.589425 0.183143
vt 0.586503 0.191373
vt 0.593790 0.193197
vt 0.596379 0.184858
vt 0.591393 0.201123
vt 0.588817 0.209616
vt 0.599209 0.212832
vt 0.104777 0.546916
vt 0.093779 0.547045
vt 0.076968 0.491907
vt 0.047706 0.460929
vt 0.046110 0.453026
vt 0.231510 0.873993
vt 0.243710 0.881150
vt 0.239858 0.895416
vt 0.294022 0.908570
vt 0.113658 0.361094
vt 0.162015 0.341790
vt 0.126287 0.342959
vt 0.155535 0.329115
vt 0.166667 0.332683
vt 0.443083 0.602471
vt 0.430889 0.589941
vt 0.441498 0.586748
vt 0.452349 0.590345
vt 0.447341 0.534530
vt 0.436461 0.522657
vt 0.441973 0.515029
vt 0.422766 0.507763
vt 0.352024 0.428647
vt 0.390116 0.431120
vt 0.406890 0.432174
vt 0.489005 0.265452
vt 0.501840 0.276795
vt 0.491197 0.285390
vt 0.479554 0.277407
vt 0.471648 0.269511
vt 0.479755 0.256959
vt 0.478300 0.294937
vt 0.467244 0.287284
vt 0.458977 0.279204
vt 0.462544 0.261021
vt 0.451189 0.271909
vt 0.453182 0.297347
vt 0.442947 0.291944
vt 0.436240 0.284879
vt 0.452064 0.254062
vt 0.429091 0.277703
vt 0.071135 0.604793
vt 0.084467 0.596232
vt 0.093771 0.616897
vt 0.084081 0.617023
vt 0.068598 0.584998
vt 0.066360 0.657089
vt 0.987624 0.441580
vt 0.092453 0.672954
vt 0.077628 0.674587
vt 0.067534 0.688083
vt 0.049265 0.691980
vt 0.057882 0.697694
vt 0.056135 0.708030
vt 0.047595 0.707140
vt 0.064312 0.708957
vt 0.076377 0.686884
vt 0.084432 0.688471
vt 0.304322 0.307919
vt 0.231238 0.288650
vt 0.277746 0.333325
vt 0.281128 0.326312
vt 0.266002 0.363490
vt 0.163735 0.641747
vt 0.116050 0.672074
vt 0.401363 0.203238
vt 0.916061 0.084227
vt 0.917256 0.079744
vt 0.899089 0.067031
vt 0.907779 0.070167
vt 0.859358 0.050831
vt 0.851144 0.051273
vt 0.794764 0.053233
vt 0.668907 0.759774
vt 0.702667 0.778824
vt 0.692674 0.772246
vt 0.700942 0.769042
vt 0.698971 0.758853
vt 0.706021 0.755026
vt 0.691952 0.759631
vt 0.738341 0.725820
vt 0.733932 0.717046
vt 0.752637 0.711875
vt 0.744375 0.707270
vt 0.791109 0.667554
vt 0.154363 0.025779
vt 0.157894 0.031368
vt 0.152127 0.036186
vt 0.110110 0.061261
vt 0.107538 0.058269
vt 0.096150 0.066278
vt 0.093203 0.061877
vt 0.083296 0.073043
vt 0.421767 0.854109
vt 0.411576 0.882680
vt 0.045545 0.068968
vt 0.033071 0.083084
vt 0.433893 0.886541
vt 0.894186 0.333522
vt 0.910724 0.338895
vt 0.925801 0.336338
vt 0.875520 0.307661
vt 0.858129 0.255614
vt 0.847628 0.265773
vt 0.847356 0.253600
vt 0.848699 0.288441
vt 0.825014 0.284221
vt 0.837530 0.211077
vt 0.807008 0.175133
vt 0.795813 0.206925
vt 0.742437 0.188278
vt 0.736152 0.190946
vt 0.178982 0.908603
vt 0.728679 0.194377
vt 0.699804 0.160298
vt 0.061069 0.525796
vt 0.021723 0.458222
vt 0.030368 0.452177
vt 0.020280 0.449475
vt 0.324174 0.863962
vt 0.338936 0.852991
vt 0.355882 0.875777
vt 0.355417 0.885174
vt 0.338686 0.888400
vt 0.328981 0.897820
vt 0.319148 0.908554
vt 0.309371 0.908940
vt 0.120700 0.327347
vt 0.124468 0.316826
vt 0.367934 0.653569
vt 0.389877 0.509422
vt 0.393838 0.499278
vt 0.371509 0.494773
vt 0.341454 0.470730
vt 0.336920 0.483196
vt 0.649427 0.861436
vt 0.677983 0.844012
vt 0.566289 0.900960
vt 0.465145 0.645576
vt 0.481557 0.642094
vt 0.563603 0.895799
vt 0.450692 0.654360
vt 0.439276 0.671227
vt 0.439482 0.661896
vt 0.438574 0.682644
vt 0.429875 0.683997
vt 0.421929 0.685737
vt 0.414736 0.688237
vt 0.426787 0.698144
vt 0.421637 0.714839
vt 0.399708 0.744913
vt 0.387133 0.726538
vt 0.409288 0.731219
vt 0.388050 0.714585
vt 0.338115 0.766785
vt 0.335016 0.775402
vt 0.128045 0.240773
vt 0.135027 0.247677
vt 0.139058 0.255726
vt 0.150124 0.246588
vt 0.132710 0.259832
vt 0.345888 0.767308
vt 0.342280 0.774718
vt 0.123611 0.262440
vt 0.351334 0.776166
vt 0.360225 0.778712
vt 0.114108 0.262820
vt 0.104084 0.261914
vt 0.382172 0.783808
vt 0.369717 0.781351
vt 0.086816 0.164350
vt 0.089586 0.163021
vt 0.085536 0.158103
vt 0.079231 0.161386
vt 0.081197 0.166432
vt 0.077682 0.157013
vt 0.083744 0.152912
vt 0.079484 0.147458
vt 0.191251 0.152145
vt 0.170206 0.126685
vt 0.201525 0.154071
vt 0.210160 0.113463
vt 0.220728 0.110734
vt 0.213836 0.100546
vt 0.204178 0.104501
vt 0.184856 0.080700
vt 0.153286 0.098625
vt 0.150466 0.081254
vt 0.109826 0.100981
vt 0.097464 0.109462
vt 0.077837 0.107976
vt 0.069539 0.114379
vt 0.067148 0.106556
vt 0.063975 0.121858
vt 0.009855 0.113081
vt 0.742333 0.328800
vt 0.724755 0.327626
vt 0.730926 0.316649
vt 0.837191 0.326301
vt 0.836284 0.340272
vt 0.820355 0.336350
vt 0.824026 0.323138
vt 0.850888 0.336612
vt 0.824774 0.309393
vt 0.803745 0.315755
vt 0.812460 0.304350
vt 0.800319 0.299948
vt 0.813807 0.280937
vt 0.788768 0.260459
vt 0.758636 0.189037
vt 0.748239 0.198807
vt 0.752002 0.184741
vt 0.120695 0.898656
vt 0.107311 0.895860
vt 0.091930 0.900932
vt 0.092643 0.895612
vt 0.185565 0.891798
vt 0.182585 0.901279
vt 0.187032 0.881908
vt 0.188011 0.865981
vt 0.170714 0.863883
vt 0.025677 0.524595
vt 0.008622 0.522051
vt 0.142679 0.840497
vt 0.166366 0.812233
vt 0.157542 0.803649
vt 0.017727 0.485396
vt 0.130602 0.792653
vt 0.114254 0.812190
vt 0.122521 0.787894
vt 0.109266 0.799219
vt 0.299377 0.823371
vt 0.278368 0.812348
vt 0.307928 0.816678
vt 0.368936 0.862445
vt 0.048111 0.340985
vt 0.094394 0.305424
vt 0.106021 0.302103
vt 0.381342 0.550641
vt 0.376317 0.570169
vt 0.383823 0.540669
vt 0.386004 0.530879
vt 0.397521 0.533682
vt 0.373417 0.539393
vt 0.374855 0.529445
vt 0.376253 0.518419
vt 0.390008 0.520844
vt 0.317679 0.511801
vt 0.293294 0.524022
vt 0.263353 0.501603
vt 0.260089 0.489692
vt 0.590965 0.927994
vt 0.601184 0.914797
vt 0.610644 0.899891
vt 0.482578 0.693347
vt 0.490135 0.677135
vt 0.494445 0.681861
vt 0.454751 0.720078
vt 0.442624 0.736080
vt 0.442250 0.715385
vt 0.432908 0.733082
vt 0.417407 0.747228
vt 0.394300 0.786005
vt 0.406759 0.790120
vt 0.065788 0.257091
vt 0.028004 0.176279
vt 0.021051 0.175636
vt 0.780477 0.407462
vt 0.710007 0.348839
vt 0.694296 0.334533
vt 0.664421 0.303163
vt 0.672321 0.315678
vt 0.658958 0.290046
vt 0.652357 0.257030
vt 0.836809 0.350751
vt 0.025766 0.890139
vt 0.009898 0.893763
vt 0.024600 0.885874
vt 0.060764 0.879188
vt 0.092985 0.876927
vt 0.124296 0.852068
vt 0.079934 0.832167
vt 0.323360 0.784541
vt 0.410727 0.870723
vt 0.404539 0.891616
vt 0.015301 0.306079
vt 0.009898 0.300284
vt 0.010196 0.294594
vt 0.798301 0.522612
vt 0.800357 0.535887
vt 0.388200 0.905416
vt 0.029462 0.315463
vt 0.035996 0.326269
vt 0.041350 0.303098
vt 0.048271 0.316674
vt 0.045163 0.332041
vt 0.047609 0.301653
vt 0.054645 0.313465
vt 0.054766 0.275192
vt 0.082821 0.286964
vt 0.299292 0.628301
vt 0.364782 0.559737
vt 0.321338 0.521662
vt 0.288753 0.582682
vt 0.272057 0.589066
vt 0.256577 0.493822
vt 0.259895 0.504230
vt 0.253124 0.497220
vt 0.679586 0.966714
vt 0.706613 0.967118
vt 0.744428 0.943467
vt 0.709490 0.852389
vt 0.715027 0.901483
vt 0.715590 0.898940
vt 0.725272 0.904185
vt 0.724740 0.907158
vt 0.733438 0.908637
vt 0.733107 0.912656
vt 0.563381 0.482209
vt 0.559867 0.482579
vt 0.561950 0.473299
vt 0.565460 0.473370
vt 0.568244 0.449666
vt 0.561457 0.457763
vt 0.560876 0.449318
vt 0.748299 0.917891
vt 0.590921 0.384770
vt 0.567799 0.352394
vt 0.561054 0.349742
vt 0.564193 0.340483
vt 0.570521 0.332336
vt 0.560201 0.322685
vt 0.579130 0.308661
vt 0.550110 0.346202
vt 0.848682 0.406979
vt 0.847616 0.399001
vt 0.552693 0.333191
vt 0.563787 0.310057
vt 0.867426 0.449797
vt 0.865756 0.467145
vt 0.860860 0.462237
vt 0.858441 0.446436
vt 0.852064 0.428267
vt 0.841697 0.417010
vt 0.839712 0.406355
vt 0.838926 0.399157
vt 0.846590 0.390646
vt 0.838126 0.390537
vt 0.829898 0.398033
vt 0.828207 0.391912
vt 0.007757 0.888900
vt 0.004144 0.880154
vt 0.022904 0.878282
vt 0.054264 0.840819
vt 0.338942 0.781866
vt 0.370595 0.787728
vt 0.379481 0.792578
vt 0.379938 0.807048
vt 0.388347 0.800222
vt 0.386897 0.815584
vt 0.395264 0.811069
vt 0.400322 0.823344
vt 0.392254 0.826691
vt 0.403069 0.836306
vt 0.808710 0.538721
vt 0.607329 0.956444
vt 0.605181 0.962092
vt 0.621428 0.964677
vt 0.621672 0.959798
vt 0.633589 0.961053
vt 0.634911 0.965174
vt 0.244474 0.595639
vt 0.647736 0.962033
vt 0.738475 0.934855
vt 0.733257 0.921370
vt 0.736385 0.899919
vt 0.748845 0.915183
vt 0.747317 0.920435
vt 0.558625 0.440254
vt 0.557279 0.430291
vt 0.557213 0.399829
vt 0.561551 0.398719
vt 0.548123 0.329917
vt 0.852364 0.460413
vt 0.860945 0.494331
vt 0.844283 0.430312
vt 0.849831 0.445070
vt 0.805888 0.471681
vt 0.021835 0.861113
vt 0.799315 0.475613
vt 0.797276 0.462922
vt 0.837763 0.519286
vt 0.840420 0.567999
vt 0.594352 0.929002
vt 0.604633 0.938542
vt 0.622223 0.957087
vt 0.698844 0.949753
vt 0.721084 0.911139
vt 0.714277 0.907072
vt 0.775845 0.921804
vt 0.793556 0.922563
vt 0.548940 0.392887
vt 0.545497 0.385195
vt 0.828343 0.472611
vt 0.601528 0.925205
vt 0.855386 0.580288
vt 0.671920 0.945022
vt 0.659718 0.948578
vt 0.686701 0.928732
vt 0.682195 0.922337
vt 0.670818 0.920337
vt 0.806750 0.908918
vt 0.815856 0.891635
vt 0.806308 0.917465
vt 0.866592 0.585244
vt 0.873983 0.588920
vt 0.825117 0.899715
vt 0.860666 0.582319
vt 0.645156 0.941043
vt 0.823742 0.880109
vt 0.805680 0.923418
vt 0.252949 0.597948
vt 0.224445 0.618652
vt 0.310334 0.578694
vt 0.239449 0.654061
vt 0.243670 0.652735
vt 0.230246 0.655136
vt 0.223271 0.654676
vt 0.220659 0.637780
vt 0.039235 0.287244
vt 0.033522 0.271731
vt 0.836928 0.377990
vt 0.837441 0.382999
vt 0.828328 0.377443
vt 0.801963 0.372069
vt 0.845412 0.381860
vt 0.854176 0.385802
vt 0.860694 0.379092
vt 0.862037 0.384522
vt 0.863274 0.390824
vt 0.855170 0.391860
vt 0.871772 0.389403
vt 0.873051 0.397749
vt 0.616914 0.258591
vt 0.630632 0.260332
vt 0.622159 0.255335
vt 0.627144 0.252924
vt 0.870404 0.382885
vt 0.868876 0.376974
vt 0.865825 0.369047
vt 0.858954 0.372750
vt 0.639567 0.264369
vt 0.635317 0.257917
vt 0.596042 0.318599
vt 0.601414 0.372163
vt 0.602599 0.393659
vt 0.590024 0.457579
vt 0.909584 0.561160
vt 0.914630 0.566248
vt 0.626156 0.896972
vt 0.613306 0.904657
vt 0.866604 0.658711
vt 0.865250 0.642407
vt 0.872058 0.628614
vt 0.875429 0.657595
vt 0.866779 0.627068
vt 0.869926 0.675779
vt 0.880214 0.643195
vt 0.874848 0.692359
vt 0.896673 0.697352
vt 0.889871 0.703183
vt 0.885449 0.708393
vt 0.913311 0.699644
vt 0.901738 0.714785
vt 0.912340 0.730832
vt 0.927193 0.739368
vt 0.459102 0.770285
vt 0.449971 0.770598
vt 0.448897 0.782885
vt 0.437927 0.781416
vt 0.438483 0.794790
vt 0.449998 0.795487
vt 0.427168 0.793959
vt 0.459149 0.781970
vt 0.461389 0.795106
vt 0.020844 0.232873
vt 0.022580 0.247286
vt 0.011038 0.246300
vt 0.009321 0.232454
vt 0.980598 0.740553
vt 0.979642 0.754408
vt 0.965169 0.753183
vt 0.711614 0.499389
vt 0.709510 0.490616
vt 0.724243 0.489791
vt 0.725370 0.498991
vt 0.733393 0.450670
vt 0.725733 0.442271
vt 0.714727 0.410908
vt 0.711413 0.421604
vt 0.668514 0.320689
vt 0.604191 0.355654
vt 0.612102 0.378660
vt 0.623116 0.381945
vt 0.619409 0.389678
vt 0.615679 0.368895
vt 0.651338 0.438877
vt 0.660696 0.441929
vt 0.692482 0.419018
vt 0.694722 0.409472
vt 0.696087 0.376535
vt 0.639417 0.366542
vt 0.636116 0.376002
vt 0.626694 0.371325
vt 0.656225 0.348686
vt 0.633160 0.384631
vt 0.665049 0.396490
vt 0.658324 0.393608
vt 0.668927 0.388286
vt 0.662821 0.373689
vt 0.649159 0.369682
vt 0.663039 0.361753
vt 0.653068 0.359176
vt 0.666750 0.352325
vt 0.659242 0.448031
vt 0.649657 0.445916
vt 0.648572 0.452982
vt 0.658477 0.454442
vt 0.640101 0.452328
vt 0.639965 0.460747
vt 0.627395 0.461834
vt 0.618032 0.462868
vt 0.561450 0.500824
vt 0.582586 0.491812
vt 0.572671 0.500517
vt 0.928092 0.577763
vt 0.922361 0.585845
vt 0.889927 0.604848
vt 0.897201 0.607990
vt 0.886529 0.617886
vt 0.882396 0.630280
vt 0.894215 0.643287
vt 0.886588 0.655752
vt 0.896358 0.653491
vt 0.944477 0.724665
vt 0.948174 0.712066
vt 0.942313 0.735504
vt 0.940294 0.744803
vt 0.951518 0.749907
vt 0.971184 0.682377
vt 0.980402 0.680096
vt 0.979420 0.695334
vt 0.963570 0.698150
vt 0.648050 0.460412
vt 0.633469 0.471044
vt 0.628271 0.481793
vt 0.626609 0.471964
vt 0.620945 0.482317
vt 0.619524 0.472638
vt 0.604759 0.492177
vt 0.614257 0.495874
vt 0.594474 0.492513
vt 0.931667 0.591377
vt 0.584178 0.500536
vt 0.944994 0.593631
vt 0.906928 0.612047
vt 0.916714 0.626043
vt 0.905743 0.642835
vt 0.917453 0.641429
vt 0.907786 0.650819
vt 0.919544 0.647850
vt 0.911140 0.658743
vt 0.922797 0.653944
vt 0.963467 0.670295
vt 0.980598 0.666262
vt 0.971221 0.668557
vt 0.979555 0.654818
vt 0.650846 0.490429
vt 0.651782 0.500414
vt 0.644116 0.500427
vt 0.636932 0.500456
vt 0.629857 0.500361
vt 0.629390 0.491321
vt 0.622186 0.494883
vt 0.964742 0.616633
vt 0.958046 0.621689
vt 0.933302 0.632227
vt 0.947357 0.634263
vt 0.930058 0.639036
vt 0.954321 0.631366
vt 0.949363 0.639568
vt 0.956580 0.637083
vt 0.963207 0.626687
vt 0.977783 0.645348
vt 0.934860 0.643759
vt 0.110397 0.874314
vt 0.110203 0.879236
vt 0.755876 0.318667
vt 0.773615 0.386467
vt 0.785433 0.399474
vt 0.783312 0.403152
vt 0.064124 0.190189
vt 0.056442 0.186819
vt 0.050084 0.180900
vt 0.044078 0.174224
vt 0.046679 0.173524
vt 0.044882 0.165541
vt 0.007837 0.120324
vt 0.069115 0.138513
vt 0.063148 0.137822
vt 0.076448 0.133527
vt 0.052609 0.166239
vt 0.073586 0.169969
vt 0.159124 0.125446
vt 0.172031 0.119139
vt 0.722238 0.332006
vt 0.706255 0.298401
vt 0.796785 0.330763
vt 0.785553 0.328280
vt 0.690109 0.268012
vt 0.775137 0.325934
vt 0.047271 0.910116
vt 0.033945 0.915052
vt 0.409243 0.746574
vt 0.417653 0.731734
vt 0.425919 0.729082
vt 0.409270 0.537755
vt 0.766345 0.178431
vt 0.836803 0.287776
vt 0.898224 0.350391
vt 0.882735 0.349080
vt 0.866466 0.343101
vt 0.783893 0.358578
vt 0.799899 0.361254
vt 0.799070 0.368611
vt 0.770319 0.342293
vt 0.784986 0.347475
vt 0.016321 0.080235
vt 0.015820 0.069376
vt 0.800314 0.350343
vt 0.929869 0.348167
vt 0.914048 0.349907
vt 0.059613 0.104815
vt 0.070362 0.098285
vt 0.087146 0.091836
vt 0.096187 0.095880
vt 0.106640 0.089101
vt 0.114699 0.091277
vt 0.120144 0.080532
vt 0.145254 0.056163
vt 0.189161 0.074293
vt 0.205786 0.056901
vt 0.226977 0.059163
vt 0.244014 0.054097
vt 0.229380 0.048381
vt 0.258491 0.058736
vt 0.296929 0.085152
vt 0.298080 0.077777
vt 0.286215 0.063963
vt 0.299622 0.066301
vt 0.295317 0.094950
vt 0.283297 0.094738
vt 0.294104 0.106951
vt 0.283357 0.107422
vt 0.272804 0.110499
vt 0.283212 0.119702
vt 0.273054 0.123456
vt 0.261515 0.117030
vt 0.261241 0.130990
vt 0.225684 0.146469
vt 0.206887 0.166336
vt 0.187589 0.207534
vt 0.176883 0.210229
vt 0.189286 0.215130
vt 0.178711 0.220200
vt 0.166896 0.215275
vt 0.169799 0.225824
vt 0.286614 0.792884
vt 0.275329 0.791192
vt 0.264470 0.778253
vt 0.264457 0.774545
vt 0.244168 0.778110
vt 0.237343 0.783955
vt 0.221913 0.781869
vt 0.245072 0.774754
vt 0.262033 0.788670
vt 0.225800 0.185848
vt 0.242433 0.192415
vt 0.273209 0.151672
vt 0.283500 0.141549
vt 0.292404 0.140309
vt 0.307978 0.158601
vt 0.302428 0.130573
vt 0.292688 0.127563
vt 0.327302 0.113281
vt 0.316330 0.110138
vt 0.330249 0.101763
vt 0.369887 0.108967
vt 0.368590 0.123596
vt 0.382047 0.103528
vt 0.403620 0.121054
vt 0.342581 0.095639
vt 0.856043 0.070987
vt 0.858439 0.077652
vt 0.820689 0.091886
vt 0.834873 0.088916
vt 0.853367 0.089455
vt 0.863455 0.086155
vt 0.856255 0.061880
vt 0.884969 0.067008
vt 0.850515 0.059071
vt 0.841535 0.055034
vt 0.806088 0.055633
vt 0.805928 0.060758
vt 0.783194 0.054709
vt 0.762476 0.061515
vt 0.635450 0.728942
vt 0.684465 0.760797
vt 0.720457 0.719815
vt 0.788813 0.661421
vt 0.776189 0.664227
vt 0.763493 0.671109
vt 0.800239 0.659656
vt 0.171833 0.033317
vt 0.163565 0.036427
vt 0.154137 0.050040
vt 0.113786 0.079350
vt 0.100813 0.085926
vt 0.749492 0.676936
vt 0.735099 0.680750
vt 0.695533 0.689526
vt 0.311452 0.078721
vt 0.313485 0.065841
vt 0.328230 0.063539
vt 0.305192 0.107984
vt 0.273305 0.134875
vt 0.273461 0.144484
vt 0.259935 0.143258
vt 0.258427 0.159293
vt 0.344719 0.066762
vt 0.792045 0.096643
vt 0.812090 0.066521
vt 0.645367 0.729133
vt 0.637131 0.724611
vt 0.639245 0.720516
vt 0.647945 0.724159
vt 0.760495 0.071465
vt 0.760136 0.066606
vt 0.653679 0.731753
vt 0.699531 0.729027
vt 0.691220 0.716365
vt 0.760267 0.077373
vt 0.770971 0.074642
vt 0.781862 0.073701
vt 0.767026 0.105419
vt 0.412344 0.136668
vt 0.370375 0.144359
vt 0.349472 0.161575
vt 0.321368 0.161546
vt 0.305074 0.165226
vt 0.301374 0.172177
vt 0.206657 0.779904
vt 0.302455 0.182420
vt 0.286447 0.192053
vt 0.188356 0.771357
vt 0.195511 0.763871
vt 0.223681 0.766447
vt 0.231574 0.763719
vt 0.310294 0.695775
vt 0.270670 0.688592
vt 0.260793 0.687635
vt 0.297832 0.381732
vt 0.288115 0.375352
vt 0.181839 0.647558
vt 0.426297 0.174010
vt 0.909285 0.082909
vt 0.903196 0.079164
vt 0.437849 0.152430
vt 0.442064 0.152450
vt 0.421266 0.146326
vt 0.422981 0.137410
vt 0.401848 0.141631
vt 0.404183 0.137245
vt 0.393804 0.134739
vt 0.396854 0.130582
vt 0.391485 0.139790
vt 0.383682 0.143996
vt 0.377485 0.143986
vt 0.341503 0.186831
vt 0.299782 0.194024
vt 0.241246 0.760039
vt 0.258111 0.749627
vt 0.242464 0.749176
vt 0.268976 0.744721
vt 0.273445 0.750529
vt 0.273329 0.736454
vt 0.265656 0.739403
vt 0.278665 0.728255
vt 0.271002 0.731072
vt 0.261147 0.727467
vt 0.251094 0.730079
vt 0.237247 0.691229
vt 0.235352 0.734280
vt 0.220854 0.731094
vt 0.211793 0.724236
vt 0.168121 0.715451
vt 0.159234 0.710763
vt 0.372557 0.223815
vt 0.358204 0.215239
vt 0.259629 0.693146
vt 0.293986 0.721806
vt 0.318377 0.378495
vt 0.338895 0.354195
vt 0.295241 0.322620
vt 0.319299 0.314322
vt 0.334938 0.319341
vt 0.349952 0.314566
vt 0.099326 0.687116
vt 0.364140 0.306148
vt 0.403454 0.334331
vt 0.405830 0.342613
vt 0.375368 0.359609
vt 0.376792 0.374401
vt 0.384330 0.383980
vt 0.389589 0.391093
vt 0.401123 0.386919
vt 0.381863 0.401401
vt 0.340513 0.399568
vt 0.331314 0.394026
vt 0.336406 0.389640
vt 0.330266 0.382963
vt 0.325285 0.386865
vt 0.322241 0.404689
vt 0.399972 0.682050
vt 0.405793 0.660662
vt 0.413795 0.657462
vt 0.412181 0.650075
vt 0.477080 0.396895
vt 0.448629 0.405421
vt 0.488980 0.389766
vt 0.485765 0.383720
vt 0.491802 0.395609
vt 0.501846 0.379836
vt 0.497725 0.374757
vt 0.504994 0.384630
vt 0.508801 0.363052
vt 0.500458 0.358715
vt 0.492339 0.368853
vt 0.504708 0.347220
vt 0.504771 0.336408
vt 0.513450 0.323947
vt 0.501252 0.326638
vt 0.494855 0.318977
vt 0.485960 0.313295
vt 0.476082 0.321507
vt 0.468212 0.328593
vt 0.465412 0.317706
vt 0.457773 0.325544
vt 0.472392 0.337024
vt 0.463849 0.334648
vt 0.452332 0.337956
vt 0.445430 0.323244
vt 0.441182 0.336228
vt 0.441810 0.349333
vt 0.452483 0.347706
vt 0.461995 0.340425
vt 0.418430 0.365626
vt 0.445672 0.358491
vt 0.433405 0.373466
vt 0.442257 0.370600
vt 0.426018 0.376087
vt 0.419042 0.379101
vt 0.432354 0.385469
vt 0.440266 0.382210
vt 0.423683 0.388619
vt 0.437010 0.393342
vt 0.410999 0.382654
vt 0.419728 0.419566
vt 0.391957 0.660580
vt 0.403283 0.653610
vt 0.431733 0.410412
vt 0.432618 0.417106
vt 0.441979 0.415073
vt 0.440284 0.405871
vt 0.444558 0.389698
vt 0.485773 0.362405
vt 0.478488 0.355443
vt 0.471171 0.360297
vt 0.483169 0.349388
vt 0.492005 0.354158
vt 0.455989 0.355734
vt 0.453237 0.313476
vt 0.464250 0.303531
vt 0.475452 0.309085
vt 0.529013 0.304605
vt 0.388628 0.784850
vt 0.621269 0.199571
vt 0.634760 0.192824
vt 0.712376 0.144682
vt 0.867504 0.109421
vt 0.870673 0.114478
vt 0.857595 0.106016
vt 0.850276 0.125686
vt 0.838443 0.180313
vt 0.857916 0.242343
vt 0.869775 0.256896
vt 0.911164 0.294771
vt 0.469757 0.880486
vt 0.456999 0.878445
vt 0.463518 0.866699
vt 0.088827 0.054820
vt 0.714052 0.785669
vt 0.730366 0.779287
vt 0.785621 0.854356
vt 0.848596 0.778121
vt 0.861287 0.765206
vt 0.859073 0.743257
vt 0.853205 0.742951
vt 0.864199 0.743955
vt 0.458338 0.988397
vt 0.478007 0.986326
vt 0.493169 0.989225
vt 0.474089 0.994104
vt 0.462166 0.954340
vt 0.472217 0.943825
vt 0.488424 0.947244
vt 0.471353 0.931843
vt 0.507733 0.954373
vt 0.484076 0.924440
vt 0.543858 0.943619
vt 0.880770 0.175780
vt 0.884589 0.165556
vt 0.869734 0.164404
vt 0.894259 0.122853
vt 0.860759 0.164353
vt 0.532068 0.992017
vt 0.918692 0.133547
vt 0.925456 0.140792
vt 0.509078 0.962219
vt 0.520282 0.958723
vt 0.520179 0.988482
vt 0.706144 0.030337
vt 0.693557 0.014774
vt 0.712967 0.029990
vt 0.685806 0.001981
vt 0.717179 0.835263
vt 0.506820 0.497817
vt 0.509718 0.531709
vt 0.725006 0.848831
vt 0.681663 0.822826
vt 0.680484 0.826860
vt 0.678999 0.830933
vt 0.690778 0.830443
vt 0.689325 0.835118
vt 0.700147 0.838928
vt 0.508958 0.575585
vt 0.513440 0.562796
vt 0.509732 0.562405
vt 0.517999 0.549546
vt 0.603909 0.164906
vt 0.607157 0.177081
vt 0.599807 0.175342
vt 0.610977 0.166854
vt 0.604087 0.186487
vt 0.618849 0.168887
vt 0.643281 0.150246
vt 0.623390 0.158218
vt 0.877910 0.100930
vt 0.869063 0.120858
vt 0.885191 0.117470
vt 0.907028 0.122975
vt 0.915959 0.124345
vt 0.866319 0.782441
vt 0.838852 0.844178
vt 0.840834 0.847754
vt 0.702245 0.037483
vt 0.692166 0.072149
vt 0.661268 0.072322
vt 0.650724 0.068692
vt 0.891438 0.097855
vt 0.750400 0.075438
vt 0.901986 0.107694
vt 0.901841 0.101722
vt 0.901256 0.096142
vt 0.756481 0.056854
vt 0.510318 0.548085
vt 0.897586 0.231881
vt 0.471409 0.903270
vt 0.507530 0.892762
vt 0.480123 0.911521
vt 0.458562 0.917578
vt 0.415311 0.973964
vt 0.836895 0.683858
vt 0.774437 0.755764
vt 0.763899 0.757099
vt 0.755226 0.765524
vt 0.766895 0.769850
vt 0.760029 0.785092
vt 0.752827 0.798571
vt 0.762146 0.796280
vt 0.785045 0.755558
vt 0.777117 0.783113
vt 0.782583 0.771914
vt 0.840311 0.698346
vt 0.846595 0.722810
vt 0.837397 0.732058
vt 0.841474 0.736088
vt 0.835742 0.750638
vt 0.825464 0.758090
vt 0.788173 0.780422
vt 0.773908 0.832742
vt 0.784885 0.833893
vt 0.845238 0.743449
vt 0.858802 0.724765
vt 0.452970 0.995164
vt 0.040743 0.653918
vt 0.051127 0.648698
vt 0.036235 0.645134
vt 0.045934 0.638879
vt 0.058157 0.614485
vt 0.043612 0.546304
vt 0.035725 0.557015
vt 0.459549 0.242211
vt 0.418992 0.434422
vt 0.443201 0.439088
vt 0.953111 0.454221
vt 0.609110 0.028035
vt 0.598709 0.041544
vt 0.597641 0.028637
vt 0.607244 0.015117
vt 0.595130 0.016355
vt 0.604976 0.003106
vt 0.572664 0.509859
vt 0.549261 0.536062
vt 0.542527 0.535823
vt 0.515698 0.636281
vt 0.513594 0.650779
vt 0.508923 0.650730
vt 0.538598 0.624149
vt 0.560219 0.629357
vt 0.560993 0.622980
vt 0.575535 0.625319
vt 0.572898 0.634820
vt 0.579473 0.618241
vt 0.574476 0.603131
vt 0.587850 0.630298
vt 0.590752 0.625470
vt 0.674517 0.576912
vt 0.683203 0.597444
vt 0.691003 0.605877
vt 0.700023 0.599854
vt 0.617240 0.646665
vt 0.582214 0.661154
vt 0.597005 0.672247
vt 0.620895 0.651382
vt 0.622316 0.653521
vt 0.690933 0.620801
vt 0.617464 0.659584
vt 0.590288 0.678178
vt 0.568606 0.689895
vt 0.645872 0.541021
vt 0.643763 0.550789
vt 0.628027 0.537684
vt 0.628521 0.513518
vt 0.582497 0.019449
vt 0.566771 0.013049
vt 0.579101 0.008985
vt 0.615801 0.519620
vt 0.615539 0.509225
vt 0.592339 0.005271
vt 0.604068 0.531490
vt 0.646710 0.577907
vt 0.645263 0.567762
vt 0.637185 0.548220
vt 0.616069 0.529710
vt 0.630654 0.582414
vt 0.634920 0.574333
vt 0.621051 0.556683
vt 0.140795 0.541417
vt 0.187603 0.244202
vt 0.172575 0.248223
vt 0.186476 0.242040
vt 0.043194 0.816101
vt 0.887819 0.434051
vt 0.877908 0.434710
vt 0.624116 0.808536
vt 0.634894 0.815217
vt 0.935997 0.283054
vt 0.499188 0.583247
vt 0.495957 0.584697
vt 0.495373 0.595798
vt 0.261865 0.377852
vt 0.247706 0.385324
vt 0.195683 0.421759
vt 0.182258 0.418976
vt 0.502694 0.626422
vt 0.500348 0.593659
vt 0.966450 0.215204
vt 0.969420 0.225256
vt 0.973330 0.233954
vt 0.964810 0.237481
vt 0.604616 0.795952
vt 0.660601 0.661264
vt 0.654359 0.670637
vt 0.646580 0.687832
vt 0.643832 0.709485
s 1
usemtl Asteroid2d
f 1/1/1 105/2/2 106/3/3
f 3/4/4 110/5/5 109/6/6
f 5/7/7 115/8/8 113/9/9
f 6/10/10 116/11/11 117/12/12
f 6/10/10 119/13/13 116/11/11
f 120/14/14 121/15/15 122/16/16
f 7/17/17 126/18/18 123/19/19
f 127/20/20 128/21/21 8/22/22
f 131/23/23 132/24/24 8/22/22
f 139/25/25 140/26/26 137/27/27
f 12/28/28 155/29/29 3820/30/30
f 158/31/31 159/32/32 13/33/33
f 171/34/34 172/35/35 15/36/36
f 16/37/37 180/38/38 179/39/39
f 20/40/40 193/41/41 190/42/42
f 192/43/43 21/44/44 20/40/40
f 198/45/45 199/46/46 22/47/47
f 202/48/48 988/49/49 201/50/50
f 203/51/51 204/52/52 205/53/53
f 24/54/54 211/55/55 210/56/56
f 215/57/57 212/58/58 25/59/59
f 26/60/60 222/61/61 220/62/62
f 224/63/63 225/64/64 27/65/65
f 225/64/64 226/66/66 27/65/65
f 226/66/66 227/67/67 27/65/65
f 28/68/68 233/69/69 231/70/70
f 244/71/71 245/72/72 32/73/73
f 32/74/73 245/75/72 246/76/74
f 254/77/75 255/78/76 33/79/77
f 256/80/78 251/81/79 33/79/77
f 265/82/80 261/83/81 34/84/82
f 264/85/83 265/82/80 34/84/82
f 269/86/84 266/87/85 267/88/86
f 275/89/87 276/90/88 35/91/89
f 278/92/90 279/93/91 35/91/89
f 36/94/92 280/95/93 281/96/94
f 37/97/95 288/98/96 289/99/97
f 289/99/97 290/100/98 37/97/95
f 294/101/99 288/98/96 37/97/95
f 295/102/100 296/103/101 298/104/102
f 298/104/102 297/105/103 295/102/100
f 38/106/104 299/107/105 300/108/106
f 300/108/106 301/109/107 38/106/104
f 306/110/108 303/111/109 39/112/110
f 42/113/111 319/114/112 320/115/113
f 322/116/114 323/117/115 43/118/116
f 43/118/116 324/119/117 322/116/114
f 44/120/118 326/121/119 327/122/120
f 336/123/121 337/124/122 45/125/123
f 340/126/124 342/127/125 341/128/126
f 343/129/127 344/130/128 46/131/129
f 46/131/129 345/132/130 346/133/131
f 344/130/128 345/132/130 46/131/129
f 46/131/129 347/134/132 343/129/127
f 352/135/133 349/136/134 47/137/135
f 354/138/136 352/135/133 47/137/135
f 351/139/137 353/140/138 47/137/135
f 361/141/139 355/142/140 356/143/141
f 48/144/142 363/145/143 364/146/144
f 369/147/145 370/148/146 49/149/147
f 371/150/148 369/147/145 49/149/147
f 50/151/149 377/152/150 378/153/151
f 381/154/152 382/155/153 51/156/154
f 51/156/154 384/157/155 383/158/156
f 55/159/157 398/160/158 397/161/159
f 56/162/160 400/163/161 401/164/162
f 58/165/163 405/166/164 406/167/165
f 406/167/165 407/168/166 58/165/163
f 59/169/167 413/170/168 411/171/169
f 60/172/170 422/173/171 417/174/172
f 61/175/173 423/176/174 424/177/175
f 61/175/173 424/177/175 3758/178/176
f 62/179/177 427/180/178 428/181/179
f 443/182/180 444/183/181 64/184/182
f 64/184/182 440/185/183 443/182/180
f 445/186/184 446/187/185 65/188/186
f 456/189/187 457/190/188 66/191/189
f 455/192/190 456/189/187 66/191/189
f 66/193/189 459/194/191 453/195/192
f 67/196/193 2544/197/194 460/198/195
f 67/196/193 460/198/195 461/199/196
f 464/200/197 465/201/198 466/202/199
f 464/200/197 466/202/199 463/203/200
f 68/204/201 469/205/202 237/206/203
f 471/207/204 227/67/67 69/208/205
f 69/209/205 475/210/206 471/211/204
f 71/212/207 481/213/208 482/214/209
f 72/215/210 488/216/211 489/217/212
f 495/218/213 496/219/214 73/220/215
f 505/221/216 506/222/217 74/223/218
f 506/222/217 507/224/219 74/223/218
f 75/225/220 509/226/221 510/227/222
f 75/225/220 512/228/223 513/229/224
f 76/230/225 514/231/226 1954/232/227
f 78/233/228 516/234/229 517/235/230
f 522/236/231 524/237/232 79/238/233
f 80/239/234 529/240/235 527/241/236
f 83/242/237 547/243/238 545/244/239
f 84/245/240 551/246/241 550/247/242
f 549/248/243 555/249/244 85/250/245
f 86/251/246 563/252/247 564/253/248
f 564/253/248 559/254/249 86/251/246
f 89/255/250 578/256/251 576/257/252
f 589/258/253 590/259/254 91/260/255
f 596/261/256 599/262/257 52/263/258
f 601/264/259 550/265/242 93/266/260
f 550/265/242 602/267/261 93/266/260
f 176/268/262 175/269/263 93/266/260
f 602/267/261 176/268/262 93/266/260
f 604/270/264 554/271/265 94/272/266
f 554/271/265 605/273/267 94/272/266
f 605/273/267 606/274/268 94/272/266
f 606/274/268 607/275/269 94/272/266
f 95/276/270 609/277/271 610/278/272
f 610/278/272 614/279/273 95/276/270
f 619/280/274 616/281/275 96/282/276
f 96/282/276 622/283/277 620/284/278
f 97/285/279 627/286/280 623/287/281
f 98/288/282 628/289/283 629/290/284
f 632/291/285 633/292/286 634/293/287
f 634/293/287 635/294/288 632/291/285
f 99/295/289 638/296/290 639/297/291
f 644/298/292 645/299/293 100/300/294
f 649/301/295 650/302/296 102/303/297
f 660/304/298 661/305/299 657/306/300
f 660/304/298 659/307/301 663/308/302
f 663/308/302 509/226/221 660/304/298
f 660/304/298 509/226/221 661/305/299
f 661/305/299 664/309/303 665/310/304
f 665/310/304 662/311/305 661/305/299
f 665/310/304 666/312/306 667/313/307
f 667/313/307 668/314/308 665/310/304
f 669/315/309 670/316/310 668/314/308
f 671/317/311 672/318/312 670/316/310
f 670/316/310 672/318/312 658/319/313
f 672/318/312 656/320/314 658/319/313
f 674/321/315 676/322/316 656/320/314
f 677/323/317 678/324/318 659/307/301
f 659/307/301 655/325/319 677/323/317
f 678/324/318 679/326/320 659/307/301
f 679/326/320 663/308/302 659/307/301
f 680/327/321 681/328/322 679/326/320
f 681/328/322 683/329/323 663/308/302
f 509/226/221 663/308/302 683/329/323
f 683/329/323 510/227/222 509/226/221
f 682/330/324 684/331/325 683/329/323
f 686/332/326 688/333/327 511/334/328
f 688/333/327 692/335/329 689/336/330
f 720/337/331 721/338/332 718/339/333
f 724/340/334 725/341/335 720/337/331
f 726/342/336 729/343/337 727/344/338
f 730/345/339 734/346/340 285/347/341
f 739/348/342 741/349/343 735/350/344
f 741/349/343 742/351/345 737/352/346
f 737/352/346 735/350/344 741/349/343
f 741/349/343 746/353/347 742/351/345
f 203/51/51 742/351/345 746/353/347
f 746/353/347 204/52/52 203/51/51
f 752/354/348 753/355/349 751/356/350
f 753/355/349 755/357/351 756/358/352
f 757/359/353 756/358/352 755/357/351
f 755/357/351 915/360/354 758/361/355
f 758/361/355 757/359/353 755/357/351
f 762/362/356 763/363/357 760/364/358
f 764/365/359 766/366/360 765/367/361
f 768/368/362 765/367/361 767/369/363
f 767/369/363 769/370/364 768/368/362
f 767/369/363 770/371/365 769/370/364
f 770/372/365 772/373/366 771/374/367
f 773/375/368 771/374/367 772/373/366
f 772/373/366 774/376/369 773/375/368
f 775/377/370 773/375/368 774/376/369
f 774/376/369 776/378/371 777/379/372
f 777/379/372 775/377/370 774/376/369
f 777/379/372 779/380/373 780/381/374
f 780/381/374 778/382/375 777/379/372
f 784/383/376 782/384/377 781/385/378
f 778/386/375 793/387/379 794/388/380
f 778/386/375 780/389/374 783/390/381
f 794/388/380 427/180/178 795/391/382
f 795/391/382 775/392/370 794/388/380
f 796/393/383 953/394/384 771/395/367
f 953/394/384 797/396/385 769/370/364
f 768/368/362 769/370/364 797/396/385
f 797/396/385 798/397/386 768/368/362
f 756/358/352 757/359/353 803/398/387
f 806/399/388 205/400/53 754/401/389
f 754/401/389 205/400/53 751/356/350
f 807/402/390 203/51/51 205/53/53
f 808/403/391 737/352/346 742/351/345
f 810/404/392 735/350/344 737/352/346
f 810/404/392 738/405/393 735/350/344
f 811/406/394 812/407/395 738/405/393
f 812/407/395 814/408/396 286/409/397
f 817/410/398 818/411/399 819/412/400
f 820/413/401 287/414/402 284/415/403
f 825/416/404 826/417/405 823/418/406
f 827/419/407 725/341/335 728/420/408
f 721/338/332 720/337/331 725/341/335
f 829/421/409 828/422/410 830/423/411
f 830/423/411 831/424/412 630/425/413
f 628/289/283 98/288/282 706/426/414
f 838/427/415 695/428/416 694/429/417
f 838/427/415 839/430/418 695/428/416
f 839/431/418 690/432/419 689/336/330
f 841/433/420 513/229/224 512/228/223
f 989/434/421 842/435/422 513/229/224
f 842/435/422 664/309/303 513/229/224
f 664/309/303 843/436/423 844/437/424
f 846/438/425 667/313/307 666/312/306
f 848/439/426 849/440/427 669/315/309
f 849/440/427 671/317/311 669/315/309
f 849/440/427 850/441/428 851/442/429
f 851/442/429 671/317/311 849/440/427
f 675/443/430 858/444/431 859/445/432
f 859/445/432 676/322/316 675/443/430
f 861/446/433 678/324/318 860/447/434
f 861/446/433 680/327/321 678/324/318
f 864/448/435 682/330/324 680/327/321
f 865/449/436 866/450/437 864/448/435
f 866/450/437 867/451/438 682/330/324
f 687/452/439 685/453/440 870/454/441
f 869/455/442 871/456/443 870/454/441
f 871/456/443 872/457/444 691/458/445
f 873/459/446 875/460/447 693/461/448
f 696/462/449 693/461/448 875/460/447
f 878/463/450 699/464/451 877/465/452
f 710/466/453 708/467/454 707/468/455
f 724/340/334 723/469/456 892/470/457
f 892/470/457 732/471/458 724/340/334
f 892/470/457 894/472/459 732/471/458
f 895/473/460 897/474/461 733/475/462
f 898/476/463 740/477/464 897/474/461
f 897/474/461 740/477/464 736/478/465
f 898/476/463 900/479/466 740/477/464
f 907/480/467 909/481/468 748/482/469
f 911/483/470 750/484/471 909/481/468
f 913/485/472 752/354/348 750/486/471
f 753/355/349 752/354/348 913/485/472
f 759/487/473 758/361/355 915/360/354
f 919/488/474 764/365/359 918/489/475
f 919/488/474 920/490/476 764/365/359
f 922/491/477 923/492/478 770/372/365
f 772/373/366 770/372/365 923/492/478
f 923/492/478 925/493/479 772/373/366
f 779/380/373 777/379/372 776/378/371
f 928/494/480 929/495/481 930/496/482
f 930/496/482 781/497/378 928/494/480
f 397/161/159 784/383/376 932/498/483
f 931/499/484 933/500/485 932/498/483
f 939/501/486 398/160/158 936/502/487
f 946/503/488 790/504/489 945/505/490
f 947/506/491 792/507/492 790/504/489
f 952/508/493 426/509/494 951/510/495
f 427/180/178 62/179/177 954/511/496
f 953/512/384 796/513/383 426/509/494
f 955/514/497 798/397/386 797/396/385
f 797/396/385 953/394/384 955/514/497
f 955/514/497 956/515/498 798/397/386
f 956/515/498 800/516/499 799/517/500
f 799/517/500 798/397/386 956/515/498
f 959/518/501 960/519/502 804/520/503
f 809/521/504 807/522/390 806/399/388
f 961/523/505 811/406/394 960/524/502
f 961/525/505 962/526/506 963/527/507
f 966/528/508 967/529/509 815/530/510
f 816/531/511 968/532/512 969/533/513
f 969/533/513 970/534/514 971/535/515
f 971/535/515 818/411/399 969/533/513
f 978/536/516 976/537/517 824/538/518
f 981/539/519 828/422/410 979/540/520
f 980/541/521 982/542/522 981/539/519
f 983/543/523 831/424/412 981/539/519
f 984/544/524 832/545/525 983/543/523
f 985/546/526 986/547/527 836/548/528
f 986/547/527 837/549/529 836/548/528
f 837/549/529 987/550/530 838/427/415
f 987/550/530 840/551/531 838/427/415
f 840/552/531 989/553/421 841/554/420
f 994/555/532 845/556/533 843/436/423
f 996/557/534 997/558/535 998/559/536
f 847/560/537 1000/561/538 1001/562/539
f 1002/563/540 848/439/426 1001/562/539
f 1002/563/540 1003/564/541 1004/565/542
f 1004/565/542 850/441/428 1002/563/540
f 1004/565/542 1005/566/543 1006/567/544
f 1008/568/545 1009/569/546 856/570/547
f 1009/569/546 1011/571/548 1010/572/549
f 1013/573/550 1014/574/551 858/444/431
f 1015/575/552 1017/576/553 861/446/433
f 861/446/433 860/447/434 1015/575/552
f 1022/577/554 1023/578/555 1021/579/556
f 1023/580/555 1024/581/557 866/582/437
f 1025/583/558 1027/584/559 1026/585/560
f 871/456/443 869/455/442 1028/586/561
f 872/457/444 871/456/443 1031/587/562
f 1032/588/563 1033/589/564 874/590/565
f 876/591/566 1035/592/567 1036/593/568
f 1036/593/568 877/465/452 876/591/566
f 1037/594/569 877/465/452 1036/593/568
f 877/465/452 1037/594/569 1038/595/570
f 1038/595/570 878/463/450 877/465/452
f 881/596/571 704/597/572 880/598/573
f 883/599/574 710/466/453 882/600/575
f 883/599/574 1042/601/576 1043/602/577
f 888/603/578 716/604/579 886/605/580
f 890/606/581 887/607/582 888/603/578
f 1047/608/583 1048/609/584 1049/610/585
f 1050/611/586 1051/612/587 894/472/459
f 896/613/588 894/472/459 1051/612/587
f 1054/614/589 900/479/466 898/476/463
f 1055/615/590 899/616/591 1054/614/589
f 1054/614/589 899/616/591 900/479/466
f 1063/617/592 908/618/593 906/619/594
f 1066/620/595 1067/621/596 910/622/597
f 916/623/598 915/360/354 1072/624/599
f 919/488/474 921/625/600 920/490/476
f 926/626/601 925/493/479 924/627/602
f 1079/628/603 1080/629/604 1081/630/605
f 1081/630/605 927/631/606 1079/628/603
f 929/495/481 928/494/480 1081/630/605
f 1082/632/607 1083/633/608 929/495/481
f 1083/633/608 1085/634/609 931/635/484
f 933/636/485 931/635/484 1085/634/609
f 1085/634/609 934/637/610 933/636/485
f 1086/638/611 935/639/612 934/637/610
f 1087/640/613 1089/641/614 1088/642/615
f 1088/642/615 937/643/616 1086/644/611
f 1088/642/615 1090/645/617 1091/646/618
f 1091/646/618 937/643/616 1088/642/615
f 1094/647/619 1095/648/620 943/649/621
f 943/649/621 942/650/622 1094/647/619
f 943/649/621 1095/648/620 1096/651/623
f 1097/652/624 1098/653/625 948/654/626
f 948/654/626 946/503/488 1097/652/624
f 1103/655/627 956/656/498 955/657/497
f 955/657/497 953/512/384 1103/655/627
f 1103/655/627 1104/658/628 956/656/498
f 1104/659/628 1105/660/629 800/516/499
f 800/516/499 956/515/498 1104/659/628
f 957/661/630 800/516/499 1105/660/629
f 1107/662/631 958/663/632 957/661/630
f 1107/662/631 1109/664/633 959/518/501
f 1109/664/633 962/526/506 960/519/502
f 960/519/502 959/518/501 1109/664/633
f 962/526/506 961/525/505 960/519/502
f 1106/665/634 1112/666/635 1108/667/636
f 1113/668/637 1199/669/638 1106/670/634
f 1116/671/639 1114/672/640 1115/673/641
f 1116/671/639 1120/674/642 1117/675/643
f 1122/676/644 1121/677/645 1123/678/646
f 1121/677/645 1097/652/624 1126/679/647
f 1126/679/647 1095/648/620 1129/680/648
f 1129/680/648 1131/681/649 1130/682/650
f 1136/683/651 430/684/652 1135/685/653
f 1148/686/654 1146/687/655 1145/688/656
f 1147/689/657 652/690/658 1151/691/659
f 1154/692/660 1155/693/661 1156/694/662
f 1157/695/663 112/696/664 4/697/665
f 1158/698/666 1159/699/667 112/696/664
f 111/700/668 112/696/664 1159/699/667
f 1167/701/669 437/702/670 433/703/671
f 1440/704/672 1168/705/673 437/702/670
f 1168/705/673 1172/706/674 1169/707/675
f 1171/708/676 1169/707/675 1172/706/674
f 1176/709/677 1173/710/678 1171/708/676
f 1176/709/677 1178/711/679 1179/712/680
f 1179/712/680 1177/713/681 1176/709/677
f 1184/714/682 1183/715/683 1181/716/684
f 1184/714/682 1185/717/685 1186/718/686
f 1186/718/686 1187/719/687 1183/715/683
f 1188/720/688 1183/715/683 1187/719/687
f 1187/719/687 1189/721/689 1190/722/690
f 1132/723/691 430/684/652 1191/724/692
f 1119/725/693 1118/726/694 1196/727/695
f 1198/728/696 1197/729/697 1113/668/637
f 1112/730/635 1106/670/634 1199/669/638
f 1111/731/698 1108/667/636 1112/666/635
f 965/732/699 1202/733/700 1203/734/701
f 1207/735/702 968/532/512 1205/736/703
f 1207/735/702 1206/737/704 1208/738/705
f 1209/739/706 970/534/514 1208/738/705
f 1209/739/706 1210/740/707 1211/741/708
f 1211/741/708 972/742/709 1209/739/706
f 1213/743/710 974/744/711 972/742/709
f 974/744/711 1213/743/710 1214/745/712
f 1214/745/712 1216/746/713 1215/747/714
f 1216/746/713 1217/748/715 977/749/716
f 980/541/521 978/536/516 1219/750/717
f 1217/748/715 1218/751/718 1219/750/717
f 982/542/522 980/541/521 1219/750/717
f 1218/751/718 1220/752/719 1219/750/717
f 202/48/48 201/50/50 986/547/527
f 986/547/527 985/546/526 202/48/48
f 1220/752/719 1218/751/718 1221/753/720
f 1221/753/720 202/754/48 1220/752/719
f 1222/755/721 988/756/49 1221/753/720
f 1222/755/721 990/757/722 989/553/421
f 1212/758/723 992/759/724 991/760/725
f 1226/761/726 999/762/727 998/763/536
f 1231/764/728 1002/563/540 1230/765/729
f 1003/564/541 1002/563/540 1231/764/728
f 1233/766/730 1234/767/731 1235/768/732
f 1241/769/733 1242/770/734 1011/571/548
f 1244/771/735 1245/772/736 1014/574/551
f 1014/574/551 1013/573/550 1244/771/735
f 1248/773/737 1249/774/738 1250/775/739
f 1252/776/740 1251/777/741 1253/778/742
f 1022/577/554 1020/779/743 1253/778/742
f 637/780/744 636/781/745 1259/782/746
f 640/783/747 1262/784/748 1261/785/749
f 1269/786/750 496/219/214 1268/787/751
f 1271/788/752 1273/789/753 1272/790/754
f 1278/791/755 1279/792/756 1280/793/757
f 1280/793/757 361/141/139 1278/791/755
f 355/142/140 361/141/139 1280/793/757
f 1280/793/757 1281/794/758 1282/795/759
f 1286/796/760 1290/797/761 1287/798/762
f 1306/799/763 1307/800/764 1302/801/765
f 1308/802/766 1310/803/767 1311/804/768
f 1311/804/768 1309/805/769 1308/802/766
f 1311/804/768 1313/806/770 1314/807/771
f 1315/808/772 1318/809/773 1316/810/774
f 1318/809/773 1320/811/775 1316/810/774
f 1323/812/776 1325/813/777 1324/814/778
f 1330/815/779 1326/816/780 1329/817/781
f 1329/817/781 1332/818/782 1330/815/779
f 1333/819/783 1330/815/779 1332/818/782
f 1332/818/782 1335/820/784 1333/819/783
f 1336/821/785 1333/819/783 1335/820/784
f 1340/822/786 1336/821/785 1339/823/787
f 1338/824/788 1341/825/789 1339/823/787
f 1341/825/789 1345/826/790 1342/827/791
f 1346/828/792 1349/829/793 1347/830/794
f 1350/831/795 1347/830/794 1349/829/793
f 1349/829/793 1352/832/796 1350/831/795
f 1353/833/797 1350/831/795 1352/832/796
f 1352/832/796 1355/834/798 1353/833/797
f 1065/835/799 1356/836/800 1360/837/801
f 1363/838/802 1362/839/803 1365/840/804
f 1369/841/805 1367/842/806 1366/843/807
f 1371/844/808 1071/845/809 1367/842/806
f 1371/844/808 1372/846/810 1373/847/811
f 1373/847/811 1073/848/812 1371/844/808
f 1374/849/813 917/850/814 1373/851/811
f 1375/852/815 274/853/816 273/854/817
f 105/2/2 1/1/1 3321/855/818 104/856/819
f 1382/857/820 1384/858/821 1383/859/822
f 1384/858/821 1386/860/823 1385/861/824
f 1386/860/823 1387/862/825 1385/861/824
f 244/71/71 1077/863/826 277/864/827
f 1390/865/828 245/75/72 1388/866/829
f 1390/865/828 1391/867/830 245/75/72
f 1391/867/830 1393/868/831 1394/869/832
f 1395/870/833 415/871/834 1396/872/835
f 1400/873/836 1398/874/837 1399/875/838
f 1400/873/836 257/876/839 1401/877/840
f 1401/877/840 1402/878/841 1400/873/836
f 1402/879/841 1403/880/842 1398/881/837
f 1398/881/837 1403/880/842 412/882/843
f 1403/880/842 1404/883/844 412/882/843
f 1413/884/845 1411/885/846 1410/886/847
f 1417/887/848 1415/888/849 1418/889/850
f 1417/890/848 1156/694/662 1155/693/661
f 1421/891/851 1158/892/666 1157/893/663
f 1422/894/852 1424/895/853 1158/892/666
f 1424/895/853 1425/896/854 1158/892/666
f 1425/897/854 1426/898/855 1159/699/667
f 1159/699/667 1158/698/666 1425/897/854
f 1428/899/856 1159/699/667 1426/898/855
f 1160/900/857 1159/699/667 1428/899/856
f 1429/901/858 1161/902/859 1160/900/857
f 1432/903/860 1433/904/861 1435/905/862
f 1435/905/862 1163/906/863 1432/903/860
f 1435/905/862 1436/907/864 1164/908/865
f 1435/905/862 1164/908/865 1163/906/863
f 1438/909/866 1166/910/867 1439/911/868
f 1439/911/868 1166/910/867 1165/912/869
f 1444/913/870 4461/914/871 1175/915/872
f 1175/915/872 1172/706/674 1444/913/870
f 1178/711/679 1176/709/677 1175/915/872
f 1449/916/873 1450/917/874 1451/918/875
f 1451/918/875 1184/919/682 1449/916/873
f 1452/920/876 1454/921/877 1453/922/878
f 1457/923/879 1185/717/685 1453/924/878
f 1456/925/880 1458/926/881 1199/669/638
f 1200/927/882 1199/669/638 1458/926/881
f 1461/928/883 1202/929/700 1201/930/884
f 1465/931/885 1206/932/704 1464/933/886
f 1465/934/885 995/935/887 1210/936/707
f 1468/937/888 1469/938/889 1467/939/890
f 1469/938/889 1470/940/891 508/941/892
f 1472/942/893 1473/943/894 1474/944/895
f 1473/943/894 1227/945/896 1226/761/726
f 1475/946/897 1476/947/898 1473/943/894
f 1477/948/899 1230/949/729 1229/950/900
f 1478/951/901 1479/952/902 1230/949/729
f 1487/953/903 1486/954/904 1488/955/905
f 1488/955/905 1239/956/906 1487/953/903
f 1488/955/905 1489/957/907 1490/958/908
f 1495/959/909 1242/770/734 1494/960/910
f 1245/772/736 1498/961/911 1246/962/912
f 1503/963/913 1505/964/914 1257/965/915
f 1512/966/916 638/967/290 1510/968/917
f 1518/969/918 1519/970/919 1264/971/920
f 1523/972/921 1267/973/922 1266/974/923
f 1524/975/924 1271/788/752 1270/976/925
f 1525/977/926 1526/978/927 1274/979/928
f 1526/978/927 1527/980/929 1275/981/930
f 1527/980/929 1529/982/931 1528/983/932
f 1530/984/933 1531/985/934 1532/986/935
f 1279/792/756 1278/791/755 1532/986/935
f 1533/987/936 1534/988/937 1279/792/756
f 1281/794/758 1280/793/757 1279/792/756
f 1285/989/938 1282/795/759 1281/794/758
f 1537/990/939 1538/991/940 1539/992/941
f 1537/990/939 1539/992/941 1289/993/942
f 1547/994/943 1299/995/944 1301/996/945
f 1551/997/946 1305/998/947 1549/999/948
f 1310/803/767 1308/802/766 1305/998/947
f 1313/806/770 1311/804/768 1310/803/767
f 1556/1000/949 1557/1001/950 1319/1002/951
f 1559/1003/952 1561/1004/953 1328/1005/954
f 1331/1006/955 1328/1005/954 1561/1004/953
f 1563/1007/956 1564/1008/957 1331/1006/955
f 1564/1009/957 1566/1010/958 1565/1011/959
f 1338/824/788 1337/1012/960 1567/1013/961
f 1567/1013/961 1568/1014/962 1338/824/788
f 1341/825/789 1338/824/788 1568/1014/962
f 1341/1015/789 1570/1016/963 1571/1017/964
f 1581/1018/965 1364/1019/966 1361/1020/967
f 1364/1019/966 1581/1018/965 1582/1021/968
f 1370/1022/969 1369/841/805 1368/1023/970
f 1586/1024/971 1376/1025/972 1372/846/810
f 1596/1026/973 1384/858/821 1595/1027/974
f 1601/1028/975 1386/1029/823 1599/1030/976
f 1601/1028/975 1603/1031/977 1389/1032/978
f 415/871/834 1393/868/831 1606/1033/979
f 1607/1034/980 1609/1035/981 1608/1036/982
f 1609/1035/981 414/1037/983 1608/1036/982
f 1610/1038/984 416/1039/985 414/1037/983
f 1610/1038/984 251/81/79 256/80/78
f 1609/1035/981 251/81/79 1610/1038/984
f 1609/1035/981 1607/1034/980 1611/1040/986
f 1611/1040/986 252/1041/987 1609/1035/981
f 1612/1042/988 1613/1043/989 252/1044/987
f 1613/1043/989 1615/1045/990 1614/1046/991
f 1614/1047/991 253/1048/992 33/1049/77
f 1616/1050/993 1617/1051/994 253/1048/992
f 1619/1052/995 1620/1053/996 400/1054/161
f 1621/1055/997 400/1054/161 1620/1053/996
f 1636/1056/998 1638/1057/999 1420/1058/1000
f 1420/1058/1000 1635/1059/1001 1636/1056/998
f 1419/1060/1002 1418/889/850 1635/1059/1001
f 1635/1059/1001 1420/1058/1000 1419/1060/1002
f 1418/889/850 1639/1061/1003 1633/1062/1004
f 1639/1061/1003 1410/886/847 1631/1063/1005
f 1631/1063/1005 1633/1062/1004 1639/1061/1003
f 1631/1063/1005 1628/1064/1006 1633/1062/1004
f 1629/1065/1007 1628/1064/1006 1631/1063/1005
f 1641/1066/1008 1625/1067/1009 1640/1068/1010
f 1641/1066/1008 402/1069/1011 1623/1070/1012
f 1623/1070/1012 1625/1067/1009 1641/1066/1008
f 401/1071/162 1623/1070/1012 402/1069/1011
f 1402/878/841 1401/877/840 402/1072/1011
f 1401/877/840 254/77/75 56/162/160
f 257/876/839 255/78/76 1401/877/840
f 1639/1061/1003 1418/889/850 1415/888/849
f 1638/1057/999 1422/894/852 1421/891/851
f 1642/1073/1013 1423/1074/1014 1424/895/853
f 1645/1075/1015 1646/1076/1016 1647/1077/1017
f 1424/895/853 1423/1074/1014 1645/1075/1015
f 1427/1078/1018 1425/896/854 1424/895/853
f 1648/1079/1019 387/1080/1020 1650/1081/1021
f 1652/1082/1022 1653/1083/1023 594/1084/1024
f 594/1084/1024 1654/1085/1025 595/1086/1026
f 1653/1083/1023 1655/1087/1027 1654/1085/1025
f 1656/1088/1028 1657/1089/1029 595/1090/1026
f 1658/1091/1030 597/1092/1031 596/261/256
f 1660/1093/1032 1661/1094/1033 597/1092/1031
f 1662/1095/1034 1665/1096/1035 1663/1097/1036
f 1669/1098/1037 1673/1099/1038 1670/1100/1039
f 1677/1101/1040 1681/1102/1041 1678/1103/1042
f 1700/1104/1043 1695/1105/1044 1699/1106/1045
f 1699/1106/1045 1704/1107/1046 1700/1104/1043
f 1704/1107/1046 1706/1108/1047 1705/1109/1048
f 1713/1110/1049 1714/1111/1050 1715/1112/1051
f 1715/1112/1051 1497/1113/1052 1713/1110/1049
f 1498/961/911 1716/1114/1053 1499/1115/1054
f 1716/1114/1053 1717/1116/1055 1504/1117/1056
f 1718/1118/1057 1511/1119/1058 1509/1120/1059
f 1730/1121/1060 1731/1122/1061 1518/969/918
f 1518/969/918 1517/1123/1062 1730/1121/1060
f 1731/1122/1061 1732/1124/1063 1519/970/919
f 1519/970/919 1518/969/918 1731/1122/1061
f 1734/1125/1064 1735/1126/1065 354/138/136
f 1735/1126/1065 1737/1127/1066 1738/1128/1067
f 1740/1129/1068 1741/1130/1069 349/136/134
f 1744/1131/1070 1745/1132/1071 1742/1133/1072
f 1745/1132/1071 1746/1134/1073 340/126/124
f 1748/1135/1074 340/126/124 1746/1134/1073
f 1748/1135/1074 1747/1136/1075 1749/1137/1076
f 1751/1138/1077 342/127/125 1749/1137/1076
f 342/1139/125 1751/1140/1077 1752/1141/1078
f 1752/1141/1078 341/1142/126 342/1139/125
f 1752/1141/1078 1753/1143/1079 341/1142/126
f 1752/1141/1078 1526/978/927 1754/1144/1080
f 1754/1144/1080 1753/1143/1079 1752/1141/1078
f 1754/1144/1080 1526/978/927 1525/977/926
f 1755/1145/1081 1756/1146/1082 1526/978/927
f 1756/1146/1082 1757/1147/1083 1527/980/929
f 1757/1147/1083 1758/1148/1084 1529/982/931
f 1529/982/931 1527/980/929 1757/1147/1083
f 1529/982/931 1758/1148/1084 1759/1149/1085
f 1761/1150/1086 1531/985/934 1759/1149/1085
f 1760/1151/1087 1762/1152/1088 1761/1150/1086
f 1762/1152/1088 1534/988/937 1533/987/936
f 1763/1153/1089 1764/1154/1090 1762/1152/1088
f 1538/991/940 1537/990/939 1536/1155/1091
f 1770/1156/1092 1771/1157/1093 1542/1158/1094
f 1548/1159/1095 1546/1160/1096 1545/1161/1097
f 1548/1159/1095 1772/1162/1098 1774/1163/1099
f 1781/1164/1100 1782/1165/1101 1556/1000/949
f 1557/1001/950 1556/1000/949 1784/1166/1102
f 1788/1167/1103 1789/1168/1104 363/145/143
f 1791/1169/1105 363/145/143 1789/1168/1104
f 1791/1169/1105 1792/1170/1106 1793/1171/1107
f 1794/1172/1108 364/146/144 363/145/143
f 160/1173/1109 1815/1174/1110 1813/1175/1111
f 1818/1176/1112 1819/1177/1113 1817/1178/1114
f 1818/1176/1112 1821/1179/1115 1819/1177/1113
f 1826/1180/1116 1827/1181/1117 1824/1182/1118
f 1829/1183/1119 1830/1184/1120 1827/1185/1117
f 1836/1186/1121 1594/1187/1122 1593/1188/1123
f 1838/1189/1124 1840/1190/1125 1839/1191/1126
f 1840/1192/1125 1842/1193/1127 1596/1194/973
f 1597/1195/1128 1596/1194/973 1842/1193/1127
f 1843/1196/1129 1844/1197/1130 1597/1195/1128
f 1845/1198/1131 403/1199/1132 1846/1200/1133
f 1847/1201/1134 403/1199/1132 1845/1198/1131
f 316/1202/1135 315/1203/1136 1848/1204/1137
f 315/1203/1136 318/1205/1138 1848/1204/1137
f 1852/1206/1139 1854/1207/1140 1853/1208/1141
f 1858/1209/1142 299/107/105 1856/1210/1143
f 1860/1211/1144 300/108/106 299/107/105
f 300/108/106 1860/1211/1144 314/1212/1145
f 1860/1211/1144 1861/1213/1146 314/1212/1145
f 1862/1214/1147 1863/1215/1148 405/166/164
f 405/166/164 58/165/163 1862/1214/1147
f 1864/1216/1149 1865/1217/1150 1863/1218/1148
f 1866/1219/1151 1867/1220/1152 1613/1043/989
f 1866/1219/1151 1613/1043/989 1612/1042/988
f 1869/1221/1153 1870/1222/1154 1615/1223/990
f 1872/1224/1155 1873/1225/1156 1618/1226/1157
f 1619/1227/995 1618/1226/1157 1874/1228/1158
f 1874/1228/1158 1876/1229/1159 1619/1227/995
f 1877/1230/1160 1622/1231/1161 1876/1232/1159
f 1632/1233/1162 1628/1064/1006 1630/1234/1163
f 1884/1235/1164 1885/1236/1165 1637/1237/1166
f 1887/1238/1167 1643/1239/1168 1642/1073/1013
f 1889/1240/1169 1890/1241/1170 1891/1242/1171
f 1893/1243/1172 1646/1076/1016 1892/1244/1173
f 1894/1245/1174 1895/1246/1175 1652/1082/1022
f 1652/1082/1022 1651/1247/1176 1894/1245/1174
f 1895/1246/1175 1897/1248/1177 1653/1083/1023
f 1653/1083/1023 1652/1082/1022 1895/1246/1175
f 1655/1087/1027 1653/1083/1023 1897/1248/1177
f 1899/1249/1178 1900/1250/1179 1655/1087/1027
f 1900/1251/1179 1901/1252/1180 1902/1253/1181
f 1902/1253/1181 1657/1089/1029 1900/1251/1179
f 110/5/5 1906/1254/1182 1907/1255/1183
f 1908/1256/1184 109/6/6 110/5/5
f 1908/1256/1184 1907/1255/1183 441/1257/1185
f 1907/1255/1183 1909/1258/1186 441/1257/1185
f 1925/1259/1187 1923/1260/1188 1922/1261/1189
f 1937/1262/1190 1936/1263/1191 1934/1264/1192
f 1943/1265/1193 1941/1266/1194 1945/1267/1195
f 1945/1267/1195 1946/1268/1196 1943/1265/1193
f 1950/1269/1197 1953/1270/1198 1948/1271/1199
f 1953/1272/1198 1955/1273/1200 1954/1274/227
f 1956/1275/1201 1954/1274/227 1955/1273/1200
f 1961/1276/1202 1958/1277/1203 1960/1278/1204
f 1963/1279/1205 1965/1280/1206 1964/1281/1207
f 1969/1282/1208 1968/1283/1209 1970/1284/1210
f 1983/1285/1211 1986/1286/1212 1984/1287/1213
f 1993/1288/1214 1990/1289/1215 1987/1290/1216
f 1998/1291/1217 1995/1292/1218 1996/1293/1219
f 2002/1294/1220 2003/1295/1221 1999/1296/1222
f 2005/1297/1223 2006/1298/1224 2002/1294/1220
f 2017/1299/1225 2014/1300/1226 2013/1301/1227
f 2017/1299/1225 2020/1302/1228 2021/1303/1229
f 2021/1303/1229 2018/1304/1230 2017/1299/1225
f 2035/1305/1231 2033/1306/1232 2031/1307/1233
f 2035/1305/1231 2038/1308/1234 456/189/187
f 456/189/187 2036/1309/1235 2035/1305/1231
f 2039/1310/1236 457/190/188 2038/1308/1234
f 2038/1308/1234 457/190/188 456/189/187
f 2039/1311/1236 2040/1312/1237 457/1313/188
f 2046/1314/1238 2047/1315/1239 2043/1316/1240
f 2045/1317/1241 2048/1318/1242 2046/1314/1238
f 2049/1319/1243 116/11/11 2050/1320/1244
f 117/12/12 2048/1318/1242 2052/1321/1245
f 2052/1321/1245 2053/1322/1246 117/12/12
f 2053/1322/1246 118/1323/1247 117/12/12
f 2054/1324/1248 447/1325/1249 2053/1322/1246
f 2053/1322/1246 447/1325/1249 118/1323/1247
f 2055/1326/1250 2057/1327/1251 2058/1328/1252
f 2061/1329/1253 2058/1328/1252 2057/1327/1251
f 2057/1327/1251 446/187/185 2062/1330/1254
f 2062/1330/1254 2061/1329/1253 2057/1327/1251
f 2061/1329/1253 2062/1330/1254 2064/1331/1255
f 2064/1331/1255 2063/1332/1256 2061/1329/1253
f 2064/1333/1255 2065/1334/1257 2066/1335/1258
f 2068/1336/1259 2069/1337/1260 2070/1338/1261
f 2069/1337/1260 2071/1339/1262 1736/1340/1263
f 2071/1339/1262 2073/1341/1264 2072/1342/1265
f 1737/1127/1066 1735/1126/1065 2075/1343/1266
f 2079/1344/1267 2080/1345/1268 2081/1346/1269
f 2081/1346/1269 632/291/285 2079/1344/1267
f 633/292/286 2082/1347/1270 1743/1348/1271
f 2083/1349/1272 2085/1350/1273 2084/1351/1274
f 2086/1352/1275 2087/1353/1276 2085/1350/1273
f 2087/1353/1276 2089/1354/1277 2088/1355/1278
f 2093/1356/1279 2095/1357/1280 242/1358/1281
f 2101/1359/1282 2103/1360/1283 348/1361/1284
f 1755/1145/1081 1751/1140/1077 1750/1362/1285
f 1756/1146/1082 1755/1145/1081 2104/1363/1286
f 1756/1146/1082 2106/1364/1287 1757/1147/1083
f 2107/1365/1288 1757/1147/1083 2106/1364/1287
f 1758/1148/1084 1757/1147/1083 2107/1365/1288
f 2109/1366/1289 1761/1150/1086 1758/1148/1084
f 2110/1367/1290 1763/1153/1089 1760/1151/1087
f 1764/1154/1090 1763/1153/1089 2113/1368/1291
f 2117/1369/1292 1767/1370/1293 2115/1371/1294
f 2119/1372/1295 1770/1156/1092 1769/1373/1296
f 1773/1374/1297 2120/1375/1298 2121/1376/1299
f 2122/1377/1300 1774/1163/1099 1772/1162/1098
f 2122/1377/1300 2121/1376/1299 2123/1378/1301
f 2123/1378/1301 1775/1379/1302 2122/1377/1300
f 2125/1380/1303 1780/1381/1304 2124/1382/1305
f 1780/1381/1304 2125/1380/1303 2126/1383/1306
f 1780/1381/1304 2126/1383/1306 1782/1165/1101
f 1783/1384/1307 1782/1165/1101 2126/1383/1306
f 2137/1385/1308 2139/1386/1309 2138/1387/1310
f 225/64/64 224/63/63 2140/1388/1311
f 2142/1389/1312 226/1390/66 225/1391/64
f 2145/1392/1313 472/1393/1314 226/1390/66
f 2147/1394/1315 2149/1395/1316 476/1396/1317
f 2148/1397/1318 373/1398/1319 2149/1395/1316
f 373/1399/1319 2151/1400/1320 2150/1401/1321
f 2151/1400/1320 373/1399/1319 372/1402/1322
f 2160/1403/1323 2161/1404/1324 2158/1405/1325
f 2171/1406/1326 2168/1407/1327 2169/1408/1328
f 2175/1409/1329 561/1410/1330 2176/1411/1331
f 2179/1412/1332 2178/1413/1333 2176/1411/1331
f 2181/1414/1334 2179/1412/1332 2180/1415/1335
f 2180/1415/1335 608/1416/1336 2181/1414/1334
f 2187/1417/1337 551/246/241 2184/1418/1338
f 602/267/261 550/265/242 2187/1419/1337
f 176/268/262 165/1420/1339 162/1421/1340
f 2193/1422/1341 2183/1423/1342 2195/1424/1343
f 2195/1424/1343 17/1425/1344 2193/1422/1341
f 2196/1426/1345 559/254/249 181/1427/1346
f 181/1427/1346 17/1425/1344 2196/1426/1345
f 2198/1428/1347 2201/1429/1348 2200/1430/1349
f 2202/1431/1350 2203/1432/1351 2204/1433/1352
f 2204/1433/1352 163/1434/1353 2202/1431/1350
f 610/278/272 2205/1435/1354 2204/1433/1352
f 2205/1435/1354 164/1436/1355 163/1434/1353
f 2206/1437/1356 174/1438/1357 173/1439/1358
f 2207/1440/1359 2208/1441/1360 174/1438/1357
f 2209/1442/1361 2207/1440/1359 580/1443/1362
f 2222/1444/1363 2/1445/1364 2219/1446/1365
f 2222/1444/1363 2223/1447/1366 2224/1448/1367
f 2224/1448/1367 2/1445/1364 2222/1444/1363
f 2224/1448/1367 528/1449/1368 2225/1450/1369
f 2225/1450/1369 2226/1451/1370 2224/1448/1367
f 2226/1451/1370 107/1452/1371 2/1445/1364
f 107/1452/1371 2226/1451/1370 2228/1453/1372
f 2228/1453/1372 2229/1454/1373 107/1452/1371
f 2230/1455/1374 2231/1456/1375 2214/1457/1376
f 2232/1458/1377 2233/1459/1378 2207/1440/1359
f 2234/1460/1379 167/1461/1380 2208/1441/1360
f 2208/1441/1360 2207/1440/1359 2234/1460/1379
f 2235/1462/1381 172/35/35 171/34/34
f 169/1463/1382 578/256/251 2236/1464/1383
f 2239/1465/1384 2240/1466/1385 2237/1467/1386
f 569/1468/1387 2239/1465/1384 2242/1469/1388
f 2245/1470/1389 2246/1471/1390 569/1468/1387
f 2245/1470/1389 2247/1472/1391 2246/1471/1390
f 2251/1473/1392 625/1474/1393 2252/1475/1394
f 2256/1476/1395 2253/1477/1396 2255/1478/1397
f 625/1474/1393 624/1479/1398 2255/1478/1397
f 2258/1480/1399 2256/1476/1395 2257/1481/1400
f 2268/1482/1401 2266/1483/1402 2265/1484/1403
f 2268/1482/1401 627/286/280 2271/1485/1404
f 2271/1485/1404 2269/1486/1405 2268/1482/1401
f 2278/1487/1406 2272/1488/1407 2276/1489/1408
f 2279/1490/1409 616/281/275 2280/1491/1410
f 2281/1492/1411 2282/1493/1412 2280/1491/1410
f 2283/1494/1413 2286/1495/1414 2287/1496/1415
f 2299/1497/1416 2300/1498/1417 2297/1499/1418
f 2302/1500/1419 2303/1501/1420 2299/1497/1416
f 2304/1502/1421 2305/1503/1422 2303/1501/1420
f 2306/1504/1423 2303/1501/1420 2305/1503/1422
f 293/1505/1424 2308/1506/1425 2310/1507/1426
f 2310/1508/1426 2312/1509/1427 293/1510/1424
f 2312/1509/1427 2313/1511/1428 293/1510/1424
f 2312/1509/1427 2314/1512/1429 2315/1513/1430
f 2316/1514/1431 2315/1513/1430 2317/1515/1432
f 2317/1515/1432 2318/1516/1433 2316/1514/1431
f 2317/1515/1432 2319/1517/1434 2320/1518/1435
f 2320/1518/1435 2318/1516/1433 2317/1515/1432
f 2320/1518/1435 2322/1519/1436 2318/1516/1433
f 2334/1520/1437 2337/1521/1438 2338/1522/1439
f 2338/1522/1439 2335/1523/1440 2334/1520/1437
f 2345/1524/1441 2342/1525/1442 2339/1526/1443
f 2342/1525/1442 2345/1524/1441 2346/1527/1444
f 2347/1528/1445 2348/1529/1446 2346/1527/1444
f 2357/1530/1447 2355/1531/1448 2354/1532/1449
f 2355/1531/1448 2359/1533/1450 2360/1534/1451
f 2360/1534/1451 2041/1535/1452 2355/1531/1448
f 2362/1536/1453 2361/1537/1454 2364/1538/1455
f 2052/1321/1245 2048/1318/1242 2363/1539/1456
f 2364/1540/1455 2054/1324/1248 2052/1321/1245
f 2369/1541/1457 2370/1542/1458 2367/1543/1459
f 2370/1542/1458 450/1544/1460 449/1545/1461
f 2371/1546/1462 2372/1547/1463 2370/1542/1458
f 2370/1542/1458 2372/1547/1463 450/1544/1460
f 2372/1547/1463 2375/1548/1464 2373/1549/1465
f 2375/1548/1464 2378/1550/1466 2379/1551/1467
f 2379/1552/1467 2376/1553/1468 2375/1554/1464
f 2379/1552/1467 2380/1555/1469 2071/1339/1262
f 2071/1339/1262 2069/1337/1260 2379/1552/1467
f 2384/1556/1470 2076/1557/1471 2385/1558/1472
f 2385/1559/1472 2076/1560/1471 2074/1561/1473
f 2076/1557/1471 2384/1556/1470 2386/1562/1474
f 2388/1563/1475 2079/1344/1267 2078/1564/1476
f 2388/1563/1475 2390/1565/1477 2080/1345/1268
f 2080/1345/1268 2079/1344/1267 2388/1563/1475
f 2390/1565/1477 2086/1352/1275 2083/1349/1272
f 2395/1566/1478 2397/1567/1479 2089/1354/1277
f 2397/1567/1479 2398/1568/1480 2399/1569/1481
f 2399/1569/1481 2400/1570/1482 2397/1567/1479
f 2400/1570/1482 2089/1354/1277 2397/1567/1479
f 2090/1571/1483 2089/1354/1277 2400/1570/1482
f 2400/1570/1482 2401/1572/1484 2094/1573/1485
f 2402/1574/1486 2403/1575/1487 2094/1573/1485
f 2095/1357/1280 2093/1356/1279 2403/1575/1487
f 2408/1576/1488 2099/1577/1489 2407/1578/1490
f 2099/1577/1489 2410/1579/1491 2409/1580/1492
f 2409/1580/1492 2102/1581/1493 2099/1577/1489
f 2102/1582/1493 2411/1583/1494 2106/1364/1287
f 2106/1364/1287 2105/1584/1495 2102/1582/1493
f 2411/1583/1494 2412/1585/1496 2413/1586/1497
f 2413/1586/1497 2106/1364/1287 2411/1583/1494
f 2413/1586/1497 2414/1587/1498 2415/1588/1499
f 2415/1588/1499 2108/1589/1500 2107/1365/1288
f 2415/1588/1499 2416/1590/1501 2417/1591/1502
f 2417/1591/1502 2110/1367/1290 2108/1589/1500
f 2417/1591/1502 2418/1592/1503 2419/1593/1504
f 2419/1593/1504 2111/1594/1505 2110/1367/1290
f 2420/1595/1506 2111/1594/1505 2419/1593/1504
f 2420/1595/1506 2421/1596/1507 2111/1594/1505
f 2421/1596/1507 2423/1597/1508 2112/1598/1509
f 2424/1599/1510 2626/1600/1511 2116/1601/1512
f 2425/1602/1513 2119/1372/1295 2118/1603/1514
f 2119/1372/1295 2425/1602/1513 2426/1604/1515
f 2427/1605/1516 2121/1376/1299 2120/1375/1298
f 2427/1605/1516 2428/1606/1517 2121/1376/1299
f 2123/1378/1301 2121/1376/1299 2428/1606/1517
f 2428/1606/1517 2430/1607/1518 2123/1378/1301
f 137/27/27 2123/1378/1301 2430/1607/1518
f 2428/1606/1517 138/1608/1519 2430/1607/1518
f 2434/1609/1520 2431/1610/1521 2433/1611/1522
f 2433/1611/1522 2435/1612/1523 2434/1609/1520
f 2447/1613/1524 2446/1614/1525 2132/1615/1526
f 2448/1616/1527 2449/1617/1528 2450/1618/1529
f 2450/1618/1529 2134/1619/1530 2448/1616/1527
f 2134/1619/1530 2450/1618/1529 2451/1620/1531
f 2455/1621/1532 2458/1622/1533 2456/1623/1534
f 2458/1622/1533 2460/1624/1535 2459/1625/1536
f 2459/1625/1536 2460/1624/1535 2461/1626/1537
f 2461/1626/1537 2462/1627/1538 2463/1628/1539
f 2463/1628/1539 2465/1629/1540 2464/1630/1541
f 2466/1631/1542 2467/1632/1543 2468/1633/1544
f 2468/1633/1544 212/58/58 2466/1631/1542
f 2472/1634/1545 2141/1635/1546 2470/1636/1547
f 2470/1636/1547 214/1637/1548 213/1638/1549
f 2471/1639/1550 2473/1640/1551 2472/1641/1545
f 2473/1640/1551 2474/1642/1552 2143/1643/1553
f 2475/1644/1554 2478/1645/1555 2146/1646/1556
f 2479/1647/1557 2480/1648/1558 2147/1394/1315
f 2480/1648/1558 2148/1397/1318 2147/1394/1315
f 2481/1649/1559 371/1650/148 2148/1397/1318
f 2481/1649/1559 2483/1651/1560 371/1650/148
f 2487/1652/1561 370/148/146 369/147/145
f 2488/1653/1562 2489/1654/1563 2487/1652/1561
f 2497/1655/1564 2496/1656/1565 2502/1657/1566
f 2497/1655/1564 2502/1657/1566 2500/1658/1567
f 2506/1659/1568 615/1660/1569 2505/1661/1570
f 2506/1659/1568 2507/1662/1571 2508/1663/1572
f 2508/1663/1572 611/1664/1573 2506/1659/1568
f 2506/1659/1568 611/1664/1573 615/1660/1569
f 2508/1663/1572 2509/1665/1574 611/1664/1573
f 2515/1666/1575 2513/1667/1576 2512/1668/1577
f 2515/1669/1575 2517/1670/1578 2518/1671/1579
f 2518/1671/1579 2516/1672/1580 2515/1669/1575
f 2518/1671/1579 131/23/23 130/1673/1581
f 130/1673/1581 196/1674/1582 2518/1671/1579
f 128/21/21 127/20/20 195/1675/1583
f 195/1675/1583 194/1676/1584 128/21/21
f 2524/1677/1585 2526/1678/1586 2525/1679/1587
f 2532/1680/1588 2528/1681/1589 2531/1682/1590
f 2537/1683/1591 2536/1684/1592 2538/1685/1593
f 2542/1686/1594 460/1687/195 2539/1688/1595
f 2544/1689/194 2545/1690/1596 2543/1691/1597
f 2546/1692/1598 2547/1693/1599 2544/1689/194
f 462/1694/1600 2550/1695/1601 2549/1696/1602
f 2552/1697/1603 2549/1696/1602 2551/1698/1604
f 2551/1698/1604 2553/1699/1605 2552/1697/1603
f 2554/1700/1606 2552/1701/1603 2553/1702/1605
f 2558/1703/1607 2559/1704/1608 2555/1705/1609
f 2565/1706/1610 2562/1707/1611 2564/1708/1612
f 2562/1707/1611 2565/1706/1610 2567/1709/1613
f 2568/1710/1614 2569/1711/1615 2566/1712/1616
f 2572/1713/1617 2382/1714/1618 2381/1715/1619
f 2572/1713/1617 2384/1556/1470 2382/1714/1618
f 2575/1716/1620 2576/1717/1621 2389/1718/1622
f 2576/1719/1621 2393/1720/1623 2391/1721/1624
f 2576/1719/1621 2578/1722/1625 2393/1720/1623
f 2578/1722/1625 2580/1723/1626 2396/1724/1627
f 2582/1725/1628 2401/1572/1484 2399/1569/1481
f 2583/1726/1629 2402/1574/1486 2401/1572/1484
f 2583/1726/1629 2584/1727/1630 2585/1728/1631
f 2586/1729/1632 2588/1730/1633 2587/1731/1634
f 2406/1732/1635 2405/1733/1636 2590/1734/1637
f 2406/1732/1635 463/203/200 466/202/199
f 2593/1735/1638 2595/1736/1639 464/1737/197
f 464/1737/197 2595/1736/1639 2596/1738/1640
f 234/1739/1641 2601/1740/1642 2599/1741/1643
f 2601/1740/1642 2412/1585/1496 2600/1742/1644
f 2600/1742/1644 2412/1585/1496 2411/1583/1494
f 2609/1743/1645 2418/1592/1503 2607/1744/1646
f 2608/1745/1647 2610/1746/1648 28/68/68
f 2611/1747/1649 2614/1748/1650 2612/1749/1651
f 2615/1750/1652 2612/1749/1651 2614/1748/1650
f 2614/1748/1650 2616/1751/1653 2615/1750/1652
f 2622/1752/1654 2623/1753/1655 2619/1754/1656
f 2622/1752/1654 2621/1755/1657 2624/1756/1658
f 2625/1757/1659 2626/1600/1511 2623/1753/1655
f 2631/1758/1660 3278/1759/1661 2629/1760/1662
f 2633/1761/1663 2635/1762/1664 2634/1763/1665
f 2638/1764/1666 211/55/55 2641/1765/1667
f 2641/1765/1667 2642/1766/1668 2453/1767/1669
f 2642/1766/1668 2455/1621/1532 2456/1623/1534
f 209/1768/1670 2457/1769/1671 2455/1621/1532
f 2648/1770/1672 2649/1771/1673 2645/1772/1674
f 2650/1773/1675 2651/1774/1676 2649/1771/1673
f 2652/1775/1677 2463/1628/1539 2462/1627/1538
f 2465/1629/1540 2463/1628/1539 2653/1776/1678
f 2656/1777/1679 2657/1778/1680 2467/1779/1543
f 2467/1632/1543 2466/1631/1542 2656/1780/1679
f 2657/1778/1680 2658/1781/1681 2467/1779/1543
f 2660/1782/1682 2661/1783/1683 484/1784/1684
f 2662/1785/1685 2661/1783/1683 2664/1786/1686
f 2664/1786/1686 494/1787/1687 489/217/212
f 2680/1788/1688 2682/1789/1689 2681/1790/1690
f 2682/1789/1689 2685/1791/1691 2683/1792/1692
f 2689/1793/1693 2686/1794/1694 2688/1795/1695
f 2688/1795/1695 2690/1796/1696 2689/1793/1693
f 2694/1797/1697 2692/1798/1698 2695/1799/1699
f 2696/1800/1700 2694/1797/1697 2695/1799/1699
f 2695/1799/1699 2698/1801/1701 2696/1800/1700
f 2713/1802/1702 2714/1803/1703 2711/1804/1704
f 2716/1805/1705 2717/1806/1706 2714/1807/1703
f 2719/1808/1707 2720/1809/1708 2716/1805/1705
f 2733/1810/1709 2734/1811/1710 2732/1812/1711
f 2738/1813/1712 2739/1814/1713 2737/1815/1714
f 2741/1816/1715 2742/1817/1716 2739/1814/1713
f 2747/1818/1717 2746/1819/1718 2748/1820/1719
f 2573/1821/1720 2571/1822/1721 2747/1818/1717
f 2748/1820/1719 2574/1823/1722 2573/1821/1720
f 2748/1820/1719 2746/1819/1718 2749/1824/1723
f 2749/1824/1723 2750/1825/1724 2748/1820/1719
f 2754/1826/1725 2755/1827/1726 2581/1828/1727
f 2755/1827/1726 122/16/16 2581/1828/1727
f 2759/1829/1728 120/14/14 2757/1830/1729
f 121/15/15 120/14/14 2762/1831/1730
f 2768/1832/1731 2770/1833/1732 2769/1834/1733
f 2770/1833/1732 2591/1835/1734 2589/1836/1735
f 2770/1837/1732 2768/1838/1731 2771/1839/1736
f 2774/1840/1737 235/1841/1738 2598/1842/1739
f 2774/1840/1737 470/1843/1740 235/1841/1738
f 2775/1844/1741 2776/1845/1742 470/1843/1740
f 2778/1846/1743 467/1847/1744 2777/1848/1745
f 2780/1849/1746 468/1850/1747 2778/1846/1743
f 2790/1851/1748 2791/1852/1749 2651/1853/1676
f 2651/1774/1676 2650/1773/1675 2790/1854/1748
f 2793/1855/1750 2794/1856/1751 2654/1857/1752
f 2655/1858/1753 2653/1859/1678 2795/1860/1754
f 2655/1858/1753 2796/1861/1755 2656/1777/1679
f 2797/1862/1756 2659/1863/1757 2657/1778/1680
f 2665/1864/1758 2661/1783/1683 2660/1782/1682
f 2798/1865/1759 2799/1866/1760 2665/1864/1758
f 2800/1867/1761 2665/1864/1758 2799/1866/1760
f 2806/1868/1762 2807/1869/1763 2678/1870/1764
f 2808/1871/1765 2810/1872/1766 2680/1788/1688
f 2682/1789/1689 2680/1788/1688 2810/1872/1766
f 2810/1872/1766 2812/1873/1767 2682/1789/1689
f 2685/1791/1691 2682/1789/1689 2812/1873/1767
f 2812/1873/1767 2813/1874/1768 2685/1791/1691
f 2816/1875/1769 2817/1876/1770 2697/1877/1771
f 2697/1877/1771 2691/1878/1772 2816/1875/1769
f 2817/1876/1770 2818/1879/1773 2701/1880/1774
f 2824/1881/1775 2826/1882/1776 2827/1883/1777
f 2827/1883/1777 645/299/293 2824/1881/1775
f 2827/1883/1777 2828/1884/1778 2829/1885/1779
f 2829/1885/1779 100/300/294 2827/1883/1777
f 2831/1886/1780 2830/1887/1781 2829/1885/1779
f 2834/1888/1782 2832/1889/1783 2830/1887/1781
f 2832/1889/1783 2834/1888/1782 2837/1890/1784
f 2837/1891/1784 2835/1892/1785 2832/1893/1783
f 2835/1892/1785 2837/1891/1784 2753/1894/1786
f 2753/1894/1786 2752/1895/1787 2835/1892/1785
f 2837/1890/1784 2756/1896/1788 2754/1897/1725
f 2754/1898/1725 2753/1894/1786 2837/1891/1784
f 2834/1888/1782 2839/1899/1789 2756/1896/1788
f 2839/1899/1789 2760/1900/1790 2758/1901/1791
f 2843/1902/1792 2768/1838/1731 2767/1903/1793
f 2843/1902/1792 2844/1904/1794 2771/1839/1736
f 2845/1905/1795 2772/1906/1796 2771/1839/1736
f 2848/1907/1797 2847/1908/1798 2849/1909/1799
f 2849/1909/1799 2850/1910/1800 2851/1911/1801
f 2851/1911/1801 2777/1848/1745 2849/1909/1799
f 2853/1912/1802 2854/1913/1803 2779/1914/1804
f 2857/1915/1805 2781/1916/1806 2780/1917/1746
f 2859/1918/1807 2860/1919/1808 2782/1920/1809
f 2865/1921/1810 2866/1922/1811 2794/1856/1751
f 2794/1856/1751 2793/1855/1750 2865/1921/1810
f 2869/1923/1812 2797/1862/1756 2796/1861/1755
f 2872/1924/1813 2798/1925/1759 2870/1926/1814
f 2872/1924/1813 2873/1927/1815 2874/1928/1816
f 2801/1929/1817 2876/1930/1818 2802/1931/1819
f 2802/1932/1819 600/1933/1820 2803/1934/1821
f 2877/1935/1822 2878/1936/1823 2805/1937/1824
f 2878/1936/1823 2880/1938/1825 2805/1937/1824
f 2881/1939/1826 2883/1940/1827 2811/1941/1828
f 2885/1942/1829 2886/1943/1830 2818/1879/1773
f 2819/1944/1831 2818/1879/1773 2886/1943/1830
f 2887/1945/1832 2888/1946/1833 150/1947/1834
f 2889/1948/1835 2891/1949/1836 2890/1950/1837
f 147/1951/1838 151/1952/1839 2890/1950/1837
f 2855/1953/1840 148/1954/1841 2893/1955/1842
f 2904/1956/1843 2840/1957/1844 2905/1958/1845
f 2840/1957/1844 2831/1886/1780 2905/1958/1845
f 2904/1956/1843 2841/1959/1846 2840/1957/1844
f 2904/1956/1843 2846/1960/1847 2844/1904/1794
f 2903/1961/1848 2901/1962/1849 2900/1963/1850
f 2903/1961/1848 2847/1908/1798 2846/1960/1847
f 2897/1964/1851 2850/1910/1800 2900/1963/1850
f 2899/1965/1852 2824/1881/1775 2895/1966/1853
f 2895/1966/1853 2898/1967/1854 2899/1965/1852
f 149/1968/1855 2894/1969/1856 2896/1970/1857
f 2892/1971/1858 2856/1972/1859 2893/1955/1842
f 268/1973/1860 267/88/86 2859/1918/1807
f 267/88/86 2862/1974/1861 2860/1919/1808
f 267/88/86 2908/1975/1862 2862/1974/1861
f 2865/1921/1810 2864/1976/1863 2908/1975/1862
f 2867/1977/1864 2866/1922/1811 2911/1978/1865
f 2912/1979/1866 2913/1980/1867 2867/1977/1864
f 2873/1927/1815 2872/1924/1813 2871/1981/1868
f 2917/1982/1869 2875/1983/1870 2915/1984/1871
f 2917/1982/1869 92/1985/1872 2875/1983/1870
f 2922/1986/1873 92/1985/1872 2918/1987/1874
f 2878/1988/1823 600/1989/1820 2922/1986/1873
f 2922/1986/1873 2921/1990/1875 2878/1988/1823
f 2923/1991/1876 2878/1936/1823 2921/1992/1875
f 2924/1993/1877 2926/1994/1878 2925/1995/1879
f 2889/1996/1835 2930/1997/1880 2929/1998/1881
f 2932/1999/1882 2933/2000/1883 2889/1948/1835
f 2891/1949/1836 2889/1948/1835 2933/2000/1883
f 2935/2001/1884 268/1973/1860 2907/2002/1885
f 2934/2003/1886 2928/2004/1887 2936/2005/1888
f 2936/2005/1888 269/86/84 2934/2003/1886
f 2938/2006/1889 2940/2007/1890 2939/2008/1891
f 2919/2009/1892 2942/2010/1893 2941/2011/1894
f 2940/2007/1890 2938/2006/1889 2924/2012/1877
f 2924/2012/1877 2921/1990/1875 2940/2007/1890
f 2926/2013/1878 2924/2012/1877 2938/2006/1889
f 2930/1997/1880 2889/1996/1835 2887/2014/1832
f 2887/2014/1832 2884/2015/1895 2930/1997/1880
f 2882/2016/1896 2879/2017/1897 2925/1995/1879
f 2879/2017/1897 2878/1936/1823 2923/1991/1876
f 2923/1991/1876 2925/1995/1879 2879/2017/1897
f 600/2018/1820 2878/1936/1823 2877/1935/1822
f 2864/1976/1863 2863/2019/1898 2862/1974/1861
f 2839/1899/1789 2834/1888/1782 2833/2020/1899
f 2752/1895/1787 2751/2021/1900 2838/2022/1901
f 2745/2023/1902 2743/2024/1903 2838/2022/1901
f 2740/2025/1904 641/2026/1905 2943/2027/1906
f 2820/2028/1907 150/2029/1834 11/2030/1908
f 2789/2031/1909 2944/2032/1910 2786/2033/1911
f 2948/2034/1912 2949/2035/1913 2944/2032/1910
f 2950/2036/1914 2953/2037/1915 2954/2038/1916
f 2952/2039/1917 2953/2037/1915 2950/2036/1914
f 2646/2040/1918 2620/2041/1919 2952/2039/1917
f 2637/2042/1920 2630/2043/1921 2958/2044/1922
f 2630/2043/1921 2627/2045/1923 2625/1757/1659
f 2625/1757/1659 2958/2044/1922 2630/2043/1921
f 2958/2044/1922 2625/1757/1659 2624/1756/1658
f 2957/2046/1924 209/1768/1670 24/54/54
f 2957/2046/1924 2643/2047/1925 2457/1769/1671
f 2457/1769/1671 209/1768/1670 2957/2046/1924
f 2955/2048/1926 2624/1756/1658 2621/1755/1657
f 2620/2041/1919 2646/2040/1918 2621/1755/1657
f 2954/2038/1916 2959/2049/1927 2960/2050/1928
f 2960/2050/1928 2951/2051/1929 2954/2038/1916
f 2963/2052/1930 2947/2053/1931 2960/2050/1928
f 2964/2054/1932 2945/2055/1933 2963/2052/1930
f 2962/2056/1934 239/2057/1935 238/2058/1936
f 2966/2059/1937 2606/2060/1938 2959/2061/1927
f 2610/1746/1648 2608/1745/1647 2966/2059/1937
f 2613/2062/1939 2611/1747/1649 2954/2038/1916
f 2744/2063/1940 2568/1710/1614 2567/1709/1613
f 2567/1709/1613 2742/1817/1716 2744/2063/1940
f 2742/1817/1716 2567/1709/1613 2565/1706/1610
f 2565/1706/1610 2739/1814/1713 2742/1817/1716
f 2739/1814/1713 2565/1706/1610 2564/1708/1612
f 2564/1708/1612 2737/1815/1714 2739/1814/1713
f 2720/1809/1708 2719/1808/1707 2724/2064/1941
f 2978/2065/1942 262/2066/1943 261/83/81
f 261/83/81 2717/2067/1706 2978/2065/1942
f 2979/2068/1944 2980/2069/1945 34/84/82
f 34/84/82 262/2066/1943 2979/2068/1944
f 2970/2070/1946 2987/2071/1947 2986/2072/1948
f 2988/2073/1949 2990/2074/1950 2550/1695/1601
f 2550/1695/1601 462/1694/1600 2989/2075/1951
f 461/199/196 2986/2072/1948 2989/2075/1951
f 2991/2076/1952 2992/2077/1953 2985/2078/1954
f 2980/2069/1945 2996/2079/1955 2998/2080/1956
f 2998/2080/1956 263/2081/1957 2980/2069/1945
f 3000/2082/1958 3002/2083/1959 3001/2084/1960
f 3002/2083/1959 3004/2085/1961 3003/2086/1962
f 3003/2086/1962 265/82/80 264/85/83
f 377/152/150 3005/2087/1963 3003/2086/1962
f 3007/2088/1964 2709/2089/1965 3008/2090/1966
f 3011/2091/1967 2704/2092/1968 3009/2093/1969
f 3011/2091/1967 3012/2094/1970 3013/2095/1971
f 2700/2096/1972 3015/2097/1973 2696/1800/1700
f 2694/1797/1697 2696/1800/1700 3015/2097/1973
f 3017/2098/1974 3019/2099/1975 3018/2100/1976
f 3023/2101/1977 3024/2102/1978 2689/1793/1693
f 3024/2102/1978 2687/2103/1979 2686/1794/1694
f 3026/2104/1980 3027/2105/1981 2684/2106/1982
f 2675/2107/1983 2677/2108/1984 3030/2109/1985
f 3035/2110/1986 3036/2111/1987 491/2112/1988
f 491/2112/1988 2669/2113/1989 3035/2110/1986
f 3039/2114/1990 493/2115/1991 492/2116/1992
f 3042/2117/1993 3043/2118/1994 3040/2119/1995
f 3043/2118/1994 2477/2120/1996 3040/2119/1995
f 3043/2118/1994 2479/1647/1557 2477/2120/1996
f 3049/2121/1997 3050/2122/1998 3051/2123/1999
f 3060/2124/2000 2491/2125/2001 3058/2126/2002
f 2499/2127/2003 2495/2128/2004 2494/2129/2005
f 3068/2130/2006 540/2131/2007 539/2132/2008
f 3077/2133/2009 544/2134/2010 541/2135/2011
f 3083/2136/2012 187/2137/2013 3086/2138/2014
f 3087/2139/2015 8/22/22 3083/2136/2012
f 3087/2139/2015 129/2140/2016 8/22/22
f 3091/2141/2017 3092/2142/2018 129/2140/2016
f 127/20/20 129/2140/2016 3092/2142/2018
f 3093/2143/2019 3094/2144/2020 2520/2145/2021
f 3094/2144/2020 3096/2146/2022 3095/2147/2023
f 2535/2148/2024 2996/2079/1955 2997/2149/2025
f 2997/2149/2025 2536/1684/1592 2535/2148/2024
f 2997/2149/2025 2994/2150/2026 2536/1684/1592
f 2992/2077/1953 2991/2076/1952 3099/2151/2027
f 3098/2152/2028 3000/2082/1958 2999/2153/2029
f 3101/2154/2030 3002/2083/1959 3000/2082/1958
f 3100/2155/2031 3102/2156/2032 3101/2154/2030
f 3101/2154/2030 3103/2157/2033 3002/2083/1959
f 3004/2085/1961 3002/2083/1959 378/153/151
f 3004/2085/1961 378/153/151 377/152/150
f 3105/2158/2034 3140/2159/2035 3106/2160/2036
f 3105/2158/2034 3106/2160/2036 379/2161/2037
f 3010/2162/2038 379/2161/2037 3106/2160/2036
f 380/2163/2039 379/2161/2037 3010/2162/2038
f 3012/2094/1970 3011/2091/1967 3010/2162/2038
f 3014/2164/2040 3013/2095/1971 3012/2094/1970
f 3112/2165/2041 3022/2166/2042 3021/2167/2043
f 3113/2168/2044 3114/2169/2045 525/2170/2046
f 525/2170/2046 3114/2169/2045 3115/2171/2047
f 3115/2171/2047 526/2172/2048 525/2170/2046
f 3115/2171/2047 3122/2173/2049 3116/2174/2050
f 3123/2175/2051 3119/2176/2052 3122/2173/2049
f 3121/2177/2053 3124/2178/2054 3122/2173/2049
f 3125/2179/2055 3126/2180/2056 3123/2175/2051
f 3128/2181/2057 3123/2175/2051 3126/2180/2056
f 3130/2182/2058 517/235/230 3091/2141/2017
f 3130/2182/2058 3091/2141/2017 3090/2183/2059
f 3132/2184/2060 3133/2185/2061 3093/2143/2019
f 3094/2144/2020 3093/2143/2019 3133/2185/2061
f 3133/2185/2061 3134/2186/2062 3135/2187/2063
f 3133/2185/2061 3135/2187/2063 3094/2144/2020
f 3096/2146/2022 3094/2144/2020 3135/2187/2063
f 3100/2155/2031 3096/2146/2022 3135/2187/2063
f 3136/2188/2064 3104/2189/2065 3102/2156/2032
f 3102/2156/2032 3100/2155/2031 3136/2188/2064
f 3104/2189/2065 3138/2190/2066 3105/2158/2034
f 3145/2191/2067 3114/2169/2045 3146/2192/2068
f 3114/2169/2045 3112/2165/2041 3146/2192/2068
f 3132/2184/2060 3154/2193/2069 3158/2194/2070
f 516/234/229 3152/2195/2071 3154/2193/2069
f 3145/2191/2067 3144/2196/2072 3150/2197/2073
f 19/2198/2074 188/2199/2075 3159/2200/2076
f 523/2201/2077 79/238/233 3118/2202/2078
f 3167/2203/2079 520/2204/2080 523/2201/2077
f 3167/2203/2079 521/2205/2081 520/2204/2080
f 3025/2206/2082 3172/2207/2083 3026/2104/1980
f 3025/2206/2082 522/236/231 521/2205/2081
f 3171/2208/2084 3174/2209/2085 3173/2210/2086
f 3173/2210/2086 3031/2211/2087 3029/2212/2088
f 3034/2213/2089 3032/2214/2090 3033/2215/2091
f 3179/2216/2092 3037/2217/2093 3177/2218/2094
f 3179/2216/2092 3038/2219/2095 3037/2217/2093
f 3042/2220/1993 3041/2221/2096 3184/2222/2097
f 3190/2223/2098 3191/2224/2099 3050/2122/1998
f 3050/2122/1998 3049/2121/1997 3190/2223/2098
f 3193/2225/2100 3059/2226/2101 3056/2227/2102
f 3059/2226/2101 3057/2228/2103 3056/2227/2102
f 3071/2229/2104 3070/2230/2105 3197/2231/2106
f 3074/2232/2107 3072/2233/2108 3071/2229/2104
f 3201/2234/2109 3202/2235/2110 3199/2236/2111
f 3204/2237/2112 3078/2238/2113 3076/2239/2114
f 3079/2240/2115 3078/2238/2113 3207/2241/2116
f 3085/2242/2117 3080/2243/2118 3079/2240/2115
f 3208/2244/2119 188/2199/2075 3085/2242/2117
f 3209/2245/2120 3206/2246/2121 3161/2247/2122
f 3161/2247/2122 3160/2248/2123 3209/2245/2120
f 3205/2249/2124 3211/2250/2125 3210/2251/2126
f 3212/2252/2127 3215/2253/2128 3214/2254/2129
f 3222/2255/2130 3223/2256/2131 3171/2208/2084
f 3174/2209/2085 3171/2208/2084 3223/2256/2131
f 3230/2257/2132 3180/2258/2133 3179/2216/2092
f 3232/2259/2134 3186/2260/2135 3233/2261/2136
f 3240/2262/2137 328/2263/2138 3241/2264/2139
f 328/2263/2138 327/122/120 3192/2265/2140
f 3243/2266/2141 329/2267/2142 3242/2268/2143
f 3251/2269/2144 3253/2270/2145 3252/2271/2146
f 3253/2270/2145 3203/2272/2147 3201/2234/2109
f 3254/2273/2148 3211/2250/2125 3203/2272/2147
f 3212/2252/2127 3211/2250/2125 3254/2273/2148
f 3216/2274/2149 3215/2253/2128 3258/2275/2150
f 3224/2276/2151 3264/2277/2152 3225/2278/2153
f 220/62/62 222/61/61 3228/2279/2154
f 222/61/61 3229/2280/2155 3228/2279/2154
f 3265/2281/2156 221/2282/2157 220/62/62
f 3259/2283/2158 3257/2284/2159 3272/2285/2160
f 3273/2286/2161 3245/2287/2162 3243/2266/2141
f 3247/2288/2163 3273/2286/2161 3272/2285/2160
f 3249/2289/2164 326/121/119 3246/2290/2165
f 326/121/119 44/120/118 3244/2291/2166
f 3211/2250/2125 3205/2249/2124 3203/2272/2147
f 3083/2136/2012 132/24/24 3084/2292/2167
f 2477/2120/1996 2476/2293/2168 487/2294/2169
f 524/237/232 522/236/231 3023/2101/1977
f 3005/2087/1963 377/152/150 50/151/149
f 461/199/196 460/198/195 2991/2295/1952
f 261/83/81 2714/1803/1703 2717/2067/1706
f 2663/2296/2170 488/216/211 3276/2297/2171
f 2476/2293/2168 2474/1642/1552 3276/2297/2171
f 2474/1642/1552 2473/1640/1551 3275/2298/2172
f 2640/2299/2173 2450/1618/1529 2449/1617/1528
f 2449/1617/1528 2638/1764/1666 2640/2299/2173
f 2449/1617/1528 2446/1614/1525 2636/2300/2174
f 2446/1614/1525 2441/2301/2175 2634/1763/1665
f 2432/2302/2176 2429/2303/2177 3277/2304/2178
f 2628/2305/2179 2627/2045/1923 2629/1760/1662
f 2628/2305/2179 2425/1602/1513 2626/1600/1511
f 2623/1753/1655 2422/2306/2180 2619/1754/1656
f 2422/2306/2180 233/2307/69 2618/2308/2181
f 2601/1740/1642 234/1739/1641 29/2309/2182
f 2408/1576/1488 2407/1578/1490 2597/2310/2183
f 2569/1711/1615 2369/1541/1457 3279/2311/2184
f 3279/2311/2184 2566/1712/1616 2569/1711/1615
f 2559/1704/1608 3283/2312/2185 3284/2313/2186
f 3285/2314/2187 2555/1705/1609 2559/1704/1608
f 3287/2315/2188 3289/2316/2189 2549/2317/1602
f 2549/2317/1602 2552/1701/1603 3287/2315/2188
f 2548/2318/2190 2549/1696/1602 3289/2319/2189
f 3289/2320/2189 3290/2321/2191 2548/2322/2190
f 2547/2323/1599 2546/2324/1598 2548/2322/2190
f 2545/1690/1596 2544/1689/194 2547/1693/1599
f 3291/2325/2192 2543/1691/1597 2545/1690/1596
f 3292/2326/2193 3293/2327/2194 2540/2328/2195
f 3293/2327/2194 3295/2329/2196 3294/2330/2197
f 3296/2331/2198 3298/2332/2199 2532/1680/1588
f 2532/1680/1588 2534/2333/2200 3296/2331/2198
f 2528/1681/1589 2532/1680/1588 3298/2332/2199
f 3300/2334/2201 2525/1679/1587 2529/2335/2202
f 3300/2334/2201 3301/2336/2203 193/41/41
f 193/41/41 2522/2337/2204 3300/2334/2201
f 3305/2338/2205 21/44/44 192/43/43
f 3305/2338/2205 196/1674/1582 21/44/44
f 2519/2339/2206 3308/2340/2207 3307/2341/2208
f 3307/2341/2208 2516/2342/1580 2519/2339/2206
f 3308/2340/2207 3309/2343/2209 2514/2344/2210
f 3311/2345/2211 582/2346/2212 609/277/271
f 609/277/271 95/276/270 3311/2345/2211
f 3312/2347/2213 3311/2345/2211 3315/2348/2214
f 3319/2349/2215 3310/2350/2216 3323/2351/2217
f 3323/2351/2217 3321/855/818 3319/2349/2215
f 3309/2343/2209 3308/2340/2207 3324/2352/2218
f 3325/2353/2219 3306/2354/2220 2305/1503/1422
f 2307/2355/2221 2305/1503/1422 3306/2354/2220
f 3326/2356/2222 3328/2357/2223 106/3/3
f 3321/855/818 1/1/1 2227/2358/2224
f 3331/2359/2225 3322/2360/2226 3321/855/818
f 3333/2361/2227 534/2362/2228 3334/2363/2229
f 3334/2363/2229 531/2364/2230 3337/2365/2231
f 2223/1447/1366 2222/1444/1363 2221/2366/2232
f 2223/1447/1366 2221/2366/2232 3337/2365/2231
f 3336/2367/2233 184/2368/2234 183/2369/2235
f 3353/2370/2236 3338/2371/2237 2231/1456/1375
f 2233/1459/1378 2232/1458/1377 3341/2372/2238
f 3341/2372/2238 3342/2373/2239 2233/1459/1378
f 3343/2374/2240 168/2375/2241 167/1461/1380
f 3342/2373/2239 3344/2376/2242 3343/2374/2240
f 3342/2373/2239 3347/2377/2243 3345/2378/2244
f 3346/2379/2245 2243/2380/2246 3344/2376/2242
f 3347/2377/2243 620/284/278 622/283/277
f 3347/2377/2243 3348/2381/2247 620/284/278
f 3348/2381/2247 3340/2382/2248 3349/2383/2249
f 3340/2382/2248 3339/2384/2250 3351/2385/2251
f 3353/2370/2236 3354/2386/2252 3352/2387/2253
f 3355/2388/2254 3354/2386/2252 3327/2389/2255
f 3356/2390/2256 3352/2387/2253 3354/2386/2252
f 2287/1496/1415 3350/2391/2257 2291/2392/2258
f 3355/2388/2254 2295/2393/2259 2294/2394/2260
f 3340/2382/2248 3348/2381/2247 3341/2372/2238
f 3348/2381/2247 3347/2377/2243 3341/2372/2238
f 621/2395/2261 620/284/278 3350/2391/2257
f 2241/2396/2262 3344/2376/2242 2243/2380/2246
f 2244/2397/2263 2243/2380/2246 3357/2398/2264
f 627/286/280 97/285/279 3360/2399/2265
f 617/2400/2266 2274/2401/2267 2273/2402/2268
f 3342/2373/2239 3341/2372/2238 3347/2377/2243
f 3344/2376/2242 2238/2403/2269 169/1463/1382
f 2311/2404/2270 2310/1508/1426 2309/2405/2271
f 2314/1512/1429 2312/1509/1427 2311/2404/2270
f 3302/2406/2272 2315/1513/1430 2314/1512/1429
f 2319/1517/1434 2317/1515/1432 2315/1513/1430
f 2325/2407/2273 3299/2408/2274 3297/2409/2275
f 2337/1521/1438 2334/1520/1437 2333/2410/2276
f 2337/1521/1438 3291/2411/2192 3364/2412/2277
f 2341/2413/2278 3290/2321/2191 3288/2414/2279
f 3288/2414/2279 2344/2415/2280 2341/2413/2278
f 2344/2415/2280 3288/2414/2279 3365/2416/2281
f 2349/2417/2282 2346/1527/1444 2345/1524/1441
f 3367/2418/2283 3280/2419/2284 2368/2420/2285
f 3366/2421/2286 3284/2313/2186 3283/2312/2185
f 3286/2422/2287 3285/2314/2187 3284/2313/2186
f 2349/2423/2282 3287/2315/2188 3286/2422/2287
f 3295/2329/2196 3293/2327/2194 3362/2424/2288
f 2508/1663/1572 538/2425/2289 537/2426/2290
f 2505/2427/1570 2496/1656/1565 2499/2127/2003
f 2503/2428/2291 563/252/247 86/251/246
f 2431/1610/1521 2434/1609/1520 3372/2429/2292
f 2125/1380/1303 140/26/26 139/25/25
f 2129/2430/2293 2128/2431/2294 2127/2432/2295
f 2069/1337/1260 2068/1336/1259 2376/1553/1468
f 2065/1334/1257 2064/1333/1255 2062/2433/1254
f 2366/2434/2296 2364/1538/1455 2361/1537/1454
f 2356/2435/2297 2355/1531/1448 2358/2436/2298
f 2041/1535/1452 2040/1312/1237 2358/2436/2298
f 2356/2437/2297 2039/1310/1236 3373/2438/2299
f 3376/2439/2300 2348/1529/1446 3375/2440/2301
f 3377/2441/2302 2343/2442/2303 2348/1529/1446
f 3386/2443/2304 2318/1516/1433 2322/1519/1436
f 294/101/99 2313/2444/1428 3390/2445/2305
f 3383/2446/2306 2000/2447/2307 3384/2448/2308
f 3382/2449/2309 2004/2450/2310 2000/2447/2307
f 3380/2451/2311 2016/2452/2312 2012/2453/2313
f 3379/2454/2314 2020/1302/1228 2016/2452/2312
f 3378/2455/2315 2024/2456/2316 3379/2454/2314
f 2032/2457/2317 2025/2458/2318 2029/2459/2319
f 2034/2460/2320 2030/2461/2321 2032/2457/2317
f 2290/2462/2322 2289/2463/2323 2293/2464/2324
f 2282/1493/1412 2281/1492/1411 2285/2465/2325
f 3402/2466/2326 2278/1487/1406 3400/2467/2327
f 3404/2468/2328 3405/2469/2329 3406/2470/2330
f 3410/2471/2331 2264/2472/2332 2267/2473/2333
f 3416/2474/2334 3418/2475/2335 336/123/121
f 337/124/122 336/123/121 3418/2475/2335
f 3432/2476/2336 2261/2477/2337 334/2478/2338
f 3440/2479/2339 2246/1471/1390 2249/2480/2340
f 3441/2481/2341 3439/2482/2342 3442/2483/2343
f 3438/2484/2344 3439/2482/2342 3441/2481/2341
f 546/2485/2345 601/264/259 3449/2486/2346
f 3449/2486/2346 601/264/259 575/2487/2347
f 3451/2488/2348 3450/2489/2349 3452/2490/2350
f 549/248/243 547/243/238 3452/2490/2350
f 555/249/244 549/248/243 3452/2490/2350
f 3464/2491/2351 3465/2492/2352 3461/2493/2353
f 3466/2494/2354 3467/2495/2355 3465/2492/2352
f 3473/2496/2356 3470/2497/2357 3469/2498/2358
f 3479/2499/2359 3474/2500/2360 3478/2501/2361
f 3483/2502/2362 3479/2499/2359 3482/2503/2363
f 3482/2503/2363 3484/2504/2364 3483/2502/2362
f 3487/2505/2365 3491/2506/2366 3488/2507/2367
f 3499/2508/2368 3503/2509/2369 3500/2510/2370
f 3507/2511/2371 3509/2512/2372 3505/2513/2373
f 3516/2514/2374 1884/1235/1164 3510/2515/2375
f 1885/1236/1165 1884/1235/1164 3516/2514/2374
f 3521/2516/2376 3522/2517/2377 3523/2518/2378
f 1896/2519/2379 1893/1243/1172 3524/2520/2380
f 3531/2521/2381 1900/1250/1179 1899/1249/1178
f 3532/2522/2382 1900/1251/1179 3531/2523/2381
f 3533/2524/2383 313/2525/2384 3534/2526/2385
f 1903/2527/2386 3534/2526/2385 3535/2528/2387
f 1903/2527/2386 1902/1253/1181 1901/1252/1180
f 1912/2529/2388 1906/1254/1182 1905/2530/2389
f 3539/2531/2390 1925/1259/1187 3538/2532/2391
f 3541/2533/2392 1929/2534/2393 1928/2535/2394
f 3545/2536/2395 1937/1262/1190 1935/2537/2396
f 1942/2538/2397 1940/2539/2398 3545/2536/2395
f 1942/2538/2397 3546/2540/2399 3547/2541/2400
f 3548/2542/2401 3549/2543/2402 1944/2544/2403
f 1953/1272/1198 1950/2545/1197 3552/2546/2404
f 3551/2547/2405 3555/2548/2406 3552/2546/2404
f 3560/2549/2407 1968/1283/1209 1967/2550/2408
f 1972/2551/2409 1970/1284/1210 1968/1283/1209
f 1981/2552/2410 1977/2553/2411 1976/2554/2412
f 3399/2555/2413 2282/1493/1412 3398/2556/2414
f 3557/2557/2415 3403/2558/2416 3558/2559/2417
f 3557/2557/2415 3554/2560/2418 3408/2561/2419
f 3551/2547/2405 3550/2562/2420 3412/2563/2421
f 3563/2564/2422 3417/2565/2423 3416/2566/2334
f 3564/2567/2424 3565/2568/2425 3417/2565/2423
f 3570/2569/2426 3569/2570/2427 3571/2571/2428
f 3435/2572/2429 3433/2573/2430 3431/2574/2431
f 3578/2575/2432 3577/2576/2433 3579/2577/2434
f 3579/2577/2434 3437/2578/2435 3578/2575/2432
f 3437/2578/2435 3579/2577/2434 3580/2579/2436
f 3580/2579/2436 3439/2482/2342 3437/2578/2435
f 3468/2580/2437 3464/2491/2351 3463/2581/2438
f 3468/2580/2437 3579/2577/2434 3577/2576/2433
f 3567/2582/2439 3581/2583/2440 3495/2584/2441
f 3581/2583/2440 3582/2585/2442 3498/2586/2443
f 3502/2587/2444 3498/2586/2443 3582/2585/2442
f 3584/2588/2445 3585/2589/2446 3502/2590/2444
f 3585/2589/2446 3586/2591/2447 3504/2592/2448
f 3586/2591/2447 3506/2593/2449 3504/2592/2448
f 3506/2593/2449 3586/2591/2447 3587/2594/2450
f 3512/2595/2451 3587/2594/2450 3519/2596/2452
f 3589/2597/2453 3528/2598/2454 3527/2599/2455
f 3590/2600/2456 3591/2601/2457 3528/2598/2454
f 3598/2602/2458 313/2525/2384 3597/2603/2459
f 313/2525/2384 3599/2604/2460 3534/2526/2385
f 3599/2604/2460 3535/2528/2387 3534/2526/2385
f 3600/2605/2461 3537/2606/2462 3535/2528/2387
f 3601/2607/2463 3540/2608/2464 3539/2531/2390
f 3604/2609/2465 3544/2610/2466 3543/2611/2467
f 3544/2610/2466 3604/2609/2465 3564/2567/2424
f 3546/2540/2399 1942/2538/2397 3545/2536/2395
f 3605/2612/2468 3606/2613/2469 3607/2614/2470
f 3608/2615/2471 311/2616/2472 305/2617/2473
f 307/2618/2474 311/2619/2472 3610/2620/2475
f 3585/2589/2446 3584/2588/2445 3613/2621/2476
f 3613/2621/2476 3589/2597/2453 3585/2589/2446
f 3584/2588/2445 3583/2622/2477 3611/2623/2478
f 3598/2602/2458 3597/2603/2459 3607/2614/2470
f 3601/2607/2463 312/2624/2479 40/2625/2480
f 3598/2602/2458 40/2625/2480 313/2525/2384
f 3586/2591/2447 3585/2589/2446 3589/2597/2453
f 3567/2582/2439 3566/2626/2481 3581/2583/2440
f 3563/2564/2422 3547/2541/2400 3546/2540/2399
f 258/2627/2482 3511/2628/2483 3514/2629/2484
f 3511/2628/2483 258/2627/2482 260/2630/2485
f 260/2631/2485 3616/2632/2486 3614/2633/2487
f 3619/2634/2488 3620/2635/2489 3497/2636/2490
f 3622/2637/2491 3624/2638/2492 3489/2639/2493
f 3627/2640/2494 3628/2641/2495 3479/2499/2359
f 3479/2499/2359 3483/2502/2362 3627/2640/2494
f 3474/2500/2360 3479/2499/2359 3628/2641/2495
f 3634/2642/2496 3467/2495/2355 3471/2643/2497
f 3636/2644/2498 3465/2492/2352 3467/2495/2355
f 3638/2645/2499 3461/2493/2353 3465/2492/2352
f 3640/2646/2500 3459/2647/2501 3638/2648/2499
f 3643/2649/2502 323/117/115 322/116/114
f 556/2650/2503 555/249/244 3645/2651/2504
f 3644/2652/2505 3646/2653/2506 556/2650/2503
f 321/2654/2507 42/113/111 3647/2655/2508
f 3647/2655/2508 3648/2656/2509 558/2657/2510
f 3648/2656/2509 553/2658/2511 558/2657/2510
f 3648/2656/2509 3650/2659/2512 553/2658/2511
f 3648/2656/2509 3651/2660/2513 3650/2659/2512
f 3651/2660/2513 3653/2661/2514 3652/2662/2515
f 3653/2661/2514 3656/2663/2516 3654/2664/2517
f 3656/2663/2516 3659/2665/2518 3657/2666/2519
f 3663/2667/2520 3666/2668/2521 3664/2669/2522
f 3666/2668/2521 3667/2670/2523 1857/2671/2524
f 3667/2670/2523 1859/2672/2525 1857/2671/2524
f 1859/2672/2525 3667/2670/2523 3668/2673/2526
f 3668/2673/2526 3669/2674/2527 1859/2672/2525
f 3670/2675/2528 3671/2676/2529 3672/2677/2530
f 3672/2677/2530 1860/2678/1144 3670/2675/2528
f 3671/2676/2529 3673/2679/2531 3672/2677/2530
f 3674/2680/2532 1865/1217/1150 1864/1216/1149
f 425/2681/2533 3675/2682/2534 1866/1219/1151
f 1866/1219/1151 1865/1217/1150 425/2681/2533
f 3675/2682/2534 1867/1220/1152 1866/1219/1151
f 3676/2683/2535 3677/2684/2536 1867/1220/1152
f 3677/2685/2536 1869/1221/1153 1868/2686/2537
f 3678/2687/2538 1870/1222/1154 1869/1221/1153
f 3678/2687/2538 3679/2688/2539 1870/1222/1154
f 1873/1225/1156 1872/1224/1155 3681/2689/2540
f 3681/2689/2540 3683/2690/2541 1873/1225/1156
f 1875/2691/2542 1873/1225/1156 3683/2690/2541
f 3684/2692/2543 3685/2693/2544 1875/2691/2542
f 3685/2693/2544 3687/2694/2545 3686/2695/2546
f 3687/2694/2545 1878/2696/2547 3686/2695/2546
f 3688/2697/2548 259/2698/2549 1882/2699/2550
f 3621/2700/2551 3620/2635/2489 3698/2701/2552
f 3702/2702/2553 3703/2703/2554 3625/2704/2555
f 3705/2705/2556 3706/2706/2557 3629/2707/2558
f 3706/2706/2557 3708/2708/2559 3631/2709/2560
f 3712/2710/2561 3637/2711/2562 3711/2712/2563
f 3716/2713/2564 3640/2646/2500 3714/2714/2565
f 3738/2715/2566 3739/2716/2567 3735/2717/2568
f 3738/2715/2566 3741/2718/2569 3739/2716/2567
f 3741/2718/2569 3743/2719/2570 3739/2716/2567
f 419/2720/2571 418/2721/2572 3745/2722/2573
f 3749/2723/2574 420/2724/2575 419/2720/2571
f 3756/2725/2576 3759/2726/2577 3754/2727/2578
f 3754/2727/2578 3759/2726/2577 3757/2728/2579
f 3760/2729/2580 3762/2730/2581 3761/2731/2582
f 3764/2732/2583 3680/2733/2584 3679/2688/2539
f 3702/2702/2553 3765/2734/2585 3680/2733/2584
f 3702/2702/2553 3699/2735/2586 3765/2734/2585
f 3766/2736/2587 3696/2737/2588 3682/2738/2589
f 3685/2693/2544 3684/2692/2543 3693/2739/2590
f 3702/2702/2553 3763/2740/2591 3704/2741/2592
f 3768/2742/2593 3756/2743/2576 3769/2744/2594
f 3756/2725/2576 3755/2745/2595 3769/2746/2594
f 3710/2747/2596 3709/2748/2597 3769/2744/2594
f 3755/2745/2595 3753/2749/2598 3710/2750/2596
f 3753/2749/2598 3750/2751/2599 3713/2752/2600
f 3750/2751/2599 3748/2753/2601 3715/2754/2602
f 3770/2755/2603 3720/2756/2604 3718/2757/2605
f 3718/2757/2605 3717/2758/2606 3770/2755/2603
f 3762/2730/2581 3760/2729/2580 3767/2759/2607
f 3676/2683/2535 3675/2682/2534 3771/2760/2608
f 424/177/175 3754/2727/2578 3758/178/176
f 3772/2761/2609 423/176/174 421/2762/2610
f 423/176/174 3773/2763/2611 421/2762/2610
f 423/176/174 61/175/173 3674/2680/2532
f 3674/2680/2532 3673/2679/2531 423/176/174
f 3673/2679/2531 3671/2676/2529 3773/2763/2611
f 3670/2675/2528 417/174/172 422/173/171
f 3669/2674/2527 3668/2673/2526 417/174/172
f 3776/2764/2612 3743/2719/2570 3742/2765/2613
f 3776/2764/2612 3777/2766/2614 3736/2767/2615
f 3777/2766/2614 297/105/103 3733/2768/2616
f 3778/2769/2617 297/105/103 3777/2766/2614
f 3653/2661/2514 3651/2660/2513 296/103/101
f 3649/2770/2618 320/115/113 3730/2771/2619
f 3731/2772/2620 3722/2773/2621 3737/2774/2622
f 3687/2694/2545 3685/2693/2544 3690/2775/2623
f 1857/2776/2524 1855/2777/2624 3781/2778/2625
f 3781/2778/2625 1855/2777/2624 3782/2779/2626
f 3782/2779/2626 1852/1206/1139 3786/2780/2627
f 3787/2781/2628 3788/2782/2629 3784/2783/2630
f 3787/2781/2628 3784/2783/2630 3783/2784/2631
f 1851/2785/2632 3789/2786/2633 3786/2780/2627
f 3788/2782/2629 3787/2781/2628 3790/2787/2634
f 3789/2786/2633 3791/2788/2635 3790/2787/2634
f 146/2789/2636 3793/2790/2637 3795/2791/2638
f 3802/2792/2639 3803/2793/2640 3799/2794/2641
f 3803/2795/2640 1820/2796/2642 3805/2797/2643
f 3806/2798/2644 3807/2799/2645 144/2800/2646
f 144/2800/2646 10/2801/2647 3801/2802/2648
f 3807/2799/2645 159/32/32 3808/2803/2649
f 3808/2803/2649 145/2804/2650 144/2800/2646
f 3811/2805/2651 3813/2806/2652 145/2804/2650
f 3813/2806/2652 3817/2807/2653 3814/2808/2654
f 3824/2809/2655 3819/2810/2656 3823/2811/2657
f 152/2812/2658 3824/2809/2655 3827/2813/2659
f 3827/2813/2659 3828/2814/2660 152/2812/2658
f 3828/2814/2660 3830/2815/2661 3829/2816/2662
f 3830/2815/2661 3831/2817/2663 3832/2818/2664
f 3840/2819/2665 3841/2820/2666 3837/2821/2667
f 155/29/29 12/28/28 3841/2820/2666
f 3841/2820/2666 3842/2822/2668 155/29/29
f 3816/2823/2669 3820/30/30 155/29/29
f 3834/2824/2670 3844/2825/2671 3843/2826/2672
f 3844/2825/2671 3780/2827/2673 3843/2826/2672
f 3665/2828/2674 3780/2827/2673 3844/2825/2671
f 3845/2829/2675 3661/2830/2676 3665/2831/2674
f 3845/2829/2675 3831/2832/2663 133/2833/2677
f 3657/2666/2519 3661/2830/2676 3845/2829/2675
f 3655/2834/2678 136/2835/2679 607/275/269
f 136/2835/2679 3847/2836/2680 3846/2837/2681
f 3847/2836/2680 178/2838/2682 2178/1413/1333
f 178/2838/2682 177/2839/2683 2177/2840/2684
f 2177/2840/2684 2176/1411/1331 2178/1413/1333
f 3848/2841/2685 180/38/38 178/2838/2682
f 3848/2841/2685 3851/2842/2686 180/38/38
f 3849/2843/2687 3850/2844/2688 3851/2842/2686
f 3850/2844/2688 3853/2845/2689 3851/2842/2686
f 179/39/39 180/38/38 3851/2842/2686
f 3856/2846/2690 2166/2847/2691 3854/2848/2692
f 3859/2849/2693 3861/2850/2694 2155/2851/2695
f 3861/2852/2694 3863/2853/2696 2156/2854/2697
f 2156/2855/2697 2155/2851/2695 3861/2850/2694
f 3877/2856/2698 475/210/206 3875/2857/2699
f 3883/2858/2700 477/2859/2701 3886/2860/2702
f 3899/2861/2703 3895/2862/2704 3898/2863/2705
f 3898/2863/2705 3901/2864/2706 3899/2861/2703
f 3913/2865/2707 3916/2866/2708 3917/2867/2709
f 3917/2867/2709 3914/2868/2710 3913/2865/2707
f 3919/2869/2711 3918/2870/2712 3917/2867/2709
f 3922/2871/2713 3920/2872/2714 3918/2870/2712
f 3924/2873/2715 3923/2874/2716 3922/2875/2713
f 3924/2873/2715 3849/2843/2687 3848/2841/2685
f 3925/2876/2717 3855/2877/2718 3849/2843/2687
f 3930/2878/2719 3931/2879/2720 3932/2880/2721
f 3932/2880/2721 3864/2881/2722 3930/2878/2719
f 3932/2880/2721 3865/2882/2723 3864/2881/2722
f 3931/2879/2720 3933/2883/2724 3932/2880/2721
f 3939/2884/2725 3931/2879/2720 3941/2885/2726
f 3923/2886/2716 134/2887/2727 3920/2872/2714
f 3825/2888/2728 3915/2889/2729 3914/2868/2710
f 3813/2806/2652 3811/2805/2651 3907/2890/2730
f 3946/2891/2731 3882/2892/2732 3945/2893/2733
f 471/211/204 475/210/206 3879/2894/2734
f 3847/2836/2680 136/2835/2679 135/2895/2735
f 3831/2817/2663 3828/2814/2660 133/2896/2677
f 3834/2824/2670 3832/2818/2664 3831/2817/2663
f 134/2887/2727 133/2896/2677 3828/2814/2660
f 3824/2809/2655 152/2812/2658 3820/30/30
f 1815/1174/1110 160/1173/1109 3807/2799/2645
f 1844/1197/1130 1843/1196/1129 3796/2897/2736
f 3644/2652/2505 324/119/117 43/118/116
f 3457/2898/2737 3443/2899/2738 3460/2900/2739
f 330/2901/2740 334/2478/2338 2261/2477/2337
f 570/2902/2741 569/1468/1387 2246/1471/1390
f 603/2903/2742 577/2904/2743 568/2905/2744
f 2211/2906/2745 90/2907/2746 184/2368/2234
f 2205/1435/1354 610/278/272 609/277/271
f 2197/2908/2747 2180/1415/1335 2179/1412/1332
f 2182/2909/2748 2180/1415/1335 2197/2908/2747
f 3955/2910/2749 2060/2911/2750 2059/2912/2751
f 3955/2910/2749 2056/2913/2752 2060/2911/2750
f 3958/2914/2753 3959/2915/2754 3955/2910/2749
f 3959/2915/2754 119/13/13 2056/2913/2752
f 2050/1320/1244 116/11/11 119/13/13
f 3961/2916/2755 3960/2917/2756 3962/2918/2757
f 3964/2919/2758 454/2920/2759 453/195/192
f 3966/2921/2760 3967/2922/2761 3968/2923/2762
f 3968/2924/2762 3971/2925/2763 455/192/190
f 3971/2925/2763 2037/2926/2764 2036/1309/1235
f 3973/2927/2765 3974/2928/2766 2033/1306/1232
f 2033/1306/1232 2037/2926/2764 3973/2927/2765
f 2022/2929/2767 2025/2458/2318 2028/2930/2768
f 2015/2931/2769 2014/1300/1226 2019/2932/2770
f 2003/1295/1221 3982/2933/2771 3984/2934/2772
f 3991/2935/2773 1988/2936/2774 3990/2937/2775
f 3993/2938/2776 1984/2939/1213 1988/2936/2774
f 3994/2940/2777 3995/2941/2778 1980/2942/2779
f 3995/2941/2778 3996/2943/2780 1975/2944/2781
f 3996/2943/2780 3997/2945/2782 1971/2946/2783
f 3997/2945/2782 3999/2947/2784 1966/2948/2785
f 4000/2949/2786 4001/2950/2787 1961/1276/1202
f 1958/1277/1203 1961/1276/1202 4001/2950/2787
f 4003/2951/2788 4004/2952/2789 1952/2953/2790
f 1952/2953/2790 1951/2954/2791 4003/2951/2788
f 4006/2955/2792 1949/2956/2793 4004/2952/2789
f 1949/2956/2793 4006/2955/2792 4007/2957/2794
f 4008/2958/2795 4009/2959/2796 1943/1265/1193
f 1943/1265/1193 1949/2956/2793 4008/2958/2795
f 4009/2959/2796 4011/2960/2797 1938/2961/2798
f 4012/2962/2799 1939/2963/2800 4011/2960/2797
f 1939/2963/2800 1938/2961/2798 4011/2960/2797
f 1939/2963/2800 4012/2962/2799 4013/2964/2801
f 4013/2964/2801 1936/1263/1191 1939/2963/2800
f 4017/2965/2802 1932/2966/2803 4015/2967/2804
f 1932/2966/2803 4017/2965/2802 4018/2968/2805
f 4018/2968/2805 1927/2969/2806 1932/2966/2803
f 1927/2969/2806 4018/2968/2805 4019/2970/2807
f 1918/2971/2808 1924/2972/2809 4020/2973/2810
f 4020/2973/2810 4021/2974/2811 4022/2975/2812
f 1919/2976/2813 1918/2971/2808 4020/2973/2810
f 1916/2977/2814 1915/2978/2815 1919/2976/2813
f 4025/2979/2816 4026/2980/2817 439/2981/2818
f 4025/2979/2816 439/2981/2818 438/2982/2819
f 440/185/183 439/2981/2818 4027/2983/2820
f 4028/2984/2821 440/185/183 4027/2983/2820
f 4029/2985/2822 4031/2986/2823 4028/2984/2821
f 4032/2987/2824 4028/2984/2821 4031/2986/2823
f 4031/2986/2823 4034/2988/2825 4032/2987/2824
f 4037/2989/2826 4032/2987/2824 4034/2988/2825
f 4042/2990/2827 4041/2991/2828 4040/2992/2829
f 4044/2993/2830 4045/2994/2831 4043/2995/2832
f 4044/2993/2830 4344/2996/2833 4048/2997/2834
f 4048/2997/2834 4047/2998/2835 4044/2993/2830
f 4050/2999/2836 4049/3000/2837 4048/2997/2834
f 4050/2999/2836 4052/3001/2838 4053/3002/2839
f 4053/3002/2839 4051/3003/2840 4050/2999/2836
f 4055/3004/2841 4057/3005/2842 4056/3006/2843
f 4057/3005/2842 4060/3007/2844 4058/3008/2845
f 4060/3007/2844 4063/3009/2846 4064/3010/2847
f 4065/3011/2848 4061/3012/2849 4064/3010/2847
f 4076/3013/2850 4073/3014/2851 4071/3015/2852
f 4073/3014/2851 4076/3013/2850 4077/3016/2853
f 4074/3017/2854 4073/3014/2851 4080/3018/2855
f 4085/3019/2856 4088/3020/2857 592/3021/2858
f 4089/3022/2859 4090/3023/2860 593/3024/2861
f 4090/3023/2860 4092/3025/2862 4091/3026/2863
f 4092/3025/2862 4093/3027/2864 4091/3026/2863
f 4093/3028/2864 4096/3029/2865 4094/3030/2866
f 4106/3031/2867 4107/3032/2868 4104/3033/2869
f 4109/3034/2870 4101/3035/2871 4104/3033/2869
f 4111/3036/2872 4112/3037/2873 4110/3038/2874
f 4112/3037/2873 4115/3039/2875 91/260/255
f 4116/3040/2876 4118/3041/2877 4117/3042/2878
f 4118/3041/2877 4120/3043/2879 4119/3044/2880
f 4122/3045/2881 4069/3046/2882 4074/3017/2854
f 4122/3045/2881 4120/3043/2879 4065/3047/2848
f 4120/3043/2879 4062/3048/2883 4061/3049/2849
f 4061/3049/2849 4065/3047/2848 4120/3043/2879
f 4124/3050/2884 4116/3051/2876 4125/3052/2885
f 4125/3052/2885 4059/3053/2886 4124/3050/2884
f 4049/3000/2837 4128/3054/2887 4129/3055/2888
f 4132/3056/2889 4045/2994/2831 4130/3057/2890
f 4045/2994/2831 4132/3056/2889 4133/3058/2891
f 4136/3059/2892 4038/3060/2893 4040/2992/2829
f 4136/3059/2892 4137/3061/2894 4138/3062/2895
f 4138/3062/2895 4039/3063/2896 4136/3059/2892
f 4139/3064/2897 4036/3065/2898 4138/3062/2895
f 4143/3066/2899 4145/3067/2900 4032/2987/2824
f 4033/3068/2901 4032/2987/2824 4145/3067/2900
f 4148/3069/2902 4149/3070/2903 443/182/180
f 1908/1256/1184 444/183/181 109/6/6
f 1664/3071/2904 3/4/4 109/6/6
f 4153/3072/2905 1676/3073/2906 1675/3074/2907
f 1677/1101/1040 1676/3073/2906 4155/3075/2908
f 4158/3076/2909 4159/3077/2910 1687/3078/2911
f 1693/3079/2912 1691/3080/2913 4160/3081/2914
f 4160/3082/2914 1697/3083/2915 1693/3084/2912
f 4160/3082/2914 4161/3085/2916 1697/3083/2915
f 4162/3086/2917 4163/3087/2918 1701/3088/2919
f 1706/1108/1047 1704/1107/1046 4164/3089/2920
f 4164/3089/2920 1709/3090/2921 1706/1108/1047
f 1712/3091/2922 4166/3092/2923 4167/3093/2924
f 4167/3093/2924 4168/3094/2925 4169/3095/2926
f 4170/3096/2927 4171/3097/2928 1717/1116/1055
f 1717/1116/1055 1716/1114/1053 4170/3096/2927
f 4171/3097/2928 1720/3098/2929 1719/3099/2930
f 1719/3099/2930 1717/1116/1055 4171/3097/2928
f 3951/3100/2931 3952/3101/2932 3949/3102/2933
f 3953/3103/2934 3952/3101/2932 3951/3100/2931
f 3956/3104/2935 3954/3105/2936 3953/3103/2934
f 4183/3106/2937 3957/3107/2938 3956/3104/2935
f 4185/3108/2939 4186/3109/2940 4183/3106/2937
f 4186/3109/2940 3958/2914/2753 3957/3107/2938
f 4187/3110/2941 3960/2917/2756 4186/3109/2940
f 4189/3111/2942 3962/2918/2757 3960/2917/2756
f 4190/3112/2943 4192/3113/2944 4191/3114/2945
f 4192/3113/2944 3965/3115/2946 3964/2919/2758
f 4195/3116/2947 4196/3117/2948 3965/3115/2946
f 4197/3118/2949 4199/3119/2950 3967/2922/2761
f 3967/2922/2761 3966/2921/2760 4197/3118/2949
f 4206/3120/2951 4208/3121/2952 4113/3122/2953
f 4208/3121/2952 4127/3123/2954 4114/3124/2955
f 4114/3124/2955 4127/3123/2954 4126/3125/2956
f 4209/3126/2957 4129/3055/2888 4128/3054/2887
f 4211/3127/2958 4131/3128/2959 4210/3129/2960
f 4131/3128/2959 4211/3127/2958 4212/3130/2961
f 4212/3130/2961 4132/3056/2889 4131/3128/2959
f 4213/3131/2962 4132/3056/2889 4212/3130/2961
f 4213/3131/2962 4133/3058/2891 4132/3056/2889
f 4135/3132/2963 4134/3133/2964 4133/3058/2891
f 4217/3134/2965 4218/3135/2966 4137/3136/2894
f 382/155/153 4142/3137/2967 4141/3138/2968
f 381/3139/152 4159/3077/2910 4142/3140/2967
f 4159/3077/2910 4144/3141/2969 4143/3142/2899
f 4222/3143/2970 4224/3144/2971 385/3145/2972
f 4228/3146/2973 384/157/155 4227/3147/2974
f 4226/3148/2975 4229/3149/2976 4227/3147/2974
f 4237/3150/2977 4233/3151/2978 4236/3152/2979
f 4235/3153/2980 4238/3154/2981 4236/3152/2979
f 4236/3152/2979 4238/3154/2981 4237/3150/2977
f 4239/3155/2982 4237/3150/2977 4238/3154/2981
f 4172/3156/2983 4168/3094/2925 4241/3157/2984
f 4239/3155/2982 4242/3158/2985 4173/3159/2986
f 4181/3160/2987 4242/3158/2985 4240/3161/2988
f 4243/3162/2989 4235/3153/2980 4244/3163/2990
f 4244/3163/2990 4185/3108/2939 4184/3164/2991
f 4245/3165/2992 4188/3166/2993 4185/3108/2939
f 4245/3165/2992 4246/3167/2994 4188/3166/2993
f 4246/3167/2994 4193/3168/2995 4190/3112/2943
f 4195/3116/2947 4194/3169/2996 4247/3170/2997
f 4223/3171/2998 4221/3172/2999 4195/3116/2947
f 4221/3172/2999 4248/3173/3000 4198/3174/3001
f 4249/3175/3002 4250/3176/3003 4199/3119/2950
f 4252/3177/3004 4201/3178/3005 4200/3179/3006
f 4255/3180/3007 4207/3181/3008 4205/3182/3009
f 4207/3183/3008 31/3184/3010 243/3185/3011
f 4256/3186/3012 31/3184/3010 4255/3187/3007
f 4255/3180/3007 4257/3188/3013 4256/3189/3012
f 4258/3190/3014 4257/3191/3013 4250/3176/3003
f 4250/3176/3003 4249/3175/3002 4258/3190/3014
f 4217/3134/2965 4215/3192/3015 4258/3190/3014
f 4258/3190/3014 4215/3192/3015 4257/3191/3013
f 4258/3190/3014 4248/3173/3000 4219/3193/3016
f 4215/3194/3015 4214/3195/3017 4256/3186/3012
f 4214/3195/3017 4213/3131/2962 4256/3186/3012
f 4248/3173/3000 4221/3172/2999 4219/3193/3016
f 4245/3165/2992 4244/3163/2990 4231/3196/3018
f 4231/3196/3018 4244/3163/2990 4232/3197/3019
f 4235/3153/2980 4232/3197/3019 4244/3163/2990
f 4165/3198/3020 4237/3150/2977 4239/3155/2982
f 4163/3087/2918 4162/3086/2917 4233/3151/2978
f 4162/3086/2917 4161/3085/2916 4228/3146/2973
f 4148/3069/2902 4033/3068/2901 4147/3199/3021
f 4102/3200/3022 4098/3201/3023 3976/3202/3024
f 3976/3202/3024 585/3203/3025 4102/3200/3022
f 3976/3202/3024 4259/3204/3026 3977/3205/3027
f 4260/3206/3028 4261/3207/3029 3979/3208/3030
f 4261/3207/3029 3981/3209/3031 3979/3208/3030
f 4262/3210/3032 3983/3211/3033 3981/3209/3031
f 4263/3212/3034 3984/3213/2772 3982/3214/2771
f 3989/3215/3035 3988/3216/3036 3987/3217/3037
f 3991/2935/2773 3990/2937/2775 3989/3215/3035
f 4268/3218/3038 4269/3219/3039 3992/3220/3040
f 4269/3219/3039 4271/3221/3041 4270/3222/3042
f 3995/3223/2778 3994/3224/2777 4272/3225/3043
f 3996/2943/2780 3995/2941/2778 4275/3226/3044
f 199/46/46 198/45/45 3998/3227/3045
f 198/45/45 4588/3228/3046 4000/2949/2786
f 4588/3228/3046 77/3229/3047 4000/2949/2786
f 4002/3230/3048 4001/3231/2787 4000/3232/2786
f 4002/3230/3048 4276/3233/3049 4005/3234/3050
f 4277/3235/3051 4278/3236/3052 4006/2955/2792
f 4006/2955/2792 4005/3234/3050 4277/3235/3051
f 4278/3236/3052 4007/2957/2794 4006/2955/2792
f 4281/3237/3053 4282/3238/3054 4010/3239/3055
f 4010/3239/3055 4282/3238/3054 4011/2960/2797
f 4282/3238/3054 4014/3240/3056 4012/2962/2799
f 4012/2962/2799 4011/2960/2797 4282/3238/3054
f 4284/3241/3057 4285/3242/3058 4014/3240/3056
f 4285/3242/3058 4286/3243/3059 4016/3244/3060
f 4287/3245/3061 4018/2968/2805 4017/2965/2802
f 4288/3246/3062 4019/2970/2807 4018/2968/2805
f 4295/3247/3063 4294/3248/3064 4026/2980/2817
f 4026/2980/2817 4025/2979/2816 4295/3247/3063
f 4309/3249/3065 4306/3250/3066 4308/3251/3067
f 4284/3241/3057 4283/3252/3068 4308/3251/3067
f 4283/3252/3068 4282/3238/3054 4309/3249/3065
f 4282/3238/3054 4281/3237/3053 4311/3253/3069
f 4281/3237/3053 4280/3254/3070 4312/3255/3071
f 4317/3256/3072 4316/3257/3073 4315/3258/3074
f 4318/3259/3075 4319/3260/3076 4317/3256/3072
f 4319/3260/3076 4320/3261/3077 4316/3257/3073
f 4321/3262/3078 4323/3263/3079 4313/3264/3080
f 4310/3265/3081 4313/3264/3080 4323/3263/3079
f 4326/3266/3082 4307/3267/3083 4306/3250/3066
f 4326/3266/3082 4328/3268/3084 4307/3267/3083
f 4305/3269/3085 4304/3270/3086 4307/3267/3083
f 4303/3271/3087 4302/3272/3088 4305/3269/3085
f 4339/3273/3089 4298/3274/3090 4337/3275/3091
f 4341/3276/3092 646/3277/3093 4298/3274/3090
f 646/3277/3093 4341/3276/3092 4029/2985/2822
f 4031/2986/2823 4029/2985/2822 4341/3276/3092
f 4046/3278/3094 4041/2991/2828 4042/2990/2827
f 4046/3278/3094 4338/3279/3095 4344/2996/2833
f 4344/2996/2833 4044/2993/2830 4046/3278/3094
f 4050/2999/2836 4048/2997/2834 4344/2996/2833
f 4346/3280/3096 4330/3281/3097 4347/3282/3098
f 4347/3282/3098 4055/3004/2841 4346/3280/3096
f 4347/3282/3098 4348/3283/3099 4057/3005/2842
f 4060/3007/2844 4057/3005/2842 4348/3283/3099
f 4348/3283/3099 4349/3284/3100 4060/3007/2844
f 4063/3009/2846 4060/3007/2844 4349/3284/3100
f 4354/3285/3101 4355/3286/3102 4072/3287/3103
f 4356/3288/3104 4077/3016/2853 4076/3013/2850
f 4271/3221/3041 4269/3219/3039 4078/3289/3105
f 4269/3219/3039 4268/3218/3038 4081/3290/3106
f 4264/3291/3107 4090/3023/2860 4089/3022/2859
f 4356/3288/3104 200/3292/3108 4273/3293/3109
f 4273/3293/3109 200/3292/3108 4274/3294/3110
f 22/3295/47 4318/3259/3075 197/3296/3111
f 4355/3286/3102 4354/3285/3101 4318/3259/3075
f 4354/3285/3101 4353/3297/3112 4318/3259/3075
f 4353/3297/3112 4351/3298/3113 4319/3260/3076
f 4319/3260/3076 4318/3259/3075 4353/3297/3112
f 4346/3280/3096 4331/3299/3114 4330/3281/3097
f 4345/3300/3115 4332/3301/3116 4331/3299/3114
f 4336/3302/3117 4334/3303/3118 4345/3300/3115
f 4338/3279/3095 4335/3304/3119 4336/3302/3117
f 4343/3305/3120 4339/3273/3089 4338/3279/3095
f 198/45/45 197/3306/3111 4588/3228/3046
f 4092/3025/2862 4090/3023/2860 4262/3307/3032
f 4260/3206/3028 4097/3308/3121 4093/3028/2864
f 1727/3309/3122 1726/3310/3123 3947/3311/3124
f 2047/1315/1239 459/194/191 2043/1316/1240
f 1983/1285/1211 288/98/96 1986/1286/1212
f 76/3312/225 1954/1274/227 1956/1275/1201
f 1951/2954/2791 1954/232/227 514/231/226
f 442/3313/3125 441/1257/1185 1911/3314/3126
f 4357/3315/3127 1827/1185/1117 1830/1184/1120
f 4357/3315/3127 1580/3316/3128 4358/3317/3129
f 4358/3317/3129 1827/1185/1117 4357/3315/3127
f 4358/3318/3129 1824/1182/1118 1827/1181/1117
f 1819/1177/1113 1823/3319/3130 4361/3320/3131
f 1569/3321/3132 1812/3322/3133 4365/3323/3134
f 1564/1008/957 1563/1007/956 4367/3324/3135
f 1566/1010/958 1564/1009/957 4366/3325/3136
f 4364/3326/3137 1570/1016/963 1569/3321/3132
f 1573/3327/3138 1571/1017/964 1570/1016/963
f 4362/3328/3139 1574/3329/3140 1573/3327/3138
f 1579/3330/3141 1576/3331/3142 1577/3332/3143
f 4357/3315/3127 1581/1018/965 1580/3316/3128
f 4368/3333/3144 1582/1021/968 1581/1018/965
f 4368/3333/3144 280/95/93 36/94/92
f 229/3334/3145 228/3335/3146 1795/3336/3147
f 339/3337/3148 341/128/126 1753/3338/1079
f 350/3339/3149 349/136/134 1741/1130/1069
f 1695/1105/1044 1703/3340/3150 4374/3341/3151
f 4375/3342/3152 4376/3343/3153 1696/3344/3154
f 4379/3345/3155 4380/3346/3156 1690/3347/3157
f 4380/3346/3156 1683/3348/3158 1682/3349/3159
f 4388/3350/3160 390/3351/3161 52/3352/258
f 4388/3350/3160 52/3352/258 599/3353/257
f 4389/3354/3162 4386/3355/3163 4392/3356/3164
f 4386/3355/3163 4384/3357/3165 4393/3358/3166
f 4394/3359/3167 4382/3360/3168 4381/3361/3169
f 4412/3362/3170 4407/3363/3171 4411/3364/3172
f 4411/3364/3172 4410/3365/3173 4413/3366/3174
f 4415/3367/3175 4412/3362/3170 4414/3368/3176
f 4416/3369/3177 4415/3367/3175 4414/3368/3176
f 4421/3370/3178 4418/3371/3179 4420/3372/3180
f 4420/3372/3180 4422/3373/3181 4421/3370/3178
f 4423/3374/3182 4421/3370/3178 4422/3373/3181
f 4422/3373/3181 4424/3375/3183 4423/3374/3182
f 4425/3376/3184 4423/3374/3182 4424/3375/3183
f 4433/3377/3185 4434/3378/3186 4435/3379/3187
f 4435/3379/3187 4425/3376/3184 4433/3377/3185
f 4423/3374/3182 4425/3376/3184 4435/3379/3187
f 4436/3380/3188 4437/3381/3189 4423/3374/3182
f 4437/3381/3189 4438/3382/3190 4421/3370/3178
f 4438/3382/3190 4439/3383/3191 4419/3384/3192
f 4439/3383/3191 4440/3385/3193 4419/3384/3192
f 4442/3386/3194 4444/3387/3195 4407/3363/3171
f 4407/3363/3171 4412/3362/3170 4442/3386/3194
f 4408/3388/3196 4407/3363/3171 4444/3387/3195
f 4446/3389/3197 4448/3390/3198 4447/3391/3199
f 4448/3390/3198 4449/3392/3200 4403/3393/3201
f 4453/3394/3202 4451/3395/3203 4452/3396/3204
f 4448/3390/3198 4446/3389/3197 4452/3396/3204
f 4446/3389/3197 4445/3397/3205 4454/3398/3206
f 4445/3397/3205 4443/3399/3207 4456/3400/3208
f 4458/3401/3209 4456/3400/3208 4443/3399/3207
f 4439/3383/3191 4438/3382/3190 1443/3402/3210
f 4461/914/871 1443/3402/3210 4438/3382/3190
f 4438/3382/3190 4462/3403/3211 4461/914/871
f 4438/3382/3190 4437/3381/3189 4462/3403/3211
f 4437/3381/3189 4436/3380/3188 4463/3404/3212
f 4464/3405/3213 4465/3406/3214 4463/3404/3212
f 4434/3378/3186 4433/3377/3185 4432/3407/3215
f 4432/3407/3215 4466/3408/3216 4434/3378/3186
f 4431/3409/3217 1475/946/897 1471/3410/3218
f 1471/3410/3218 1469/938/889 4431/3409/3217
f 1450/917/874 1449/916/873 1448/3411/3219
f 4469/3412/3220 4470/3413/3221 4456/3400/3208
f 4470/3413/3221 4471/3414/3222 4457/3415/3223
f 4475/3416/3224 4476/3417/3225 53/3418/3226
f 4395/3419/3227 4397/3420/3228 396/3421/3229
f 4477/3422/3230 4390/3423/3231 4392/3356/3164
f 4476/3417/3225 4475/3416/3224 4391/3424/3232
f 1437/3425/3233 4480/3426/3234 1436/907/864
f 4471/3414/3222 4470/3413/3221 1438/909/866
f 4472/3427/3235 4471/3414/3222 4480/3426/3234
f 4479/3428/3236 4474/3429/3237 4472/3427/3235
f 1434/3430/3238 389/3431/3239 388/3432/3240
f 4479/3428/3236 4475/3416/3224 4474/3429/3237
f 4428/3433/3241 1479/952/902 1478/951/901
f 4481/3434/3242 1480/3435/3243 1479/952/902
f 4482/3436/3244 4484/3437/3245 4483/3438/3246
f 4485/3439/3247 4487/3440/3248 4486/3441/3249
f 4491/3442/3250 1486/3443/904 4490/3444/3251
f 4497/3445/3252 4498/3446/3253 4373/3447/3254
f 4376/3343/3153 4375/3342/3152 4500/3448/3255
f 4503/3449/3256 4504/3450/3257 4378/3451/3258
f 4378/3451/3258 4376/3343/3153 4503/3449/3256
f 4504/3450/3257 114/3452/3259 4380/3346/3156
f 4505/3453/3260 4506/3454/3261 4504/3450/3257
f 4530/3455/3262 4507/3456/3263 4506/3454/3261
f 4508/3457/3264 4410/3365/3173 4409/3458/3265
f 4508/3457/3264 4507/3456/3263 4509/3459/3266
f 4413/3366/3174 4509/3459/3266 4510/3460/3267
f 4511/3461/3268 4510/3460/3267 4512/3462/3269
f 4512/3462/3269 4417/3463/3270 4511/3461/3268
f 4514/3464/3271 4420/3372/3180 4417/3463/3270
f 4518/3465/3272 4424/3375/3183 4422/3373/3181
f 4517/3466/3273 4485/3439/3247 4482/3436/3244
f 4523/3467/3274 4528/3468/3275 4525/3469/3276
f 4526/3470/3277 4502/3471/3278 4501/3472/3279
f 4528/3468/3275 4530/3455/3262 4529/3473/3280
f 4529/3473/3280 4530/3455/3262 4505/3453/3260
f 4531/3474/3281 4509/3459/3266 4507/3456/3263
f 208/3475/3282 4510/3460/3267 4509/3459/3266
f 4520/3476/3283 207/3477/3284 4522/3478/3285
f 4515/3479/3286 4514/3464/3271 4513/3480/3287
f 4384/3357/3165 4383/3481/3288 4394/3359/3167
f 4381/3361/3169 113/9/9 115/8/8
f 1667/3482/3289 599/262/257 1663/1097/1036
f 1664/3071/2904 108/3483/3290 3/4/4
f 401/1071/162 400/1054/161 1621/1055/997
f 56/162/160 254/77/75 1617/3484/994
f 407/168/166 406/167/165 1604/3485/3291
f 1563/1007/956 1562/3486/3292 367/3487/3293
f 1458/926/881 1455/3488/3294 1454/3489/877
f 1416/3490/3295 651/3491/3296 1414/3492/3297
f 1416/3490/3295 1155/693/661 1154/692/660
f 1154/692/660 1153/3493/3298 1416/3490/3295
f 650/302/296 649/301/295 4534/3494/3299
f 4535/3495/3300 411/3496/169 1406/3497/3301
f 4535/3498/3300 4536/3499/3302 411/171/169
f 4536/3499/3302 250/3500/3303 411/171/169
f 1081/630/605 1080/629/604 4538/3501/3304
f 4536/3502/3302 4535/3503/3300 4538/3501/3304
f 1082/632/607 1081/630/605 4538/3501/3304
f 4535/3503/3300 4539/3504/3305 4538/3501/3304
f 4538/3501/3304 4539/3504/3305 1082/632/607
f 1083/633/608 1082/632/607 4539/3504/3305
f 1406/3497/3301 413/3505/168 412/882/843
f 1067/621/596 1066/620/595 1363/838/802
f 1058/3506/3306 4541/3507/3307 1350/3508/795
f 1350/831/795 1353/833/797 1058/3509/3306
f 4541/3507/3307 4542/3510/3308 1348/3511/3309
f 4541/3507/3307 4543/3512/3310 4542/3510/3308
f 1340/822/786 1344/3513/3311 4544/3514/3312
f 4547/3515/3313 4548/3516/3314 1333/819/783
f 4548/3516/3314 4550/3517/3315 1330/815/779
f 1330/815/779 1333/819/783 4548/3516/3314
f 4550/3517/3315 1327/3518/3316 1326/816/780
f 1326/816/780 1330/815/779 4550/3517/3315
f 4550/3517/3315 4552/3519/3317 1327/3518/3316
f 4552/3519/3317 4553/3520/3318 1327/3518/3316
f 1327/3518/3316 4553/3520/3318 1321/3521/3319
f 4554/3522/3320 1322/3523/3321 4553/3524/3318
f 1322/3523/3321 1321/3525/3319 4553/3524/3318
f 4559/3526/3322 1309/805/769 1312/3527/3323
f 1307/800/764 1306/799/763 4559/3526/3322
f 1304/3528/3324 1302/801/765 1307/800/764
f 1303/3529/3325 1302/3530/765 1304/3531/3324
f 4564/3532/3326 1295/3533/3327 1303/3529/3325
f 4564/3532/3326 4565/3534/3328 4566/3535/3329
f 1292/3536/3330 1291/3537/3331 1296/3538/3332
f 4570/3539/3333 357/3540/3334 4571/3541/3335
f 4573/3542/3336 4574/3543/3337 357/3540/3334
f 1024/581/557 1023/580/555 500/3544/3338
f 1029/3545/3339 1027/584/559 4572/3546/3340
f 4570/3539/3333 4575/3547/3341 1029/3545/3339
f 4575/3547/3341 1033/589/564 1029/3545/3339
f 4563/3548/3342 1035/592/567 4576/3549/3343
f 1035/592/567 4563/3548/3342 4562/3550/3344
f 4562/3550/3344 1037/594/569 1035/592/567
f 1037/594/569 4562/3550/3344 1039/3551/3345
f 1039/3551/3345 1038/595/570 1037/594/569
f 4558/3552/3346 1042/3553/576 4577/3554/3347
f 4580/3555/3348 4552/3519/3317 4551/3556/3349
f 4551/3556/3349 1048/609/584 4580/3555/3348
f 1049/610/585 4551/3556/3349 4549/3557/3350
f 4549/3557/3350 1050/3558/586 1049/610/585
f 4549/3557/3350 4581/3559/3351 1050/3558/586
f 4545/3560/3352 4543/3512/3310 1053/3561/3353
f 4546/3562/3354 4545/3560/3352 1052/3563/3355
f 4560/3564/3356 1307/800/764 4559/3526/3322
f 4567/3565/3357 4566/3535/3329 4565/3534/3328
f 1192/3566/3358 1186/718/686 1185/717/685
f 1180/3567/3359 1181/716/684 1183/715/683
f 4582/3568/3360 431/3569/3361 4583/3570/3362
f 4584/3571/3363 4585/3572/3364 1173/710/678
f 1174/3573/3365 1173/710/678 4585/3572/3364
f 1174/3573/3365 435/3574/3366 1169/707/675
f 4587/3575/3367 436/3576/3368 435/3574/3366
f 4587/3577/3367 1143/3578/3369 436/3579/3368
f 4587/3575/3367 4586/3580/3370 1141/3581/3371
f 1136/683/651 1138/3582/3372 1140/3583/3373
f 1153/3493/3298 652/690/658 651/3491/3296
f 1108/667/636 1107/662/631 1106/665/634
f 1077/863/826 244/71/71 1078/3584/3374
f 831/424/412 830/423/411 828/422/410
f 690/432/419 512/3585/223 511/334/328
f 566/3586/3375 166/3587/3376 165/1420/1339
f 57/3588/3377 318/1205/1138 408/3589/3378
f 4001/3231/2787 4002/3230/3048 514/231/226
f 4000/3232/2786 77/3590/3047 4002/3230/3048
f 76/230/225 4001/3231/2787 514/231/226
f 114/3452/3259 5/7/7 113/9/9 1683/3348/3158
f 2/1445/1364 107/1452/1371 2229/1454/1373
f 4/697/665 111/700/668 1154/692/660
f 4/697/665 112/696/664 111/700/668
f 118/1323/1247 119/13/13 6/10/10 117/12/12
f 130/1673/1581 131/23/23 8/22/22 128/21/21
f 7/17/17 123/19/19 124/3591/3379
f 8/22/22 129/2140/2016 127/20/20
f 142/3592/3380 143/3593/3381 10/2801/2647 141/3594/3382
f 8/22/22 132/24/24 3083/2136/2012
f 9/3595/3383 133/2833/2677 134/3596/2727
f 9/3595/3383 135/2895/2735 136/2835/2679
f 139/25/25 137/27/27 138/1608/1519
f 141/3594/3382 10/2801/2647 144/2800/2646 145/2804/2650
f 148/1954/1841 149/1968/1855 11/3597/1908 147/1951/1838
f 10/2801/2647 143/3593/3381 146/2789/2636
f 147/1951/1838 11/3597/1908 150/1947/1834 151/1952/1839
f 153/3598/3384 12/28/28 3820/30/30 152/2812/2658
f 157/3599/3385 158/31/31 13/33/33 156/3600/3386
f 12/28/28 153/3598/3384 154/3601/3387
f 170/3602/3388 167/1461/1380 168/2375/2241 169/1463/1382
f 13/33/33 159/32/32 160/1173/1109
f 162/1421/1340 2201/1429/1348 163/1434/1353
f 162/1421/1340 164/1436/1355 161/3603/3389
f 14/3604/3390 165/1420/1339 166/3587/3376
f 171/34/34 15/36/36 173/1439/1358 174/1438/1357
f 161/3603/3389 15/36/36 175/269/263 176/268/262
f 15/36/36 172/35/35 175/269/263
f 164/1436/1355 173/1439/1358 15/36/36 161/3603/3389
f 185/3605/3391 18/3606/3392 183/2369/2235 184/2368/2234
f 16/37/37 177/2839/2683 178/2838/2682
f 16/37/37 179/39/39 177/2839/2683
f 17/1425/1344 181/1427/1346 182/3607/3393
f 191/3608/3394 192/43/43 20/40/40 190/42/42
f 18/3606/3392 185/3605/3391 186/3609/3395
f 19/2198/2074 187/2137/2013 188/2199/2075
f 19/2198/2074 189/3610/3396 187/2137/2013
f 193/41/41 20/40/40 194/1676/1584 195/1675/1583
f 20/40/40 21/44/44 194/1676/1584
f 213/1638/1549 214/1637/1548 25/59/59 212/58/58
f 21/44/44 196/1674/1582 194/1676/1584
f 22/47/47 197/3306/3111 198/45/45
f 22/3611/47 199/3612/46 200/3292/3108
f 23/3613/3397 206/3614/3398 207/3477/3284
f 215/57/57 25/59/59 216/3615/3399 217/3616/3400
f 219/3617/3401 216/3615/3399 25/59/59 218/3618/3402
f 229/3334/3145 27/65/65 227/67/67 228/3335/3146
f 26/60/60 220/62/62 221/2282/2157
f 224/63/63 27/65/65 229/3334/3145 230/3619/3403
f 235/3620/1738 236/3621/3404 29/2309/2182 234/1739/1641
f 28/68/68 231/70/70 232/3622/3405
f 237/3623/203 29/2309/2182 236/3621/3404 68/3624/201
f 238/2058/1936 239/2057/1935 29/2309/2182 237/3623/203
f 249/3625/3406 32/74/73 246/76/74 248/3626/3407
f 30/3627/3408 240/3628/3409 241/3629/3410
f 30/3627/3408 242/1358/1281 240/3628/3409
f 32/73/73 247/3630/3411 244/71/71
f 250/3500/3303 247/3631/3411 32/74/73 249/3625/3406
f 257/876/839 256/80/78 33/79/77 255/78/76
f 251/81/79 252/1041/987 33/79/77
f 33/79/77 253/3632/992 254/77/75
f 272/3633/3412 274/3634/816 270/3635/3413 271/3636/3414
f 259/3637/2549 260/2631/2485 258/3638/2482
f 261/83/81 262/2066/1943 34/84/82
f 34/84/82 263/2081/1957 264/85/83
f 269/86/84 267/88/86 268/1973/1860
f 278/92/90 35/91/89 276/90/88 277/864/827
f 274/3634/816 272/3633/3412 273/3639/817
f 271/3636/3414 275/89/87 35/91/89 272/3633/3412
f 291/3640/3415 292/3641/3416 37/97/95 290/100/98
f 36/94/92 281/96/94 282/3642/3417
f 294/101/99 37/97/95 292/3641/3416 293/1505/1424
f 304/3643/3418 305/2617/2473 39/112/110 303/111/109
f 38/106/104 301/109/107 302/3644/3419
f 308/3645/3420 309/3646/3421 39/112/110 307/3647/2474
f 306/110/108 39/112/110 309/3646/3421 310/3648/3422
f 307/3647/2474 39/112/110 305/2617/2473 311/2616/2472
f 300/108/106 314/1212/1145 41/3649/3423 301/109/107
f 40/2625/2480 312/2624/2479 313/2525/2384
f 316/1202/1135 317/3650/3424 41/3649/3423 315/1203/1136
f 318/1205/1138 315/1203/1136 41/3649/3423 58/165/163
f 332/3651/3425 45/125/123 330/2901/2740 331/3652/3426
f 41/3649/3423 314/1212/1145 58/165/163
f 43/118/116 323/117/115 325/3653/3427
f 44/120/118 328/2263/2138 329/2267/2142
f 330/2901/2740 45/125/123 333/3654/3428 334/2478/2338
f 336/123/121 45/125/123 332/3651/3425 335/3655/3429
f 338/3656/3430 333/3654/3428 45/125/123 337/124/122
f 347/134/132 46/131/129 346/133/131 348/1361/1284
f 340/126/124 341/128/126 339/3337/3148
f 351/139/137 47/137/135 349/136/134 350/3339/3149
f 354/138/136 47/137/135 353/140/138 1523/972/921
f 361/141/139 356/143/141 359/3657/3431 360/3658/3432
f 362/3659/3433 359/3657/3431 356/143/141 358/3660/3434
f 366/3661/3435 367/3487/3293 48/144/142 365/3662/3436
f 365/3662/3436 48/144/142 364/146/144 368/3663/3437
f 371/150/148 49/149/147 372/1402/1322 373/1399/1319
f 375/3664/3438 372/1402/1322 49/149/147 374/3665/3439
f 374/3665/3439 49/149/147 370/148/146 376/3666/3440
f 381/154/152 51/156/154 383/158/156 4160/3082/2914
f 50/151/149 378/153/151 379/2161/2037
f 50/151/149 379/2161/2037 380/2163/2039
f 386/3667/3441 52/3352/258 388/3432/3240 389/3431/3239
f 51/156/154 382/155/153 385/3145/2972
f 52/3352/258 386/3667/3441 387/3668/1020
f 393/3669/3442 394/3670/3443 54/3671/3444 392/3672/3445
f 52/3352/258 390/3351/3161 388/3432/3240
f 53/3418/3226 4476/3417/3225 391/3673/3446
f 395/3674/3447 54/3671/3444 394/3670/3443 396/3421/3229
f 54/3671/3444 395/3674/3447 392/3672/3445
f 408/3589/3378 318/1205/1138 58/165/163 407/168/166
f 55/159/157 399/3675/3448 398/160/158
f 56/162/160 401/164/162 402/1072/1011
f 57/3588/3377 403/1199/1132 318/1205/1138
f 249/3625/3406 59/169/167 411/171/169 250/3500/3303
f 59/169/167 409/3676/3449 410/3677/3450
f 418/2721/2572 60/172/170 417/174/172 3774/3678/3451
f 59/169/167 412/3679/843 413/170/168
f 414/1037/983 416/1039/985 415/871/834
f 419/2720/2571 420/2724/2575 60/172/170 418/2721/2572
f 422/173/171 60/172/170 420/2724/2575 421/2762/2610
f 435/3574/3366 436/3576/3368 63/3680/3452 434/3681/3453
f 61/175/173 3758/178/176 425/2681/2533
f 62/179/177 428/181/179 429/3682/3454
f 431/3569/3361 432/3683/3455 430/684/652
f 434/3681/3453 63/3680/3452 433/703/671 437/702/670
f 440/185/183 64/184/182 438/2982/2819 439/2981/2818
f 438/2982/2819 64/184/182 441/1257/1185 442/3313/3125
f 448/3684/3456 65/188/186 446/187/185 447/1325/1249
f 451/3685/3457 65/3686/186 449/1545/1461 450/1544/1460
f 65/3686/186 448/3687/3456 449/1545/1461
f 445/3688/184 65/3689/186 451/3690/3457 452/3691/3458
f 455/3692/190 66/193/189 453/195/192 454/2920/2759
f 459/194/191 66/193/189 457/3693/188 458/3694/3459
f 469/205/202 68/204/201 467/3695/1744 468/3696/1747
f 67/196/193 461/199/196 462/1694/1600
f 475/210/206 69/209/205 473/3697/3460 474/3698/3461
f 68/3699/201 236/3700/3404 470/1843/1740
f 69/3701/205 227/3702/67 472/1393/1314
f 473/3703/3460 69/3701/205 472/1393/1314 476/1396/1317
f 480/3704/3462 477/2859/2701 70/3705/3463 479/3706/3464
f 70/3705/3463 478/3707/3465 479/3706/3464
f 483/3708/3466 71/212/207 482/214/209 485/3709/3467
f 71/212/207 483/3708/3466 484/1784/1684
f 488/216/211 72/215/210 486/3710/3468 487/2294/2169
f 492/3711/1992 72/215/210 490/3712/3469 491/3713/1988
f 493/3714/1991 486/3710/3468 72/215/210 492/3711/1992
f 490/3712/3469 72/215/210 489/217/212 494/1787/1687
f 495/218/213 73/220/215 497/3715/3470 498/3716/3471
f 500/3544/3338 73/220/215 496/219/214 499/3717/3472
f 497/3715/3470 73/220/215 501/3718/3473 502/3719/3474
f 503/3720/3475 501/3718/3473 73/220/215 500/3544/3338
f 512/228/223 75/225/220 510/227/222 511/3721/328
f 507/224/219 508/941/892 74/223/218
f 522/236/231 79/238/233 520/2204/2080 521/2205/2081
f 77/3590/3047 4588/3722/3046 515/3723/3476
f 78/233/228 517/235/230 518/3724/3477
f 78/233/228 518/3724/3477 519/3725/3478
f 534/2362/2228 532/3726/3479 81/3727/3480 531/2364/2230
f 79/238/233 523/2201/2077 520/2204/2080
f 79/238/233 525/2170/2046 526/2172/2048
f 80/239/234 527/241/236 528/1449/1368
f 80/239/234 528/1449/1368 530/3728/3481
f 81/3727/3480 532/3726/3479 533/3729/3482
f 536/3730/3483 537/2426/2290 82/3731/3484 535/3732/3485
f 539/3733/2008 82/3731/3484 537/2426/2290 538/2425/2289
f 541/2135/2011 82/3734/3484 539/2132/2008 540/2131/2007
f 535/3735/3485 82/3734/3484 542/3736/3486 543/3737/3487
f 542/3736/3486 82/3734/3484 541/2135/2011 544/2134/2010
f 549/248/243 84/245/240 545/244/239 547/243/238
f 83/242/237 545/244/239 546/3738/2345
f 546/3738/2345 548/3739/3488 83/242/237
f 545/244/239 84/245/240 550/247/242 546/3738/2345
f 85/250/245 552/3740/3489 84/245/240 549/248/243
f 552/3740/3489 85/250/245 553/2658/2511 554/271/265
f 557/3741/3490 85/250/245 555/249/244 556/2650/2503
f 558/2657/2510 553/2658/2511 85/250/245 557/3741/3490
f 560/3742/3491 561/1410/1330 86/251/246 559/254/249
f 567/3743/3492 566/3586/3375 87/3744/3493 565/3745/3494
f 572/3746/3495 573/3747/3496 88/3748/3497 571/3749/3498
f 88/3748/3497 569/1468/1387 570/2902/2741
f 571/3749/3498 88/3748/3497 570/2902/2741 574/3750/3499
f 568/2905/2744 88/3748/3497 573/3747/3496 575/2487/2347
f 185/3605/3391 90/2907/2746 582/2346/2212 186/3609/3395
f 89/255/250 576/257/252 577/2904/2743
f 577/2904/2743 579/3751/3500 89/255/250
f 90/2907/2746 580/1443/1362 581/3752/3501
f 4117/3042/2878 589/3753/253 91/3754/255 588/3755/3502
f 90/2907/2746 185/3605/3391 184/2368/2234
f 2690/1796/1696 584/3756/3503 583/3757/3504
f 587/3758/3505 585/3203/3025 586/3759/3506
f 592/3021/2858 4088/3020/2857 4095/3760/3507 591/3761/3508
f 594/1084/1024 596/3762/256 52/3763/258 387/1080/1020
f 4088/3020/2857 593/3024/2861 4095/3760/3507
f 599/262/257 596/261/256 597/1092/1031 598/3764/3509
f 603/2903/2742 601/264/259 93/266/260 175/269/263
f 608/1416/1336 604/270/264 94/272/266 607/275/269
f 613/3765/3510 95/276/270 611/1664/1573 612/3766/3511
f 615/1660/1569 611/1664/1573 95/276/270 614/279/273
f 618/3767/3512 96/282/276 616/281/275 617/2400/2266
f 619/280/274 96/282/276 620/284/278 621/2395/2261
f 625/1474/1393 97/285/279 623/287/281 624/1479/1398
f 640/783/747 636/781/745 99/295/289 639/297/291
f 97/285/279 625/1474/1393 626/3768/3513
f 98/288/282 629/290/284 630/425/413
f 99/295/289 636/781/745 637/780/744
f 642/3769/3514 100/300/294 641/3770/1905 2735/3771/3515
f 643/3772/3516 644/298/292 100/300/294 642/3769/3514
f 653/3773/3517 102/303/297 651/3491/3296 652/690/658
f 101/3774/3518 646/3277/3093 647/3775/3519
f 102/303/297 648/3776/3520 649/301/295
f 102/303/297 650/302/296 651/3491/3296
f 662/311/305 658/319/313 656/320/314 657/306/300
f 102/303/297 653/3773/3517 654/3777/3521
f 656/320/314 676/322/316 655/325/319
f 658/319/313 662/311/305 668/314/308 670/316/310
f 656/320/314 655/325/319 657/306/300
f 655/325/319 659/307/301 660/304/298
f 655/325/319 660/304/298 657/306/300
f 657/306/300 661/305/299 662/311/305
f 509/226/221 75/225/220 661/305/299
f 665/310/304 668/314/308 662/311/305
f 667/313/307 669/315/309 668/314/308
f 656/320/314 672/318/312 673/3778/3522 674/321/315
f 669/315/309 671/317/311 670/316/310
f 675/443/430 676/322/316 674/321/315 673/3778/3522
f 511/3721/328 510/227/222 683/329/323 684/331/325
f 677/323/317 655/325/319 676/322/316
f 678/324/318 680/327/321 679/326/320
f 679/326/320 681/328/322 663/308/302
f 680/327/321 682/330/324 681/328/322
f 681/328/322 682/330/324 683/329/323
f 686/332/326 511/334/328 684/3779/325 685/453/440
f 511/334/328 688/333/327 689/336/330 690/432/419
f 685/453/440 687/452/439 686/332/326
f 692/335/329 688/333/327 686/332/326 691/458/445
f 692/335/329 693/461/448 694/3780/417 695/3781/416
f 697/3782/3523 694/3780/417 693/461/448 696/462/449
f 698/3783/3524 697/3784/3523 699/3785/451 700/3786/3525
f 703/3787/3526 700/3786/3525 701/3788/3527 702/3789/3528
f 700/3786/3525 699/3785/451 701/3788/3527
f 707/468/455 708/467/454 706/3790/414 705/3791/3529
f 701/3788/3527 705/3791/3529 702/3789/3528
f 628/3792/283 706/3790/414 708/467/454 709/3793/3530
f 709/3793/3530 708/467/454 710/466/453 711/3794/3531
f 715/3795/3532 711/3796/3531 713/3797/3533 714/3798/3534
f 711/3794/3531 710/466/453 712/3799/3535
f 712/3800/3535 713/3797/3533 711/3796/3531
f 716/3801/579 717/3802/3536 713/3797/3533 712/3800/3535
f 714/3798/3534 713/3797/3533 717/3802/3536 718/339/333
f 722/3803/3537 723/469/456 720/337/331 719/3804/3538
f 718/339/333 717/3802/3536 719/3804/3538
f 719/3804/3538 720/337/331 718/339/333
f 728/420/408 725/341/335 726/342/336 727/344/338
f 723/469/456 724/340/334 720/337/331
f 724/340/334 726/342/336 725/341/335
f 727/344/338 729/343/337 730/345/339 731/3805/3539
f 734/346/340 730/345/339 729/343/337 733/475/462
f 726/342/336 732/471/458 729/343/337
f 730/345/339 285/347/341 284/415/403
f 740/477/464 744/3806/3540 743/3807/3541 739/348/342
f 734/346/340 735/350/344 285/347/341
f 734/346/340 739/348/342 735/350/344
f 739/348/342 734/346/340 736/478/465
f 736/478/465 740/477/464 739/348/342
f 739/348/342 743/3807/3541 741/349/343
f 204/52/52 746/353/347 747/3808/3542 748/3809/469
f 743/3807/3541 745/3810/3543 741/349/343
f 741/349/343 747/3808/3542 746/353/347
f 761/3811/3544 762/362/356 760/364/358 759/487/473
f 749/3812/3545 205/400/53 204/3813/52
f 204/3813/52 750/486/471 749/3812/3545
f 751/356/350 205/400/53 749/3812/3545
f 749/3812/3545 752/354/348 751/356/350
f 751/356/350 753/355/349 756/358/352
f 756/358/352 754/401/389 751/356/350
f 759/487/473 760/364/358 758/361/355
f 763/363/357 762/362/356 764/365/359 765/367/361
f 783/390/381 780/389/374 781/385/378 782/384/377
f 765/367/361 799/517/500 763/363/357
f 765/367/361 766/366/360 767/369/363
f 769/370/364 770/371/365 771/395/367
f 777/379/372 778/382/375 775/377/370
f 786/3814/3546 785/3815/3547 397/161/159 398/160/158
f 784/383/376 785/3815/3547 782/384/377
f 785/3815/3547 786/3814/3546 787/3816/3548
f 785/3815/3547 784/383/376 397/161/159
f 789/3817/3549 787/3816/3548 786/3814/3546 788/3818/3550
f 790/504/489 791/3819/3551 787/3816/3548 789/3817/3549
f 787/3816/3548 782/384/377 785/3815/3547
f 782/384/377 787/3816/3548 791/3819/3551 783/390/381
f 792/507/492 793/387/379 783/390/381 791/3819/3551
f 771/374/367 773/375/368 795/3820/382 796/3821/383
f 793/387/379 778/386/375 783/390/381
f 794/388/380 775/392/370 778/386/375
f 768/368/362 798/397/386 799/517/500 765/367/361
f 795/3820/382 773/375/368 775/377/370
f 771/395/367 953/394/384 769/370/364
f 763/363/357 799/517/500 800/516/499 801/3822/3552
f 760/364/358 763/363/357 801/3822/3552 758/361/355
f 801/3822/3552 800/516/499 802/3823/3553
f 801/3822/3552 803/398/387 758/361/355
f 754/401/389 756/358/352 803/398/387 804/520/503
f 801/3822/3552 802/3823/3553 803/398/387
f 803/398/387 757/359/353 758/361/355
f 806/399/388 754/401/389 804/520/503 805/3824/3554
f 808/403/391 742/351/345 203/51/51 807/402/390
f 810/404/392 808/403/391 807/402/390 809/3825/504
f 738/405/393 810/404/392 809/3825/504 811/406/394
f 808/403/391 810/404/392 737/352/346
f 816/531/511 814/408/396 812/407/395 815/530/510
f 738/405/393 812/407/395 286/409/397
f 811/406/394 813/3826/3555 812/407/395
f 286/409/397 814/408/396 817/410/398 285/347/341
f 814/408/396 816/531/511 817/410/398
f 285/347/341 817/410/398 819/412/400 284/415/403
f 821/3827/3556 822/3828/3557 820/413/401 819/412/400
f 819/412/400 820/413/401 284/415/403
f 287/414/402 820/413/401 822/3828/3557 823/418/406
f 824/538/518 825/416/404 823/418/406 822/3828/3557
f 731/3805/3539 287/414/402 823/418/406 826/417/405
f 728/420/408 731/3805/3539 826/417/405 827/419/407
f 828/422/410 829/421/409 721/338/332 827/419/407
f 731/3805/3539 728/420/408 727/344/338
f 827/419/407 721/338/332 725/341/335
f 714/3798/3534 829/421/409 830/423/411 715/3795/3532
f 718/339/333 721/338/332 829/421/409 714/3798/3534
f 711/3796/3531 715/3795/3532 629/290/284 709/3829/3530
f 629/290/284 715/3795/3532 630/425/413
f 629/290/284 628/289/283 709/3829/3530
f 98/288/282 832/545/525 833/3830/3558 631/3831/3559
f 715/3795/3532 830/423/411 630/425/413
f 630/425/413 831/424/412 832/545/525
f 630/425/413 832/545/525 98/288/282
f 705/3791/3529 706/3790/414 834/3832/3560 702/3789/3528
f 631/3833/3559 834/3832/3560 706/3790/414
f 631/3831/3559 706/426/414 98/288/282
f 834/3832/3560 703/3787/3526 702/3789/3528
f 836/548/528 837/549/529 700/3786/3525 835/3834/3561
f 703/3787/3526 834/3832/3560 835/3834/3561
f 835/3834/3561 700/3786/3525 703/3787/3526
f 698/3783/3524 838/427/415 694/429/417 697/3784/3523
f 837/549/529 698/3783/3524 700/3786/3525
f 695/3781/416 839/431/418 689/336/330 692/335/329
f 839/431/418 840/3835/531 690/432/419
f 666/312/306 844/437/424 845/556/533 846/438/425
f 690/432/419 841/3836/420 512/3585/223
f 841/433/420 989/434/421 513/229/224
f 664/309/303 75/225/220 513/229/224
f 664/309/303 661/305/299 75/225/220
f 665/310/304 664/309/303 844/437/424 666/312/306
f 669/315/309 667/313/307 1001/562/539 848/439/426
f 846/438/425 847/560/537 667/313/307
f 847/560/537 1001/562/539 667/313/307
f 671/317/311 851/442/429 852/3837/3562 853/3838/3563
f 849/440/427 848/439/426 850/441/428
f 672/318/312 671/317/311 853/3838/3563 673/3778/3522
f 853/3838/3563 854/3839/3564 673/3778/3522
f 857/3840/3565 675/443/430 854/3839/3564 856/570/547
f 854/3839/3564 853/3838/3563 855/3841/3566
f 854/3839/3564 675/443/430 673/3778/3522
f 676/322/316 859/445/432 860/447/434 677/323/317
f 675/443/430 857/3840/3565 858/444/431
f 864/448/435 680/327/321 862/3842/3567 863/3843/3568
f 860/447/434 678/324/318 677/323/317
f 861/446/433 862/3842/3567 680/327/321
f 685/453/440 684/3779/325 867/3844/438 868/3845/3569
f 863/3843/3568 865/449/436 864/448/435
f 864/448/435 866/450/437 682/330/324
f 682/330/324 867/451/438 684/331/325
f 867/3844/438 866/582/437 868/3845/3569
f 870/454/441 685/453/440 868/3845/3569 869/455/442
f 691/458/445 687/452/439 870/454/441 871/456/443
f 691/458/445 873/459/446 693/461/448 692/335/329
f 691/458/445 686/332/326 687/452/439
f 691/458/445 872/457/444 873/459/446
f 875/460/447 873/459/446 872/457/444 874/590/565
f 877/465/452 696/462/449 875/460/447 876/591/566
f 696/462/449 877/465/452 699/464/451 697/3782/3523
f 881/596/571 882/600/575 707/468/455 704/597/572
f 878/463/450 701/3846/3527 699/464/451
f 878/463/450 704/3847/572 701/3846/3527
f 704/3847/572 878/463/450 879/3848/3570
f 704/597/572 705/3791/3529 701/3788/3527
f 704/597/572 879/3849/3570 880/598/573
f 704/597/572 707/468/455 705/3791/3529
f 883/599/574 884/3850/3571 712/3799/3535 710/466/453
f 882/600/575 710/466/453 707/468/455
f 886/605/580 716/604/579 885/3851/3572 884/3850/3571
f 884/3850/3571 885/3851/3572 712/3799/3535
f 885/3851/3572 716/604/579 712/3799/3535
f 717/3802/3536 716/3801/579 887/3852/582 719/3804/3538
f 892/470/457 723/469/456 722/3803/3537 891/3853/3573
f 887/607/582 716/604/579 888/603/578
f 887/3852/582 889/3854/3574 719/3804/3538
f 889/3854/3574 722/3803/3537 719/3804/3538
f 889/3854/3574 887/3852/582 890/3855/581
f 722/3803/3537 889/3854/3574 891/3853/3573
f 732/471/458 895/473/460 733/475/462 729/343/337
f 891/3853/3573 893/3856/3575 892/470/457
f 732/471/458 726/342/336 724/340/334
f 732/471/458 894/472/459 895/473/460
f 733/475/462 897/474/461 736/478/465 734/346/340
f 894/472/459 896/613/588 895/473/460
f 902/3857/3576 900/479/466 899/616/591 901/3858/3577
f 895/473/460 898/476/463 897/474/461
f 740/477/464 900/479/466 744/3806/3540
f 903/3859/3578 744/3806/3540 900/479/466 902/3857/3576
f 744/3806/3540 903/3859/3578 745/3810/3543 743/3807/3541
f 905/3860/3579 745/3810/3543 903/3859/3578 904/3861/3580
f 747/3808/3542 741/349/343 745/3810/3543
f 748/3809/469 747/3808/3542 745/3810/3543 905/3860/3579
f 907/480/467 905/3862/3579 904/3863/3580 906/619/594
f 748/482/469 909/481/468 750/484/471 204/3864/52
f 905/3862/3579 907/480/467 748/482/469
f 906/619/594 908/618/593 907/480/467
f 911/483/470 909/481/468 907/480/467 910/622/597
f 912/3865/3581 913/3866/472 750/484/471 911/483/470
f 752/354/348 749/3812/3545 750/486/471
f 762/362/356 761/3811/3544 918/489/475 764/365/359
f 913/485/472 755/357/351 753/355/349
f 755/357/351 913/485/472 914/3867/3582
f 755/357/351 914/3867/3582 915/360/354
f 916/623/598 759/487/473 915/360/354
f 759/487/473 916/623/598 917/850/814
f 917/850/814 761/3811/3544 759/487/473
f 761/3811/3544 917/850/814 1074/3868/3583
f 1074/3868/3583 918/489/475 761/3811/3544
f 922/3869/477 766/366/360 920/490/476 921/625/600
f 764/365/359 920/490/476 766/366/360
f 766/366/360 922/3869/477 770/371/365 767/369/363
f 780/3870/374 779/3871/373 928/494/480 781/497/378
f 923/492/478 924/627/602 925/493/479
f 925/493/479 774/376/369 772/373/366
f 925/493/479 776/378/371 774/376/369
f 776/378/371 925/493/479 927/3872/606
f 927/3872/606 779/380/373 776/378/371
f 779/3871/373 927/631/606 928/494/480
f 932/498/483 784/383/376 930/3873/482 931/499/484
f 930/496/482 784/3874/376 781/497/378
f 55/159/157 397/161/159 932/498/483 933/500/485
f 399/3675/3448 55/159/157 933/500/485 935/3875/612
f 933/500/485 934/3876/610 935/3875/612
f 1086/644/611 937/643/616 936/502/487 935/3875/612
f 935/3875/612 936/502/487 399/3675/3448
f 938/3877/3584 939/501/486 936/502/487 937/643/616
f 936/502/487 398/160/158 399/3675/3448
f 940/3878/3585 788/3818/3550 939/501/486 938/3877/3584
f 398/160/158 939/501/486 788/3818/3550 786/3814/3546
f 942/650/622 940/3878/3585 938/3877/3584 941/3879/3586
f 943/649/621 944/3880/3587 940/3878/3585 942/650/622
f 788/3818/3550 940/3878/3585 944/3880/3587 789/3817/3549
f 789/3817/3549 944/3880/3587 945/505/490 790/504/489
f 944/3880/3587 943/649/621 945/505/490
f 429/3682/3454 428/181/179 792/507/492 947/506/491
f 790/504/489 946/503/488 947/506/491
f 790/504/489 792/507/492 791/3819/3551
f 793/387/379 792/507/492 428/181/179 427/180/178
f 949/3881/3588 429/3682/3454 947/506/491 948/654/626
f 950/3882/3589 62/179/177 429/3682/3454 949/3881/3588
f 795/391/382 427/180/178 954/511/496 796/513/383
f 62/179/177 950/3882/3589 951/510/495
f 951/510/495 426/509/494 62/179/177
f 426/509/494 952/508/493 953/512/384
f 426/509/494 796/513/383 954/511/496
f 426/509/494 954/511/496 62/179/177
f 813/3826/3555 811/406/394 961/523/505 963/3883/507
f 957/661/630 958/663/632 800/516/499
f 958/663/632 802/3823/3553 800/516/499
f 802/3823/3553 958/663/632 959/518/501
f 802/3823/3553 959/518/501 804/520/503
f 804/520/503 960/519/502 805/3824/3554
f 804/520/503 803/398/387 802/3823/3553
f 805/3824/3554 960/519/502 806/399/388
f 806/399/388 960/519/502 809/521/504
f 807/522/390 205/400/53 806/399/388
f 960/524/502 811/406/394 809/3825/504
f 966/528/508 813/3826/3555 963/3883/507 965/732/699
f 962/526/506 964/3884/3590 963/527/507
f 968/532/512 816/531/511 815/530/510 967/529/509
f 813/3826/3555 966/528/508 815/530/510
f 815/530/510 812/407/395 813/3826/3555
f 819/412/400 818/411/399 973/3885/3591 821/3827/3556
f 969/533/513 817/410/398 816/531/511
f 969/533/513 968/532/512 970/534/514
f 969/533/513 818/411/399 817/410/398
f 971/535/515 970/534/514 972/742/709
f 971/535/515 973/3885/3591 818/411/399
f 822/3828/3557 821/3827/3556 975/3886/3592 824/538/518
f 973/3885/3591 971/535/515 974/744/711
f 973/3885/3591 975/3886/3592 821/3827/3556
f 977/749/716 978/536/516 824/538/518 975/3886/3592
f 824/538/518 976/537/517 825/416/404
f 981/539/519 979/540/520 978/536/516 980/541/521
f 978/536/516 979/540/520 976/537/517
f 832/545/525 984/544/524 985/3887/526 833/3830/3558
f 982/542/522 983/543/523 981/539/519
f 983/543/523 832/545/525 831/424/412
f 983/543/523 982/542/522 984/544/524
f 833/3888/3558 985/546/526 836/548/528 835/3834/3561
f 987/550/530 837/549/529 986/547/527 201/50/50
f 991/760/725 992/759/724 842/435/422 990/3889/722
f 838/427/415 698/3783/3524 837/549/529
f 987/550/530 988/49/49 840/551/531
f 840/551/531 839/430/418 838/427/415
f 841/3836/420 690/432/419 840/3835/531
f 989/434/421 990/3889/722 842/435/422
f 664/309/303 842/435/422 992/759/724 843/436/423
f 993/3890/3593 994/555/532 843/436/423 992/759/724
f 995/935/887 996/557/534 845/556/533 994/555/532
f 843/436/423 845/556/533 844/437/424
f 999/3891/727 847/560/537 996/557/534 998/559/536
f 846/438/425 845/556/533 996/557/534 847/560/537
f 851/442/429 1004/565/542 1006/567/544 852/3837/3562
f 847/560/537 999/3891/727 1000/561/538
f 1002/563/540 850/441/428 848/439/426
f 1004/565/542 1003/564/541 1005/566/543
f 1004/565/542 851/442/429 850/441/428
f 853/3838/3563 852/3837/3562 1007/3892/3594 855/3841/3566
f 852/3837/3562 1006/567/544 1007/3892/3594
f 856/570/547 1010/572/549 1012/3893/3595 857/3840/3565
f 855/3841/3566 1007/3892/3594 1008/568/545
f 855/3841/3566 1008/568/545 856/570/547
f 856/570/547 1009/569/546 1010/572/549
f 856/570/547 854/3839/3564 855/3841/3566
f 1010/572/549 1011/571/548 1012/3893/3595
f 857/3840/3565 1012/3893/3595 1013/573/550 858/444/431
f 1015/575/552 1016/3894/3596 858/444/431 1014/574/551
f 859/445/432 1016/3894/3596 1015/575/552 860/447/434
f 1016/3894/3596 859/445/432 858/444/431
f 863/3843/3568 862/3842/3567 1018/3895/3597 1019/3896/3598
f 861/446/433 1017/576/553 1018/3895/3597
f 861/446/433 1018/3895/3597 862/3842/3567
f 865/449/436 863/3843/3568 1019/3896/3598 1021/579/556
f 1019/3896/3598 1020/779/743 1021/579/556
f 866/450/437 865/449/436 1021/579/556 1023/578/555
f 1020/779/743 1022/577/554 1021/579/556
f 868/3845/3569 1024/581/557 1026/585/560 869/455/442
f 1024/581/557 868/3845/3569 866/582/437
f 1024/581/557 1025/583/558 1026/585/560
f 1028/586/561 869/455/442 1026/585/560 1027/584/559
f 1030/3897/3599 1028/586/561 1027/584/559 1029/3545/3339
f 1031/587/562 871/456/443 1028/586/561 1030/3897/3599
f 1032/588/563 1031/587/562 1030/3897/3599 1033/589/564
f 874/590/565 872/457/444 1031/587/562 1032/588/563
f 879/3848/3570 1038/595/570 1039/3551/3345 880/3898/573
f 874/590/565 1033/589/564 1034/3899/3600
f 1034/3899/3600 875/460/447 874/590/565
f 876/591/566 875/460/447 1034/3899/3600
f 1038/595/570 879/3848/3570 878/463/450
f 884/3850/3571 883/599/574 1043/602/577 886/605/580
f 880/3898/573 1039/3551/3345 1040/3900/3601
f 1040/3900/3601 881/3901/571 880/3898/573
f 881/3901/571 1040/3900/3601 1041/3902/3602
f 1041/3903/3602 882/600/575 881/596/571
f 882/600/575 1041/3903/3602 1042/601/576
f 1042/601/576 883/599/574 882/600/575
f 886/605/580 1043/602/577 1044/3904/3603 888/603/578
f 1046/3905/3604 1047/608/583 890/606/581 888/603/578
f 888/603/578 1044/3904/3603 1045/3906/3605
f 889/3854/3574 890/3855/581 1047/3907/583 891/3853/3573
f 891/3853/3573 1047/3907/583 1049/3908/585 893/3856/3575
f 1054/614/589 896/613/588 1052/3563/3355 1053/3561/3353
f 893/3856/3575 1049/3908/585 1050/611/586
f 893/3856/3575 1050/611/586 894/472/459
f 894/472/459 892/470/457 893/3856/3575
f 1051/612/587 1052/3563/3355 896/613/588
f 898/476/463 895/473/460 896/613/588
f 1057/3909/3606 899/616/591 1055/615/590 1056/3910/3607
f 896/613/588 1054/614/589 898/476/463
f 1053/3561/3353 1055/615/590 1054/614/589
f 1060/3911/3608 901/3858/3577 1057/3909/3606 1059/3912/3609
f 899/616/591 1057/3909/3606 901/3858/3577
f 1056/3910/3607 1058/3506/3306 1057/3909/3606
f 1061/3913/3610 902/3857/3576 901/3858/3577 1060/3911/3608
f 902/3857/3576 1061/3913/3610 904/3861/3580 903/3859/3578
f 1063/617/592 1061/3914/3610 1060/3915/3608 1062/3916/3611
f 906/619/594 904/3863/3580 1061/3914/3610 1063/617/592
f 908/618/593 1063/617/592 1062/3916/3611 1064/3917/3612
f 1066/620/595 908/618/593 1064/3917/3612 1065/835/799
f 911/483/470 910/622/597 1068/3918/3613 912/3865/3581
f 908/618/593 1066/620/595 910/622/597
f 910/622/597 907/480/467 908/618/593
f 910/622/597 1067/621/596 1068/3918/3613
f 913/3866/472 912/3865/3581 1069/3919/3614 914/3920/3582
f 1068/3918/3613 1069/3919/3614 912/3865/3581
f 1071/845/809 1072/3921/599 914/3920/3582 1069/3919/3614
f 1069/3919/3614 1068/3918/3613 1070/3922/3615
f 279/3923/91 921/625/600 919/488/474 1075/3924/3616
f 1072/624/599 915/360/354 914/3867/3582
f 1073/3925/812 917/850/814 916/623/598
f 918/489/475 1074/3868/3583 1075/3924/3616
f 1075/3924/3616 919/488/474 918/489/475
f 921/3926/600 1076/3927/3617 923/492/478 922/491/477
f 923/492/478 1076/3927/3617 1077/863/826 924/627/602
f 1078/3584/3374 926/626/601 924/627/602 1077/863/826
f 925/493/479 926/626/601 1079/3928/603 927/3872/606
f 929/495/481 1083/633/608 931/635/484 930/496/482
f 1081/630/605 928/494/480 927/631/606
f 1081/630/605 1082/632/607 929/495/481
f 654/3777/3521 1086/638/611 934/637/610 648/3776/3520
f 1083/633/608 1084/3929/3618 1085/634/609
f 1085/634/609 648/3776/3520 934/637/610
f 1092/3930/3619 941/3879/3586 1091/646/618 1090/645/617
f 1087/640/613 1088/642/615 1086/644/611
f 1088/642/615 1089/641/614 1090/645/617
f 937/643/616 1091/646/618 941/3879/3586 938/3877/3584
f 941/3879/3586 1092/3930/3619 1094/647/619 942/650/622
f 1090/645/617 1093/3931/3620 1092/3930/3619
f 945/505/490 1096/651/623 1097/652/624 946/503/488
f 1096/651/623 945/505/490 943/649/621
f 1096/651/623 1095/648/620 1097/652/624
f 1099/3932/3621 949/3881/3588 948/654/626 1098/653/625
f 950/3882/3589 1100/3933/3622 1101/3934/3623 951/510/495
f 949/3881/3588 1099/3932/3621 1100/3933/3622
f 1100/3933/3622 950/3882/3589 949/3881/3588
f 951/510/495 1101/3934/3623 1102/3935/3624 952/508/493
f 952/508/493 1102/3935/3624 1103/655/627 953/512/384
f 1106/665/634 1107/662/631 957/661/630 1105/660/629
f 1111/731/698 964/3884/3590 1110/3936/3625 1108/667/636
f 1107/662/631 1108/667/636 1109/664/633
f 1107/662/631 959/518/501 958/663/632
f 1109/664/633 1110/3936/3625 962/526/506
f 962/526/506 1110/3936/3625 964/3884/3590
f 1109/664/633 1108/667/636 1110/3936/3625
f 964/3884/3590 1111/731/698 965/3937/699
f 965/3937/699 963/527/507 964/3884/3590
f 1115/673/641 1114/672/640 1105/3938/629 1104/658/628
f 1113/3939/637 1106/665/634 1105/660/629
f 1105/3938/629 1114/672/640 1113/668/637
f 1100/3933/3622 1116/671/639 1115/673/641 1101/3934/3623
f 1115/673/641 1102/3935/3624 1101/3934/3623
f 1119/725/693 1116/671/639 1117/675/643 1118/726/694
f 1117/675/643 1120/674/642 1121/677/645 1122/676/644
f 1116/671/639 1119/725/693 1114/672/640
f 1099/3932/3621 1120/674/642 1116/671/639 1100/3933/3622
f 1098/653/625 1121/677/645 1120/674/642 1099/3932/3621
f 1125/3940/3626 1122/676/644 1123/678/646 1124/3941/3627
f 1118/726/694 1117/675/643 1122/676/644 1125/3940/3626
f 1123/678/646 1121/677/645 1126/679/647 1127/3942/3628
f 1124/3941/3627 1123/678/646 1127/3942/3628 1128/3943/3629
f 1121/677/645 1098/653/625 1097/652/624
f 1127/3942/3628 1126/679/647 1129/680/648 1130/682/650
f 1132/723/691 1133/3944/3630 1130/682/650 1131/681/649
f 1126/679/647 1097/652/624 1095/648/620
f 1128/3943/3629 1127/3942/3628 1130/682/650 1133/3944/3630
f 1135/685/653 1131/681/649 1129/680/648 1134/3945/3631
f 1092/3930/3619 1134/3945/3631 1129/680/648 1094/647/619
f 1129/680/648 1095/648/620 1094/647/619
f 1131/681/649 1135/685/653 430/684/652 1132/723/691
f 1137/3946/3632 1136/683/651 1135/685/653 1134/3945/3631
f 1093/3931/3620 1137/3946/3632 1134/3945/3631 1092/3930/3619
f 1137/3946/3632 1138/3582/3372 1136/683/651
f 1137/3946/3632 1093/3931/3620 1139/3947/3633 1138/3582/3372
f 1089/641/614 1139/3947/3633 1093/3931/3620 1090/645/617
f 1139/3948/3633 1089/3949/614 1142/3950/3634 1143/3578/3369
f 1139/3948/3633 1141/3951/3371 1138/3952/3372
f 1144/3953/3635 1142/3950/3634 1089/3949/614 1087/3954/613
f 1086/638/611 654/3777/3521 1144/3953/3635 1087/3954/613
f 1143/3578/3369 1142/3950/3634 1145/688/656 1146/687/655
f 1147/689/657 1145/688/656 1142/3950/3634 1144/3953/3635
f 653/3773/3517 1147/689/657 1144/3953/3635 654/3777/3521
f 1147/689/657 1148/686/654 1145/688/656
f 1151/691/659 1149/3955/3636 1148/686/654 1147/689/657
f 1147/689/657 653/3773/3517 652/690/658
f 1148/686/654 1149/3955/3636 1150/3956/3637
f 1154/692/660 1152/3957/3638 652/690/658 1153/3493/3298
f 1151/691/659 652/690/658 1152/3957/3638
f 1152/3957/3638 1160/900/857 1151/691/659
f 4/697/665 1154/692/660 1156/694/662 1157/695/663
f 1154/692/660 111/700/668 1152/3957/3638
f 1163/3958/863 1164/3959/865 1150/3956/3637 1162/3960/3639
f 1157/695/663 1158/698/666 112/696/664
f 111/700/668 1159/699/667 1160/900/857
f 1161/902/859 1149/3955/3636 1160/900/857
f 1160/900/857 1152/3957/3638 111/700/668
f 1149/3955/3636 1161/902/859 1162/3960/3639
f 1162/3960/3639 1150/3956/3637 1149/3955/3636
f 1149/3955/3636 1151/691/659 1160/900/857
f 433/703/671 63/3680/3452 1165/912/869 1167/701/669
f 1164/3959/865 63/3961/3452 1150/3956/3637
f 1164/908/865 1165/912/869 63/3680/3452
f 1165/912/869 1166/910/867 1167/701/669
f 437/702/670 1167/701/669 1166/910/867 1440/704/672
f 437/702/670 1168/705/673 1169/707/675 434/3681/3453
f 1175/915/872 1176/709/677 1171/708/676 1172/706/674
f 1171/708/676 1173/710/678 1174/3573/3365
f 1188/720/688 1187/719/687 1190/722/690 1191/724/692
f 1176/709/677 1177/713/681 1173/710/678
f 1179/712/680 1180/3962/3359 1177/713/681
f 1179/712/680 1181/3963/684 1180/3962/3359
f 1181/3963/684 1179/712/680 1182/3964/3640
f 1184/714/682 1451/3965/875 1185/717/685
f 1184/714/682 1186/718/686 1183/715/683
f 432/3683/3455 1188/720/688 1191/724/692 430/684/652
f 1133/3944/3630 1132/723/691 1191/724/692 1190/722/690
f 1128/3943/3629 1133/3944/3630 1190/722/690 1189/721/689
f 1192/3566/3358 1193/3966/3641 1189/721/689 1186/718/686
f 1189/721/689 1187/719/687 1186/718/686
f 1128/3943/3629 1189/721/689 1193/3966/3641 1124/3941/3627
f 1194/3967/3642 1195/3968/3643 1193/3966/3641 1192/3566/3358
f 1124/3941/3627 1193/3966/3641 1195/3968/3643 1125/3940/3626
f 1125/3940/3626 1195/3968/3643 1196/727/695 1118/726/694
f 1195/3968/3643 1194/3967/3642 1196/727/695
f 1197/729/697 1198/728/696 1119/725/693 1196/727/695
f 1201/3969/884 965/3970/699 1111/3971/698 1200/927/882
f 1198/728/696 1114/672/640 1119/725/693
f 1198/728/696 1113/668/637 1114/672/640
f 1197/729/697 1199/669/638 1113/668/637
f 1112/730/635 1199/669/638 1200/927/882
f 1200/927/882 1111/3971/698 1112/730/635
f 1204/3972/3644 1205/736/703 1203/734/701 1202/733/700
f 1203/734/701 966/528/508 965/732/699
f 1203/734/701 967/529/509 966/528/508
f 967/529/509 1203/734/701 1205/736/703 968/532/512
f 1206/737/704 1207/735/702 1205/736/703 1204/3972/3644
f 968/532/512 1207/735/702 1208/738/705 970/534/514
f 1465/3973/885 1209/739/706 1208/738/705 1206/737/704
f 1212/3974/723 1213/743/710 972/742/709 1211/741/708
f 1209/739/706 1465/3973/885 1210/740/707
f 1209/739/706 972/742/709 970/534/514
f 972/742/709 974/744/711 971/535/515
f 1215/747/714 973/3885/3591 974/744/711 1214/745/712
f 973/3885/3591 1215/747/714 977/749/716 975/3886/3592
f 1219/750/717 978/536/516 977/749/716 1217/748/715
f 1215/747/714 1216/746/713 977/749/716
f 984/544/524 982/542/522 1219/750/717 1220/752/719
f 984/544/524 1220/752/719 202/754/48 985/3887/526
f 988/756/49 1222/755/721 989/553/421 840/552/531
f 1221/753/720 988/756/49 202/754/48
f 1221/753/720 1218/751/718 1222/755/721
f 988/49/49 987/550/530 201/50/50
f 991/3975/725 990/757/722 1223/3976/3645 1214/745/712
f 1222/755/721 1223/3976/3645 990/757/722
f 1213/743/710 1212/3974/723 991/3975/725 1214/745/712
f 992/759/724 1212/758/723 1211/3977/708 993/3890/3593
f 1210/936/707 995/935/887 994/555/532 993/3890/3593
f 993/3890/3593 1211/3977/708 1210/936/707
f 1224/3978/3646 1225/3979/3647 997/3980/535 995/3981/887
f 995/935/887 997/558/535 996/557/534
f 998/763/536 997/3980/535 1225/3979/3647 1226/761/726
f 1227/945/896 1228/3982/3648 999/762/727 1226/761/726
f 1000/561/538 1228/3983/3648 1229/3984/900 1001/562/539
f 1228/3983/3648 1000/561/538 999/3891/727
f 1001/562/539 1229/3984/900 1230/765/729 1002/563/540
f 1232/3985/3649 1233/766/730 1003/3986/541 1231/3987/728
f 1005/566/543 1233/3988/730 1235/3989/732 1236/3990/3650
f 1233/3988/730 1005/566/543 1003/564/541
f 1233/766/730 1232/3985/3649 1234/767/731
f 1006/567/544 1005/566/543 1236/3990/3650 1007/3892/3594
f 1236/3990/3650 1237/3991/3651 1007/3892/3594
f 1008/568/545 1241/769/733 1011/571/548 1009/569/546
f 1237/3991/3651 1236/3990/3650 1238/3992/3652
f 1237/3991/3651 1008/568/545 1007/3892/3594
f 1008/568/545 1237/3991/3651 1239/956/906
f 1008/568/545 1239/956/906 1241/769/733
f 1239/956/906 1240/3993/3653 1241/769/733
f 1243/3994/3654 1244/771/735 1011/571/548 1242/770/734
f 1241/769/733 1240/3993/3653 1242/770/734
f 1246/962/912 1247/3995/3655 1014/574/551 1245/772/736
f 1244/771/735 1012/3893/3595 1011/571/548
f 1244/771/735 1243/3994/3654 1245/772/736
f 1244/771/735 1013/573/550 1012/3893/3595
f 1015/575/552 1247/3995/3655 1248/773/737 1017/576/553
f 1247/3995/3655 1015/575/552 1014/574/551
f 1247/3995/3655 1246/962/912 1248/773/737
f 1017/576/553 1248/773/737 1250/775/739 1018/3895/3597
f 1251/777/741 1252/776/740 1250/775/739 1249/774/738
f 1018/3895/3597 1250/775/739 1252/776/740 1019/3896/3598
f 1019/3896/3598 1252/776/740 1253/778/742 1020/779/743
f 1254/3996/3656 1022/577/554 1253/778/742 1251/777/741
f 501/3997/3473 503/3998/3475 1022/577/554 1254/3996/3656
f 1256/3999/3657 1254/3996/3656 1251/777/741 1255/4000/3658
f 503/3998/3475 1023/578/555 1022/577/554
f 502/4001/3474 501/3997/3473 1254/3996/3656 1256/3999/3657
f 1258/4002/3659 1256/3999/3657 1255/4000/3658 1257/965/915
f 1259/4003/746 502/4001/3474 1256/3999/3657 1258/4002/3659
f 1260/4004/3660 637/4005/744 1259/4003/746 1258/4002/3659
f 497/3715/3470 502/3719/3474 1259/782/746 636/781/745
f 498/3716/3471 497/3715/3470 636/781/745 1261/785/749
f 636/781/745 640/783/747 1261/785/749
f 1263/4006/3661 498/3716/3471 1261/785/749 1262/784/748
f 1265/4007/3662 1263/4006/3661 1262/784/748 1264/971/920
f 496/219/214 495/218/213 1263/4006/3661 1266/974/923
f 1263/4006/3661 495/218/213 498/3716/3471
f 1263/4006/3661 1265/4007/3662 1266/974/923
f 1268/787/751 496/219/214 1266/974/923 1267/973/922
f 362/3659/3433 1268/787/751 1267/973/922 1270/976/925
f 358/3660/3434 1269/786/750 1268/787/751 362/3659/3433
f 359/3657/3431 362/3659/3433 1270/976/925 1272/790/754
f 1270/976/925 1271/788/752 1272/790/754
f 360/3658/3432 359/3657/3431 1272/790/754 1273/789/753
f 1276/4008/3663 360/3658/3432 1273/789/753 1275/981/930
f 1271/788/752 1274/979/928 1273/789/753
f 1283/4009/3664 355/142/140 1280/793/757 1282/795/759
f 360/3658/3432 1276/4008/3663 1277/4010/3665
f 1277/4010/3665 361/141/139 360/3658/3432
f 1277/4010/3665 1278/791/755 361/141/139
f 1286/796/760 1283/4009/3664 1282/795/759 1285/989/938
f 1283/4009/3664 1284/4011/3666 355/142/140
f 1283/4009/3664 1286/796/760 1287/798/762 1288/4012/3667
f 1287/798/762 1290/797/761 1291/3537/3331 1292/3536/3330
f 1286/796/760 1289/993/942 1290/797/761
f 1291/3537/3331 1290/797/761 1294/4013/3668 1296/3538/3332
f 1290/797/761 1293/4014/3669 1294/4013/3668
f 1297/4015/3670 1298/4016/3671 1296/3538/3332 1294/4013/3668
f 1295/3533/3327 1296/3538/3332 1298/4016/3671 1299/4017/944
f 1312/3527/3323 1311/804/768 1314/807/771 1315/808/772
f 1299/4017/944 1300/4018/3672 1295/3533/3327
f 1299/4017/944 1298/4016/3671 1301/4019/945
f 1300/4018/3672 1302/3530/765 1303/3529/3325
f 1302/801/765 1300/4020/3672 1305/998/947
f 1306/799/763 1302/801/765 1308/802/766
f 1308/802/766 1309/805/769 1306/799/763
f 1311/804/768 1312/3527/3323 1309/805/769
f 1318/809/773 1315/808/772 1314/807/771 1317/4021/3673
f 1315/808/772 1316/810/774 1312/3527/3323
f 1316/810/774 1320/811/775 1321/3525/3319 1322/3523/3321
f 1318/809/773 1319/1002/951 1320/811/775
f 1324/814/778 1321/3525/3319 1320/811/775 1323/812/776
f 1324/4022/778 1325/4023/777 1326/816/780 1327/3518/3316
f 1329/817/781 1326/816/780 1325/4023/777 1328/4024/954
f 1335/820/784 1332/818/782 1329/817/781 1334/4025/3674
f 1328/4024/954 1331/4026/955 1329/817/781
f 1339/823/787 1336/821/785 1335/820/784 1338/824/788
f 1335/820/784 1337/1012/960 1338/824/788
f 1342/827/791 1340/822/786 1339/823/787 1341/825/789
f 1340/822/786 1342/827/791 1343/4027/3675 1344/3513/3311
f 1346/4028/792 1343/4027/3675 1342/827/791 1345/826/790
f 1343/4029/3675 1346/4030/792 1347/4031/794 1348/3511/3309
f 1353/833/797 1355/834/798 1356/836/800 1357/4032/3676
f 1346/828/792 1351/4033/3677 1349/829/793
f 1352/832/796 1349/829/793 1354/4034/3678
f 1358/4035/3679 1359/4036/3680 1355/834/798 1352/832/796
f 1356/836/800 1355/834/798 1359/4036/3680 1360/837/801
f 1065/835/799 1362/839/803 1363/838/802 1066/620/595
f 1360/837/801 1359/4036/3680 1361/1020/967
f 1360/837/801 1362/839/803 1065/835/799
f 1070/3922/3615 1363/838/802 1365/840/804 1366/843/807
f 1362/839/803 1360/837/801 1364/1019/966
f 1070/3922/3615 1067/621/596 1363/838/802
f 1368/1023/970 1369/841/805 1366/843/807 1365/840/804
f 1366/843/807 1367/842/806 1070/3922/3615
f 1370/1022/969 1371/844/808 1367/842/806 1369/841/805
f 916/4037/598 1071/845/809 1371/844/808 1073/848/812
f 1074/3868/3583 1374/849/813 1375/852/815 273/854/817
f 1373/851/811 917/850/814 1073/3925/812
f 1374/849/813 1074/3868/3583 917/850/814
f 279/93/91 273/3639/817 272/3633/3412 35/91/89
f 273/854/817 1075/3924/3616 1074/3868/3583
f 273/854/817 279/3923/91 1075/3924/3616
f 1376/1025/972 1375/4038/815 1374/4039/813 1373/847/811
f 270/4040/3413 274/4041/816 1377/4042/3681 1378/4043/3682
f 1375/4038/815 1376/1025/972 274/4041/816
f 1376/1025/972 1373/847/811 1372/846/810
f 1376/1025/972 1377/4042/3681 274/4041/816
f 271/3636/3414 270/3635/3413 1378/4044/3682 1379/4045/3683
f 275/89/87 271/3636/3414 1380/4046/3684 1381/4047/3685
f 1379/4045/3683 1380/4046/3684 271/3636/3414
f 276/90/88 275/89/87 1381/4047/3685 1383/859/822
f 1381/4047/3685 1382/857/820 1383/859/822
f 1385/861/824 276/90/88 1383/859/822 1384/858/821
f 277/864/827 276/90/88 1387/862/825 1388/4048/829
f 1385/861/824 1387/862/825 276/90/88
f 1076/3927/3617 278/92/90 277/864/827 1077/863/826
f 1388/4048/829 245/72/72 244/71/71
f 1388/4048/829 244/71/71 277/864/827
f 279/93/91 278/92/90 1076/3927/3617 921/3926/600
f 1389/1032/978 1390/865/828 1388/866/829 1387/4049/825
f 246/76/74 245/75/72 1391/867/830 1394/869/832
f 1390/865/828 1392/4050/3686 1391/867/830
f 1395/870/833 1394/869/832 1393/868/831 415/871/834
f 248/3626/3407 246/76/74 1394/869/832 1395/870/833
f 248/3626/3407 1395/870/833 1396/872/835 409/3676/3449
f 416/1039/985 1397/4051/3687 1396/872/835 415/871/834
f 409/3676/3449 1396/872/835 1397/4051/3687 410/3677/3450
f 59/169/167 410/3677/3450 1399/875/838 1398/874/837
f 1397/4051/3687 1399/875/838 410/3677/3450
f 412/882/843 1404/883/844 1405/4052/3688 1406/3497/3301
f 1400/873/836 1402/878/841 1398/874/837
f 412/3679/843 59/169/167 1398/874/837
f 1405/4052/3688 1404/883/844 1407/4053/3689 1408/4054/3690
f 1409/4055/3691 1410/886/847 1408/4054/3690 1407/4053/3689
f 1412/4056/3692 1408/4054/3690 1410/886/847 1411/885/846
f 1155/693/661 1414/3492/3297 1413/4057/845 1415/4058/849
f 1413/4057/845 1414/3492/3297 1411/4059/846
f 1156/4060/662 1417/887/848 1418/889/850 1419/1060/1002
f 1155/693/661 1416/3490/3295 1414/3492/3297
f 1415/4058/849 1417/890/848 1155/693/661
f 1157/893/663 1156/4060/662 1419/1060/1002 1421/891/851
f 1419/1060/1002 1420/1058/1000 1421/891/851
f 1430/4061/3693 1431/4062/3694 1429/901/858 1428/899/856
f 1421/891/851 1422/894/852 1158/892/666
f 1426/898/855 1425/897/854 1427/4063/1018
f 1428/899/856 1429/901/858 1160/900/857
f 1162/3960/3639 1429/901/858 1431/4062/3694 1432/4064/860
f 1434/3430/3238 1435/905/862 1433/904/861 389/3431/3239
f 1429/901/858 1162/3960/3639 1161/902/859
f 1432/903/860 1431/4065/3694 1433/904/861
f 1432/4064/860 1163/3958/863 1162/3960/3639
f 1165/912/869 1164/908/865 1436/907/864 1439/911/868
f 1435/905/862 1437/3425/3233 1436/907/864
f 1436/907/864 1438/909/866 1439/911/868
f 1170/4066/3695 1440/704/672 1441/4067/3696 1442/4068/3697
f 1444/913/870 1170/4066/3695 1442/4068/3697 1443/3402/3210
f 1170/4066/3695 1168/705/673 1440/704/672
f 1168/705/673 1170/4066/3695 1444/913/870 1172/706/674
f 1446/4069/3698 1447/4070/3699 1178/711/679 1445/4071/3700
f 1445/4071/3700 1178/711/679 1175/915/872
f 1179/712/680 1178/711/679 1447/4070/3699 1182/3964/3640
f 1448/3411/3219 1449/916/873 1182/3964/3640 1447/4070/3699
f 1181/3963/684 1182/3964/3640 1449/916/873 1184/919/682
f 1456/925/880 1457/923/879 1453/924/878 1455/3488/3294
f 1451/918/875 1452/920/876 1453/922/878
f 1453/924/878 1454/3489/877 1455/3488/3294
f 1453/924/878 1185/717/685 1451/3965/875
f 1194/3967/3642 1457/923/879 1456/925/880 1196/727/695
f 1185/717/685 1457/923/879 1194/3967/3642 1192/3566/3358
f 1196/727/695 1456/925/880 1199/669/638 1197/729/697
f 1456/925/880 1455/3488/3294 1458/926/881
f 1460/4072/3701 1200/927/882 1458/926/881 1459/4073/3702
f 506/222/217 1461/928/883 1201/930/884 1460/4074/3701
f 1459/4075/3702 506/222/217 1460/4074/3701
f 1460/4072/3701 1201/3969/884 1200/927/882
f 1201/930/884 1202/929/700 965/4076/699
f 505/221/216 1462/4077/3703 1461/928/883 506/222/217
f 1202/929/700 1461/928/883 1462/4077/3703 1204/4078/3644
f 1463/4079/3704 1464/933/886 1462/4077/3703 505/221/216
f 1204/4078/3644 1462/4077/3703 1464/933/886 1206/932/704
f 1224/3978/3646 1465/931/885 1464/933/886 1463/4079/3704
f 504/4080/3705 1463/4079/3704 505/221/216 74/223/218
f 1465/931/885 1224/3978/3646 995/3981/887
f 1463/4079/3704 504/4080/3705 1224/3978/3646
f 1458/4081/881 1466/4082/3706 506/222/217 1459/4075/3702
f 1466/4082/3706 507/224/219 506/222/217
f 507/224/219 1466/4082/3706 1454/921/877 1467/939/890
f 508/941/892 507/224/219 1467/939/890 1469/938/889
f 1466/4082/3706 1458/4081/881 1454/921/877
f 1452/920/876 1468/937/888 1467/939/890
f 1467/939/890 1454/921/877 1452/920/876
f 508/941/892 1470/940/891 1472/942/893 74/223/218
f 1469/938/889 1471/3410/3218 1470/940/891
f 74/223/218 1472/942/893 1474/944/895 504/4080/3705
f 504/4080/3705 1474/944/895 1226/761/726 1225/3979/3647
f 1474/944/895 1473/943/894 1226/761/726
f 1228/3982/3648 1227/945/896 1473/943/894 1476/947/898
f 1472/942/893 1475/946/897 1473/943/894
f 1229/950/900 1228/3982/3648 1476/947/898 1477/948/899
f 1231/3987/728 1479/952/902 1481/4083/3707 1232/3985/3649
f 1477/948/899 1478/951/901 1230/949/729
f 1230/949/729 1479/952/902 1231/3987/728
f 1479/952/902 1480/3435/3243 1481/4083/3707
f 1482/4084/3708 1234/767/731 1481/4083/3707 1480/3435/3243
f 1481/4083/3707 1234/767/731 1232/3985/3649
f 1483/4085/3709 1484/4086/3710 1234/767/731 1482/4084/3708
f 1236/4087/3650 1235/768/732 1485/4088/3711 1238/4089/3652
f 1484/4086/3710 1235/768/732 1234/767/731
f 1235/768/732 1484/4086/3710 1485/4088/3711
f 1237/3991/3651 1238/3992/3652 1487/953/903 1239/956/906
f 1238/4089/3652 1485/4088/3711 1486/3443/904
f 1486/954/904 1487/953/903 1238/3992/3652
f 1492/4090/3712 1240/3993/3653 1490/958/908 1491/4091/3713
f 1488/955/905 1490/958/908 1240/3993/3653
f 1488/955/905 1240/3993/3653 1239/956/906
f 1240/3993/3653 1492/4090/3712 1494/960/910 1242/770/734
f 1242/770/734 1495/959/909 1496/4092/3714 1243/3994/3654
f 1243/3994/3654 1496/4092/3714 1497/1113/1052 1245/772/736
f 1499/1115/1054 1500/4093/3715 1246/962/912 1498/961/911
f 1245/772/736 1497/1113/1052 1498/961/911
f 1501/4094/3716 1502/4095/3717 1500/4093/3715 1499/1115/1054
f 1500/4093/3715 1248/773/737 1246/962/912
f 1248/773/737 1500/4093/3715 1502/4095/3717 1249/774/738
f 1503/963/913 1255/4000/3658 1502/4095/3717 1501/4094/3716
f 1249/774/738 1502/4095/3717 1255/4000/3658 1251/777/741
f 1507/4096/3718 1505/964/914 1503/963/913 1506/4097/3719
f 1255/4000/3658 1503/963/913 1257/965/915
f 1501/4094/3716 1504/1117/1056 1503/963/913
f 1260/4004/3660 1505/964/914 1507/4096/3718 1508/4098/3720
f 1258/4002/3659 1257/965/915 1505/964/914 1260/4004/3660
f 1509/1120/1059 1510/968/917 1508/4098/3720 1507/4096/3718
f 99/4099/289 1508/4098/3720 1510/968/917 638/967/290
f 637/4005/744 1260/4004/3660 1508/4098/3720 99/4099/289
f 1511/1119/1058 1512/966/916 1510/968/917 1509/1120/1059
f 1513/4100/3721 1514/4101/3722 638/967/290 1512/966/916
f 639/297/291 638/296/290 1514/4102/3722 1515/4103/3723
f 640/783/747 639/297/291 1515/4103/3723 1516/4104/3724
f 1517/1123/1062 1518/969/918 1516/4104/3724 1515/4103/3723
f 640/783/747 1516/4104/3724 1264/971/920 1262/784/748
f 1516/4104/3724 1518/969/918 1264/971/920
f 1520/4105/3725 1521/4106/3726 1264/971/920 1519/970/919
f 1522/4107/3727 1523/972/921 1521/4106/3726 1520/4105/3725
f 1521/4106/3726 1265/4007/3662 1264/971/920
f 1265/4007/3662 1521/4106/3726 1523/972/921 1266/974/923
f 1270/976/925 1267/973/922 1523/972/921 1524/975/924
f 1523/972/921 353/140/138 1524/975/924
f 1274/979/928 1524/975/924 353/140/138 1525/977/926
f 1275/981/930 1528/983/932 1530/984/933 1276/4008/3663
f 1524/975/924 1274/979/928 1271/788/752
f 1274/979/928 1526/978/927 1275/981/930
f 1275/981/930 1527/980/929 1528/983/932
f 1275/981/930 1273/789/753 1274/979/928
f 1528/983/932 1529/982/931 1530/984/933
f 1276/4008/3663 1530/984/933 1532/986/935 1277/4010/3665
f 1533/987/936 1279/792/756 1532/986/935 1531/985/934
f 1532/986/935 1278/791/755 1277/4010/3665
f 1536/1155/1091 1537/990/939 1285/989/938 1535/4108/3728
f 1534/988/937 1281/794/758 1279/792/756
f 1281/794/758 1534/988/937 1535/4108/3728
f 1535/4108/3728 1285/989/938 1281/794/758
f 1285/989/938 1537/990/939 1289/993/942 1286/796/760
f 1289/993/942 1539/992/941 1293/4014/3669 1290/797/761
f 1541/4109/3729 1293/4014/3669 1539/992/941 1540/4110/3730
f 1293/4014/3669 1541/4109/3729 1297/4015/3670 1294/4013/3668
f 1543/4111/3731 1541/4109/3729 1540/4110/3730 1542/4112/1094
f 1544/4113/3732 1297/4015/3670 1541/4109/3729 1543/4111/3731
f 1298/4016/3671 1297/4015/3670 1544/4113/3732 1301/4019/945
f 1546/1160/1096 1544/4114/3732 1543/4115/3731 1545/1161/1097
f 1301/996/945 1544/4114/3732 1546/1160/1096 1547/994/943
f 1300/4020/3672 1299/995/944 1549/999/948 1305/998/947
f 1547/994/943 1546/1160/1096 1548/1159/1095
f 1547/994/943 1549/999/948 1299/995/944
f 1550/4116/3733 1551/997/946 1549/999/948 1547/994/943
f 1552/4117/3734 1310/803/767 1305/998/947 1551/997/946
f 1305/998/947 1308/802/766 1302/801/765
f 1554/4118/3735 1555/4119/3736 1313/806/770 1553/4120/3737
f 1553/4120/3737 1313/806/770 1310/803/767
f 1314/807/771 1313/806/770 1555/4119/3736 1317/4021/3673
f 1319/1002/951 1317/4021/3673 1555/4119/3736 1556/1000/949
f 1559/1003/952 1323/812/776 1557/1001/950 1558/4121/3738
f 1319/1002/951 1318/809/773 1317/4021/3673
f 1323/812/776 1320/811/775 1319/1002/951
f 1319/1002/951 1557/1001/950 1323/812/776
f 1323/812/776 1559/1003/952 1328/1005/954 1325/813/777
f 1565/1011/959 1334/4025/3674 1331/4026/955 1564/1009/957
f 1559/1003/952 1560/4122/3739 1561/1004/953
f 1561/1004/953 1562/3486/3292 1563/1007/956
f 1561/1004/953 1563/1007/956 1331/1006/955
f 1334/4025/3674 1329/817/781 1331/4026/955
f 1334/4025/3674 1565/1011/959 1337/1012/960 1335/820/784
f 1567/1013/961 1337/1012/960 1565/1011/959 1566/1010/958
f 1570/1016/963 1568/4123/962 1567/4124/961 1569/3321/3132
f 1345/4125/790 1341/1015/789 1571/1017/964 1572/4126/3740
f 1568/4123/962 1570/1016/963 1341/1015/789
f 1346/4127/792 1345/4125/790 1572/4126/3740 1351/4128/3677
f 1573/3327/3138 1574/3329/3140 1572/4126/3740 1571/1017/964
f 1351/4128/3677 1572/4126/3740 1574/3329/3140 1575/4129/3741
f 1349/829/793 1351/4033/3677 1575/4130/3741 1354/4034/3678
f 1352/832/796 1354/4034/3678 1576/3331/3142 1358/4035/3679
f 1575/4130/3741 1576/3331/3142 1354/4034/3678
f 1359/4036/3680 1358/4035/3679 1578/4131/3742 1361/1020/967
f 1576/3331/3142 1575/4130/3741 1577/3332/3143
f 1576/3331/3142 1578/4131/3742 1358/4035/3679
f 1580/3316/3128 1581/1018/965 1361/1020/967 1578/4131/3742
f 1578/4131/3742 1576/3331/3142 1579/3330/3141
f 1361/1020/967 1364/1019/966 1360/837/801
f 1362/839/803 1364/1019/966 1582/1021/968 1583/4132/3743
f 1365/840/804 1362/839/803 1583/4132/3743 1368/1023/970
f 1584/4133/3744 1585/4134/3745 1370/1022/969 1583/4132/3743
f 1583/4132/3743 1370/1022/969 1368/1023/970
f 1371/844/808 1370/1022/969 1585/4134/3745 1372/846/810
f 1377/4042/3681 1376/1025/972 1587/4135/3746 1589/4136/3747
f 1585/4134/3745 1586/1024/971 1372/846/810
f 1586/1024/971 1587/4135/3746 1376/1025/972
f 1587/4135/3746 1586/1024/971 1588/4137/3748
f 1378/4043/3682 1377/4042/3681 1589/4136/3747 1590/4138/3749
f 1379/4045/3683 1378/4044/3682 1590/4139/3749 1591/4140/3750
f 1380/4046/3684 1379/4045/3683 1591/4140/3750 1592/4141/3751
f 1381/4047/3685 1380/4046/3684 1592/4141/3751 1593/1188/1123
f 1382/857/820 1381/4047/3685 1593/1188/1123 1594/1187/1122
f 1382/857/820 1594/1187/1122 1595/1027/974 1384/858/821
f 1598/4142/3752 1384/4143/821 1596/1194/973 1597/1195/1128
f 1599/1030/976 1386/1029/823 1384/4143/821 1598/4142/3752
f 1386/1029/823 1601/1028/975 1389/1032/978 1387/4049/825
f 1598/4142/3752 1600/4144/3753 1599/1030/976
f 1603/1031/977 1601/1028/975 1599/1030/976 1602/4145/3754
f 1389/1032/978 1603/1031/977 1392/4050/3686 1390/865/828
f 407/168/166 1392/4050/3686 1603/1031/977 408/3589/3378
f 1604/3485/3291 1605/4146/3755 1392/4050/3686 407/168/166
f 1608/1036/982 1606/1033/979 1605/4146/3755 1604/3485/3291
f 1605/4146/3755 1391/867/830 1392/4050/3686
f 1391/867/830 1605/4146/3755 1606/1033/979 1393/868/831
f 414/1037/983 415/871/834 1606/1033/979 1608/1036/982
f 1607/1034/980 1608/1036/982 1604/3485/3291 406/167/165
f 1399/875/838 1610/1038/984 256/80/78 257/876/839
f 1609/1035/981 1610/1038/984 414/1037/983
f 1397/4051/3687 416/1039/985 1610/1038/984 1399/875/838
f 253/1048/992 1614/1047/991 1615/1223/990 1616/1050/993
f 1609/1035/981 252/1041/987 251/81/79
f 1611/1040/986 1612/4147/988 252/1041/987
f 252/1044/987 1613/1043/989 1614/1046/991
f 1614/1047/991 33/1049/77 252/4148/987
f 1621/1055/997 1620/1053/996 1622/1231/1161 1623/1070/1012
f 1617/3484/994 254/77/75 253/3632/992
f 1617/1051/994 1618/1226/1157 1619/1227/995
f 1617/3484/994 1619/4149/995 400/163/161
f 400/163/161 56/162/160 1617/3484/994
f 1629/1065/1007 1627/4150/3756 1630/1234/1163 1628/1064/1006
f 1623/1070/1012 401/1071/162 1621/1055/997
f 1623/1070/1012 1622/1231/1161 1624/4151/3757
f 1624/4151/3757 1625/1067/1009 1623/1070/1012
f 1625/1067/1009 1624/4151/3757 1626/4152/3758
f 1626/4152/3758 1627/4150/3756 1625/1067/1009
f 1636/1056/998 1635/1059/1001 1634/4153/3759 1883/4154/3760
f 1632/1233/1162 1633/1062/1004 1628/1064/1006
f 1633/1062/1004 1632/1233/1162 1634/4153/3759
f 1634/4153/3759 1635/1059/1001 1633/1062/1004
f 1407/4053/3689 1640/1068/1010 1629/1065/1007 1631/1063/1005
f 1636/1056/998 1637/1237/1166 1638/1057/999
f 1635/1059/1001 1418/889/850 1633/1062/1004
f 1627/4150/3756 1629/1065/1007 1640/1068/1010 1625/1067/1009
f 1402/879/841 1641/1066/1008 1404/883/844 1403/880/842
f 1641/1066/1008 1402/879/841 402/1069/1011
f 402/1072/1011 1401/877/840 56/162/160
f 1401/877/840 255/78/76 254/77/75
f 1404/883/844 1641/1066/1008 1640/1068/1010 1407/4053/3689
f 1413/884/845 1410/886/847 1639/1061/1003 1415/888/849
f 1631/1063/1005 1409/4055/3691 1407/4053/3689
f 1631/1063/1005 1410/886/847 1409/4055/3691
f 1645/1075/1015 1423/1074/1014 1643/1239/1168 1644/4155/3761
f 1420/1058/1000 1638/1057/999 1421/891/851
f 1422/894/852 1642/1073/1013 1424/895/853
f 1642/1073/1013 1643/1239/1168 1423/1074/1014
f 1424/895/853 1645/1075/1015 1647/1077/1017 1427/1078/1018
f 1428/899/856 1426/898/855 1649/4156/3762 1430/4061/3693
f 1427/4157/1018 1648/4158/1019 1649/4159/3762
f 1427/4063/1018 1649/4156/3762 1426/898/855
f 389/3431/3239 1430/4160/3693 1649/4159/3762 386/3667/3441
f 1648/4158/1019 1650/4161/1021 386/3667/3441 1649/4159/3762
f 1430/4160/3693 389/3431/3239 1433/904/861
f 1430/4160/3693 1433/904/861 1431/4065/3694
f 1652/1082/1022 387/1080/1020 1648/1079/1019 1651/1247/1176
f 1650/4161/1021 387/3668/1020 386/3667/3441
f 595/1086/1026 1654/1085/1025 1655/1087/1027 1656/4162/1028
f 387/1080/1020 1652/1082/1022 594/1084/1024
f 594/1084/1024 1653/1083/1023 1654/1085/1025
f 595/1086/1026 596/3762/256 594/1084/1024
f 596/261/256 595/1090/1026 1657/1089/1029 1658/1091/1030
f 597/1092/1031 1658/1091/1030 1659/4163/3763 1660/1093/1032
f 1658/1091/1030 1657/1089/1029 1659/4163/3763
f 1662/1095/1034 598/3764/3509 1661/1094/1033 108/3483/3290
f 597/1092/1031 1661/1094/1033 598/3764/3509
f 598/3764/3509 1662/1095/1034 1663/1097/1036 599/262/257
f 1665/1096/1035 1662/1095/1034 108/3483/3290 1664/3071/2904
f 1663/1097/1036 1665/1096/1035 1666/4164/3764 1667/3482/3289
f 1670/1100/1039 1666/4164/3764 1665/1096/1035 1669/1098/1037
f 1665/1096/1035 1668/4165/3765 1669/1098/1037
f 1666/4166/3764 1670/4167/1039 1671/4168/3766 1672/4169/3767
f 1674/4170/3768 1671/4168/3766 1670/4167/1039 1673/4171/1038
f 1676/3073/2906 1674/4170/3768 1673/4171/1038 1675/3074/2907
f 1679/4172/3769 1674/4170/3768 1677/1101/1040 1678/1103/1042
f 1676/3073/2906 1677/1101/1040 1674/4170/3768
f 1682/3349/3159 1680/4173/3770 1678/1103/1042 1681/1102/1041
f 1680/4173/3770 1682/3349/3159 1683/3348/3158 1684/4174/3771
f 1686/4175/3772 1688/4176/3773 1689/4177/3774 1690/3347/3157
f 1681/1102/1041 1685/4178/3775 1682/3349/3159
f 1686/4175/3772 1687/3078/2911 1688/4176/3773
f 1694/4179/3776 1689/4177/3774 1688/4176/3773 1691/3080/2913
f 1689/4177/3774 1694/4179/3776 1695/4180/1044 1696/3344/3154
f 1691/3080/2913 1693/3079/2912 1694/4179/3776
f 1699/1106/1045 1695/1105/1044 1694/4181/3776 1698/4182/3777
f 1694/4181/3776 1697/3083/2915 1698/4182/3777
f 1705/1109/1048 1702/4183/3778 1700/1104/1043 1704/1107/1046
f 1698/4182/3777 1701/3088/2919 1699/1106/1045
f 1702/4183/3778 1703/3340/3150 1700/1104/1043
f 1710/4184/3779 1707/4185/3780 1706/1108/1047 1709/3090/2921
f 1705/1109/1048 1706/1108/1047 1707/4185/3780
f 1707/4185/3780 1708/4186/3781 1705/1109/1048
f 1492/4090/3712 1707/4185/3780 1711/4187/3782 1494/960/910
f 1707/4185/3780 1710/4184/3779 1711/4187/3782
f 1495/959/909 1711/4187/3782 1713/1110/1049 1496/4092/3714
f 1711/4187/3782 1710/4184/3779 1712/3091/2922
f 1711/4187/3782 1495/959/909 1494/960/910
f 1711/4187/3782 1712/3091/2922 1713/1110/1049
f 1716/1114/1053 1498/961/911 1715/1112/1051 4169/3095/2926
f 1713/1110/1049 1497/1113/1052 1496/4092/3714
f 1715/1112/1051 1714/1111/1050 4169/3095/2926
f 1715/1112/1051 1498/961/911 1497/1113/1052
f 1718/1118/1057 1506/4097/3719 1504/1117/1056 1717/1116/1055
f 1499/1115/1054 1716/1114/1053 1504/1117/1056
f 1504/1117/1056 1501/4094/3716 1499/1115/1054
f 1506/4097/3719 1718/1118/1057 1509/1120/1059 1507/4096/3718
f 1506/4097/3719 1503/963/913 1504/1117/1056
f 1717/1116/1055 1719/3099/2930 1718/1118/1057
f 1721/4188/3783 1718/1118/1057 1719/3099/2930 1720/3098/2929
f 1722/4189/3784 1511/1119/1058 1718/1118/1057 1721/4188/3783
f 1724/4190/3785 1722/4189/3784 1721/4188/3783 1723/4191/3786
f 1725/4192/3787 1513/4100/3721 1722/4189/3784 1724/4190/3785
f 1511/1119/1058 1722/4189/3784 1513/4100/3721 1512/966/916
f 1727/3309/3122 1725/4192/3787 1724/4190/3785 1726/3310/3123
f 1729/4193/3788 1725/4192/3787 1727/3309/3122 1728/4194/3789
f 1514/4101/3722 1513/4100/3721 1725/4192/3787 1729/4193/3788
f 1517/1123/1062 1729/4195/3788 1728/4196/3789 1730/1121/1060
f 1515/4103/3723 1514/4102/3722 1729/4195/3788 1517/1123/1062
f 1733/4197/3790 1520/4105/3725 1519/970/919 1732/1124/1063
f 1734/1125/1064 1522/4107/3727 1520/4105/3725 1733/4197/3790
f 354/138/136 1735/1126/1065 1738/1128/1067 352/135/133
f 1522/4107/3727 1734/1125/1064 354/138/136
f 354/138/136 1523/972/921 1522/4107/3727
f 1734/1125/1064 1736/1340/1263 1735/1126/1065
f 1739/4198/3791 1740/1129/1068 1738/1128/1067 1737/1127/1066
f 349/136/134 352/135/133 1738/1128/1067 1740/1129/1068
f 340/126/124 339/3337/3148 1742/1133/1072 1745/1132/1071
f 1739/4198/3791 635/4199/288 1740/1129/1068
f 1740/4200/1068 634/293/287 1741/4201/1069
f 1742/1133/1072 350/4202/3149 1741/4201/1069
f 1741/4201/1069 1743/1348/1271 1744/1131/1070
f 1741/4201/1069 1744/1131/1070 1742/1133/1072
f 1746/1134/1073 1745/1132/1071 1744/1131/1070 343/129/127
f 1748/1135/1074 1746/1134/1073 347/134/132 1747/1136/1075
f 1746/1134/1073 343/129/127 347/134/132
f 340/126/124 1748/1135/1074 1749/1137/1076 342/127/125
f 1750/4203/1285 1751/1138/1077 1749/1137/1076 1747/1136/1075
f 350/3339/3149 1753/1143/1079 1754/1144/1080 351/139/137
f 351/139/137 1754/1144/1080 1525/977/926 353/140/138
f 1755/1145/1081 1526/978/927 1752/1141/1078 1751/1140/1077
f 1533/987/936 1531/985/934 1761/1150/1086 1762/1152/1088
f 1526/978/927 1756/1146/1082 1527/980/929
f 1759/1149/1085 1530/984/933 1529/982/931
f 1759/1149/1085 1758/1148/1084 1761/1150/1086
f 1759/1149/1085 1531/985/934 1530/984/933
f 1765/4204/3792 1534/988/937 1762/1152/1088 1764/1154/1090
f 1760/1151/1087 1763/1153/1089 1762/1152/1088
f 1539/992/941 1538/991/940 1768/4205/3793 1540/4110/3730
f 1765/4204/3792 1535/4108/3728 1534/988/937
f 1765/4204/3792 1536/1155/1091 1535/4108/3728
f 1536/1155/1091 1765/4204/3792 1766/4206/3794
f 1538/991/940 1536/1155/1091 1767/1370/1293
f 1767/1370/1293 1768/4205/3793 1538/991/940
f 1769/4207/1296 1770/4208/1092 1768/4205/3793 1767/1370/1293
f 1542/4112/1094 1540/4110/3730 1768/4205/3793 1770/4208/1092
f 1542/1158/1094 1772/1162/1098 1545/1161/1097 1543/4115/3731
f 1542/1158/1094 1771/1157/1093 1772/1162/1098
f 1547/994/943 1548/1159/1095 1774/1163/1099 1550/4116/3733
f 1772/1162/1098 1771/1157/1093 1773/1374/1297
f 1772/1162/1098 1548/1159/1095 1545/1161/1097
f 1550/4116/3733 1774/1163/1099 1775/1379/1302 1776/4209/3795
f 1551/997/946 1550/4116/3733 1776/4209/3795 1552/4117/3734
f 1777/4210/3796 1778/4211/3797 1776/4209/3795 1775/1379/1302
f 1552/4117/3734 1776/4209/3795 1778/4211/3797 1779/4212/3798
f 1310/803/767 1552/4117/3734 1779/4212/3798 1553/4120/3737
f 1553/4120/3737 1779/4212/3798 1778/4211/3797 1554/4118/3735
f 1780/1381/1304 1781/1164/1100 1554/4118/3735 1778/4211/3797
f 1554/4118/3735 1781/1164/1100 1556/1000/949 1555/4119/3736
f 1784/1166/1102 1556/1000/949 1782/1165/1101 1783/1384/1307
f 1557/1001/950 1784/1166/1102 1785/4213/3799 1558/4121/3738
f 1784/1166/1102 1783/1384/1307 1785/4213/3799
f 1786/4214/3800 1787/4215/3801 1558/4121/3738 1785/4213/3799
f 363/145/143 48/144/142 1562/3486/3292 1788/1167/1103
f 1787/4215/3801 1560/4122/3739 1558/4121/3738
f 1560/4122/3739 1559/1003/952 1558/4121/3738
f 1560/4122/3739 1787/4215/3801 1788/1167/1103
f 1788/1167/1103 1562/3486/3292 1560/4122/3739
f 1562/3486/3292 1561/1004/953 1560/4122/3739
f 363/145/143 1791/1169/1105 1793/1171/1107 1794/1172/1108
f 1562/3486/3292 48/144/142 367/3487/3293
f 1788/1167/1103 1790/4216/3802 1789/1168/1104
f 230/3619/3403 229/3334/3145 364/146/144 1794/1172/1108
f 1796/4217/3803 1797/4218/3804 368/3663/3437 1795/3336/3147
f 364/146/144 229/3334/3145 1795/3336/3147
f 364/146/144 1795/3336/3147 368/3663/3437
f 368/3663/3437 1797/4218/3804 1798/4219/3805 365/3662/3436
f 1798/4220/3805 1797/4221/3804 1799/4222/3806 1800/4223/3807
f 1798/4220/3805 1800/4223/3807 1801/4224/3808 1802/4225/3809
f 1803/4226/3810 1804/4227/3811 1800/4223/3807 1799/4222/3806
f 1801/4224/3808 1800/4223/3807 1804/4227/3811 1805/4228/3812
f 1807/4229/3813 1801/4224/3808 1805/4228/3812 1806/4230/3814
f 1808/4231/3815 1809/4232/3816 1805/4228/3812 1804/4227/3811
f 1806/4230/3814 1805/4228/3812 1809/4232/3816 1810/4233/3817
f 1812/4234/3133 1806/4230/3814 1810/4233/3817 1811/4235/3818
f 160/1173/1109 1810/4233/3817 1809/4232/3816 13/33/33
f 1813/1175/1111 1811/4235/3818 1810/4233/3817 160/1173/1109
f 1814/4236/3819 1813/4237/1111 1815/4238/1110 1816/4239/3820
f 1813/4237/1111 1814/4236/3819 1811/4240/3818
f 1823/3319/3130 1819/1177/1113 1821/1179/1115 1822/4241/3821
f 1816/4239/3820 1817/1178/1114 1814/4236/3819
f 1816/4239/3820 1818/1176/1112 1817/1178/1114
f 1816/4239/3820 1820/2796/2642 1818/1176/1112
f 1832/4242/3822 282/3642/3417 281/96/94 1829/1183/1119
f 1821/1179/1115 1818/1176/1112 3804/4243/3823
f 1822/4241/3821 1821/1179/1115 1825/4244/3824
f 1822/4241/3821 1826/1180/1116 1824/1182/1118
f 1826/1180/1116 1822/4241/3821 1828/4245/3825
f 1826/1180/1116 1829/4246/1119 1827/1181/1117
f 1829/4246/1119 1826/1180/1116 1831/4247/3826
f 1829/1183/1119 281/96/94 1830/1184/1120
f 281/96/94 280/95/93 1830/1184/1120
f 1590/4138/3749 1589/4136/3747 282/3642/3417 1832/4242/3822
f 1833/4248/3827 1832/4249/3822 1829/4246/1119 1831/4247/3826
f 1589/4136/3747 1587/4135/3746 282/3642/3417
f 1591/4140/3750 1590/4139/3749 1832/4249/3822 1833/4248/3827
f 1834/4250/3828 1833/4248/3827 1831/4247/3826 1828/4245/3825
f 1592/4141/3751 1591/4140/3750 1833/4248/3827 1834/4250/3828
f 1836/1186/1121 1834/4250/3828 1828/4245/3825 1835/4251/3829
f 1593/1188/1123 1592/4141/3751 1834/4250/3828 1836/1186/1121
f 1839/1191/1126 1836/1186/1121 1837/4252/3830 1838/1189/1124
f 1835/4251/3829 1837/4252/3830 1836/1186/1121
f 1595/1027/974 1594/1187/1122 1836/1186/1121 1839/1191/1126
f 1596/1026/973 1595/1027/974 1839/1191/1126 1840/1190/1125
f 1846/1200/1133 1600/4144/3753 1844/1197/1130 1845/1198/1131
f 1840/1192/1125 1841/4253/3831 1842/1193/1127
f 1842/1193/1127 1843/1196/1129 1597/1195/1128
f 1597/1195/1128 1844/1197/1130 1600/4144/3753
f 1600/4144/3753 1598/4142/3752 1597/1195/1128
f 404/4254/3832 1602/4145/3754 1600/4144/3753 1846/1200/1133
f 57/3588/3377 404/4254/3832 1846/1200/1133 403/1199/1132
f 1602/4145/3754 1599/1030/976 1600/4144/3753
f 1848/1204/1137 403/1199/1132 1847/1201/1134 316/1202/1135
f 1853/1208/1141 1850/4255/3833 1851/2785/2632 1852/1206/1139
f 1848/1204/1137 318/1205/1138 403/1199/1132
f 316/1202/1135 1847/1201/1134 1849/4256/3834
f 1849/4256/3834 1850/4255/3833 316/1202/1135
f 317/3650/3424 316/1202/1135 1850/4255/3833 1853/1208/1141
f 302/3644/3419 317/3650/3424 1853/1208/1141 1854/1207/1140
f 1855/2777/2624 1856/1210/1143 1854/1207/1140 1852/1206/1139
f 38/106/104 302/3644/3419 1854/1207/1140 1856/1210/1143
f 1857/2776/2524 1858/1209/1142 1856/1210/1143 1855/2777/2624
f 1856/1210/1143 299/107/105 38/106/104
f 1859/4257/2525 1860/1211/1144 299/107/105 1858/1209/1142
f 58/165/163 314/1212/1145 1861/1213/1146 1862/1214/1147
f 1612/4147/988 1611/1040/986 405/166/164 1863/1215/1148
f 1866/1219/1151 1612/1042/988 1863/1218/1148 1865/1217/1150
f 1862/4258/1147 1864/1216/1149 1863/1218/1148
f 1613/1043/989 1867/1220/1152 1868/4259/2537 1615/1045/990
f 1618/1226/1157 1616/1050/993 1871/4260/3835 1872/1224/1155
f 1868/2686/2537 1869/1221/1153 1615/1223/990
f 1615/1223/990 1870/1222/1154 1616/1050/993
f 1870/1222/1154 1871/4260/3835 1616/1050/993
f 1876/1229/1159 1874/1228/1158 1873/1225/1156 1875/2691/2542
f 1618/1226/1157 1617/1051/994 1616/1050/993
f 1618/1226/1157 1873/1225/1156 1874/1228/1158
f 1619/1052/995 1876/1232/1159 1622/1231/1161 1620/1053/996
f 1624/4151/3757 1877/1230/1160 1878/4261/2547 1879/4262/3836
f 1877/1230/1160 1624/4151/3757 1622/1231/1161
f 1882/2699/2550 1634/4153/3759 1632/1233/1162 1881/4263/3837
f 1879/4262/3836 1626/4152/3758 1624/4151/3757
f 1879/4262/3836 1880/4264/3838 1626/4152/3758
f 1880/4264/3838 1627/4150/3756 1626/4152/3758
f 1880/4264/3838 1630/1234/1163 1627/4150/3756
f 1630/1234/1163 1880/4264/3838 1881/4263/3837
f 1881/4263/3837 1632/1233/1162 1630/1234/1163
f 1642/1073/1013 1422/894/852 1885/1236/1165 1887/1238/1167
f 1883/4154/3760 1884/1235/1164 1637/1237/1166
f 1637/1237/1166 1636/1056/998 1883/4154/3760
f 1885/1236/1165 1886/4265/3839 1887/1238/1167
f 1637/1237/1166 1885/1236/1165 1422/894/852 1638/1057/999
f 1643/1239/1168 1887/1238/1167 1886/4265/3839 1888/4266/3840
f 1644/4155/3761 1889/1240/1169 1891/1242/1171 1892/1244/1173
f 1643/1239/1168 1888/4266/3840 1889/1240/1169
f 1889/1240/1169 1644/4155/3761 1643/1239/1168
f 1645/1075/1015 1644/4155/3761 1892/1244/1173 1646/1076/1016
f 1892/1244/1173 1891/1242/1171 1893/1243/1172
f 1647/1077/1017 1646/1076/1016 1894/1245/1174 1651/1247/1176
f 1646/1076/1016 1893/1243/1172 1894/1245/1174
f 1659/4163/3763 1902/1253/1181 1903/2527/2386 1905/2530/2389
f 1894/1245/1174 1896/2519/2379 1895/1246/1175
f 1895/1246/1175 1898/4267/3841 1897/1248/1177
f 1897/1248/1177 1899/1249/1178 1655/1087/1027
f 1655/1087/1027 1900/1250/1179 1656/4162/1028
f 1900/1251/1179 1657/1089/1029 1656/1088/1028
f 1660/1093/1032 1659/4163/3763 1905/2530/2389 1906/1254/1182
f 1902/1253/1181 1659/4163/3763 1657/1089/1029
f 1905/2530/2389 1903/2527/2386 1904/4268/3842
f 1661/1094/1033 1660/1093/1032 1906/1254/1182 110/5/5
f 108/3483/3290 1661/1094/1033 110/5/5 3/4/4
f 1911/3314/3126 441/1257/1185 1909/1258/1186 1910/4269/3843
f 1907/1255/1183 1908/1256/1184 110/5/5
f 441/1257/1185 444/183/181 1908/1256/1184
f 1907/1255/1183 1906/1254/1182 1909/1258/1186
f 1910/4269/3843 1909/1258/1186 1913/4270/3844 1914/4271/3845
f 1909/1258/1186 1912/2529/2388 1913/4270/3844
f 1916/2977/2814 1910/4269/3843 1914/4271/3845 1915/2978/2815
f 1920/4272/3846 1921/4273/3847 1915/2978/2815 1914/4271/3845
f 1914/4271/3845 1913/4270/3844 1917/4274/3848
f 1915/2978/2815 1918/2971/2808 1919/2976/2813
f 1924/2972/2809 1918/2971/2808 1922/1261/1189 1923/1260/1188
f 1915/2978/2815 1921/4273/3847 1918/2971/2808
f 1918/2971/2808 1921/4273/3847 1922/1261/1189
f 1928/2535/2394 1929/2534/2393 1923/1260/1188 1925/1259/1187
f 1922/1261/1189 1921/4273/3847 1925/1259/1187
f 1923/1260/1188 1926/4275/3849 1927/2969/2806
f 1926/4275/3849 1923/1260/1188 1929/2534/2393 1930/4276/3850
f 1932/2966/2803 1926/4275/3849 1930/4276/3850 1931/4277/3851
f 1938/2961/2798 1936/1263/1191 1940/2539/2398 1941/1266/1194
f 1930/4276/3850 1933/4278/3852 1931/4277/3851
f 1933/4278/3852 1934/1264/1192 1931/4277/3851
f 1933/4278/3852 1930/4276/3850 1935/2537/2396
f 1934/1264/1192 1933/4278/3852 1937/1262/1190
f 1936/1263/1191 1938/2961/2798 1939/2963/2800
f 1936/1263/1191 1937/1262/1190 1940/2539/2398
f 1942/2538/2397 1945/1267/1195 1941/1266/1194 1940/2539/2398
f 1946/1268/1196 1950/1269/1197 1948/1271/1199 1949/2956/2793
f 1946/1268/1196 1949/2956/2793 1943/1265/1193
f 1945/1267/1195 1947/4279/3853 1946/1268/1196
f 1954/232/227 1951/2954/2791 1948/1271/1199 1953/1270/1198
f 1951/2954/2791 1952/2953/2790 1948/1271/1199
f 1960/1278/1204 1958/1277/1203 1956/1275/1201 1959/4280/3854
f 1955/1273/1200 1957/4281/3855 1959/4280/3854
f 1955/1273/1200 1959/4280/3854 1956/1275/1201
f 1958/1277/1203 76/3312/225 1956/1275/1201
f 1963/1279/1205 1960/1278/1204 1959/4280/3854 1962/4282/3856
f 1964/1281/1207 1961/1276/1202 1960/1278/1204 1963/1279/1205
f 1968/1283/1209 1966/2948/2785 1965/1280/1206 1967/2550/2408
f 1964/1281/1207 1965/1280/1206 1966/2948/2785
f 1966/2948/2785 3999/2947/2784 1964/1281/1207
f 1970/1284/1210 1973/4283/3857 1974/4284/3858 1975/2944/2781
f 1966/2948/2785 1968/1283/1209 1969/1282/1208
f 1970/1284/1210 1971/2946/2783 1969/1282/1208
f 1970/1284/1210 1972/2551/2409 1973/4283/3857
f 1976/2554/2412 1977/2553/2411 1973/4283/3857 1972/2551/2409
f 1974/4284/3858 1973/4283/3857 1977/2553/2411 1978/4285/3859
f 1980/2942/2779 1974/4284/3858 1978/4285/3859 1979/4286/3860
f 1981/2552/2410 1982/4287/3861 1978/4285/3859 1977/2553/2411
f 1979/4286/3860 1978/4285/3859 1982/4287/3861 1983/1285/1211
f 1992/4288/3862 1993/1288/1214 1987/1290/1216 1985/4289/3863
f 1983/1285/1211 1984/1287/1213 1979/4286/3860
f 1983/1285/1211 1982/4287/3861 288/98/96
f 1984/1287/1213 1986/1286/1212 1985/4290/3863
f 1985/4289/3863 1987/1290/1216 1988/2936/2774
f 1985/4290/3863 1986/1286/1212 1989/4291/3864
f 1987/1290/1216 1990/1289/1215 1991/4292/3865
f 1997/4293/3866 1998/1291/1217 1996/1293/1219 1994/4294/3867
f 1994/4294/3867 1996/1293/1219 1993/4295/1214
f 2000/2447/2307 2001/4296/3868 1999/1296/1222 1998/1291/1217
f 1998/1291/1217 1999/1296/1222 1995/1292/1218
f 2010/4297/3869 2005/1297/1223 2008/4298/3870 2009/4299/3871
f 2001/4296/3868 2002/1294/1220 1999/1296/1222
f 2002/1294/1220 2001/4296/3868 2004/2450/2310
f 2004/2450/2310 2005/1297/1223 2002/1294/1220
f 2005/1297/1223 2004/2450/2310 2007/4300/3872
f 2007/4300/3872 2008/4298/3870 2005/1297/1223
f 2011/4301/3873 2012/2453/2313 2008/4298/3870 2007/4300/3872
f 2009/4299/3871 2008/4298/3870 2012/2453/2313 2013/1301/1227
f 2015/2931/2769 2009/4299/3871 2013/1301/1227 2014/1300/1226
f 2016/2452/2312 2017/1299/1225 2013/1301/1227 2012/2453/2313
f 2019/2932/2770 2014/1300/1226 2017/1299/1225 2018/1304/1230
f 2023/4302/3874 2018/1304/1230 2021/1303/1229 2022/2929/2767
f 2022/2929/2767 2021/1303/1229 2024/2456/2316 2025/2458/2318
f 2028/2930/2768 2027/4303/3875 2030/2461/2321 2031/1307/1233
f 2025/2458/2318 2024/2456/2316 2026/4304/3876
f 2025/2458/2318 2027/4303/3875 2028/2930/2768
f 2025/2458/2318 2026/4304/3876 2029/2459/2319
f 2025/2458/2318 2030/2461/2321 2027/4303/3875
f 2034/2460/2320 2035/1305/1231 2031/1307/1233 2030/2461/2321
f 2030/2461/2321 2025/2458/2318 2032/2457/2317
f 2037/2926/2764 2033/1306/1232 2035/1305/1231 2036/1309/1235
f 2034/2460/2320 2039/1310/1236 2038/1308/1234 2035/1305/1231
f 2043/1316/1240 458/3694/3459 2040/4305/1237 2042/4306/3877
f 457/3693/188 2040/4305/1237 458/3694/3459
f 2040/1312/1237 2041/1535/1452 2042/4307/3877
f 2045/1317/1241 2043/1316/1240 2042/4306/3877 2044/4308/3878
f 2043/1316/1240 459/194/191 458/3694/3459
f 2051/4309/3879 2046/1314/1238 2049/1319/1243 2050/1320/1244
f 2043/1316/1240 2045/1317/1241 2046/1314/1238
f 2046/1314/1238 2048/1318/1242 2049/1319/1243
f 116/11/11 2049/1319/1243 2048/1318/1242 117/12/12
f 118/1323/1247 447/1325/1249 2056/2913/2752 119/13/13
f 2052/1321/1245 2054/1324/1248 2053/1322/1246
f 447/1325/1249 2055/1326/1250 2056/2913/2752
f 2060/2911/2750 2055/1326/1250 2058/1328/1252 2059/2912/2751
f 447/1325/1249 446/187/185 2055/1326/1250
f 446/187/185 2057/1327/1251 2055/1326/1250
f 1727/3309/3122 2063/1332/1256 2064/1331/1255 1728/4194/3789
f 2060/2911/2750 2056/2913/2752 2055/1326/1250
f 1728/4196/3789 2064/1333/1255 2066/1335/1258 1730/1121/1060
f 1730/1121/1060 2066/1335/1258 2067/4310/3880 1731/1122/1061
f 2066/1335/1258 2065/1334/1257 2067/4310/3880
f 1731/1122/1061 2067/4310/3880 2068/1336/1259 1732/1124/1063
f 1732/1124/1063 2068/1336/1259 2070/1338/1261 1733/4197/3790
f 1736/1340/1263 1733/4197/3790 2070/1338/1261 2069/1337/1260
f 2075/1343/1266 2072/1342/1265 2073/1341/1264 2074/1561/1473
f 1736/1340/1263 2071/1339/1262 2072/1342/1265
f 1736/1340/1263 1734/1125/1064 1733/4197/3790
f 1736/1340/1263 2072/1342/1265 2075/1343/1266 1735/1126/1065
f 1737/1127/1066 2075/1343/1266 2074/1561/1473 2076/1560/1471
f 1739/4198/3791 1737/1127/1066 2076/1560/1471 2077/4311/3881
f 635/4199/288 1739/4198/3791 2077/4311/3881 632/4312/285
f 2082/1347/1270 633/292/286 2081/1346/1269 2080/1345/1268
f 2077/4311/3881 2078/4313/1476 632/4312/285
f 2078/1564/1476 2079/1344/1267 632/291/285
f 2081/1346/1269 633/292/286 632/291/285
f 343/129/127 1744/1131/1070 1743/1348/1271 2082/1347/1270
f 634/293/287 633/292/286 1743/1348/1271
f 1743/1348/1271 1741/4201/1069 634/293/287
f 343/129/127 2084/1351/1274 2085/1350/1273 344/130/128
f 2082/1347/1270 2083/1349/1272 2084/1351/1274
f 2082/1347/1270 2084/1351/1274 343/129/127
f 2088/1355/1278 344/130/128 2085/1350/1273 2087/1353/1276
f 2083/1349/1272 2086/1352/1275 2085/1350/1273
f 2090/1571/1483 2091/4314/3882 2088/1355/1278 2089/1354/1277
f 344/130/128 2088/1355/1278 2091/4314/3882 345/132/130
f 242/1358/1281 30/3627/3408 2091/4314/3882 2090/1571/1483
f 345/132/130 2091/4314/3882 30/3627/3408 241/3629/3410
f 2093/1356/1279 242/1358/1281 2090/1571/1483 2092/4315/3883
f 240/3628/3409 2096/4316/3884 2097/4317/3885 2098/4318/3886
f 2092/4315/3883 2094/1573/1485 2093/1356/1279
f 242/1358/1281 2095/1357/1280 2096/4316/3884
f 2096/4316/3884 240/3628/3409 242/1358/1281
f 240/3628/3409 2098/4318/3886 2099/1577/1489 2100/4319/3887
f 2098/4318/3886 2097/4317/3885 2099/1577/1489
f 240/3628/3409 2100/4319/3887 2101/1359/1282 346/133/131
f 2105/4320/1495 2104/4321/1286 2103/1360/1283 2101/1359/1282
f 2100/4319/3887 2102/1581/1493 2101/1359/1282
f 2103/1360/1283 347/134/132 348/1361/1284
f 2106/1364/1287 1756/1146/1082 2104/1363/1286 2105/1584/1495
f 2104/4321/1286 1750/4203/1285 2103/1360/1283
f 1750/4203/1285 1747/1136/1075 2103/1360/1283
f 1755/1145/1081 1750/1362/1285 2104/1363/1286
f 2109/1366/1289 1758/1148/1084 2107/1365/1288 2108/1589/1500
f 1760/1151/1087 1761/1150/1086 2109/1366/1289 2108/1589/1500
f 1764/1154/1090 2113/1368/1291 1766/4206/3794 1765/4204/3792
f 2108/1589/1500 2110/1367/1290 1760/1151/1087
f 2110/1367/1290 2111/1594/1505 1763/1153/1089
f 1763/1153/1089 2112/1598/1509 2113/1368/1291
f 2115/1371/1294 1766/4206/3794 2113/1368/1291 2114/4322/3888
f 1536/1155/1091 1766/4206/3794 2115/1371/1294 1767/1370/1293
f 2117/1369/1292 2115/1371/1294 2114/4322/3888 2116/4323/1512
f 1769/1373/1296 2117/4324/1292 2118/1603/1514 2119/1372/1295
f 2117/1369/1292 1769/4207/1296 1767/1370/1293
f 1771/1157/1093 1770/1156/1092 2120/1375/1298 1773/1374/1297
f 2119/1372/1295 2120/1375/1298 1770/1156/1092
f 1772/1162/1098 1773/1374/1297 2121/1376/1299 2122/1377/1300
f 1778/4211/3797 1777/4210/3796 137/27/27 2124/1382/1305
f 2122/1377/1300 1775/1379/1302 1774/1163/1099
f 2123/1378/1301 1777/4210/3796 1775/1379/1302
f 1777/4210/3796 2123/1378/1301 137/27/27
f 140/26/26 2125/1380/1303 2124/1382/1305 137/27/27
f 2124/1382/1305 1780/1381/1304 1778/4211/3797
f 2127/2432/2295 2128/2431/2294 1785/4213/3799 2126/1383/1306
f 1780/1381/1304 1782/1165/1101 1781/1164/1100
f 2126/1383/1306 1785/4213/3799 1783/1384/1307
f 2129/2430/2293 1790/4216/3802 1786/4214/3800 2128/2431/2294
f 2128/2431/2294 1786/4214/3800 1785/4213/3799
f 2130/4325/3889 2131/4326/3890 1790/4216/3802 2129/2430/2293
f 2132/1615/1526 2133/4327/3891 2131/4326/3890 2130/4325/3889
f 2131/4326/3890 1789/1168/1104 1790/4216/3802
f 2131/4326/3890 1791/1169/1105 1789/1168/1104
f 1791/1169/1105 2131/4326/3890 2133/4327/3891 1792/1170/1106
f 1794/1172/1108 1793/1171/1107 2135/4328/3892 230/3619/3403
f 1792/1170/1106 2133/4327/3891 2134/1619/1530
f 1792/1170/1106 2135/4328/3892 1793/1171/1107
f 2138/1387/1310 2135/4328/3892 2136/4329/3893 2137/1385/1308
f 2135/4328/3892 1792/1170/1106 2136/4329/3893
f 230/3619/3403 2135/4328/3892 2138/1387/1310 224/63/63
f 218/3618/3402 2139/1386/1309 2137/1385/1308 219/3617/3401
f 2138/1387/1310 2139/1386/1309 224/63/63
f 2140/1388/1311 224/63/63 2139/1386/1309 218/3618/3402
f 214/1637/1548 2140/1388/1311 218/3618/3402 25/59/59
f 2141/1635/1546 225/64/64 2140/1388/1311 214/1637/1548
f 2144/4330/3894 226/1390/66 2142/1389/1312 2143/1643/1553
f 225/1391/64 2141/4331/1546 2142/1389/1312
f 476/1396/1317 2145/1392/1313 2146/1646/1556 2147/1394/1315
f 2144/4330/3894 2145/1392/1313 226/1390/66
f 226/1390/66 472/1393/1314 227/3702/67
f 2150/4332/1321 476/1396/1317 2149/1395/1316 373/1398/1319
f 2145/1392/1313 476/1396/1317 472/1393/1314
f 2147/1394/1315 2148/1397/1318 2149/1395/1316
f 2152/4333/3895 2153/4334/3896 2150/1401/1321 2151/1400/1320
f 476/1396/1317 2150/4332/1321 2153/4335/3896 473/3703/3460
f 2154/4336/3897 2151/1400/1320 372/1402/1322 375/3664/3438
f 2151/1400/1320 2154/4336/3897 2156/2855/2697 2152/4333/3895
f 2154/4336/3897 2155/2851/2695 2156/2855/2697
f 375/3664/3438 2159/4337/3898 2157/4338/3899 2154/4336/3897
f 2154/4336/3897 2157/4338/3899 2155/2851/2695
f 2157/4338/3899 2158/1405/1325 2155/2851/2695
f 2158/1405/1325 2157/4338/3899 2159/4337/3898 2160/1403/1323
f 2162/4339/3900 2163/4340/3901 2160/1403/1323 2159/4337/3898
f 2161/1404/1324 2160/1403/1323 2163/4340/3901 2164/4341/3902
f 2166/2847/2691 2161/1404/1324 2164/4341/3902 2165/4342/3903
f 2165/4342/3903 2164/4341/3902 2167/4343/3904 2169/1408/1328
f 2164/4341/3902 2163/4340/3901 2167/4343/3904
f 2170/4344/3905 2171/1406/1326 2169/1408/1328 2167/4343/3904
f 562/4345/3906 2175/1409/1329 2174/4346/3907 2173/4347/3908
f 2171/1406/1326 2172/4348/3909 2168/1407/1327
f 2172/4348/3909 2171/1406/1326 2173/4347/3908
f 2173/4347/3908 2174/4346/3907 2172/4348/3909
f 2177/2840/2684 2174/4346/3907 2175/1409/1329 2176/1411/1331
f 604/270/264 608/1416/1336 2180/1415/1335 2182/2909/2748
f 554/271/265 604/270/264 2184/1418/1338 552/3740/3489
f 2182/2909/2748 2183/1423/1342 604/270/264
f 2183/1423/1342 2184/1418/1338 604/270/264
f 2184/1418/1338 2183/1423/1342 2185/4349/3910
f 2184/1418/1338 551/246/241 552/3740/3489
f 2186/4350/3911 2187/1417/1337 2184/1418/1338 2185/4349/3910
f 551/246/241 84/245/240 552/3740/3489
f 2189/4351/3912 602/267/261 2187/1419/1337 2188/4352/3913
f 2187/1419/1337 2186/4353/3911 2188/4352/3913
f 2187/1419/1337 550/265/242 551/4354/241
f 165/1420/1339 176/268/262 602/267/261 2189/4351/3912
f 566/3586/3375 165/1420/1339 2189/4351/3912 87/3744/3493
f 176/268/262 162/1421/1340 161/3603/3389
f 87/3744/3493 2189/4351/3912 2188/4352/3913 565/3745/3494
f 565/3745/3494 2188/4352/3913 2186/4353/3911 2190/4355/3914
f 2185/4349/3910 2192/4356/3915 2190/4357/3914 2186/4350/3911
f 2190/4355/3914 2191/4358/3916 565/3745/3494
f 2191/4359/3916 2190/4357/3914 2192/4356/3915 2193/1422/1341
f 2194/4360/3917 2191/4359/3916 2193/1422/1341 182/3607/3393
f 17/1425/1344 2195/1424/1343 2182/2909/2748 2196/1426/1345
f 2193/1422/1341 2192/4356/3915 2183/1423/1342
f 2193/1422/1341 17/1425/1344 182/3607/3393
f 2195/1424/1343 2183/1423/1342 2182/2909/2748
f 2197/2908/2747 560/3742/3491 2196/1426/1345 2182/2909/2748
f 2194/4361/3917 2199/4362/3918 166/3587/3376 567/3743/3492
f 560/3742/3491 559/254/249 2196/1426/1345
f 181/1427/1346 559/254/249 2198/4363/1347
f 2198/4363/1347 2199/4364/3918 181/1427/1346
f 2199/4362/3918 2198/1428/1347 2200/1430/1349
f 2200/1430/1349 166/3587/3376 2199/4362/3918
f 14/3604/3390 2200/1430/1349 2201/1429/1348 162/1421/1340
f 166/3587/3376 2200/1430/1349 14/3604/3390
f 166/3587/3376 566/3586/3375 567/3743/3492
f 2206/1437/1356 164/1436/1355 2205/1435/1354 581/3752/3501
f 2198/1428/1347 2202/1431/1350 2201/1429/1348
f 2202/1431/1350 163/1434/1353 2201/1429/1348
f 2204/1433/1352 2205/1435/1354 163/1434/1353
f 164/1436/1355 162/1421/1340 163/1434/1353
f 580/1443/1362 2207/1440/1359 174/1438/1357 2206/1437/1356
f 164/1436/1355 2206/1437/1356 173/1439/1358
f 2206/1437/1356 581/3752/3501 580/1443/1362
f 2208/1441/1360 171/34/34 174/1438/1357
f 2211/2906/2745 2209/1442/1361 580/1443/1362 90/2907/2746
f 2212/4365/3919 2210/4366/3920 2209/1442/1361 2211/2906/2745
f 2210/4366/3920 2212/4365/3919 2213/4367/3921 2214/1457/1376
f 2217/4368/3922 2213/4367/3921 2212/4365/3919 2216/4369/3923
f 2218/4370/3924 2215/4371/3925 2213/4367/3921 2217/4368/3922
f 2215/4371/3925 2218/4370/3924 2219/1446/1365 2220/4372/3926
f 2222/1444/1363 2219/1446/1365 2218/4370/3924 2221/2366/2232
f 2214/1457/1376 2215/4371/3925 2220/4372/3926 2230/1455/1374
f 2224/1448/1367 2226/1451/1370 2/1445/1364
f 2226/1451/1370 2225/1450/1369 2227/2358/2224
f 2229/1454/1373 2220/4372/3926 2219/1446/1365
f 2232/1458/1377 2214/1457/1376 2231/1456/1375 3338/2371/2237
f 2214/1457/1376 2213/4367/3921 2215/4371/3925
f 2235/1462/1381 171/34/34 2208/1441/1360 167/1461/1380
f 2214/1457/1376 2232/1458/1377 2210/4366/3920
f 2210/4366/3920 2232/1458/1377 2207/1440/1359
f 2207/1440/1359 2209/1442/1361 2210/4366/3920
f 2207/1440/1359 2233/1459/1378 2234/1460/1379
f 579/3751/3500 172/35/35 170/3602/3388 2236/1464/1383
f 2235/1462/1381 170/3602/3388 172/35/35
f 172/35/35 579/3751/3500 175/269/263
f 576/257/252 578/256/251 169/1463/1382 2237/1467/1386
f 2236/1464/1383 89/255/250 579/3751/3500
f 2236/1464/1383 578/256/251 89/255/250
f 2236/1464/1383 170/3602/3388 169/1463/1382
f 2237/1467/1386 169/1463/1382 2238/2403/2269 2239/1465/1384
f 2243/2380/2246 2244/2397/2263 2242/1469/1388 2241/2396/2262
f 2239/1465/1384 2238/2403/2269 2241/2396/2262
f 2241/2396/2262 2242/1469/1388 2239/1465/1384
f 2245/1470/1389 569/1468/1387 2242/1469/1388 2244/2397/2263
f 2246/1471/1390 2247/1472/1391 2248/4373/3927 2249/2480/2340
f 2251/1473/1392 2247/1472/1391 2245/1470/1389 2250/4374/3928
f 2252/1475/1394 2248/4373/3927 2247/1472/1391 2251/1473/1392
f 2254/4375/3929 2248/4373/3927 2252/1475/1394 2253/1477/1396
f 2255/1478/1397 2253/1477/1396 2252/1475/1394 625/1474/1393
f 2257/1481/1400 2256/1476/1395 2255/1478/1397 624/1479/1398
f 2259/4376/3930 2257/1481/1400 624/1479/1398 623/287/281
f 2260/4377/3931 2258/1480/1399 2257/1481/1400 2259/4376/3930
f 2258/1480/1399 2260/4377/3931 330/2901/2740 2261/2477/2337
f 2263/4378/3932 2260/4377/3931 2259/4376/3930 2262/4379/3933
f 331/3652/3426 330/2901/2740 2260/4377/3931 2263/4378/3932
f 2264/2472/2332 331/3652/3426 2263/4378/3932 2265/1484/1403
f 2267/2473/2333 2264/2472/2332 2265/1484/1403 2266/1483/1402
f 2262/4379/3933 2268/1482/1401 2265/1484/1403 2263/4378/3932
f 2270/4380/3934 2266/1483/1402 2268/1482/1401 2269/1486/1405
f 2273/2402/2268 2274/2401/2267 2269/1486/1405 2271/1485/1404
f 2272/1488/1407 2269/1486/1405 2274/2401/2267 2275/4381/3935
f 2276/1489/1408 2272/1488/1407 2275/4381/3935 616/281/275
f 617/2400/2266 616/281/275 2275/4381/3935 2274/2401/2267
f 2277/4382/3936 2276/1489/1408 616/281/275 2279/1490/1409
f 2276/1489/1408 2277/4382/3936 2278/1487/1406
f 619/280/274 2283/1494/1413 2281/1492/1411 2280/1491/1410
f 2279/1490/1409 2280/1491/1410 2277/4382/3936
f 2285/2465/2325 2281/1492/1411 2283/1494/1413 2284/4383/3937
f 2284/4383/3937 2283/1494/1413 2287/1496/1415 2288/4384/3938
f 2290/2462/2322 2284/4383/3937 2288/4384/3938 2289/2463/2323
f 2294/2394/2260 2295/2393/2259 2293/2464/2324 2288/4384/3938
f 2288/4384/3938 2287/1496/1415 2291/2392/2258
f 2288/4384/3938 2293/2464/2324 2289/2463/2323
f 2292/4385/3939 2293/2464/2324 2295/2393/2259 2296/4386/3940
f 2298/4387/3941 2292/4385/3939 2296/4386/3940 2297/1499/1418
f 2308/1506/1425 2306/1504/1423 2305/1503/1422 2307/2355/2221
f 2296/4386/3940 2299/1497/1416 2297/1499/1418
f 2299/1497/1416 2296/4386/3940 2301/4388/3942
f 2302/1500/1419 2299/1497/1416 106/3/3
f 2302/1500/1419 2304/1502/1421 2303/1501/1420
f 2304/1502/1421 2302/1500/1419 105/2/2
f 2310/1507/1426 2308/1506/1425 2307/2355/2221 2309/4389/2271
f 2308/1506/1425 292/3641/3416 2306/1504/1423
f 2313/1511/1428 2312/1509/1427 2315/1513/1430 2316/1514/1431
f 2310/1508/1426 2311/2404/2270 2312/1509/1427
f 2321/4390/3943 2320/1518/1435 2323/4391/3944 2324/4392/3945
f 2320/1518/1435 2321/4390/3943 2322/1519/1436
f 2326/4393/3946 2325/4394/2273 2327/4395/3947 2328/4396/3948
f 2324/4392/3945 2323/4391/3944 2325/2407/2273
f 2325/4394/2273 2326/4393/3946 2324/4397/3945
f 2330/4398/3949 2328/4396/3948 2331/4399/3950 2329/4400/3951
f 2333/2410/2276 2334/1520/1437 2332/4401/3952 2331/4399/3950
f 2331/4399/3950 2332/4401/3952 2329/4400/3951
f 2336/4402/3953 2332/4401/3952 2334/1520/1437 2335/1523/1440
f 2340/4403/3954 2335/1523/1440 2338/1522/1439 2339/1526/1443
f 2344/2415/2280 2345/1524/1441 2339/1526/1443 2338/1522/1439
f 2339/1526/1443 2342/1525/1442 2343/2442/2303
f 2352/4404/3955 2347/1528/1445 2350/4405/3956 2351/4406/3957
f 2342/1525/1442 2346/1527/1444 2343/2442/2303
f 2347/1528/1445 2346/1527/1444 2349/2417/2282
f 2356/2435/2297 2351/4407/3957 2354/1532/1449 2355/1531/1448
f 2350/4408/3956 2347/4409/1445 2353/4410/3958
f 2350/4408/3956 2354/1532/1449 2351/4407/3957
f 2041/1535/1452 2362/1536/1453 2048/4411/1242 2044/4412/3878
f 2354/1532/1449 2350/4408/3956 2357/1530/1447
f 2355/1531/1448 2041/1535/1452 2358/2436/2298
f 2355/1531/1448 2357/1530/1447 2359/1533/1450
f 2041/1535/1452 2360/1534/1451 2361/1537/1454
f 2361/1537/1454 2362/1536/1453 2041/1535/1452
f 2363/4413/1456 2048/4411/1242 2362/1536/1453 2364/1538/1455
f 448/3687/3456 2054/4414/1248 2365/4415/3959 449/1545/1461
f 2363/1539/1456 2364/1540/1455 2052/1321/1245
f 2364/1538/1455 2365/4415/3959 2054/4414/1248
f 2368/2420/2285 2369/1541/1457 2367/1543/1459 2365/4415/3959
f 2054/1324/1248 448/3684/3456 447/1325/1249
f 2365/4415/3959 2364/1538/1455 2366/2434/2296
f 2365/4415/3959 2367/1543/1459 449/1545/1461
f 450/1544/1460 2372/1547/1463 2373/1549/1465 451/3685/3457
f 2367/1543/1459 2370/1542/1458 449/1545/1461
f 2369/1541/1457 2371/1546/1462 2370/1542/1458
f 2377/4416/3960 2373/4417/1465 2375/1554/1464 2376/1553/1468
f 2372/1547/1463 2374/4418/3961 2375/1548/1464
f 2378/1550/1466 2381/1715/1619 2380/4419/1469 2379/1551/1467
f 2379/1552/1467 2069/1337/1260 2376/1553/1468
f 2383/4420/3962 2380/4419/1469 2381/1715/1619 2382/1714/1618
f 2071/1339/1262 2380/1555/1469 2383/4421/3962 2073/1341/1264
f 2385/1558/1472 2383/4420/3962 2382/1714/1618 2384/1556/1470
f 2074/1561/1473 2073/1341/1264 2383/4421/3962 2385/1559/1472
f 2077/4422/3881 2076/1557/1471 2386/1562/1474 2387/4423/3963
f 2078/4424/1476 2077/4422/3881 2387/4423/3963 2388/4425/1475
f 2392/4426/3964 2390/1565/1477 2389/4427/1622 2391/1721/1624
f 2080/1345/1268 2390/1565/1477 2083/1349/1272
f 2083/1349/1272 2082/1347/1270 2080/1345/1268
f 2394/4428/3965 2392/4426/3964 2391/1721/1624 2393/1720/1623
f 2390/1565/1477 2392/4426/3964 2086/1352/1275
f 2395/1566/1478 2086/1352/1275 2392/4426/3964 2394/4428/3965
f 2397/1567/1479 2395/1566/1478 2394/4428/3965 2396/1724/1627
f 2086/1352/1275 2395/1566/1478 2089/1354/1277 2087/1353/1276
f 2090/1571/1483 2400/1570/1482 2094/1573/1485 2092/4315/3883
f 2405/1733/1636 2096/4316/3884 2095/1357/1280 2404/4429/3966
f 2403/1575/1487 2093/1356/1279 2094/1573/1485
f 2403/1575/1487 2404/4429/3966 2095/1357/1280
f 2406/1732/1635 2097/4317/3885 2096/4316/3884 2405/1733/1636
f 466/202/199 2407/1578/1490 2097/4317/3885 2406/1732/1635
f 231/70/70 2420/1595/1506 2419/1593/1504 2418/1592/1503
f 2407/1578/1490 2099/1577/1489 2097/4317/3885
f 2099/1577/1489 2102/1581/1493 2100/4319/3887
f 2102/1581/1493 2105/4320/1495 2101/1359/1282
f 2102/1582/1493 2409/4430/1492 2411/1583/1494
f 2413/1586/1497 2412/1585/1496 2414/1587/1498
f 2413/1586/1497 2107/1365/1288 2106/1364/1287
f 2413/1586/1497 2415/1588/1499 2107/1365/1288
f 2414/1587/1498 2416/1590/1501 2415/1588/1499
f 2415/1588/1499 2417/1591/1502 2108/1589/1500
f 2417/1591/1502 2416/1590/1501 2418/1592/1503
f 2417/1591/1502 2419/1593/1504 2110/1367/1290
f 2111/1594/1505 2421/1596/1507 2112/1598/1509 1763/1153/1089
f 2423/1597/1508 2421/1596/1507 2420/1595/1506 2422/4431/2180
f 2112/1598/1509 2423/1597/1508 2114/4322/3888 2113/1368/1291
f 2116/4323/1512 2114/4322/3888 2423/1597/1508 2424/4432/1510
f 2429/2303/2177 2432/2302/2176 138/1608/1519 2428/1606/1517
f 2118/1603/1514 2117/4324/1292 2116/1601/1512
f 2116/1601/1512 2626/1600/1511 2118/1603/1514
f 2118/1603/1514 2626/1600/1511 2425/1602/1513
f 2426/1604/1515 2120/1375/1298 2119/1372/1295
f 2426/1604/1515 2427/1605/1516 2120/1375/1298
f 2427/1605/1516 2426/1604/1515 3277/2304/2178
f 2427/1605/1516 2429/2303/2177 2428/1606/1517
f 2430/1607/1518 138/1608/1519 137/27/27
f 138/1608/1519 2431/1610/1521 139/25/25
f 2431/1610/1521 138/1608/1519 2432/2302/2176 2433/1611/1522
f 2437/4433/3967 2435/1612/1523 2433/1611/1522 2436/4434/3968
f 2435/1612/1523 2438/4435/3969 2439/4436/3970 2440/4437/3971
f 2435/1612/1523 2437/4433/3967 2438/4435/3969
f 2442/4438/3972 2438/4435/3969 2437/4433/3967 2441/2301/2175
f 2443/4439/3973 2439/4436/3970 2438/4435/3969 2442/4438/3972
f 2439/4436/3970 2443/4439/3973 2444/4440/3974 2445/4441/3975
f 2447/1613/1524 2443/4439/3973 2442/4438/3972 2446/1614/1525
f 2132/1615/1526 2444/4440/3974 2443/4439/3973 2447/1613/1524
f 2133/4327/3891 2132/1615/1526 2448/1616/1527 2134/1619/1530
f 2446/1614/1525 2448/1616/1527 2132/1615/1526
f 2137/1385/1308 2136/4329/3893 2134/1619/1530 2451/1620/1531
f 2448/1616/1527 2446/1614/1525 2449/1617/1528
f 2134/1619/1530 2136/4329/3893 1792/1170/1106
f 219/3617/3401 2137/1385/1308 2452/4442/3976 2453/1767/1669
f 2451/1620/1531 2450/1618/1529 2452/4442/3976
f 2451/1620/1531 2452/4442/3976 2137/1385/1308
f 216/3615/3399 219/3617/3401 2453/1767/1669 2454/4443/3977
f 2453/1767/1669 2456/1623/1534 2454/4443/3977
f 217/3616/3400 216/3615/3399 2454/4443/3977 2456/1623/1534
f 2459/1625/1536 217/3616/3400 2456/1623/1534 2458/1622/1533
f 2455/1621/1532 2457/1769/1671 2458/1622/1533
f 217/3616/3400 2459/1625/1536 2461/1626/1537 215/57/57
f 2464/1630/1541 215/57/57 2461/1626/1537 2463/1628/1539
f 2461/1626/1537 2460/1624/1535 2462/1627/1538
f 215/57/57 2464/1630/1541 2466/1631/1542 212/58/58
f 2464/1630/1541 2465/1629/1540 2466/1631/1542
f 2469/4444/3978 213/1638/1549 2468/1633/1544 2467/1632/1543
f 2468/1633/1544 213/1638/1549 212/58/58
f 2471/4445/1550 2472/1634/1545 2470/1636/1547 213/1638/1549
f 2142/1389/1312 2472/1641/1545 2473/1640/1551 2143/1643/1553
f 2470/1636/1547 2141/1635/1546 214/1637/1548
f 2472/1641/1545 2142/1389/1312 2141/4331/1546
f 2477/2120/1996 2475/1644/1554 2474/1642/1552 2476/2293/2168
f 2143/1643/1553 2474/1642/1552 2475/1644/1554
f 2144/4330/3894 2475/1644/1554 2146/1646/1556 2145/1392/1313
f 2475/1644/1554 2477/2120/1996 2478/1645/1555
f 2475/1644/1554 2144/4330/3894 2143/1643/1553
f 2147/1394/1315 2478/1645/1555 2477/2120/1996 2479/1647/1557
f 2485/4446/3979 2483/1651/1560 2481/1649/1559 2484/4447/3980
f 2478/1645/1555 2147/1394/1315 2146/1646/1556
f 2480/1648/1558 2481/1649/1559 2148/1397/1318
f 2148/1397/1318 371/1650/148 373/1398/1319
f 2481/1649/1559 2480/1648/1558 2482/4448/3981
f 2486/4449/3982 2487/1652/1561 2483/4450/1560 2485/4451/3979
f 371/150/148 2483/4450/1560 2487/1652/1561 369/147/145
f 2490/4452/3983 370/148/146 2487/1652/1561 2489/1654/1563
f 2486/4449/3982 2488/1653/1562 2487/1652/1561
f 2494/2129/2005 2495/2128/2004 2492/4453/3984 2490/4452/3983
f 2489/1654/1563 2491/2125/2001 2490/4452/3983
f 2492/4453/3984 2493/4454/3985 2490/4452/3983
f 2498/4455/3986 2492/4453/3984 2496/1656/1565 2497/1655/1564
f 2495/2128/2004 2496/1656/1565 2492/4453/3984
f 2500/1658/1567 2502/1657/1566 563/252/247 2503/2428/2291
f 2496/1656/1565 2495/2128/2004 2499/2127/2003
f 2497/1655/1564 2500/1658/1567 2501/4456/3987
f 2203/4457/1351 563/252/247 2502/1657/1566 2504/4458/3988
f 2204/1433/1352 2203/1432/1351 2504/4459/3988 610/278/272
f 2496/1656/1565 2505/2427/1570 2504/4458/3988 2502/1657/1566
f 2504/4459/3988 614/279/273 610/278/272
f 614/279/273 2504/4459/3988 2505/1661/1570 615/1660/1569
f 2511/4460/3989 2509/1665/1574 536/3730/3483 2510/4461/3990
f 611/1664/1573 2509/1665/1574 612/3766/3511
f 2508/1663/1572 536/3730/3483 2509/1665/1574
f 2514/2344/2210 2510/4461/3990 2512/1668/1577 2513/1667/1576
f 536/3730/3483 2508/1663/1572 537/2426/2290
f 536/3730/3483 2512/1668/1577 2510/4461/3990
f 535/3732/3485 2515/1666/1575 2512/1668/1577 536/3730/3483
f 2519/4462/2206 2516/1672/1580 2518/1671/1579 196/1674/1582
f 2515/1666/1575 2516/2342/1580 2513/1667/1576
f 196/1674/1582 130/1673/1581 128/21/21 194/1676/1584
f 2521/4463/3991 195/1675/1583 127/20/20 2520/2145/2021
f 195/1675/1583 2521/4463/3991 2522/2337/2204 193/41/41
f 2524/1677/1585 2522/2337/2204 2521/4463/3991 2523/4464/3992
f 2531/1682/1590 2528/1681/1589 2526/1678/1586 2530/4465/3993
f 2524/1677/1585 2525/1679/1587 2522/2337/2204
f 2524/1677/1585 2527/4466/3994 2526/1678/1586
f 2528/1681/1589 2529/2335/2202 2526/1678/1586
f 2534/2333/2200 2532/1680/1588 2531/1682/1590 2533/4467/3995
f 2535/2148/2024 2536/1684/1592 2534/2333/2200 2533/4467/3995
f 2537/1683/1591 2538/1685/1593 2539/1688/1595 2540/2328/2195
f 2534/2333/2200 2536/1684/1592 2537/1683/1591
f 2544/1689/194 2543/1691/1597 2539/1688/1595 460/1687/195
f 2538/1685/1593 2541/4468/3996 2542/1686/1594
f 2538/1685/1593 2542/1686/1594 2539/1688/1595
f 2549/1696/1602 2548/2318/2190 2546/4469/1598 462/1694/1600
f 2546/4469/1598 2544/197/194 67/196/193
f 2557/4470/3997 2554/1700/1606 2553/1702/1605 2556/4471/3998
f 2549/1696/1602 2550/1695/1601 2551/1698/1604
f 2555/1705/1609 2554/1700/1606 2557/4470/3997 2558/1703/1607
f 2566/1712/1616 2562/1707/1611 2567/1709/1613 2568/1710/1614
f 2557/4470/3997 2560/4472/3999 2558/1703/1607
f 2558/1703/1607 2561/4473/4000 2559/1704/1608
f 2564/1708/1612 2562/1707/1611 2563/4474/4001
f 2371/1546/1462 2569/1711/1615 2570/4475/4002 2372/1547/1463
f 2568/1710/1614 2570/4475/4002 2569/1711/1615
f 2387/4423/3963 2386/1562/1474 2573/1821/1720 2574/1823/1722
f 2570/4475/4002 2568/1710/1614 2744/2063/1940
f 2570/4475/4002 2374/4418/3961 2372/1547/1463
f 2374/4418/3961 2570/4475/4002 2571/1822/1721
f 2571/1822/1721 2378/1550/1466 2374/4418/3961
f 2378/1550/1466 2375/1548/1464 2374/4418/3961
f 2378/1550/1466 2571/1822/1721 2572/1713/1617
f 2378/1550/1466 2572/1713/1617 2381/1715/1619
f 2572/1713/1617 2386/1562/1474 2384/1556/1470
f 2386/1562/1474 2572/1713/1617 2573/1821/1720
f 2387/4423/3963 2575/1716/1620 2389/1718/1622 2388/4425/1475
f 2574/1823/1722 2575/1716/1620 2387/4423/3963
f 2393/1720/1623 2578/1722/1625 2396/1724/1627 2394/4428/3965
f 2389/4427/1622 2576/1719/1621 2391/1721/1624
f 2389/4427/1622 2390/1565/1477 2388/1563/1475
f 2575/1716/1620 2577/4476/4003 2576/1717/1621
f 2576/1719/1621 2579/4477/4004 2578/1722/1625
f 2397/1567/1479 2396/1724/1627 2580/1723/1626 2398/1568/1480
f 2578/1722/1625 2581/1828/1727 2580/1723/1626
f 122/16/16 121/15/15 2398/1568/1480 2580/1723/1626
f 2399/1569/1481 2398/1568/1480 121/15/15 2582/1725/1628
f 121/15/15 2583/1726/1629 2401/1572/1484 2582/1725/1628
f 2399/1569/1481 2401/1572/1484 2400/1570/1482
f 2587/1731/1634 2583/1726/1629 2585/1728/1631 2586/1729/1632
f 2401/1572/1484 2402/1574/1486 2094/1573/1485
f 2403/1575/1487 2402/1574/1486 2587/1731/1634 2588/1730/1633
f 2583/1726/1629 2587/1731/1634 2402/1574/1486
f 2590/1734/1637 2588/1730/1633 2586/1729/1632 2589/1836/1735
f 2404/4429/3966 2403/1575/1487 2588/1730/1633 2590/1734/1637
f 463/203/200 2406/1732/1635 2590/1734/1637 2591/1835/1734
f 2589/1836/1735 2591/1835/1734 2590/1734/1637
f 2590/1734/1637 2405/1733/1636 2404/4429/3966
f 464/200/197 2591/1835/1734 2592/4478/4005 2593/4479/1638
f 463/203/200 2591/1835/1734 464/200/197
f 234/1739/1641 2596/4480/1640 2595/4481/1639 2598/4482/1739
f 2593/1735/1638 2592/4483/4005 2594/4484/4006
f 2596/4485/1640 465/201/198 464/200/197
f 2599/1741/1643 2597/4486/2183 2596/4480/1640 234/1739/1641
f 2597/4486/2183 2599/1741/1643 2600/1742/1644 2408/4487/1488
f 2602/4488/4007 2603/4489/4008 2412/1585/1496 2601/1740/1642
f 2599/1741/1643 2601/1740/1642 2600/1742/1644
f 2411/1583/1494 2410/4490/1491 2600/1742/1644
f 2604/4491/4009 2605/4492/4010 2603/4489/4008 2602/4488/4007
f 2603/4489/4008 2414/1587/1498 2412/1585/1496
f 2414/1587/1498 2603/4489/4008 2605/4492/4010 2416/1590/1501
f 2606/2060/1938 2607/1744/1646 2605/4492/4010 2604/4491/4009
f 2416/1590/1501 2605/4492/4010 2607/1744/1646 2418/1592/1503
f 2608/1745/1647 2609/1743/1645 2607/1744/1646 2606/2060/1938
f 28/68/68 232/3622/3405 2609/1743/1645 2608/1745/1647
f 2418/1592/1503 2609/1743/1645 232/3622/3405 231/70/70
f 2610/1746/1648 2611/4493/1649 2612/4494/1651 28/68/68
f 2615/1750/1652 2616/1751/1653 2617/4495/4011 2618/2308/2181
f 2611/1747/1649 2613/2062/1939 2614/1748/1650
f 2614/1748/1650 2953/2037/1915 2616/1751/1653
f 2620/2041/1919 2621/1755/1657 2617/4495/4011 2616/1751/1653
f 2619/1754/1656 2617/4495/4011 2621/1755/1657 2622/1752/1654
f 2623/1753/1655 2622/1752/1654 2624/1756/1658 2625/1757/1659
f 2629/1760/1662 2627/2045/1923 2630/2043/1921 2631/1758/1660
f 2625/1757/1659 2627/2045/1923 2628/2305/2179
f 2633/1761/1663 2632/4496/4012 2631/1758/1660 2630/2043/1921
f 2632/4496/4012 2633/1761/1663 2634/1763/1665 2441/2301/2175
f 2634/1763/1665 2635/1762/1664 2636/2300/2174 2446/1614/1525
f 211/55/55 2636/2300/2174 2635/1762/1664 210/56/56
f 2633/1761/1663 2637/2042/1920 2635/1762/1664
f 2638/1764/1666 2449/1617/1528 2636/2300/2174
f 2639/4497/4013 2638/1764/1666 2641/1765/1667 2453/1767/1669
f 2636/2300/2174 211/55/55 2638/1764/1666
f 2638/1764/1666 2639/4497/4013 2640/2299/2173
f 2645/1772/1674 2460/1624/1535 2643/2047/1925 2644/4498/4014
f 2453/1767/1669 2452/4442/3976 2639/4497/4013
f 2453/1767/1669 2642/1766/1668 2456/1623/1534
f 2642/1766/1668 209/1768/1670 2455/1621/1532
f 2457/1769/1671 2643/2047/1925 2460/1624/1535 2458/1622/1533
f 2646/2040/1918 2647/4499/4015 2645/1772/1674 2644/4498/4014
f 2462/1627/1538 2460/1624/1535 2645/1772/1674 2649/1771/1673
f 2647/4499/4015 2648/1770/1672 2645/1772/1674
f 2652/1775/1677 2462/1627/1538 2649/1771/1673 2651/1774/1676
f 2648/1770/1672 2650/1773/1675 2649/1771/1673
f 485/4500/3467 2469/4444/3978 2658/4501/1681 483/4502/3466
f 2652/1775/1677 2653/1776/1678 2463/1628/1539
f 2653/1859/1678 2652/4503/1677 2654/1857/1752
f 2653/1859/1678 2655/1858/1753 2465/4504/1540
f 2465/4504/1540 2655/1858/1753 2656/1777/1679
f 2656/1780/1679 2466/1631/1542 2465/1629/1540
f 2658/4501/1681 2469/4444/3978 2467/1632/1543
f 2658/1781/1681 2659/1863/1757 483/4505/3466
f 213/1638/1549 2469/4444/3978 485/4500/3467 2471/4445/1550
f 481/213/208 71/212/207 2661/1783/1683 2662/1785/1685
f 2659/4506/1757 484/1784/1684 483/3708/3466
f 484/1784/1684 2661/1783/1683 71/212/207
f 488/216/211 2662/1785/1685 2664/1786/1686 489/217/212
f 2662/1785/1685 488/216/211 2663/2296/2170
f 494/1787/1687 2664/1786/1686 2661/1783/1683 2665/1864/1758
f 2669/4507/1989 2666/4508/4016 2667/4509/4017 2668/4510/4018
f 494/1787/1687 2665/1864/1758 2666/4508/4016
f 2666/4508/4016 490/3712/3469 494/1787/1687
f 2666/4508/4016 2665/1864/1758 2667/4509/4017
f 2668/4510/4018 2667/4509/4017 2670/4511/4019 2671/4512/4020
f 2673/4513/4021 2668/4514/4018 2671/4515/4020 2672/4516/4022
f 2679/4517/4023 2677/2108/1984 2676/4518/4024 2678/4519/1764
f 2671/4512/4020 2670/4511/4019 2674/4520/4025
f 2671/4515/4020 2675/2107/1983 2672/4516/4022
f 2675/2107/1983 2671/4515/4020 2676/4518/4024
f 2675/2107/1983 2676/4518/4024 2677/2108/1984
f 2688/1795/1695 2686/1794/1694 2685/1791/1691 2813/1874/1768
f 2679/4517/4023 2680/1788/1688 2681/1790/1690
f 2681/1790/1690 3027/2105/1981 2679/4517/4023
f 2681/1790/1690 2682/1789/1689 2683/1792/1692
f 2683/1792/1692 2684/2106/1982 2681/1790/1690
f 2683/1792/1692 2685/1791/1691 2686/1794/1694
f 2686/1794/1694 2687/2103/1979 2683/1792/1692
f 583/3757/3504 584/3756/3503 2692/1798/1698 2693/4521/4026
f 2691/1878/1772 584/3756/3503 2690/1796/1696
f 2695/1799/1699 2692/1798/1698 584/3756/3503 2691/1878/1772
f 2696/1800/1700 2698/1801/1701 2699/4522/4027 2700/2096/1972
f 2695/1799/1699 2697/1877/1771 2698/1801/1701
f 2702/4523/4028 2699/4522/4027 2698/1801/1701 2701/1880/1774
f 2699/4522/4027 2702/4523/4028 2703/4524/4029 2704/2092/1968
f 2709/2089/1965 2705/4525/4030 2707/4526/4031 2708/4527/4032
f 2701/1880/1774 2818/1879/1773 2702/4523/4028
f 2703/4524/4029 2702/4523/4028 2706/4528/4033
f 2703/4524/4029 2707/4526/4031 2705/4525/4030
f 2724/2064/1941 2719/1808/1707 2722/4529/4034 2723/4530/4035
f 2707/4526/4031 2703/4524/4029 2710/4531/4036
f 2707/4526/4031 2712/4532/4037 2708/4527/4032
f 2712/4532/4037 2711/1804/1704 2708/4527/4032
f 2712/4532/4037 2713/1802/1702 2711/1804/1704
f 2713/4533/1702 2712/4534/4037 2715/4535/4038
f 2713/4533/1702 2716/1805/1705 2714/1807/1703
f 2716/1805/1705 2713/4533/1702 2718/4536/4039
f 2718/4536/4039 2719/1808/1707 2716/1805/1705
f 2719/1808/1707 2718/4536/4039 2721/4537/4040
f 2721/4537/4040 2722/4529/4034 2719/1808/1707
f 2725/4538/4041 2726/4539/4042 2722/4529/4034 2721/4537/4040
f 2723/4530/4035 2722/4529/4034 2726/4539/4042 2727/4540/4043
f 2729/4541/4044 2723/4530/4035 2727/4540/4043 2728/4542/4045
f 643/3772/3516 2730/4543/4046 2727/4540/4043 2726/4539/4042
f 2728/4542/4045 2727/4540/4043 2730/4543/4046 2731/4544/4047
f 2735/3771/3515 2733/1810/1709 2732/1812/1711 2731/4544/4047
f 2731/4544/4047 2732/1812/1711 2728/4542/4045
f 2731/4544/4047 2730/4543/4046 642/3769/3514
f 2733/4545/1709 2735/4546/3515 2736/4547/4048 2560/4472/3999
f 2746/1819/1718 2742/1817/1716 2741/1816/1715 2745/2023/1902
f 2731/4544/4047 642/3769/3514 2735/3771/3515
f 2736/4547/4048 2738/1813/1712 2737/1815/1714
f 2738/1813/1712 2736/4547/4048 2740/2025/1904
f 2738/1813/1712 2741/1816/1715 2739/1814/1713
f 2741/1816/1715 2738/1813/1712 2743/2024/1903
f 2744/2063/1940 2742/1817/1716 2746/1819/1718 2747/1818/1717
f 2574/1823/1722 2750/1825/1724 2577/4476/4003 2575/1716/1620
f 2748/1820/1719 2573/1821/1720 2747/1818/1717
f 2748/1820/1719 2750/1825/1724 2574/1823/1722
f 2750/1825/1724 2749/1824/1723 2577/4476/4003
f 2577/4476/4003 2749/1824/1723 2751/2021/1900 2579/4548/4004
f 2753/1894/1786 2579/4548/4004 2751/2021/1900 2752/1895/1787
f 2579/4477/4004 2753/4549/1786 2581/1828/1727 2578/1722/1625
f 2579/4548/4004 2576/1717/1621 2577/4476/4003
f 2753/4549/1786 2754/1826/1725 2581/1828/1727
f 2757/1830/1729 2755/1827/1726 2754/1826/1725 2756/4550/1788
f 122/16/16 2580/1723/1626 2581/1828/1727
f 120/14/14 122/16/16 2755/1827/1726 2757/1830/1729
f 2759/1829/1728 2757/1830/1729 2756/4550/1788 2758/4551/1791
f 2761/4552/4049 2759/1829/1728 2758/4551/1791 2760/4553/1790
f 2762/1831/1730 120/14/14 2759/1829/1728 2761/4552/4049
f 2584/1727/1630 2762/1831/1730 2761/4552/4049 2763/4554/4050
f 2583/1726/1629 121/15/15 2762/1831/1730 2584/1727/1630
f 2760/4553/1790 2764/4555/4051 2763/4554/4050 2761/4552/4049
f 2765/4556/4052 2766/4557/4053 2763/4554/4050 2764/4555/4051
f 2585/1728/1631 2584/1727/1630 2763/4554/4050 2766/4557/4053
f 2586/1729/1632 2585/1728/1631 2766/4557/4053 2767/4558/1793
f 2766/4557/4053 2765/4556/4052 2767/4558/1793
f 2589/1836/1735 2586/1729/1632 2769/1834/1733 2770/1833/1732
f 2767/4558/1793 2768/1832/1731 2769/1834/1733
f 2767/4558/1793 2769/1834/1733 2586/1729/1632
f 2592/4483/4005 2770/1837/1732 2771/1839/1736 2772/1906/1796
f 2770/1833/1732 2592/4478/4005 2591/1835/1734
f 2593/1735/1638 2594/4484/4006 2773/4559/4054 2774/1840/1737
f 2772/1906/1796 2773/4559/4054 2594/4484/4006
f 2772/1906/1796 2594/4484/4006 2592/4483/4005
f 2593/1735/1638 2774/1840/1737 2598/1842/1739 2595/1736/1639
f 2773/4559/4054 2775/1844/1741 470/1843/1740 2774/1840/1737
f 235/1841/1738 470/1843/1740 236/3700/3404
f 470/1843/1740 2776/1845/1742 68/3699/201
f 68/3699/201 2776/1845/1742 2777/1848/1745 467/1847/1744
f 2783/4560/4055 468/3696/1747 2781/1916/1806 2782/1920/1809
f 2778/1846/1743 2779/1914/1804 2780/1849/1746
f 2778/1846/1743 468/1850/1747 467/1847/1744
f 2780/1917/1746 2781/1916/1806 468/3696/1747
f 468/3696/1747 2783/4560/4055 2784/4561/4056 469/205/202
f 2786/4562/1911 2784/4561/4056 2783/4560/4055 2785/4563/4057
f 2787/4564/4058 2788/4565/4059 2786/4562/1911 2785/4563/4057
f 2789/2031/1909 2788/4566/4059 2790/1854/1748 2650/1773/1675
f 2788/4566/4059 2789/2031/1909 2786/2033/1911
f 2793/1855/1750 2791/1852/1749 2790/1851/1748 2792/4567/4060
f 2651/1853/1676 2791/1852/1749 2654/1857/1752 2652/4503/1677
f 2791/1852/1749 2793/1855/1750 2654/1857/1752
f 2657/1778/1680 2656/1777/1679 2796/1861/1755 2797/1862/1756
f 2654/1857/1752 2794/1856/1751 2795/1860/1754
f 2795/1860/1754 2653/1859/1678 2654/1857/1752
f 484/4568/1684 2659/1863/1757 2797/1862/1756 2660/4569/1682
f 2657/1778/1680 2659/1863/1757 2658/1781/1681
f 2667/4509/4017 2800/1867/1761 2801/4570/1817 2670/4511/4019
f 2660/4569/1682 2797/1862/1756 2798/1925/1759
f 2798/1865/1759 2665/1864/1758 2660/1782/1682
f 2800/1867/1761 2667/4509/4017 2665/1864/1758
f 2802/1932/1819 2803/1934/1821 2670/4511/4019 2801/4570/1817
f 2806/1868/1762 2674/4520/4025 2804/4571/4061 2805/1937/1824
f 2803/1934/1821 2804/4571/4061 2670/4511/4019
f 2804/4571/4061 2674/4520/4025 2670/4511/4019
f 2674/4520/4025 2676/4572/4024 2671/4512/4020
f 2678/1870/1764 2676/4572/4024 2674/4520/4025 2806/1868/1762
f 2678/4519/1764 2808/1871/1765 2680/1788/1688 2679/4517/4023
f 2678/4519/1764 2807/4573/1763 2808/1871/1765
f 2810/1872/1766 2808/1871/1765 2807/4573/1763 2809/4574/4062
f 2697/1877/1771 2817/1876/1770 2701/1880/1774 2698/1801/1701
f 2810/1872/1766 2811/1941/1828 2812/1873/1767
f 2812/1873/1767 2811/1941/1828 2813/1874/1768
f 2813/1874/1768 2814/4575/4063 2815/4576/4064
f 2813/1874/1768 2815/4576/4064 2690/1796/1696
f 2690/1796/1696 2688/1795/1695 2813/1874/1768
f 2690/1796/1696 2815/4576/4064 2816/1875/1769
f 2816/1875/1769 2691/1878/1772 2690/1796/1696
f 2697/1877/1771 2695/1799/1699 2691/1878/1772
f 2702/4523/4028 2818/1879/1773 2820/2028/1907 2706/4528/4033
f 2818/1879/1773 2819/1944/1831 2820/2028/1907
f 2710/4531/4036 2706/4528/4033 11/2030/1908 2821/4577/4065
f 2706/4528/4033 2710/4531/4036 2703/4524/4029
f 2706/4528/4033 2820/2028/1907 11/2030/1908
f 2707/4526/4031 2710/4531/4036 2821/4577/4065 2712/4532/4037
f 2713/4533/1702 2715/4535/4038 2822/4578/4066 2718/4536/4039
f 2821/4579/4065 2715/4535/4038 2712/4534/4037
f 2715/4535/4038 2821/4579/4065 2896/1970/1857
f 2896/1970/1857 2822/4578/4066 2715/4535/4038
f 2824/1881/1775 645/299/293 2825/4580/4067 2823/4581/4068
f 2822/4578/4066 2896/1970/1857 2895/1966/1853
f 2822/4578/4066 2823/4581/4068 2718/4536/4039
f 2823/4581/4068 2721/4537/4040 2718/4536/4039
f 2823/4581/4068 2822/4578/4066 2824/1881/1775
f 2823/4581/4068 2825/4580/4067 2721/4537/4040
f 2825/4580/4067 2725/4538/4041 2721/4537/4040
f 2725/4538/4041 2825/4580/4067 645/299/293 644/298/292
f 2833/2020/1899 2834/1888/1782 2830/1887/1781 2831/1886/1780
f 2827/1883/1777 2826/1882/1776 2828/1884/1778
f 2827/1883/1777 100/300/294 645/299/293
f 2829/1885/1779 2830/1887/1781 100/300/294
f 2830/1887/1781 2832/1889/1783 641/3770/1905
f 2842/4582/4069 2760/1900/1790 2840/1957/1844 2841/1959/1846
f 2832/1893/1783 2835/1892/1785 2836/4583/4070
f 2835/1892/1785 2752/1895/1787 2838/2022/1901
f 2837/1890/1784 2834/1888/1782 2756/1896/1788
f 2756/1896/1788 2839/1899/1789 2758/1901/1791
f 2839/1899/1789 2840/1957/1844 2760/1900/1790
f 2765/4584/4052 2842/4582/4069 2843/1902/1792 2767/1903/1793
f 2760/1900/1790 2842/4582/4069 2764/4585/4051
f 2842/4582/4069 2765/4584/4052 2764/4585/4051
f 2842/4582/4069 2841/1959/1846 2843/1902/1792
f 2846/1960/1847 2847/1908/1798 2845/1905/1795 2844/1904/1794
f 2843/1902/1792 2771/1839/1736 2768/1838/1731
f 2844/1904/1794 2845/1905/1795 2771/1839/1736
f 2773/4559/4054 2845/1905/1795 2847/1908/1798 2848/1907/1797
f 2775/1844/1741 2848/1907/1797 2849/1909/1799 2776/1845/1742
f 2845/1905/1795 2773/4559/4054 2772/1906/1796
f 2852/4586/4071 2853/1912/1802 2851/1911/1801 2850/1910/1800
f 2848/1907/1797 2775/1844/1741 2773/4559/4054
f 2849/1909/1799 2847/1908/1798 2850/1910/1800
f 2849/1909/1799 2777/1848/1745 2776/1845/1742
f 2777/1848/1745 2851/1911/1801 2853/1912/1802 2779/1914/1804
f 2779/1914/1804 2854/1913/1803 2857/4587/1805 2780/1849/1746
f 2779/1914/1804 2778/1846/1743 2777/1848/1745
f 2781/1916/1806 2857/1915/1805 2856/4588/1859 2858/4589/4072
f 2782/1920/1809 2781/1916/1806 2858/4589/4072 2859/1918/1807
f 2782/1920/1809 2861/4590/4073 2785/4563/4057 2783/4560/4055
f 2782/1920/1809 2860/1919/1808 2861/4590/4073
f 2863/2019/1898 2861/4590/4073 2860/1919/1808 2862/1974/1861
f 2785/4563/4057 2861/4590/4073 2863/2019/1898 2787/4564/4058
f 2864/1976/1863 2792/4567/4060 2787/4564/4058 2863/2019/1898
f 2865/1921/1810 2793/1855/1750 2792/4567/4060 2864/1976/1863
f 2867/1977/1864 2795/1860/1754 2794/1856/1751 2866/1922/1811
f 2796/1861/1755 2655/1858/1753 2868/4591/4074 2869/1923/1812
f 2795/1860/1754 2867/1977/1864 2868/4591/4074
f 2868/4591/4074 2655/1858/1753 2795/1860/1754
f 2871/1981/1868 2872/1924/1813 2870/1926/1814 2869/1923/1812
f 2869/1923/1812 2870/1926/1814 2797/1862/1756
f 2799/4592/1760 2872/1924/1813 2874/1928/1816 2800/4593/1761
f 2870/1926/1814 2798/1925/1759 2797/1862/1756
f 2875/1983/1870 2876/1930/1818 2874/1928/1816 2873/1927/1815
f 2872/1924/1813 2799/4592/1760 2798/1925/1759
f 2800/4593/1761 2874/1928/1816 2876/1930/1818 2801/1929/1817
f 2809/4594/4062 2807/1869/1763 2805/1937/1824 2880/1938/1825
f 2803/1934/1821 2877/1935/1822 2805/1937/1824
f 2805/1937/1824 2804/4571/4061 2803/1934/1821
f 2807/1869/1763 2806/1868/1762 2805/1937/1824
f 2809/4574/4062 2881/1939/1826 2811/1941/1828 2810/1872/1766
f 2809/4594/4062 2880/1938/1825 2881/4595/1826
f 2884/4596/1895 2885/1942/1829 2814/4575/4063 2883/1940/1827
f 2880/1938/1825 2882/2016/1896 2881/4595/1826
f 2811/1941/1828 2883/1940/1827 2814/4575/4063
f 2814/4575/4063 2813/1874/1768 2811/1941/1828
f 2815/4576/4064 2814/4575/4063 2885/1942/1829 2816/1875/1769
f 2816/1875/1769 2885/1942/1829 2818/1879/1773 2817/1876/1770
f 150/2029/1834 2819/1944/1831 2886/1943/1830 2887/4597/1832
f 2885/1942/1829 2884/4596/1895 2886/1943/1830
f 2819/1944/1831 150/2029/1834 2820/2028/1907
f 2890/1950/1837 2888/1946/1833 2887/1945/1832 2889/1948/1835
f 151/1952/1839 150/1947/1834 2888/1946/1833 2890/1950/1837
f 2892/1971/1858 147/1951/1838 2890/1950/1837 2891/1949/1836
f 149/1968/1855 148/1954/1841 2855/1953/1840 2894/1969/1856
f 147/1951/1838 2892/1971/1858 2893/1955/1842
f 2893/1955/1842 148/1954/1841 147/1951/1838
f 2893/1955/1842 2854/1913/1803 2855/1953/1840
f 2894/1969/1856 2855/1953/1840 2853/1912/1802 2852/4586/4071
f 2855/1953/1840 2854/1913/1803 2853/1912/1802
f 2896/1970/1857 2894/1969/1856 2852/4586/4071 2895/1966/1853
f 2900/1963/1850 2901/1962/1849 2898/1967/1854 2897/1964/1851
f 2852/4586/4071 2897/1964/1851 2895/1966/1853
f 2897/1964/1851 2898/1967/1854 2895/1966/1853
f 2897/1964/1851 2852/4586/4071 2850/1910/1800
f 2902/4598/4075 2899/1965/1852 2898/1967/1854 2901/1962/1849
f 2826/1882/1776 2899/1965/1852 2902/4598/4075 2828/1884/1778
f 2904/1956/1843 2902/4598/4075 2903/1961/1848 2846/1960/1847
f 2901/1962/1849 2903/1961/1848 2902/4598/4075
f 2905/1958/1845 2828/1884/1778 2902/4598/4075 2904/1956/1843
f 2829/1885/1779 2828/1884/1778 2905/1958/1845 2831/1886/1780
f 2841/1959/1846 2904/1956/1843 2844/1904/1794 2843/1902/1792
f 2840/1957/1844 2833/2020/1899 2831/1886/1780
f 2840/1957/1844 2839/1899/1789 2833/2020/1899
f 2847/1908/1798 2903/1961/1848 2900/1963/1850 2850/1910/1800
f 2857/4587/1805 2854/1913/1803 2893/1955/1842 2856/1972/1859
f 2899/1965/1852 2826/1882/1776 2824/1881/1775
f 2895/1966/1853 2824/1881/1775 2822/4578/4066
f 149/1968/1855 2896/1970/1857 2821/4579/4065
f 2821/4579/4065 11/3597/1908 149/1968/1855
f 2858/4589/4072 2856/4588/1859 2906/4599/4076 2907/2002/1885
f 2892/1971/1858 2906/4600/4076 2856/1972/1859
f 2859/1918/1807 2858/4589/4072 2907/2002/1885 268/1973/1860
f 2910/4601/4077 2911/1978/1865 2865/1921/1810 2909/4602/4078
f 2859/1918/1807 267/88/86 2860/1919/1808
f 2862/1974/1861 2908/1975/1862 2864/1976/1863
f 2908/1975/1862 2909/4602/4078 2865/1921/1810
f 2912/1979/1866 2867/1977/1864 2911/1978/1865 2910/4601/4077
f 2911/1978/1865 2866/1922/1811 2865/1921/1810
f 2869/1923/1812 2868/4591/4074 2913/1980/1867 2871/1981/1868
f 2913/1980/1867 2868/4591/4074 2867/1977/1864
f 2913/1980/1867 2873/1927/1815 2871/1981/1868
f 2914/4603/4079 2915/1984/1871 2873/1927/1815 2913/1980/1867
f 2916/4604/4080 2917/1982/1869 2915/1984/1871 2914/4603/4079
f 2915/1984/1871 2875/1983/1870 2873/1927/1815
f 2876/1930/1818 2875/1983/1870 92/1985/1872 600/1989/1820
f 2918/1987/1874 92/1985/1872 2917/1982/1869 2916/4604/4080
f 2920/4605/4081 2918/1987/1874 2916/4604/4080 2919/2009/1892
f 2921/1990/1875 2922/1986/1873 2918/1987/1874 2920/4605/4081
f 2925/1995/1879 2923/1991/1876 2921/1992/1875 2924/1993/1877
f 2922/1986/1873 600/1989/1820 92/1985/1872
f 2929/1998/1881 2927/4606/4082 2926/1994/1878 2928/4607/1887
f 2925/1995/1879 2926/1994/1878 2927/4606/4082
f 2927/4606/4082 2929/1998/1881 2930/1997/1880 2931/4608/4083
f 2935/4609/1884 2933/2000/1883 2932/1999/1882 2934/4610/1886
f 2929/1998/1881 2932/4611/1882 2889/1996/1835
f 2932/4611/1882 2929/1998/1881 2928/4607/1887
f 2907/4612/1885 2891/1949/1836 2933/2000/1883 2935/4609/1884
f 2906/4600/4076 2892/1971/1858 2891/1949/1836 2907/4612/1885
f 268/1973/1860 2935/2001/1884 2934/2003/1886 269/86/84
f 269/86/84 2936/2005/1888 2937/4613/4084 266/87/85
f 2939/2008/1891 2937/4613/4084 2936/2005/1888 2938/2006/1889
f 2939/2008/1891 2919/2009/1892 2941/2011/1894 2909/4602/4078
f 2939/2008/1891 2940/2007/1890 2919/2009/1892
f 2941/2011/1894 2942/2010/1893 2912/1979/1866 2910/4601/4077
f 2940/2007/1890 2920/4605/4081 2919/2009/1892
f 2914/4603/4079 2942/2010/1893 2919/2009/1892 2916/4604/4080
f 2913/1980/1867 2912/1979/1866 2942/2010/1893 2914/4603/4079
f 2937/4613/4084 2939/2008/1891 2909/4602/4078 2908/1975/1862
f 266/87/85 2937/4613/4084 2908/1975/1862 267/88/86
f 2909/4602/4078 2941/2011/1894 2910/4601/4077
f 2928/2004/1887 2926/2013/1878 2938/2006/1889 2936/2005/1888
f 2940/2007/1890 2921/1990/1875 2920/4605/4081
f 2925/1995/1879 2927/4606/4082 2931/4608/4083 2882/2016/1896
f 2934/4614/1886 2932/4611/1882 2928/4607/1887
f 2883/4615/1827 2931/4608/4083 2930/1997/1880 2884/2015/1895
f 2882/2016/1896 2931/4608/4083 2883/4615/1827 2881/4595/1826
f 2887/4597/1832 2886/1943/1830 2884/4596/1895
f 2882/2016/1896 2880/1938/1825 2879/2017/1897
f 2879/2017/1897 2880/1938/1825 2878/1936/1823
f 2877/1935/1822 2803/1934/1821 600/1933/1820
f 2836/4583/4070 2838/2022/1901 2743/2024/1903 2943/2027/1906
f 2802/1931/1819 2876/1930/1818 600/1989/1820
f 2838/2022/1901 2751/2021/1900 2745/2023/1902
f 2838/2022/1901 2836/4583/4070 2835/1892/1785
f 2832/1893/1783 2836/4583/4070 2943/2027/1906 641/2026/1905
f 2738/1813/1712 2740/2025/1904 2943/2027/1906 2743/2024/1903
f 2749/1824/1723 2746/1819/1718 2745/2023/1902 2751/2021/1900
f 2745/2023/1902 2741/1816/1715 2743/2024/1903
f 2788/4565/4059 2787/4564/4058 2792/4567/4060 2790/1851/1748
f 641/3770/1905 100/300/294 2830/1887/1781
f 2946/4616/4085 2789/2031/1909 2650/1773/1675 2648/1770/1672
f 2786/2033/1911 2944/2032/1910 2945/2055/1933
f 2945/2055/1933 2784/4617/4056 2786/2033/1911
f 2789/2031/1909 2946/4616/4085 2944/2032/1910
f 2944/2032/1910 2949/2035/1913 2951/2051/1929 2947/2053/1931
f 2947/2053/1931 2945/2055/1933 2944/2032/1910
f 2946/4616/4085 2948/2034/1912 2944/2032/1910
f 2948/2034/1912 2946/4616/4085 2648/1770/1672
f 2648/1770/1672 2647/4499/4015 2948/2034/1912
f 2949/2035/1913 2950/2036/1914 2951/2051/1929
f 2950/2036/1914 2949/2035/1913 2948/2034/1912 2952/2039/1917
f 2646/2040/1918 2644/4498/4014 2955/2048/1926 2621/1755/1657
f 2952/2039/1917 2948/2034/1912 2647/4499/4015
f 2647/4499/4015 2646/2040/1918 2952/2039/1917
f 2954/2038/1916 2951/2051/1929 2950/2036/1914
f 2952/2039/1917 2620/2041/1919 2953/2037/1915
f 2956/4618/4086 2955/2048/1926 2644/4498/4014 2643/2047/1925
f 24/54/54 210/56/56 2958/2044/1922 2957/2046/1924
f 2956/4618/4086 2643/2047/1925 2957/2046/1924
f 2957/2046/1924 2958/2044/1922 2956/4618/4086
f 2956/4618/4086 2958/2044/1922 2624/1756/1658 2955/2048/1926
f 210/56/56 2637/2042/1920 2958/2044/1922
f 210/56/56 2635/1762/1664 2637/2042/1920
f 2637/2042/1920 2633/1761/1663 2630/2043/1921
f 2962/4619/1934 2963/2052/1930 2960/2050/1928 2961/4620/4087
f 2616/1751/1653 2953/2037/1915 2620/2041/1919
f 2953/2037/1915 2613/2062/1939 2954/2038/1916
f 2954/2038/1916 2611/1747/1649 2959/2049/1927
f 2960/2050/1928 2959/2049/1927 2961/4620/4087
f 2960/2050/1928 2947/2053/1931 2951/2051/1929
f 238/4621/1936 2964/2054/1932 2963/2052/1930 2962/4619/1934
f 2963/2052/1930 2945/2055/1933 2947/2053/1931
f 237/4622/203 469/4623/202 2964/2054/1932 238/4621/1936
f 2945/2055/1933 2964/2054/1932 469/4623/202 2784/4617/4056
f 2602/4488/4007 239/2057/1935 2965/4624/4088 2604/4491/4009
f 2962/2056/1934 2965/4624/4088 239/2057/1935
f 2604/4491/4009 2965/4624/4088 2959/2061/1927 2606/2060/1938
f 2965/4624/4088 2962/2056/1934 2961/4625/4087
f 2965/4624/4088 2961/4625/4087 2959/2061/1927
f 2611/4493/1649 2610/1746/1648 2966/2059/1937 2959/2061/1927
f 2966/2059/1937 2608/1745/1647 2606/2060/1938
f 2735/4546/3515 641/2026/1905 2740/2025/1904 2736/4547/4048
f 2953/2037/1915 2614/1748/1650 2613/2062/1939
f 2571/1822/1721 2744/2063/1940 2747/1818/1717
f 2571/1822/1721 2573/1821/1720 2572/1713/1617
f 2744/2063/1940 2571/1822/1721 2570/4475/4002
f 2561/4473/4000 2558/1703/1607 2737/1815/1714 2564/1708/1612
f 2560/4472/3999 2736/4547/4048 2737/1815/1714 2558/1703/1607
f 2968/4626/4089 2969/4627/4090 2734/1811/1710 2967/4628/4091
f 2734/1811/1710 2556/4629/3998 2967/4628/4091
f 2732/1812/1711 2734/1811/1710 2969/4627/4090 2728/4542/4045
f 2971/4630/4092 2969/4627/4090 2968/4626/4089 2970/2070/1946
f 2729/4541/4044 2728/4542/4045 2969/4627/4090 2971/4630/4092
f 2973/4631/4093 2729/4541/4044 2971/4630/4092 2972/4632/4094
f 2975/4633/4095 2976/4634/4096 2974/4635/4097 2973/4631/4093
f 2973/4631/4093 2974/4635/4097 2729/4541/4044
f 2724/2064/1941 2974/4635/4097 2976/4634/4096 2720/1809/1708
f 2723/4530/4035 2729/4541/4044 2974/4635/4097 2724/2064/1941
f 2977/4636/4098 2978/4637/1942 2720/1809/1708 2976/4634/4096
f 2716/1805/1705 2720/1809/1708 2978/4637/1942 2717/1806/1706
f 2979/2068/1944 262/2066/1943 2978/2065/1942 2977/4638/4098
f 2983/4639/4099 2979/2068/1944 2981/4640/4100 2982/4641/4101
f 2977/4638/4098 2981/4640/4100 2979/2068/1944
f 2976/4634/4096 2975/4633/4095 2981/4642/4100 2977/4636/4098
f 2982/4643/4101 2981/4642/4100 2975/4633/4095 2972/4632/4094
f 2985/4644/1954 2982/4643/4101 2972/4632/4094 2984/4645/4102
f 2988/2073/1949 2987/2071/1947 2970/2070/1946 2968/4626/4089
f 2972/4632/4094 2975/4633/4095 2973/4631/4093
f 2972/4632/4094 2970/2070/1946 2984/4645/4102
f 2970/2070/1946 2986/2072/1948 2984/4645/4102
f 2972/4632/4094 2971/4630/4092 2970/2070/1946
f 2989/2075/1951 2987/2071/1947 2988/2073/1949 2550/1695/1601
f 2550/1695/1601 2990/2074/1950 2553/1699/1605 2551/1698/1604
f 2967/4628/4091 2990/2074/1950 2988/2073/1949 2968/4626/4089
f 2556/4629/3998 2553/1699/1605 2990/2074/1950 2967/4628/4091
f 2985/4644/1954 2984/4645/4102 461/199/196 2991/2295/1952
f 2989/2075/1951 2986/2072/1948 2987/2071/1947
f 2989/2075/1951 462/1694/1600 461/199/196
f 2995/4646/4103 2993/4647/4104 2992/2077/1953 2994/2150/2026
f 461/199/196 2984/4645/4102 2986/2072/1948
f 2985/2078/1954 2992/2077/1953 2993/4647/4104
f 2996/2079/1955 2983/4639/4099 2993/4647/4104 2995/4646/4103
f 2985/2078/1954 2993/4647/4104 2983/4639/4099 2982/4641/4101
f 2979/2068/1944 2983/4639/4099 2996/2079/1955 2980/2069/1945
f 2995/4646/4103 2997/2149/2025 2996/2079/1955
f 3001/2084/1960 263/2081/1957 2999/2153/2029 3000/2082/1958
f 263/2081/1957 34/84/82 2980/2069/1945
f 3003/2086/1962 264/85/83 3001/2084/1960 3002/2083/1959
f 263/2081/1957 3001/2084/1960 264/85/83
f 3008/2090/1966 265/82/80 3005/2087/1963 3007/2088/1964
f 3003/2086/1962 3004/2085/1961 377/152/150
f 3003/2086/1962 3005/2087/1963 265/82/80
f 3005/2087/1963 3006/4648/4105 3007/2088/1964
f 2711/1804/1704 2714/1803/1703 3008/2090/1966 2708/4527/4032
f 3008/2090/1966 2709/2089/1965 2708/4527/4032
f 265/82/80 3008/2090/1966 2714/1803/1703 261/83/81
f 2705/4525/4030 2709/2089/1965 3006/4648/4105 3009/2093/1969
f 3010/2162/2038 3011/2091/1967 3009/2093/1969 3006/4648/4105
f 2703/4524/4029 2705/4525/4030 3009/2093/1969 2704/2092/1968
f 2704/2092/1968 3011/2091/1967 2700/2096/1972 2699/4522/4027
f 3011/2091/1967 3013/2095/1971 2700/2096/1972
f 3014/2164/2040 3015/2097/1973 2700/2096/1972 3013/2095/1971
f 3018/2100/1976 2694/1797/1697 3015/2097/1973 3017/2098/1974
f 3015/2097/1973 3016/4649/4106 3017/2098/1974
f 3020/4650/4107 2693/4521/4026 3018/2100/1976 3019/2099/1975
f 2694/1797/1697 3018/2100/1976 2693/4521/4026 2692/1798/1698
f 3022/2166/2042 3020/4650/4107 3019/2099/1975 3021/2167/2043
f 524/237/232 3023/2101/1977 3020/4650/4107 3022/2166/2042
f 2693/4521/4026 3020/4650/4107 3023/2101/1977 583/3757/3504
f 3026/2104/1980 2687/2103/1979 3024/2102/1978 3025/2206/2082
f 3023/2101/1977 2689/1793/1693 583/3757/3504
f 2689/1793/1693 3024/2102/1978 2686/1794/1694
f 2689/1793/1693 2690/1796/1696 583/3757/3504
f 3023/2101/1977 522/236/231 3024/2102/1978
f 3027/2105/1981 3030/2109/1985 2677/2108/1984 2679/4517/4023
f 2687/2103/1979 3026/2104/1980 2684/2106/1982
f 2684/2106/1982 2683/1792/1692 2687/2103/1979
f 3027/2105/1981 3028/4651/4108 3030/2109/1985
f 3027/2105/1981 2681/1790/1690 2684/2106/1982
f 3032/2214/2090 2675/2107/1983 3030/2109/1985 3029/2212/2088
f 3034/2213/2089 3035/2110/1986 2673/4513/4021 3032/2214/2090
f 3032/2214/2090 3029/2212/2088 3033/2215/2091
f 3032/2214/2090 2673/4513/4021 2672/4516/4022
f 3032/2214/2090 2672/4516/4022 2675/2107/1983
f 2668/4514/4018 2673/4513/4021 3035/2110/1986 2669/2113/1989
f 3037/2217/2093 492/2116/1992 491/4652/1988 3036/4653/1987
f 3039/2114/1990 492/2116/1992 3037/2217/2093 3038/2219/2095
f 3042/2220/1993 493/2115/1991 3039/2114/1990 3041/2221/2096
f 493/3714/1991 3040/2119/1995 486/3710/3468
f 2482/4448/3981 3043/2118/1994 3044/4654/4109 3045/4655/4110
f 493/3714/1991 3042/2117/1993 3040/2119/1995
f 3042/2117/1993 3044/4654/4109 3043/2118/1994
f 2480/1648/1558 2479/1647/1557 3043/2118/1994 2482/4448/3981
f 2484/4656/3980 3045/4657/4110 3046/4658/4111 3047/4659/4112
f 3045/4657/4110 3044/4660/4109 3046/4658/4111
f 2481/1649/1559 2482/4448/3981 3045/4655/4110 2484/4447/3980
f 2484/4656/3980 3047/4659/4112 3049/2121/1997 2485/4661/3979
f 3047/4659/4112 3046/4658/4111 3048/4662/4113
f 2485/4661/3979 3049/2121/1997 3051/2123/1999 2486/4663/3982
f 3052/4664/4114 3053/4665/4115 3051/2123/1999 3050/2122/1998
f 2488/4666/1562 2486/4663/3982 3051/2123/1999 3053/4665/4115
f 3054/4667/4116 3055/4668/4117 3053/4665/4115 3052/4664/4114
f 3056/2227/2102 3057/2228/2103 3055/4668/4117 3054/4667/4116
f 3053/4665/4115 3055/4668/4117 2488/4666/1562
f 2488/4666/1562 3055/4668/4117 3057/2228/2103 3058/4669/2002
f 2489/1654/1563 2488/1653/1562 3058/2126/2002 2491/2125/2001
f 3059/2226/2101 3060/4670/2000 3058/4669/2002 3057/2228/2103
f 3061/4671/4118 3062/4672/4119 2491/2125/2001 3060/2124/2000
f 2491/2125/2001 2494/2129/2005 2490/4452/3983
f 2494/2129/2005 2491/2125/2001 3062/4672/4119 2499/2127/2003
f 3063/4673/4120 3064/4674/4121 2499/2127/2003 3062/4672/4119
f 2507/4675/1571 3064/4674/4121 3063/4673/4120 3065/4676/4122
f 3064/4674/4121 2505/2427/1570 2499/2127/2003
f 2506/4677/1568 2505/2427/1570 3064/4674/4121 2507/4675/1571
f 3066/4678/4123 3067/4679/4124 3065/4676/4122 3063/4673/4120
f 3069/4680/4125 3065/4681/4122 3067/4682/4124 3068/4683/2006
f 2508/1663/1572 2507/1662/1571 3065/4681/4122 3069/4680/4125
f 538/2425/2289 3069/4680/4125 3068/4683/2006 539/3733/2008
f 3070/2230/2105 540/4684/2007 3068/4685/2006 3067/4686/4124
f 3069/4680/4125 538/2425/2289 2508/1663/1572
f 3071/2229/2104 3072/2233/2108 540/4684/2007 3070/2230/2105
f 3074/4687/2107 3075/4688/4126 3073/4689/4127 3072/4690/2108
f 3072/4690/2108 3073/4689/4127 540/2131/2007
f 3077/2133/2009 3073/4689/4127 3075/4688/4126 3076/2239/2114
f 541/2135/2011 540/2131/2007 3073/4689/4127 3077/2133/2009
f 3079/2240/2115 3077/2133/2009 3076/2239/2114 3078/2238/2113
f 3080/2243/2118 544/2134/2010 3077/2133/2009 3079/2240/2115
f 544/2134/2010 3080/2243/2118 3081/4691/4128 542/3736/3486
f 3084/2292/2167 3081/4691/4128 3082/4692/4129 3083/2136/2012
f 3080/2243/2118 3082/4692/4129 3081/4691/4128
f 3085/2242/2117 3083/2136/2012 3082/4692/4129 3080/2243/2118
f 3089/4693/4130 3087/2139/2015 3086/2138/2014 3088/4694/4131
f 3086/2138/2014 3087/2139/2015 3083/2136/2012
f 129/2140/2016 3087/2139/2015 3090/2183/2059 3091/2141/2017
f 3089/4693/4130 3090/2183/2059 3087/2139/2015
f 2520/2145/2021 127/20/20 3092/2142/2018 3093/2143/2019
f 2520/2145/2021 3095/2147/2023 2523/4464/3992 2521/4463/3991
f 2520/2145/2021 3094/2144/2020 3095/2147/2023
f 2527/4466/3994 2524/1677/1585 2523/4464/3992 3097/4695/4132
f 3095/2147/2023 3096/2146/2022 2523/4464/3992
f 2523/4464/3992 3096/2146/2022 3097/4695/4132
f 2999/2153/2029 2998/2080/1956 2530/4465/3993 3098/2152/2028
f 2527/4466/3994 3097/4695/4132 3098/2152/2028
f 2527/4466/3994 3098/2152/2028 2530/4465/3993
f 2530/4465/3993 2526/1678/1586 2527/4466/3994
f 2531/1682/1590 2530/4465/3993 2998/2080/1956 2533/4467/3995
f 2533/4467/3995 2998/2080/1956 2996/2079/1955 2535/2148/2024
f 2536/1684/1592 2994/2150/2026 2541/4468/3996 2538/1685/1593
f 2997/2149/2025 2995/4646/4103 2994/2150/2026
f 3099/2151/2027 2541/4468/3996 2994/2150/2026 2992/2077/1953
f 2541/4468/3996 3099/2151/2027 460/1687/195 2542/1686/1594
f 3101/2154/2030 3098/2152/2028 3097/4695/4132 3100/2155/2031
f 3099/2151/2027 2991/2076/1952 460/1687/195
f 2998/2080/1956 2999/2153/2029 263/2081/1957
f 378/153/151 3002/2083/1959 3103/2157/2033 3102/2156/2032
f 3098/2152/2028 3101/2154/2030 3000/2082/1958
f 3101/2154/2030 3102/2156/2032 3103/2157/2033
f 3012/2094/1970 3010/2162/2038 3106/2160/2036 3107/4696/4133
f 3102/2156/2032 3104/2189/2065 378/153/151
f 378/153/151 3105/2158/2034 379/2161/2037
f 3019/2099/1975 3109/4697/4134 3110/4698/4135 3111/4699/4136
f 380/2163/2039 3010/2162/2038 3006/4648/4105
f 3107/4696/4133 3014/2164/2040 3012/2094/1970
f 3107/4696/4133 3016/4649/4106 3014/2164/2040
f 3016/4649/4106 3107/4696/4133 3108/4700/4137
f 3108/4700/4137 3109/4697/4134 3016/4649/4106
f 3016/4649/4106 3015/2097/1973 3014/2164/2040
f 3109/4697/4134 3108/4700/4137 3110/4698/4135
f 3016/4649/4106 3109/4697/4134 3019/2099/1975 3017/2098/1974
f 3022/2166/2042 3112/2165/2041 3113/2168/2044 525/2170/2046
f 3111/4699/4136 3112/2165/2041 3021/2167/2043
f 3111/4699/4136 3021/2167/2043 3019/2099/1975
f 524/237/232 3022/2166/2042 525/2170/2046 79/238/233
f 3118/2202/2078 3115/2171/2047 3116/2174/2050 3117/4701/4138
f 3113/2168/2044 3112/2165/2041 3114/2169/2045
f 79/238/233 526/2172/2048 3115/2171/2047 3118/2202/2078
f 3116/2174/2050 3122/2173/2049 3119/2176/2052 3120/4702/4139
f 3121/2177/2053 3122/2173/2049 3115/2171/2047 3114/2169/2045
f 3125/2179/2055 3123/2175/2051 3122/2173/2049 3124/2178/2054
f 518/3724/3477 3125/2179/2055 3124/2178/2054 519/3725/3478
f 3127/4703/4140 3126/2180/2056 3125/2179/2055 3129/4704/4141
f 3126/2180/2056 3127/4703/4140 3128/2181/2057
f 518/3724/3477 3130/2182/2058 3129/4704/4141 3125/2179/2055
f 3089/4693/4130 3129/4704/4141 3130/2182/2058 3090/2183/2059
f 3093/2143/2019 3092/2142/2018 3131/4705/4142 3132/2184/2060
f 3091/2141/2017 3131/4705/4142 3092/2142/2018
f 3136/2188/2064 3100/2155/2031 3135/2187/2063 3134/2186/2062
f 3139/4706/4143 3142/4707/4144 3141/4708/4145 3140/2159/2035
f 3136/2188/2064 3137/4709/4146 3104/2189/2065
f 3138/2190/2066 3140/2159/2035 3105/2158/2034
f 3105/2158/2034 378/153/151 3104/2189/2065
f 3138/2190/2066 3139/4706/4143 3140/2159/2035
f 3140/2159/2035 3141/4708/4145 3108/4700/4137
f 3140/2159/2035 3108/4700/4137 3107/4696/4133
f 3140/2159/2035 3107/4696/4133 3106/2160/2036
f 3110/4698/4135 3141/4708/4145 3142/4707/4144 3143/4710/4147
f 3144/2196/2072 3145/2191/2067 3143/4710/4147 3142/4707/4144
f 3141/4708/4145 3110/4698/4135 3108/4700/4137
f 3111/4699/4136 3143/4710/4147 3145/2191/2067 3146/2192/2068
f 3148/4711/4148 3121/2177/2053 3114/2169/2045 3147/4712/4149
f 3143/4710/4147 3111/4699/4136 3110/4698/4135
f 3146/2192/2068 3112/2165/2041 3111/4699/4136
f 3114/2169/2045 3145/2191/2067 3147/4712/4149
f 78/233/228 519/3725/3478 3148/4711/4148 3149/4713/4150
f 3121/2177/2053 3148/4711/4148 519/3725/3478 3124/2178/2054
f 3149/4713/4150 3148/4711/4148 3147/4712/4149 3150/2197/2073
f 3149/4713/4150 3150/2197/2073 3151/4714/4151 3152/2195/2071
f 3155/4715/4152 3151/4714/4151 3150/2197/2073 3144/2196/2072
f 3147/4712/4149 3145/2191/2067 3150/2197/2073
f 3153/4716/4153 3154/2193/2069 3151/4714/4151
f 3156/4717/4154 3153/4716/4153 3151/4714/4151 3155/4715/4152
f 3153/4716/4153 3156/4717/4154 3137/4709/4146 3157/4718/4155
f 3138/2190/2066 3156/4717/4154 3155/4715/4152 3139/4706/4143
f 3104/2189/2065 3137/4709/4146 3156/4717/4154 3138/2190/2066
f 3133/2185/2061 3158/2194/2070 3157/4718/4155 3134/2186/2062
f 3153/4716/4153 3157/4718/4155 3158/2194/2070 3154/2193/2069
f 3134/2186/2062 3157/4718/4155 3137/4709/4146 3136/2188/2064
f 516/234/229 3154/2193/2069 3132/2184/2060 3131/4705/4142
f 3158/2194/2070 3133/2185/2061 3132/2184/2060
f 517/235/230 516/234/229 3131/4705/4142 3091/2141/2017
f 3152/2195/2071 3151/4714/4151 3154/2193/2069
f 3139/4706/4143 3155/4715/4152 3144/2196/2072 3142/4707/4144
f 3149/4713/4150 3152/2195/2071 516/234/229 78/233/228
f 3129/4704/4141 3089/4693/4130 3088/4694/4131 3127/4703/4140
f 3130/2182/2058 518/3724/3477 517/235/230
f 3127/4703/4140 3088/4694/4131 189/3610/3396 3128/2181/2057
f 3128/2181/2057 3159/2200/2076 3160/2248/2123 3123/2175/2051
f 3128/2181/2057 189/3610/3396 19/2198/2074
f 19/2198/2074 3159/2200/2076 3128/2181/2057
f 3159/2200/2076 188/2199/2075 3160/2248/2123
f 3123/2175/2051 3160/2248/2123 3120/4702/4139 3119/2176/2052
f 3162/4719/4156 3120/4702/4139 3160/2248/2123 3161/2247/2122
f 3163/4720/4157 3117/4701/4138 3120/4702/4139 3162/4719/4156
f 3165/4721/4158 3163/4720/4157 3162/4719/4156 3164/4722/4159
f 3117/4701/4138 3116/2174/2050 3120/4702/4139
f 3166/4723/4160 523/2201/2077 3163/4720/4157 3165/4721/4158
f 3117/4701/4138 3163/4720/4157 523/2201/2077 3118/2202/2078
f 3168/4724/4161 3169/4725/4162 3167/2203/2079 3166/4723/4160
f 3166/4723/4160 3167/2203/2079 523/2201/2077
f 521/2205/2081 3167/2203/2079 3169/4725/4162 3170/4726/4163
f 3171/2208/2084 3172/2207/2083 521/2205/2081 3170/4726/4163
f 3173/2210/2086 3028/4651/4108 3172/2207/2083 3171/2208/2084
f 3172/2207/2083 3025/2206/2082 521/2205/2081
f 3026/2104/1980 3172/2207/2083 3028/4651/4108 3027/2105/1981
f 3028/4651/4108 3173/2210/2086 3029/2212/2088 3030/2109/1985
f 3173/2210/2086 3174/2209/2085 3031/2211/2087
f 3035/2110/1986 3034/2213/2089 3177/4727/2094 3036/2111/1987
f 3031/2211/2087 3174/2209/2085 3033/2215/2091
f 3033/2215/2091 3174/2209/2085 3175/4728/4164
f 3175/4728/4164 3034/2213/2089 3033/2215/2091
f 3033/2215/2091 3029/2212/2088 3031/2211/2087
f 3034/2213/2089 3175/4728/4164 3176/4729/4165
f 3176/4729/4165 3177/4727/2094 3034/2213/2089
f 3177/2218/2094 3176/4730/4165 3178/4731/4166
f 3177/2218/2094 3037/2217/2093 3036/4653/1987
f 3182/4732/4167 3038/2219/2095 3180/2258/2133 3181/4733/4168
f 3177/2218/2094 3178/4731/4166 3179/2216/2092
f 3179/2216/2092 3180/2258/2133 3038/2219/2095
f 3184/2222/2097 3041/2221/2096 3182/4732/4167 3183/4734/4169
f 3038/2219/2095 3182/4732/4167 3041/2221/2096
f 3041/2221/2096 3039/2114/1990 3038/2219/2095
f 3044/4660/4109 3042/2220/1993 3184/2222/2097 3046/4658/4111
f 3184/2222/2097 3185/4735/4170 3046/4658/4111
f 3186/2260/2135 3187/4736/4171 3048/4662/4113 3185/4735/4170
f 3185/4735/4170 3184/2222/2097 3183/4734/4169
f 3185/4735/4170 3048/4662/4113 3046/4658/4111
f 3189/4737/4172 3048/4662/4113 3187/4736/4171 3188/4738/4173
f 3049/2121/1997 3047/4659/4112 3189/4737/4172 3190/2223/2098
f 3048/4662/4113 3189/4737/4172 3047/4659/4112
f 3189/4737/4172 3188/4738/4173 3190/2223/2098
f 3192/2265/2140 3052/4664/4114 3050/2122/1998 3191/2224/2099
f 3054/4667/4116 3052/4664/4114 3192/2265/2140 327/122/120
f 3193/2225/2100 3054/4667/4116 327/122/120 326/121/119
f 3195/4739/4174 3059/2226/2101 3193/2225/2100 3194/4740/4175
f 3054/4667/4116 3193/2225/2100 3056/2227/2102
f 3060/4670/2000 3059/2226/2101 3196/4741/4176 3061/4742/4118
f 3195/4739/4174 3196/4741/4176 3059/2226/2101
f 3071/2229/2104 3197/2231/2106 3196/4741/4176 3195/4739/4174
f 3061/4742/4118 3196/4741/4176 3197/2231/2106 3066/4743/4123
f 3067/4686/4124 3066/4743/4123 3197/2231/2106 3070/2230/2105
f 3200/4744/4177 3201/4745/2109 3199/4746/2111 3198/4747/4178
f 3071/2229/2104 3195/4739/4174 3194/4740/4175
f 3194/4740/4175 3074/2232/2107 3071/2229/2104
f 3074/2232/2107 3194/4740/4175 3198/4747/4178
f 3198/4747/4178 3199/4746/2111 3074/2232/2107
f 3075/4688/4126 3074/4687/2107 3199/2236/2111 3202/2235/2110
f 3204/2237/2112 3202/2235/2110 3201/2234/2109 3203/2272/2147
f 3076/2239/2114 3075/4688/4126 3202/2235/2110 3204/2237/2112
f 3078/2238/2113 3204/2237/2112 3203/2272/2147 3205/2249/2124
f 3207/2241/2116 3078/2238/2113 3205/2249/2124 3206/2246/2121
f 3085/2242/2117 3079/2240/2115 3207/2241/2116 3208/2244/2119
f 3206/2246/2121 3209/2245/2120 3208/2244/2119 3207/2241/2116
f 3085/2242/2117 188/2199/2075 187/2137/2013
f 188/2199/2075 3208/2244/2119 3209/2245/2120 3160/2248/2123
f 3210/2251/2126 3164/4722/4159 3206/2246/2121 3205/2249/2124
f 3161/2247/2122 3206/2246/2121 3164/4722/4159 3162/4719/4156
f 3212/2252/2127 3213/4748/4179 3210/2251/2126 3211/2250/2125
f 3164/4722/4159 3210/2251/2126 3213/4748/4179 3165/4721/4158
f 3168/4724/4161 3213/4748/4179 3212/2252/2127 3214/2254/2129
f 3166/4723/4160 3165/4721/4158 3213/4748/4179 3168/4724/4161
f 3216/2274/2149 3217/4749/4180 3214/2254/2129 3215/2253/2128
f 3169/4725/4162 3168/4724/4161 3214/2254/2129 3217/4749/4180
f 3218/4750/4181 3219/4751/4182 3217/4749/4180 3216/2274/2149
f 3220/4752/4183 3221/4753/4184 3219/4751/4182 3218/4750/4181
f 3217/4749/4180 3219/4751/4182 3169/4725/4162
f 3169/4725/4162 3219/4751/4182 3221/4753/4184 3170/4726/4163
f 3170/4726/4163 3221/4753/4184 3222/2255/2130 3171/2208/2084
f 3221/4753/4184 3220/4752/4183 3222/2255/2130
f 3225/4754/2153 3223/2256/2131 3222/2255/2130 3224/4755/2151
f 3226/4756/4185 3174/2209/2085 3223/2256/2131 3225/4754/2153
f 3229/2280/2155 3230/2257/2132 3178/4731/4166 3227/4757/4186
f 3226/4756/4185 3227/4758/4186 3175/4728/4164
f 3226/4756/4185 3175/4728/4164 3174/2209/2085
f 3227/4757/4186 3226/4759/4185 3228/2279/2154
f 3227/4757/4186 3178/4731/4166 3176/4730/4165
f 3227/4758/4186 3176/4729/4165 3175/4728/4164
f 3231/4760/4187 3230/2257/2132 3229/2280/2155 222/61/61
f 3230/2257/2132 3179/2216/2092 3178/4731/4166
f 3181/4733/4168 3180/2258/2133 3230/2257/2132 3231/4760/4187
f 3232/2259/2134 3231/4760/4187 222/61/61 223/4761/4188
f 3233/2261/2136 3181/4733/4168 3231/4760/4187 3232/2259/2134
f 3181/4733/4168 3233/2261/2136 3183/4734/4169 3182/4732/4167
f 3185/4735/4170 3183/4734/4169 3233/2261/2136 3186/2260/2135
f 3235/4762/4189 3232/2259/2134 223/4761/4188 3234/4763/4190
f 3187/4736/4171 3186/2260/2135 3232/2259/2134 3235/4762/4189
f 3237/4764/4191 3235/4762/4189 3234/4763/4190 3236/4765/4192
f 3188/4738/4173 3187/4736/4171 3235/4762/4189 3237/4764/4191
f 3239/4766/4193 3237/4764/4191 3236/4765/4192 3238/4767/4194
f 3190/2223/2098 3188/4738/4173 3237/4764/4191 3239/4766/4193
f 3241/2264/2139 3239/4766/4193 3238/4767/4194 3240/2262/2137
f 3191/2224/2099 3190/2223/2098 3239/4766/4193 3241/2264/2139
f 3192/2265/2140 3191/2224/2099 3241/2264/2139 328/2263/2138
f 328/2263/2138 3240/2262/2137 3242/2268/2143 329/2267/2142
f 328/2263/2138 44/120/118 327/122/120
f 3240/2262/2137 3238/4767/4194 3242/2268/2143
f 3244/2291/2166 329/2267/2142 3245/2287/2162 3246/2290/2165
f 329/2267/2142 3244/2291/2166 44/120/118
f 329/2267/2142 3243/2266/2141 3245/2287/2162
f 3247/2288/2163 3248/4768/4195 3246/2290/2165 3245/2287/2162
f 3246/2290/2165 326/121/119 3244/2291/2166
f 3246/2290/2165 3248/4768/4195 3198/4747/4178 3249/2289/2164
f 3252/4769/2146 3250/4770/4196 3247/2288/2163 3251/4771/2144
f 3248/4768/4195 3250/4770/4196 3200/4744/4177
f 3248/4768/4195 3200/4744/4177 3198/4747/4178
f 3250/4770/4196 3248/4768/4195 3247/2288/2163
f 3201/4745/2109 3200/4744/4177 3250/4770/4196 3252/4769/2146
f 3255/4772/4197 3212/2252/2127 3254/2273/2148 3253/2270/2145
f 3252/2271/2146 3253/2270/2145 3201/2234/2109
f 3253/2270/2145 3254/2273/2148 3203/2272/2147
f 3256/4773/4198 3255/4772/4197 3253/2270/2145 3251/2269/2144
f 3257/4774/2159 3258/2275/2150 3255/4772/4197 3256/4773/4198
f 3212/2252/2127 3255/4772/4197 3258/2275/2150 3215/2253/2128
f 3259/4775/2158 3216/2274/2149 3258/2275/2150 3257/4774/2159
f 3260/4776/4199 3261/4777/4200 3216/2274/2149 3259/4775/2158
f 3218/4750/4181 3261/4777/4200 3262/4778/4201 3220/4752/4183
f 3261/4777/4200 3218/4750/4181 3216/2274/2149
f 3261/4777/4200 3260/4776/4199 3262/4778/4201
f 3220/4752/4183 3262/4778/4201 3224/4755/2151 3222/2255/2130
f 3264/2277/2152 3224/2276/2151 3262/4779/4201 3263/4780/4202
f 3225/2278/2153 3264/2277/2152 3228/2279/2154 3226/4759/4185
f 3264/2277/2152 220/62/62 3228/2279/2154
f 3263/4780/4202 3265/2281/2156 220/62/62 3264/2277/2152
f 3228/2279/2154 3229/2280/2155 3227/4757/4186
f 3268/4781/4203 221/2282/2157 3266/4782/4204 3267/4783/4205
f 3269/4784/4206 3266/4782/4204 221/2282/2157 3265/2281/2156
f 221/2282/2157 3268/4781/4203 26/60/60
f 3271/4785/4207 3266/4782/4204 3269/4784/4206 3270/4786/4208
f 3260/4787/4199 3269/4784/4206 3265/2281/2156 3263/4780/4202
f 3259/2283/2158 3270/4786/4208 3269/4784/4206 3260/4787/4199
f 3273/2286/2161 3270/4786/4208 3259/2283/2158 3272/2285/2160
f 3270/4786/4208 3273/2286/2161 3243/2266/2141 3271/4785/4207
f 3251/4771/2144 3247/2288/2163 3272/2285/2160 3256/4788/4198
f 3272/2285/2160 3257/2284/2159 3256/4788/4198
f 3266/4782/4204 3271/4785/4207 3274/4789/4209 3267/4783/4205
f 3243/2266/2141 3274/4789/4209 3271/4785/4207
f 3274/4789/4209 3243/2266/2141 3242/2268/2143
f 3268/4781/4203 3267/4783/4205 3234/4763/4190 223/4761/4188
f 3236/4765/4192 3234/4763/4190 3267/4783/4205 3274/4789/4209
f 3238/4767/4194 3236/4765/4192 3274/4789/4209 3242/2268/2143
f 223/4761/4188 26/60/60 3268/4781/4203
f 326/121/119 3249/2289/2164 3194/4740/4175 3193/2225/2100
f 3273/2286/2161 3247/2288/2163 3245/2287/2162
f 3263/4780/4202 3262/4779/4201 3260/4787/4199
f 187/2137/2013 189/3610/3396 3088/4694/4131 3086/2138/2014
f 3249/2289/2164 3198/4747/4178 3194/4740/4175
f 223/4761/4188 222/61/61 26/60/60
f 3100/2155/2031 3097/4695/4132 3096/2146/2022
f 2517/1670/1578 543/3737/3487 3084/2292/2167 132/24/24
f 3083/2136/2012 3085/2242/2117 187/2137/2013
f 3081/4691/4128 3084/2292/2167 543/3737/3487 542/3736/3486
f 3062/4672/4119 3061/4671/4118 3066/4678/4123 3063/4673/4120
f 3040/2119/1995 2477/2120/1996 487/2294/2169 486/3710/3468
f 50/151/149 380/2163/2039 3006/4648/4105 3005/2087/1963
f 3025/2206/2082 3024/2102/1978 522/236/231
f 2709/2089/1965 3007/2088/1964 3006/4648/4105
f 2556/4471/3998 2733/4545/1709 2560/4472/3999 2557/4470/3997
f 2556/4629/3998 2734/1811/1710 2733/1810/1709
f 644/298/292 643/3772/3516 2726/4539/4042 2725/4538/4041
f 2730/4543/4046 643/3772/3516 642/3769/3514
f 2666/4508/4016 2669/4507/1989 491/3713/1988 490/3712/3469
f 481/213/208 2662/1785/1685 2663/2296/2170 3275/2298/2172
f 3275/2298/2172 2663/2296/2170 3276/2297/2171 2474/1642/1552
f 487/2294/2169 2476/2293/2168 3276/2297/2171 488/216/211
f 482/214/209 481/213/208 3275/2298/2172 2473/1640/1551
f 211/55/55 24/54/54 2642/1766/1668 2641/1765/1667
f 209/1768/1670 2642/1766/1668 24/54/54
f 2450/1618/1529 2640/2299/2173 2639/4497/4013 2452/4442/3976
f 3277/2304/2178 3278/1759/1661 2631/1758/1660 2436/4434/3968
f 2446/1614/1525 2442/4438/3972 2441/2301/2175
f 2629/1760/1662 3278/1759/1661 2426/1604/1515 2628/2305/2179
f 2436/4434/3968 2433/1611/1522 2432/2302/2176
f 2436/4434/3968 2432/2302/2176 3277/2304/2178
f 2436/4434/3968 2631/1758/1660 2632/4496/4012
f 3277/2304/2178 2429/2303/2177 2427/1605/1516
f 2619/1754/1656 2422/2306/2180 2618/2308/2181 2617/4495/4011
f 2628/2305/2179 2426/1604/1515 2425/1602/1513
f 2628/2305/2179 2626/1600/1511 2625/1757/1659
f 2626/1600/1511 2424/1599/1510 2623/1753/1655
f 2623/1753/1655 2424/1599/1510 2422/2306/2180
f 2618/2308/2181 233/2307/69 2612/1749/1651 2615/1750/1652
f 231/70/70 233/69/69 2422/4431/2180 2420/1595/1506
f 2436/4434/3968 2632/4496/4012 2441/2301/2175 2437/4433/3967
f 2424/4432/1510 2423/1597/1508 2422/4431/2180
f 3278/1759/1661 3277/2304/2178 2426/1604/1515
f 239/2057/1935 2602/4488/4007 2601/1740/1642 29/2309/2182
f 2612/4494/1651 233/69/69 28/68/68
f 466/202/199 465/201/198 2597/2310/2183 2407/1578/1490
f 2408/4487/1488 2600/1742/1644 2410/4490/1491
f 2410/1579/1491 2099/1577/1489 2408/1576/1488
f 2368/2420/2285 3280/2419/2284 3279/2311/2184 2369/1541/1457
f 465/201/198 2596/4485/1640 2597/2310/2183
f 2410/4490/1491 2411/1583/1494 2409/4430/1492
f 2598/4482/1739 235/3620/1738 234/1739/1641
f 2569/1711/1615 2371/1546/1462 2369/1541/1457
f 2566/1712/1616 3279/2311/2184 3280/2419/2284 3281/4790/4210
f 2562/1707/1611 2566/1712/1616 3281/4790/4210 2563/4474/4001
f 3282/4791/4211 3283/2312/2185 2563/4474/4001 3281/4790/4210
f 2561/4473/4000 2563/4474/4001 3283/2312/2185 2559/1704/1608
f 2555/1705/1609 3287/2315/2188 2552/1701/1603 2554/1700/1606
f 2563/4474/4001 2561/4473/4000 2564/1708/1612
f 3284/2313/2186 3285/2314/2187 2559/1704/1608
f 3285/2314/2187 3287/2315/2188 2555/1705/1609
f 3287/2315/2188 3285/2314/2187 3286/2422/2287
f 2341/2413/2278 2545/4792/1596 2547/2323/1599 3290/2321/2191
f 3290/2321/2191 2547/2323/1599 2548/2322/2190
f 2543/1691/1597 3291/2325/2192 3292/2326/2193 2540/2328/2195
f 3296/2331/2198 2534/2333/2200 3294/2330/2197 3295/2329/2196
f 2540/2328/2195 3293/2327/2194 3294/2330/2197
f 2540/2328/2195 2539/1688/1595 2543/1691/1597
f 2540/2328/2195 3294/2330/2197 2534/2333/2200 2537/1683/1591
f 3298/2332/2199 3296/2331/2198 3295/2329/2196 3297/2409/2275
f 2529/2335/2202 2528/1681/1589 3298/2332/2199 3299/2408/2274
f 3302/2406/2272 190/42/42 193/41/41 3301/2336/2203
f 2529/2335/2202 2525/1679/1587 2526/1678/1586
f 3300/2334/2201 2522/2337/2204 2525/1679/1587
f 2314/1512/1429 191/3608/3394 190/42/42 3302/2406/2272
f 3305/2338/2205 3303/4793/4212 2309/2405/2271 3304/4794/4213
f 191/3608/3394 2314/1512/1429 2311/2404/2270
f 2311/2404/2270 3303/4793/4212 191/3608/3394
f 3303/4793/4212 2311/2404/2270 2309/2405/2271
f 192/43/43 191/3608/3394 3303/4793/4212 3305/2338/2205
f 196/1674/1582 3305/2338/2205 3306/4795/2220 2519/4462/2206
f 3304/4794/4213 3306/4795/2220 3305/2338/2205
f 2513/1667/1576 3307/2341/2208 3308/2340/2207 2514/2344/2210
f 2510/4461/3990 2514/2344/2210 3309/2343/2209 2511/4460/3989
f 3307/2341/2208 2513/1667/1576 2516/2342/1580
f 612/3766/3511 2511/4460/3989 3323/2351/2217 613/3765/3510
f 2511/4460/3989 3309/2343/2209 3323/2351/2217
f 3310/2350/2216 3311/2345/2211 613/3765/3510 3323/2351/2217
f 2511/4460/3989 612/3766/3511 2509/1665/1574
f 581/3752/3501 2205/1435/1354 609/277/271 582/2346/2212
f 3311/2345/2211 95/276/270 613/3765/3510
f 3314/4796/4214 582/2346/2212 3312/2347/2213 3313/4797/4215
f 582/2346/2212 3311/2345/2211 3312/2347/2213
f 582/2346/2212 90/2907/2746 581/3752/3501
f 3318/4798/4216 3315/2348/2214 3316/4799/4217 3317/4800/4218
f 582/2346/2212 3314/4796/4214 186/3609/3395
f 3313/4797/4215 3312/2347/2213 3315/2348/2214 3318/4798/4216
f 3310/2350/2216 3316/4799/4217 3315/2348/2214 3311/2345/2211
f 3316/4799/4217 3319/2349/2215 3320/4801/4219
f 3324/2352/2218 3325/2353/2219 2305/1503/1422 2304/1502/1421
f 3316/4799/4217 3310/2350/2216 3319/2349/2215
f 3319/2349/2215 3321/855/818 3322/2360/2226
f 3323/2351/2217 104/856/819 3321/855/818
f 104/856/819 3323/2351/2217 3309/2343/2209
f 104/856/819 3309/2343/2209 3324/2352/2218
f 3324/2352/2218 105/2/2 104/856/819
f 3324/2352/2218 3308/2340/2207 3325/2353/2219
f 3306/2354/2220 3325/2353/2219 3308/2340/2207 2519/2339/2206
f 2309/4389/2271 2307/2355/2221 3306/2354/2220 3304/4802/4213
f 3330/4803/4220 103/4804/4221 3328/2357/2223 3329/4805/4222
f 105/2/2 3324/2352/2218 2304/1502/1421
f 106/3/3 105/2/2 2302/1500/1419
f 3326/2356/2222 3327/2389/2255 3328/2357/2223
f 106/3/3 3328/2357/2223 103/4804/4221 1/1/1
f 2228/1453/1372 2226/1451/1370 103/4804/4221 3330/4803/4220
f 1/1/1 103/4804/4221 2226/1451/1370 2227/2358/2224
f 3332/4806/4223 533/3729/3482 3317/4800/4218 3320/4801/4219
f 2227/2358/2224 3331/2359/2225 3321/855/818
f 3322/2360/2226 3320/4801/4219 3319/2349/2215
f 3320/4801/4219 3322/2360/2226 529/240/235
f 3320/4801/4219 3317/4800/4218 3316/4799/4217
f 532/3726/3479 3318/4798/4216 3317/4800/4218 533/3729/3482
f 534/2362/2228 3313/4797/4215 3318/4798/4216 532/3726/3479
f 3314/4796/4214 3313/4797/4215 534/2362/2228 3333/2361/2227
f 18/3606/3392 186/3609/3395 3314/4796/4214 3333/2361/2227
f 18/3606/3392 3333/2361/2227 3334/2363/2229 183/2369/2235
f 80/239/234 530/3728/3481 531/2364/2230 81/3727/3480
f 3334/2363/2229 3335/4807/4224 183/2369/2235
f 3334/2363/2229 534/2362/2228 531/2364/2230
f 3335/4807/4224 2216/4369/3923 3336/2367/2233
f 3335/4807/4224 3336/2367/2233 183/2369/2235
f 3335/4807/4224 3334/2363/2229 3337/2365/2231
f 3337/2365/2231 2221/2366/2232 3335/4807/4224
f 3337/2365/2231 531/2364/2230 530/3728/3481
f 530/3728/3481 2223/1447/1366 3337/2365/2231
f 3332/4806/4223 80/239/234 81/3727/3480 533/3729/3482
f 3322/2360/2226 3331/2359/2225 527/241/236 529/240/235
f 80/239/234 3332/4806/4223 529/240/235
f 529/240/235 3332/4806/4223 3320/4801/4219
f 2225/1450/1369 527/241/236 3331/2359/2225 2227/2358/2224
f 2216/4369/3923 3335/4807/4224 2221/2366/2232 2217/4368/3922
f 2225/1450/1369 528/1449/1368 527/241/236
f 530/3728/3481 528/1449/1368 2223/1447/1366
f 2221/2366/2232 2218/4370/3924 2217/4368/3922
f 2211/2906/2745 3336/2367/2233 2216/4369/3923 2212/4365/3919
f 2229/1454/1373 2228/1453/1372 3330/4803/4220 2230/1455/1374
f 3336/2367/2233 2211/2906/2745 184/2368/2234
f 3341/2372/2238 2232/1458/1377 3338/2371/2237 3340/2382/2248
f 2230/1455/1374 2220/4372/3926 2229/1454/1373
f 2230/1455/1374 3353/2370/2236 2231/1456/1375
f 3338/2371/2237 3339/2384/2250 3340/2382/2248
f 3343/2374/2240 2234/1460/1379 2233/1459/1378 3342/2373/2239
f 3344/2376/2242 3342/2373/2239 3345/2378/2244 3346/2379/2245
f 2234/1460/1379 3343/2374/2240 167/1461/1380
f 3347/2377/2243 622/283/277 3346/2379/2245 3345/2378/2244
f 3350/2391/2257 620/284/278 3348/2381/2247 3349/2383/2249
f 3346/2379/2245 622/283/277 96/282/276
f 3352/2387/2253 3351/2385/2251 3339/2384/2250 3353/2370/2236
f 3349/2383/2249 3351/2385/2251 3350/2391/2257
f 3349/2383/2249 3340/2382/2248 3351/2385/2251
f 3327/2389/2255 3354/2386/2252 3329/4805/4222 3328/2357/2223
f 3353/2370/2236 3329/4805/4222 3354/2386/2252
f 3329/4805/4222 3353/2370/2236 2230/1455/1374 3330/4803/4220
f 3353/2370/2236 3339/2384/2250 3338/2371/2237
f 3351/2385/2251 3352/2387/2253 2291/2392/2258 3350/2391/2257
f 3355/2388/2254 3327/2389/2255 2295/2393/2259
f 3355/2388/2254 3356/2390/2256 3354/2386/2252
f 3356/2390/2256 3355/2388/2254 2294/2394/2260
f 3356/2390/2256 2291/2392/2258 3352/2387/2253
f 2286/1495/1414 621/2395/2261 3350/2391/2257 2287/1496/1415
f 2283/1494/1413 619/280/274 621/2395/2261 2286/1495/1414
f 2288/4384/3938 2291/2392/2258 3356/2390/2256 2294/2394/2260
f 2296/4386/3940 2295/2393/2259 3327/2389/2255 2301/4388/3942
f 618/3767/3512 3357/2398/2264 3346/2379/2245 96/282/276
f 3327/2389/2255 3326/2356/2222 2301/4388/3942
f 2243/2380/2246 3346/2379/2245 3357/2398/2264
f 3358/4808/4225 2244/2397/2263 3357/2398/2264 618/3767/3512
f 2244/2397/2263 3358/4808/4225 2250/4374/3928 2245/1470/1389
f 617/2400/2266 3359/4809/4226 2250/4374/3928 3358/4808/4225
f 626/3768/3513 2251/1473/1392 2250/4374/3928 3359/4809/4226
f 2273/2402/2268 3360/2399/2265 3359/4809/4226 617/2400/2266
f 626/3768/3513 3359/4809/4226 3360/2399/2265 97/285/279
f 2271/1485/1404 627/286/280 3360/2399/2265 2273/2402/2268
f 3343/2374/2240 3344/2376/2242 169/1463/1382 168/2375/2241
f 3358/4808/4225 618/3767/3512 617/2400/2266
f 3344/2376/2242 2241/2396/2262 2238/2403/2269
f 2299/1497/1416 2301/4388/3942 3326/2356/2222 106/3/3
f 2315/1513/1430 3302/2406/2272 3301/2336/2203 2319/1517/1434
f 3300/2334/2201 3361/4810/4227 2319/1517/1434 3301/2336/2203
f 2320/1518/1435 2319/1517/1434 3361/4810/4227 2323/4391/3944
f 2323/4391/3944 3361/4810/4227 3299/2408/2274 2325/2407/2273
f 3362/2424/2288 2327/4811/3947 3297/2409/2275 3295/2329/2196
f 3297/2409/2275 2327/4811/3947 2325/2407/2273
f 2328/4396/3948 2327/4395/3947 3362/4812/2288 2331/4399/3950
f 2331/4399/3950 3362/4812/2288 3363/4813/4228 2333/2410/2276
f 3362/2424/2288 3293/2327/2194 3363/4814/4228
f 3292/4815/2193 2337/1521/1438 2333/2410/2276 3363/4813/4228
f 2338/1522/1439 2337/1521/1438 3364/2412/2277 2341/2413/2278
f 2345/1524/1441 2344/2415/2280 3365/2416/2281 2349/2417/2282
f 2341/2413/2278 2344/2415/2280 2338/1522/1439
f 2353/4410/3958 2349/2423/2282 3286/2422/2287 3366/2421/2286
f 2349/2423/2282 3365/4816/2281 3287/2315/2188
f 2349/2423/2282 2353/4410/3958 2347/4409/1445
f 2350/4408/3956 2353/4410/3958 3366/2421/2286 2357/1530/1447
f 3283/2312/2185 3282/4791/4211 2359/1533/1450 3366/2421/2286
f 3366/2421/2286 3286/2422/2287 3284/2313/2186
f 3366/2421/2286 2359/1533/1450 2357/1530/1447
f 2366/2434/2296 3367/2418/2283 2368/2420/2285 2365/4415/3959
f 3282/4791/4211 2360/1534/1451 2359/1533/1450
f 2360/1534/1451 3367/2418/2283 2361/1537/1454
f 3367/2418/2283 2360/1534/1451 3280/2419/2284
f 3367/2418/2283 2366/2434/2296 2361/1537/1454
f 3281/4790/4210 3280/2419/2284 2360/1534/1451 3282/4791/4211
f 3289/2316/2189 3287/2315/2188 3365/4816/2281 3288/4817/2279
f 2545/4792/1596 2341/2413/2278 3364/2412/2277 3291/2411/2192
f 3290/2321/2191 3289/2320/2189 3288/2414/2279
f 2529/2335/2202 3299/2408/2274 3361/4810/4227 3300/2334/2201
f 2337/1521/1438 3292/4815/2193 3291/2411/2192
f 3363/4814/4228 3293/2327/2194 3292/2326/2193
f 3297/2409/2275 3299/2408/2274 3298/2332/2199
f 132/24/24 131/23/23 2518/1671/1579 2517/1670/1578
f 462/1694/1600 2546/4469/1598 67/196/193
f 543/3737/3487 2517/1670/1578 2515/1669/1575 535/3735/3485
f 562/4345/3906 3368/4818/4229 2503/2428/2291 86/251/246
f 2500/1658/1567 2503/2428/2291 3368/4818/4229 2501/4456/3987
f 2173/4347/3908 3369/4819/4230 3368/4818/4229 562/4345/3906
f 2501/4456/3987 3368/4818/4229 3369/4819/4230 3370/4820/4231
f 2497/1655/1564 2501/4456/3987 3370/4820/4231 2498/4455/3986
f 3370/4820/4231 3369/4819/4230 2170/4344/3905
f 3370/4820/4231 2493/4454/3985 2498/4455/3986
f 2167/4343/3904 376/3666/3440 2493/4454/3985 3370/4820/4231
f 2163/4340/3901 2162/4339/3900 376/3666/3440 2167/4343/3904
f 2493/4454/3985 2492/4453/3984 2498/4455/3986
f 2171/1406/1326 2170/4344/3905 3369/4819/4230 2173/4347/3908
f 2162/4339/3900 374/3665/3439 376/3666/3440
f 3370/4820/4231 2170/4344/3905 2167/4343/3904
f 370/148/146 2490/4452/3983 2493/4454/3985 376/3666/3440
f 485/3709/3467 482/214/209 2473/1640/1551 2471/1639/1550
f 2130/4325/3889 2445/4441/3975 2444/4440/3974 2132/1615/1526
f 2445/4441/3975 2440/4437/3971 2439/4436/3970
f 3371/4821/4232 2440/4437/3971 2445/4441/3975 2129/2430/2293
f 2445/4441/3975 2130/4325/3889 2129/2430/2293
f 3372/2429/2292 2434/1609/1520 3371/4821/4232 2127/2432/2295
f 3371/4821/4232 2129/2430/2293 2127/2432/2295
f 2440/4437/3971 3371/4821/4232 2434/1609/1520 2435/1612/1523
f 2125/1380/1303 3372/2429/2292 2127/2432/2295 2126/1383/1306
f 139/25/25 2431/1610/1521 3372/2429/2292 2125/1380/1303
f 2067/4310/3880 2377/4416/3960 2376/1553/1468 2068/1336/1259
f 452/3691/3458 2065/1334/1257 2062/2433/1254 445/3688/184
f 2377/4416/3960 2067/4310/3880 2065/1334/1257
f 2065/1334/1257 452/3691/3458 2377/4416/3960
f 2373/4417/1465 2377/4416/3960 452/3691/3458 451/3690/3457
f 2039/1311/1236 2356/2435/2297 2358/2436/2298 2040/1312/1237
f 2048/1318/1242 2045/1317/1241 2044/4308/3878
f 2044/4412/3878 2042/4307/3877 2041/1535/1452
f 2351/4406/3957 2356/2437/2297 3374/4822/4233 2352/4404/3955
f 3373/2438/2299 3374/4822/4233 2356/2437/2297
f 3374/4822/4233 3373/2438/2299 2034/2460/2320
f 3374/4822/4233 3375/2440/2301 2352/4404/3955
f 2032/2457/2317 3376/2439/2300 3375/2440/2301 3374/4822/4233
f 2347/1528/1445 2352/4404/3955 3375/2440/2301 2348/1529/1446
f 2029/2459/2319 3377/2441/2302 2348/1529/1446 3376/2439/2300
f 2024/2456/2316 3378/2455/2315 2343/2442/2303 3377/2441/2302
f 2348/1529/1446 2343/2442/2303 2346/1527/1444
f 2340/4403/3954 3378/2455/2315 3379/2454/2314 3380/2451/2311
f 2339/1526/1443 2343/2442/2303 3378/2455/2315 2340/4403/3954
f 2335/1523/1440 2340/4403/3954 3380/2451/2311 2336/4402/3953
f 3380/2451/2311 3379/2454/2314 2016/2452/2312
f 2012/2453/2313 2011/4301/3873 2336/4402/3953 3380/2451/2311
f 2329/4400/3951 2336/4402/3953 2011/4301/3873 2330/4398/3949
f 3381/4823/4234 3382/2449/2309 2330/4398/3949 2011/4301/3873
f 2336/4402/3953 2329/4400/3951 2332/4401/3952
f 2328/4396/3948 2330/4398/3949 3382/2449/2309 2326/4393/3946
f 3382/2449/2309 3383/2446/2306 2326/4393/3946
f 1997/4293/3866 3385/4824/4235 2322/4825/1436 3384/2448/2308
f 3383/2446/2306 3382/2449/2309 2000/2447/2307
f 3383/2446/2306 2321/4826/3943 2324/4397/3945
f 3383/2446/2306 2324/4397/3945 2326/4393/3946
f 2321/4826/3943 3383/2446/2306 3384/2448/2308
f 3384/2448/2308 2322/4825/1436 2321/4826/3943
f 2313/1511/1428 3388/4827/4236 3389/4828/4237 3390/4829/2305
f 3385/4830/4235 3386/2443/2304 2322/1519/1436
f 3386/2443/2304 3385/4830/4235 3387/4831/4238
f 3386/2443/2304 3388/4827/4236 2318/1516/1433
f 3388/4827/4236 3386/2443/2304 3389/4828/4237
f 2316/1514/1431 2318/1516/1433 3388/4827/4236 2313/1511/1428
f 1989/4291/3864 294/101/99 3390/2445/2305 3389/4832/4237
f 294/101/99 1989/4291/3864 1986/1286/1212 288/98/96
f 1985/4290/3863 1989/4291/3864 3389/4832/4237 1992/4833/3862
f 1992/4834/3862 3389/4828/4237 3386/2443/2304 3387/4831/4238
f 1993/4295/1214 1992/4835/3862 3387/4836/4238 1994/4294/3867
f 1994/4294/3867 3387/4836/4238 3385/4824/4235 1997/4293/3866
f 1998/1291/1217 1997/4293/3866 3384/2448/2308 2000/2447/2307
f 2021/1303/1229 2020/1302/1228 3379/2454/2314 2024/2456/2316
f 2000/2447/2307 2004/2450/2310 2001/4296/3868
f 3382/2449/2309 2007/4300/3872 2004/2450/2310
f 3382/2449/2309 3381/4823/4234 2007/4300/3872
f 3381/4823/4234 2011/4301/3873 2007/4300/3872
f 2016/2452/2312 2020/1302/1228 2017/1299/1225
f 2026/4304/3876 2024/2456/2316 3377/2441/2302 2029/2459/2319
f 2303/1501/1420 2306/1504/1423 292/3641/3416 291/3640/3415
f 3376/2439/2300 2032/2457/2317 2029/2459/2319
f 3374/4822/4233 2034/2460/2320 2032/2457/2317
f 3373/2438/2299 2039/1310/1236 2034/2460/2320
f 2313/2444/1428 294/101/99 293/1505/1424
f 2299/1497/1416 2303/1501/1420 291/3640/3415 2300/1498/1417
f 292/3641/3416 2308/1506/1425 293/1505/1424
f 291/3640/3415 3391/4837/4239 2300/1498/1417
f 290/100/98 3392/4838/4240 3391/4837/4239 291/3640/3415
f 2298/4387/3941 3391/4837/4239 3392/4838/4240 2292/4385/3939
f 2297/1499/1418 2300/1498/1417 3391/4837/4239 2298/4387/3941
f 3393/4839/4241 3394/4840/4242 2292/4385/3939 3392/4838/4240
f 2293/2464/2324 2292/4385/3939 3394/4840/4242 2290/2462/2322
f 3395/4841/4243 3396/4842/4244 2290/2462/2322 3394/4840/4242
f 2285/2465/2325 3396/4842/4244 3397/4843/4245 2282/1493/1412
f 2284/4383/3937 2290/2462/2322 3396/4842/4244 2285/2465/2325
f 2277/4382/3936 2282/1493/1412 3399/2555/2413 3400/2467/2327
f 2282/1493/1412 3397/4843/4245 3398/2556/2414
f 3401/4844/4246 3402/2466/2326 3400/2467/2327 3399/2555/2413
f 2282/1493/1412 2277/4382/3936 2280/1491/1410
f 2272/1488/1407 2278/1487/1406 3404/2468/2328 3406/2470/2330
f 3400/2467/2327 2278/1487/1406 2277/4382/3936
f 3402/2466/2326 3403/2558/2416 3404/2468/2328
f 3402/2466/2326 3404/2468/2328 2278/1487/1406
f 3407/4845/4247 2270/4380/3934 3406/2470/2330 3405/2469/2329
f 2269/1486/1405 2272/1488/1407 3406/2470/2330 2270/4380/3934
f 2266/1483/1402 2270/4380/3934 3407/4845/4247 2267/2473/2333
f 3405/2469/2329 3408/2561/2419 3407/4845/4247
f 3410/2471/2331 2267/2473/2333 3407/4845/4247 3409/4846/4248
f 335/3655/3429 332/3651/3425 3410/2471/2331 3411/4847/4249
f 3410/2471/2331 3409/4846/4248 3411/4847/4249
f 331/3652/3426 2264/2472/2332 3410/2471/2331 332/3651/3425
f 3414/4848/4250 335/3655/3429 3411/4847/4249 3413/4849/4251
f 3409/4846/4248 3412/2563/2421 3411/4847/4249
f 3415/4850/4252 3416/2474/2334 335/3655/3429 3414/4848/4250
f 3421/4851/4253 337/124/122 3418/2475/2335 3420/4852/4254
f 3416/2474/2334 336/123/121 335/3655/3429
f 3416/2474/2334 3417/4853/2423 3418/2475/2335
f 3418/2475/2335 3419/4854/4255 3420/4852/4254
f 3422/4855/4256 3423/4856/4257 337/124/122 3421/4851/4253
f 3424/4857/4258 3425/4858/4259 3423/4856/4257 3422/4855/4256
f 3423/4856/4257 338/3656/3430 337/124/122
f 338/3656/3430 3423/4856/4257 3425/4858/4259 3426/4859/4260
f 3427/4860/4261 3428/4861/4262 3426/4859/4260 3425/4858/4259
f 3430/4862/4263 3426/4859/4260 3428/4861/4262 3429/4863/4264
f 333/3654/3428 338/3656/3430 3426/4859/4260 3430/4862/4263
f 3432/2476/2336 3430/4862/4263 3429/4863/4264 3431/2574/2431
f 334/2478/2338 333/3654/3428 3430/4862/4263 3432/2476/2336
f 2256/1476/1395 3432/2476/2336 3433/2573/2430 3434/4864/4265
f 3431/2574/2431 3433/2573/2430 3432/2476/2336
f 2258/1480/1399 2261/2477/2337 3432/2476/2336 2256/1476/1395
f 2248/4373/3927 2254/4375/3929 3438/2484/2344 2249/2480/2340
f 3434/4864/4265 3433/2573/2430 3435/2572/2429
f 3434/4864/4265 3436/4865/4266 2253/1477/1396
f 3434/4864/4265 2253/1477/1396 2256/1476/1395
f 3436/4865/4266 3434/4864/4265 3437/2578/2435
f 3436/4865/4266 3438/2484/2344 2254/4375/3929
f 3436/4865/4266 2254/4375/3929 2253/1477/1396
f 3438/2484/2344 3436/4865/4266 3439/2482/2342
f 3438/2484/2344 3440/2479/2339 2249/2480/2340
f 3441/2481/2341 574/3750/3499 3440/2479/2339 3438/2484/2344
f 2246/1471/1390 3440/2479/2339 574/3750/3499 570/2902/2741
f 574/3750/3499 3441/2481/2341 3442/2483/2343 571/3749/3498
f 3580/2579/2436 3443/2899/2738 3442/2483/2343 3439/2482/2342
f 571/3749/3498 3442/2483/2343 3443/2899/2738 572/3746/3495
f 572/3746/3495 3443/2899/2738 3444/4866/4267 3445/4867/4268
f 3446/4868/4269 3447/4869/4270 3445/4867/4268 3444/4866/4267
f 3448/4870/4271 3445/4867/4268 3447/4869/4270 548/4871/3488
f 573/3747/3496 572/3746/3495 3445/4867/4268 3448/4870/4271
f 3449/2486/2346 3448/4870/4271 548/4871/3488 546/2485/2345
f 575/2487/2347 573/3747/3496 3448/4870/4271 3449/2486/2346
f 3450/2489/2349 3451/2488/2348 3447/4872/4270 3446/4873/4269
f 548/3739/3488 3447/4872/4270 3451/2488/2348 83/242/237
f 83/242/237 3451/2488/2348 3452/2490/2350 547/243/238
f 555/249/244 3452/2490/2350 3453/4874/4272 3454/4875/4273
f 3459/2647/2501 3455/4876/4274 3460/4877/2739 3458/4878/4275
f 3452/2490/2350 3450/2489/2349 3453/4874/4272
f 3455/4876/4274 3456/4879/4276 3453/4874/4272
f 3453/4874/4272 3457/4880/2737 3455/4876/4274
f 3457/4880/2737 3460/4877/2739 3455/4876/4274
f 3462/4881/4277 3463/2581/2438 3458/4882/4275 3460/2900/2739
f 3461/2493/2353 3458/4882/4275 3463/2581/2438 3464/2491/2351
f 3471/2643/2497 3467/2495/2355 3469/2498/2358 3470/2497/2357
f 3464/2491/2351 3466/2494/2354 3465/2492/2352
f 3466/2494/2354 3464/2491/2351 3468/2580/2437
f 3466/2494/2354 3469/2498/2358 3467/2495/2355
f 3472/4883/4278 3473/2496/2356 3469/2498/2358 3466/2494/2354
f 3476/4884/4279 3477/4885/4280 3470/2497/2357 3473/2496/2356
f 3474/2500/2360 3475/4886/4281 3470/2497/2357
f 3478/2501/2361 3474/2500/2360 3470/2497/2357 3477/4885/4280
f 3481/4887/4282 3478/2501/2361 3477/4885/4280 3480/4888/4283
f 3482/2503/2363 3479/2499/2359 3478/2501/2361 3481/4887/4282
f 3486/4889/4284 3484/2504/2364 3482/2503/2363 3485/4890/4285
f 3484/2504/2364 3487/2505/2365 3488/2507/2367 3489/2639/2493
f 3484/2504/2364 3486/4889/4284 3487/2505/2365
f 3491/2506/2366 3487/2505/2365 3486/4889/4284 3490/4891/4286
f 3488/2507/2367 3491/2506/2366 3492/4892/4287 3493/4893/4288
f 3496/4894/4289 3499/2508/2368 3500/2510/2370 3501/4895/4290
f 3491/2506/2366 3494/4896/4291 3492/4892/4287
f 3492/4892/4287 3495/2584/2441 3496/4894/4289
f 3496/4894/4289 3497/2636/2490 3492/4892/4287
f 3496/4894/4289 3498/2586/2443 3499/2508/2368
f 3513/4897/4292 3508/4898/4293 3509/2512/2372 3512/2595/2451
f 3498/2586/2443 3502/2587/2444 3499/2508/2368
f 3499/4899/2368 3504/2592/2448 3503/4900/2369
f 3505/2513/2373 3500/4901/2370 3503/4900/2369
f 3503/4900/2369 3506/2593/2449 3507/2511/2371
f 3503/4900/2369 3507/2511/2371 3505/2513/2373
f 3508/4898/4293 3614/4902/2487 3505/2513/2373
f 3505/2513/2373 3509/2512/2372 3508/4898/4293
f 3510/2515/2375 3511/2628/2483 3508/4898/4293
f 3516/2514/2374 3510/2515/2375 3513/4897/4292 3515/4903/4294
f 3508/4898/4293 3513/4897/4292 3510/2515/2375
f 3510/2515/2375 1884/1235/1164 3514/2629/2484
f 1886/4265/3839 1885/1236/1165 3516/2514/2374 3515/4903/4294
f 1884/1235/1164 1883/4154/3760 3517/4904/4295
f 1888/4266/3840 1886/4265/3839 3515/4903/4294 3518/4905/4296
f 3519/2596/2452 3520/4906/4297 1888/4266/3840 3518/4905/4296
f 1889/1240/1169 3520/4906/4297 3521/2516/2376 1890/1241/1170
f 3520/4906/4297 1889/1240/1169 1888/4266/3840
f 3520/4906/4297 3519/2596/2452 3521/2516/2376
f 1890/1241/1170 3521/2516/2376 3523/2518/2378 3524/2520/2380
f 3525/4907/4298 1896/2519/2379 3524/2520/2380 3523/2518/2378
f 1891/1242/1171 1890/1241/1170 3524/2520/2380 1893/1243/1172
f 3527/2599/2455 1898/4267/3841 3525/4907/4298 3526/4908/4299
f 1896/2519/2379 3525/4907/4298 1898/4267/3841
f 1898/4267/3841 1895/1246/1175 1896/2519/2379
f 3529/4909/4300 1898/4267/3841 3527/2599/2455 3528/2598/2454
f 3531/2521/2381 3529/4909/4300 3528/2598/2454 3530/4910/4301
f 3529/4909/4300 1897/1248/1177 1898/4267/3841
f 1899/1249/1178 1897/1248/1177 3529/4909/4300 3531/2521/2381
f 1900/1251/1179 3532/2522/2382 3533/2524/2383 1901/1252/1180
f 3531/2523/2381 3530/4911/4301 3532/2522/2382
f 1901/1252/1180 3533/2524/2383 3534/2526/2385 1903/2527/2386
f 1913/4270/3844 1912/2529/2388 3536/4912/4302 1917/4274/3848
f 3535/2528/2387 1904/4268/3842 1903/2527/2386
f 1904/4268/3842 3536/4912/4302 1912/2529/2388
f 1904/4268/3842 1912/2529/2388 1905/2530/2389
f 1912/2529/2388 1909/1258/1186 1906/1254/1182
f 1921/4273/3847 1920/4272/3846 3537/2606/2462 3538/2532/2391
f 1917/4274/3848 1920/4272/3846 1914/4271/3845
f 1920/4272/3846 1917/4274/3848 3537/2606/2462
f 3600/2605/2461 3539/2531/2390 3538/2532/2391 3537/2606/2462
f 3538/2532/2391 1925/1259/1187 1921/4273/3847
f 1928/2535/2394 3539/2531/2390 3540/2608/2464 3541/2533/2392
f 3539/2531/2390 1928/2535/2394 1925/1259/1187
f 1930/4276/3850 1929/2534/2393 3542/4913/4303 1935/2537/2396
f 3541/2533/2392 3542/4913/4303 1929/2534/2393
f 3544/2610/2466 3545/2536/2395 1935/2537/2396 3542/4913/4303
f 3542/4913/4303 3541/2533/2392 3543/2611/2467
f 1935/2537/2396 1937/1262/1190 1933/4278/3852
f 1942/2538/2397 3548/2542/2401 1944/2544/2403 1945/1267/1195
f 3545/2536/2395 1940/2539/2398 1937/1262/1190
f 3547/2541/2400 3548/2542/2401 1942/2538/2397
f 1944/2544/2403 3549/2543/2402 1947/4279/3853 1945/1267/1195
f 3551/4914/2405 1947/4279/3853 3549/2543/2402 3550/4915/2420
f 3548/2542/2401 3413/4916/4251 3549/2543/2402
f 1950/1269/1197 1946/1268/1196 1947/4279/3853
f 3552/4917/2404 1950/1269/1197 1947/4279/3853 3551/4914/2405
f 3553/4918/4304 1953/1272/1198 3552/2546/2404 3555/2548/2406
f 1953/1272/1198 3553/4918/4304 1957/4281/3855 1955/1273/1200
f 3556/4919/4305 1957/4281/3855 3553/4918/4304 3555/2548/2406
f 3558/2559/2417 3556/4919/4305 3555/2548/2406 3557/2557/2415
f 1962/4282/3856 1957/4281/3855 3556/4919/4305 3558/2559/2417
f 3559/4920/4306 1962/4282/3856 3558/2559/2417 3403/2558/2416
f 1962/4282/3856 1959/4280/3854 1957/4281/3855
f 1962/4282/3856 3559/4920/4306 1965/1280/1206 1963/1279/1205
f 1967/2550/2408 1965/1280/1206 3559/4920/4306 3401/4844/4246
f 1968/1283/1209 3560/2549/2407 3398/2556/2414 1972/2551/2409
f 1967/2550/2408 3401/4844/4246 3399/2555/2413
f 1967/2550/2408 3399/2555/2413 3560/2549/2407
f 3560/2549/2407 3399/2555/2413 3398/2556/2414
f 3397/4843/4245 3561/4921/4307 1972/2551/2409 3398/2556/2414
f 3395/4841/4243 3562/4922/4308 1976/2554/2412 3561/4921/4307
f 3561/4921/4307 1976/2554/2412 1972/2551/2409
f 3393/4839/4241 289/99/97 1981/2552/2410 3562/4922/4308
f 3562/4922/4308 1981/2552/2410 1976/2554/2412
f 3394/4840/4242 3393/4839/4241 3562/4922/4308 3395/4841/4243
f 3396/4842/4244 3395/4841/4243 3561/4921/4307 3397/4843/4245
f 3401/4844/4246 3559/4920/4306 3403/2558/2416 3402/2466/2326
f 3404/2468/2328 3557/2557/2415 3408/2561/2419 3405/2469/2329
f 3557/2557/2415 3555/2548/2406 3554/2560/2418
f 3557/2557/2415 3404/2468/2328 3403/2558/2416
f 3412/2563/2421 3409/4846/4248 3554/2560/2418 3551/2547/2405
f 3554/2560/2418 3555/2548/2406 3551/2547/2405
f 3408/2561/2419 3554/2560/2418 3409/4846/4248 3407/4845/4247
f 3412/2563/2421 3550/2562/2420 3413/4849/4251 3411/4847/4249
f 3550/4915/2420 3549/2543/2402 3413/4916/4251
f 3547/2541/2400 3414/4923/4250 3413/4916/4251 3548/2542/2401
f 3563/2564/2422 3415/4924/4252 3414/4923/4250 3547/2541/2400
f 3417/2565/2423 3563/2564/2422 3546/2540/2399 3564/2567/2424
f 3415/4924/4252 3563/2564/2422 3416/2566/2334
f 310/3648/3422 3419/4925/4255 3565/2568/2425 306/110/108
f 3417/2565/2423 3565/2568/2425 3419/4925/4255
f 3567/2582/2439 3568/4926/4309 310/4927/3422 3566/2626/2481
f 3419/4854/4255 3418/2475/2335 3417/4853/2423
f 3419/4854/4255 310/4927/3422 3568/4926/4309 3420/4852/4254
f 3569/2570/2427 3570/2569/2426 3568/4926/4309 3567/2582/2439
f 310/4927/3422 309/4928/3421 3566/2626/2481
f 3420/4852/4254 3568/4926/4309 3570/2569/2426 3421/4851/4253
f 3421/4851/4253 3570/2569/2426 3571/2571/2428 3422/4855/4256
f 3485/4890/4285 3572/4929/4310 3571/2571/2428 3569/2570/2427
f 3422/4855/4256 3571/2571/2428 3572/4929/4310 3424/4857/4258
f 3481/4887/4282 3572/4929/4310 3485/4890/4285 3482/2503/2363
f 3424/4857/4258 3572/4929/4310 3481/4887/4282 3480/4888/4283
f 3425/4858/4259 3424/4857/4258 3480/4888/4283 3427/4860/4261
f 3480/4888/4283 3476/4884/4279 3427/4860/4261
f 3428/4861/4262 3427/4860/4261 3476/4884/4279 3574/4930/4311
f 3476/4884/4279 3480/4888/4283 3477/4885/4280
f 3476/4884/4279 3573/4931/4312 3574/4930/4311
f 3576/4932/4313 3574/4930/4311 3573/4931/4312 3575/4933/4314
f 3429/4863/4264 3428/4861/4262 3574/4930/4311 3576/4932/4313
f 3435/2572/2429 3576/4932/4313 3575/4933/4314 3577/2576/2433
f 3431/2574/2431 3429/4863/4264 3576/4932/4313 3435/2572/2429
f 3434/4864/4265 3435/2572/2429 3578/2575/2432 3437/2578/2435
f 3577/2576/2433 3578/2575/2432 3435/2572/2429
f 3463/2581/2438 3462/4881/4277 3579/2577/2434 3468/2580/2437
f 3437/2578/2435 3439/2482/2342 3436/4865/4266
f 3580/2579/2436 3579/2577/2434 3462/4881/4277
f 3580/2579/2436 3462/4881/4277 3460/2900/2739
f 3460/2900/2739 3443/2899/2738 3580/2579/2436
f 3466/2494/2354 3468/2580/2437 3575/4933/4314 3472/4883/4278
f 3577/2576/2433 3575/4933/4314 3468/2580/2437
f 3473/2496/2356 3472/4883/4278 3573/4931/4312 3476/4884/4279
f 3575/4933/4314 3573/4931/4312 3472/4883/4278
f 3485/4890/4285 3569/2570/2427 3490/4891/4286 3486/4889/4284
f 3495/2584/2441 3581/2583/2440 3498/2586/2443 3496/4894/4289
f 3569/2570/2427 3494/4896/4291 3490/4891/4286
f 3494/4896/4291 3491/2506/2366 3490/4891/4286
f 3494/4896/4291 3569/2570/2427 3567/2582/2439
f 3494/4896/4291 3567/2582/2439 3495/2584/2441
f 3495/2584/2441 3492/4892/4287 3494/4896/4291
f 3507/2511/2371 3506/2593/2449 3587/2594/2450 3512/2595/2451
f 3581/2583/2440 308/4934/3420 3582/2585/2442
f 3582/4935/2442 3583/2622/2477 3584/2588/2445
f 3582/4935/2442 3584/2588/2445 3502/2590/2444
f 3504/2592/2448 3499/4899/2368 3502/2590/2444
f 3502/2590/2444 3585/2589/2446 3504/2592/2448
f 3506/2593/2449 3503/4900/2369 3504/2592/2448
f 3512/2595/2451 3518/4905/4296 3515/4903/4294 3513/4897/4292
f 3512/2595/2451 3509/2512/2372 3507/2511/2371
f 3519/2596/2452 3518/4905/4296 3512/2595/2451
f 3521/2516/2376 3587/2594/2450 3588/4936/4315 3522/2517/2377
f 3587/2594/2450 3521/2516/2376 3519/2596/2452
f 3587/2594/2450 3586/2591/2447 3588/4936/4315
f 3526/4908/4299 3588/4936/4315 3589/2597/2453 3527/2599/2455
f 3588/4936/4315 3586/2591/2447 3589/2597/2453
f 3588/4936/4315 3526/4908/4299 3522/2517/2377
f 3595/4937/4316 3593/4938/4317 3592/4939/4318 3594/4940/4319
f 3589/2597/2453 3590/2600/2456 3528/2598/2454
f 3528/2598/2454 3591/2601/2457 3530/4910/4301
f 3591/2601/2457 3592/4941/4318 3593/4942/4317
f 3591/2601/2457 3593/4942/4317 3530/4910/4301
f 3530/4911/4301 3593/4938/4317 3595/4937/4316 3532/2522/2382
f 3532/2522/2382 3595/4937/4316 3596/4943/4320 3533/2524/2383
f 3595/4937/4316 3594/4940/4319 3596/4943/4320
f 3533/2524/2383 3596/4943/4320 3597/2603/2459 313/2525/2384
f 1917/4274/3848 3536/4912/4302 3535/2528/2387 3537/2606/2462
f 3599/2604/2460 3600/2605/2461 3535/2528/2387
f 3541/2533/2392 3540/2608/2464 3602/4944/4321 3543/2611/2467
f 3536/4912/4302 1904/4268/3842 3535/2528/2387
f 3539/2531/2390 3600/2605/2461 312/2624/2479
f 312/2624/2479 3601/2607/2463 3539/2531/2390
f 3601/2607/2463 3602/4944/4321 3540/2608/2464
f 3603/4945/4322 3604/2609/2465 3543/2611/2467 3602/4944/4321
f 3543/2611/2467 3544/2610/2466 3542/4913/4303
f 3545/2536/2395 3544/2610/2466 3564/2567/2424 3546/2540/2399
f 306/110/108 3565/2568/2425 3604/2609/2465 3603/4945/4322
f 3564/2567/2424 3604/2609/2465 3565/2568/2425
f 306/110/108 3603/4945/4322 3605/2612/2468 303/111/109
f 303/111/109 3605/2612/2468 3607/2614/2470 304/3643/3418
f 3596/4943/4320 304/3643/3418 3607/2614/2470 3597/2603/2459
f 3606/2613/2469 3598/2602/2458 3607/2614/2470
f 304/3643/3418 3608/2615/2471 305/2617/2473
f 3594/4940/4319 3608/2615/2471 304/3643/3418 3596/4943/4320
f 3610/2620/2475 311/2619/2472 3608/4946/2471 3609/4947/4323
f 3594/4940/4319 3592/4939/4318 3608/2615/2471
f 3609/4947/4323 3608/4946/2471 3592/4941/4318 3591/2601/2457
f 3583/2622/2477 307/2618/2474 3610/2620/2475 3611/2623/2478
f 3611/2623/2478 3610/2620/2475 3609/4947/4323 3612/4948/4324
f 3611/2623/2478 3612/4948/4324 3613/2621/2476 3584/2588/2445
f 3591/2601/2457 3590/2600/2456 3612/4948/4324 3609/4947/4323
f 3613/2621/2476 3612/4948/4324 3590/2600/2456 3589/2597/2453
f 308/4949/3420 307/2618/2474 3583/2622/2477 3582/4935/2442
f 40/2625/2480 3598/2602/2458 3606/2613/2469 3601/2607/2463
f 3601/2607/2463 3605/2612/2468 3603/4945/4322 3602/4944/4321
f 3601/2607/2463 3606/2613/2469 3605/2612/2468
f 313/2525/2384 312/2624/2479 3600/2605/2461 3599/2604/2460
f 309/4928/3421 308/4934/3420 3581/2583/2440 3566/2626/2481
f 3523/2518/2378 3522/2517/2377 3526/4908/4299 3525/4907/4298
f 1634/4153/3759 1882/2699/2550 3517/4904/4295 1883/4154/3760
f 3517/4904/4295 3514/2629/2484 1884/1235/1164
f 3501/4895/4290 3500/2510/2370 3614/2633/2487 3616/2632/2486
f 3514/2629/2484 3517/4904/4295 258/2627/2482
f 3514/2629/2484 3511/2628/2483 3510/2515/2375
f 3511/2628/2483 260/2630/2485 3614/4902/2487
f 3614/4902/2487 3508/4898/4293 3511/2628/2483
f 3500/4901/2370 3505/2513/2373 3614/4902/2487
f 3619/2634/2488 3501/4895/4290 3616/2632/2486 3617/4950/4325
f 3492/4892/4287 3497/2636/2490 3620/2635/2489 3493/4893/4288
f 3501/4895/4290 3619/2634/2488 3497/2636/2490
f 3497/2636/2490 3496/4894/4289 3501/4895/4290
f 3621/2700/2551 3622/2637/2491 3493/4893/4288 3620/2635/2489
f 3493/4893/4288 3622/2637/2491 3489/2639/2493 3488/2507/2367
f 3622/2637/2491 3623/4951/4326 3624/2638/2492
f 3627/2640/2494 3483/2502/2362 3624/2638/2492 3626/4952/4327
f 3624/2638/2492 3625/2704/2555 3626/4952/4327
f 3489/2639/2493 3624/2638/2492 3483/2502/2362 3484/2504/2364
f 3630/4953/4328 3628/2641/2495 3627/2640/2494 3629/2707/2558
f 3475/4886/4281 3474/2500/2360 3628/2641/2495 3630/4953/4328
f 3632/4954/4329 3475/4886/4281 3630/4953/4328 3631/2709/2560
f 3634/2642/2496 3471/2643/2497 3632/4954/4329 3633/4955/4330
f 3475/4886/4281 3632/4954/4329 3471/2643/2497 3470/2497/2357
f 3458/4878/4275 3461/4956/2353 3638/2648/2499 3459/2647/2501
f 3634/2642/2496 3633/4955/4330 3635/4957/4331
f 3634/2642/2496 3636/2644/2498 3467/2495/2355
f 3636/2644/2498 3634/2642/2496 3637/4958/2562
f 3636/2644/2498 3638/2645/2499 3465/2492/2352
f 3638/2648/2499 3636/4959/2498 3639/4960/4332
f 3455/4876/4274 3459/2647/2501 3641/4961/4333 3456/4879/4276
f 3459/2647/2501 3640/2646/2500 3641/4961/4333
f 3642/4962/4334 3643/2649/2502 3456/4879/4276 3641/4961/4333
f 3454/4875/4273 3643/2649/2502 322/116/114 324/119/117
f 3456/4879/4276 3643/2649/2502 3454/4875/4273 3453/4874/4272
f 555/249/244 3454/4875/4273 324/119/117 3645/2651/2504
f 324/119/117 3644/2652/2505 3645/2651/2504
f 557/3741/3490 321/2654/2507 3647/2655/2508 558/2657/2510
f 3645/2651/2504 3644/2652/2505 556/2650/2503
f 556/2650/2503 3646/2653/2506 321/2654/2507
f 321/2654/2507 557/3741/3490 556/2650/2503
f 553/2658/2511 3650/2659/2512 606/274/268 605/273/267
f 42/113/111 320/115/113 3647/2655/2508
f 3647/2655/2508 3649/2770/2618 3648/2656/2509
f 3652/2662/2515 606/274/268 3650/2659/2512 3651/2660/2513
f 3654/2664/2517 3656/2663/2516 3657/2666/2519 3658/4963/4335
f 3652/2662/2515 3653/2661/2514 3654/2664/2517
f 3654/2664/2517 3655/2834/2678 3652/2662/2515
f 3661/2830/2676 3657/2666/2519 3659/2665/2518 3660/4964/4336
f 3656/2663/2516 3778/2769/2617 3659/2665/2518
f 3663/2667/2520 3661/2830/2676 3660/4964/4336 3662/4965/4337
f 3661/2830/2676 3663/2667/2520 3664/2669/2522 3665/2831/2674
f 3664/4966/2522 3666/4967/2521 1857/2776/2524 3781/2778/2625
f 3663/2667/2520 3667/2670/2523 3666/2668/2521
f 1862/4258/1147 1861/4968/1146 3672/2677/2530 1864/1216/1149
f 1857/2776/2524 1859/4257/2525 1858/1209/1142
f 1859/2672/2525 3669/2674/2527 1860/2678/1144
f 3669/2674/2527 3670/2675/2528 1860/2678/1144
f 3672/2677/2530 1861/4968/1146 1860/2678/1144
f 3674/2680/2532 1864/1216/1149 3672/2677/2530 3673/2679/2531
f 1872/1224/1155 1871/4260/3835 3679/2688/2539 3681/2689/2540
f 3674/2680/2532 425/2681/2533 1865/1217/1150
f 3675/2682/2534 3676/2683/2535 1867/1220/1152
f 1867/1220/1152 3677/2684/2536 1868/4259/2537
f 3677/2685/2536 3678/2687/2538 1869/1221/1153
f 1870/1222/1154 3679/2688/2539 1871/4260/3835
f 3679/2688/2539 3680/2733/2584 3681/2689/2540
f 3686/2695/2546 1876/1229/1159 1875/2691/2542 3685/2693/2544
f 3680/2733/2584 3682/2738/2589 3681/2689/2540
f 3681/2689/2540 3682/2738/2589 3683/2690/2541
f 3683/2690/2541 3684/2692/2543 1875/2691/2542
f 1877/4969/1160 1876/1229/1159 3686/2695/2546 1878/2696/2547
f 1879/4262/3836 3687/4970/2545 3689/4971/4338 1880/4264/3838
f 3687/4970/2545 1879/4262/3836 1878/4261/2547
f 260/2631/2485 259/3637/2549 3689/4972/4338 3690/2775/2623
f 1880/4264/3838 3689/4971/4338 3688/2697/2548
f 3688/2697/2548 1881/4263/3837 1880/4264/3838
f 1881/4263/3837 3688/2697/2548 1882/2699/2550
f 1882/2699/2550 259/2698/2549 258/2627/2482
f 258/2627/2482 3517/4904/4295 1882/2699/2550
f 3688/4973/2548 3689/4972/4338 259/3637/2549
f 3689/4972/4338 3687/2694/2545 3690/2775/2623
f 260/2631/2485 3690/2775/2623 3691/4974/4339 3615/4975/4340
f 3694/4976/4341 3692/4977/4342 3691/4974/4339 3693/2739/2590
f 3615/4975/4340 3691/4974/4339 3617/4950/4325
f 3615/4975/4340 3616/2632/2486 260/2631/2485
f 3617/4950/4325 3691/4974/4339 3692/4977/4342
f 3617/4950/4325 3616/2632/2486 3615/4975/4340
f 3695/4978/4343 3618/4979/4344 3692/4977/4342 3694/4976/4341
f 3617/4950/4325 3692/4977/4342 3618/4979/4344 3619/2634/2488
f 3697/4980/4345 3695/4978/4343 3694/4976/4341 3696/2737/2588
f 3698/2701/2552 3620/2635/2489 3695/4978/4343 3697/4980/4345
f 3618/4979/4344 3695/4978/4343 3620/2635/2489 3619/2634/2488
f 3700/4981/4346 3698/2701/2552 3697/4980/4345 3699/2735/2586
f 3701/4982/4347 3621/2700/2551 3698/2701/2552 3700/4981/4346
f 3702/2702/2553 3701/4982/4347 3700/4981/4346 3699/2735/2586
f 3625/2704/2555 3623/4951/4326 3701/4982/4347 3702/2702/2553
f 3621/2700/2551 3701/4982/4347 3623/4951/4326 3622/2637/2491
f 3705/2705/2556 3626/4952/4327 3703/2703/2554 3704/2741/2592
f 3625/2704/2555 3703/2703/2554 3626/4952/4327
f 3625/2704/2555 3624/2638/2492 3623/4951/4326
f 3626/4952/4327 3705/2705/2556 3629/2707/2558 3627/2640/2494
f 3705/2705/2556 3704/2741/2592 3706/2706/2557
f 3629/2707/2558 3706/2706/2557 3631/2709/2560 3630/4953/4328
f 3706/2706/2557 3707/4983/4348 3708/2708/2559
f 3635/4957/4331 3633/4955/4330 3708/2708/2559 3709/2748/2597
f 3631/2709/2560 3708/2708/2559 3633/4955/4330 3632/4954/4329
f 3711/4984/2563 3635/4957/4331 3709/2748/2597 3710/2747/2596
f 3634/2642/2496 3635/4957/4331 3711/4984/2563 3637/4958/2562
f 3711/2712/2563 3710/2750/2596 3712/2710/2561
f 3639/4960/4332 3712/2710/2561 3713/2752/2600 3714/2714/2565
f 3636/4959/2498 3637/2711/2562 3712/2710/2561 3639/4960/4332
f 3716/2713/2564 3714/2714/2565 3713/2752/2600 3715/2754/2602
f 3638/2648/2499 3639/4960/4332 3714/2714/2565 3640/2646/2500
f 3641/4961/4333 3716/2713/2564 3718/2757/2605 3642/4962/4334
f 3716/2713/2564 3717/2758/2606 3718/2757/2605
f 3643/2649/2502 3642/4962/4334 3719/4985/4349 323/117/115
f 3716/2713/2564 3641/4961/4333 3640/2646/2500
f 3719/4985/4349 3642/4962/4334 3720/2756/2604
f 3722/2773/2621 3723/4986/4350 3719/4985/4349 3721/4987/4351
f 3719/4985/4349 3720/2756/2604 3721/4987/4351
f 323/117/115 3719/4985/4349 3723/4986/4350 325/3653/3427
f 3724/4988/4352 3725/4989/4353 325/3653/3427 3723/4986/4350
f 3644/2652/2505 325/3653/3427 3725/4989/4353 3646/2653/2506
f 319/114/112 42/113/111 3725/4989/4353 3724/4988/4352
f 325/3653/3427 3644/2652/2505 43/118/116
f 3646/2653/2506 3725/4989/4353 42/113/111 321/2654/2507
f 3727/4990/4354 319/114/112 3724/4988/4352 3726/4991/4355
f 3726/4991/4355 3724/4988/4352 3723/4986/4350 3722/2773/2621
f 3729/4992/4356 3730/2771/2619 3727/4990/4354 3728/4993/4357
f 319/114/112 3727/4990/4354 3730/2771/2619 320/115/113
f 3728/4993/4357 3727/4990/4354 3726/4991/4355 3731/2772/2620
f 3728/4993/4357 3731/2772/2620 3732/4994/4358 3733/2768/2616
f 3732/4994/4358 3734/4995/4359 3735/2717/2568 3736/2767/2615
f 3731/2772/2620 3726/4991/4355 3722/2773/2621
f 3731/2772/2620 3734/4995/4359 3732/4994/4358
f 3746/4996/4360 3742/2765/2613 3741/2718/2569 3745/2722/2573
f 3734/4995/4359 3731/2772/2620 3737/2774/2622
f 3734/4995/4359 3738/2715/2566 3735/2717/2568
f 3734/4995/4359 3740/4997/4361 3738/2715/2566
f 3741/2718/2569 3742/2765/2613 3743/2719/2570
f 3738/2715/2566 3744/4998/4362 3741/2718/2569
f 419/2720/2571 3745/2722/2573 3741/2718/2569 3747/4999/4363
f 3749/2723/2574 419/2720/2571 3747/4999/4363 3748/2753/2601
f 3751/5000/4364 420/2724/2575 3749/2723/2574 3750/2751/2599
f 421/2762/2610 420/2724/2575 3751/5000/4364 3752/5001/4365
f 3756/2725/2576 3752/5001/4365 3751/5000/4364 3755/2745/2595
f 3750/2751/2599 3753/2749/2598 3751/5000/4364
f 3752/5001/4365 3754/2727/2578 424/177/175
f 3761/2731/2582 3757/5002/2579 3759/5003/2577 3760/2729/2580
f 3752/5001/4365 3756/2725/2576 3754/2727/2578
f 3754/2727/2578 3757/2728/2579 3758/178/176
f 3757/5002/2579 3761/2731/2582 3678/2687/2538 3677/2685/2536
f 3679/2688/2539 3678/2687/2538 3762/2730/2581 3764/2732/2583
f 3761/2731/2582 3762/2730/2581 3678/2687/2538
f 3762/2730/2581 3763/2740/2591 3764/2732/2583
f 3680/2733/2584 3764/2732/2583 3763/2740/2591 3702/2702/2553
f 3766/2736/2587 3682/2738/2589 3765/2734/2585 3699/2735/2586
f 3680/2733/2584 3765/2734/2585 3682/2738/2589
f 3682/2738/2589 3696/2737/2588 3684/2692/2543 3683/2690/2541
f 3766/2736/2587 3699/2735/2586 3696/2737/2588
f 3693/2739/2590 3684/2692/2543 3696/2737/2588 3694/4976/4341
f 3699/2735/2586 3697/4980/4345 3696/2737/2588
f 3690/2775/2623 3685/2693/2544 3693/2739/2590 3691/4974/4339
f 3707/4983/4348 3704/2741/2592 3763/2740/2591 3767/2759/2607
f 3704/2741/2592 3703/2703/2554 3702/2702/2553
f 3763/2740/2591 3762/2730/2581 3767/2759/2607
f 3768/2742/2593 3707/4983/4348 3767/2759/2607 3760/2729/2580
f 3707/4983/4348 3769/2744/2594 3709/2748/2597 3708/2708/2559
f 3707/4983/4348 3768/2742/2593 3769/2744/2594
f 3707/4983/4348 3706/2706/2557 3704/2741/2592
f 3770/2755/2603 3717/2758/2606 3748/2753/2601 3744/4998/4362
f 3769/2746/2594 3755/2745/2595 3710/2750/2596
f 3710/2750/2596 3753/2749/2598 3713/2752/2600
f 3713/2752/2600 3750/2751/2599 3715/2754/2602
f 3713/2752/2600 3712/2710/2561 3710/2750/2596
f 3748/2753/2601 3747/4999/4363 3744/4998/4362
f 3715/2754/2602 3748/2753/2601 3717/2758/2606 3716/2713/2564
f 3737/2774/2622 3720/2756/2604 3770/2755/2603 3740/4997/4361
f 3740/4997/4361 3770/2755/2603 3744/4998/4362 3738/2715/2566
f 3720/2756/2604 3737/2774/2622 3721/4987/4351
f 3720/2756/2604 3642/4962/4334 3718/2757/2605
f 3737/2774/2622 3740/4997/4361 3734/4995/4359
f 3737/2774/2622 3722/2773/2621 3721/4987/4351
f 3756/2743/2576 3768/2742/2593 3760/2729/2580 3759/5003/2577
f 3747/4999/4363 3741/2718/2569 3744/4998/4362
f 3750/2751/2599 3749/2723/2574 3748/2753/2601
f 3755/2745/2595 3751/5000/4364 3753/2749/2598
f 3757/2728/2579 3676/2683/2535 3771/2760/2608 3758/178/176
f 425/2681/2533 3758/178/176 3771/2760/2608 3675/2682/2534
f 3676/2683/2535 3757/2728/2579 3677/2684/2536
f 3752/5001/4365 424/177/175 3772/2761/2609 421/2762/2610
f 3670/2675/2528 422/173/171 3773/2763/2611 3671/2676/2529
f 3772/2761/2609 424/177/175 423/176/174
f 3773/2763/2611 422/173/171 421/2762/2610
f 423/176/174 3673/2679/2531 3773/2763/2611
f 3746/4996/4360 3774/3678/3451 3662/4965/4337 3775/5004/4366
f 3670/2675/2528 3669/2674/2527 417/174/172
f 417/174/172 3668/2673/2526 3774/3678/3451
f 3668/2673/2526 3667/2670/2523 3774/3678/3451
f 3775/5004/4366 3776/2764/2612 3742/2765/2613 3746/4996/4360
f 3774/3678/3451 3746/4996/4360 418/2721/2572
f 418/2721/2572 3746/4996/4360 3745/2722/2573
f 3736/2767/2615 3739/2716/2567 3743/2719/2570 3776/2764/2612
f 3775/5004/4366 3778/2769/2617 3777/2766/2614 3776/2764/2612
f 3736/2767/2615 3777/2766/2614 3733/2768/2616
f 3736/2767/2615 3735/2717/2568 3739/2716/2567
f 3733/2768/2616 297/105/103 298/104/102
f 3733/2768/2616 3732/4994/4358 3736/2767/2615
f 3662/4965/4337 3660/4964/4336 3778/2769/2617 3775/5004/4366
f 3660/4964/4336 3659/2665/2518 3778/2769/2617
f 3653/2661/2514 297/105/103 3778/2769/2617 3656/2663/2516
f 3649/2770/2618 3779/5005/4367 3651/2660/2513 3648/2656/2509
f 297/105/103 3653/2661/2514 295/102/100
f 295/102/100 3653/2661/2514 296/103/101
f 296/103/101 3651/2660/2513 3779/5005/4367
f 3730/2771/2619 3729/4992/4356 3779/5005/4367 3649/2770/2618
f 296/103/101 3779/5005/4367 3729/4992/4356 298/104/102
f 3663/2667/2520 3662/4965/4337 3774/3678/3451 3667/2670/2523
f 3649/2770/2618 3647/2655/2508 320/115/113
f 3728/4993/4357 3733/2768/2616 298/104/102 3729/4992/4356
f 3665/2828/2674 3664/4966/2522 3781/2778/2625 3780/2827/2673
f 3674/2680/2532 61/175/173 425/2681/2533
f 3780/2827/2673 3781/2778/2625 3783/2784/2631 3785/5006/4368
f 3782/2779/2626 3783/2784/2631 3781/2778/2625
f 3783/2784/2631 3784/2783/2630 3785/5006/4368
f 3783/2784/2631 3782/2779/2626 3786/2780/2627 3787/2781/2628
f 3790/2787/2634 3787/2781/2628 3786/2780/2627 3789/2786/2633
f 3782/2779/2626 1855/2777/2624 1852/1206/1139
f 3792/5007/4369 3788/2782/2629 3790/2787/2634 3791/2788/2635
f 3786/2780/2627 1852/1206/1139 1851/2785/2632
f 1851/2785/2632 1850/4255/3833 3789/2786/2633
f 1847/1201/1134 1845/1198/1131 3796/2897/2736 3794/5008/4370
f 3789/2786/2633 3793/2790/2637 3791/2788/2635
f 3789/2786/2633 3794/5008/4370 3793/2790/2637
f 3794/5008/4370 3795/2791/2638 3793/2790/2637
f 3794/5008/4370 3789/2786/2633 1849/4256/3834
f 3794/5008/4370 3796/2897/2736 3795/2791/2638
f 1841/4253/3831 3795/2791/2638 3796/2897/2736 1843/1196/1129
f 1845/1198/1131 1844/1197/1130 3796/2897/2736
f 3795/2791/2638 1841/4253/3831 3797/5009/4371
f 3798/5010/4372 146/2789/2636 3795/2791/2638 3797/5009/4371
f 3800/5011/4373 3801/2802/2648 3798/5010/4372 3799/2794/2641
f 146/2789/2636 3798/5010/4372 3801/2802/2648 10/2801/2647
f 3799/2794/2641 3798/5010/4372 3797/5009/4371 3802/2792/2639
f 3804/4243/3823 3803/2795/2640 3802/5012/2639 1838/1189/1124
f 3802/2792/2639 3797/5009/4371 1841/4253/3831
f 1841/4253/3831 1840/1192/1125 3802/2792/2639
f 3803/2795/2640 3804/4243/3823 1820/2796/2642
f 3803/2793/2640 3800/5011/4373 3799/2794/2641
f 1825/4244/3824 3804/4243/3823 1837/4252/3830 1835/4251/3829
f 1838/1189/1124 1837/4252/3830 3804/4243/3823
f 1838/1189/1124 3802/5012/2639 1840/1190/1125
f 3804/4243/3823 1825/4244/3824 1821/1179/1115
f 1822/4241/3821 1825/4244/3824 1835/4251/3829 1828/4245/3825
f 3800/5011/4373 3803/2793/2640 3805/5013/2643 3806/2798/2644
f 3807/2799/2645 3806/2798/2644 3805/5013/2643 1815/1174/1110
f 3801/2802/2648 3800/5011/4373 3806/2798/2644 144/2800/2646
f 3811/2805/2651 3808/2803/2649 3809/5014/4374 3810/5015/4375
f 144/2800/2646 3807/2799/2645 3808/2803/2649
f 159/32/32 3809/5014/4374 3808/2803/2649
f 3814/2808/2654 3812/5016/4376 145/2804/2650 3813/2806/2652
f 3808/2803/2649 3811/2805/2651 145/2804/2650
f 3812/5016/4376 141/3594/3382 145/2804/2650
f 3812/5016/4376 3814/2808/2654 3815/5017/4377 3816/2823/2669
f 3818/5018/4378 3815/5017/4377 3814/2808/2654 3817/2807/2653
f 3815/5017/4377 3818/5018/4378 3819/2810/2656 3820/30/30
f 3822/5019/4379 3818/5018/4378 3817/2807/2653 3821/5020/4380
f 3823/2811/2657 3819/2810/2656 3818/5018/4378 3822/5019/4379
f 3826/5021/4381 3823/2811/2657 3822/5019/4379 3825/2888/2728
f 3827/2813/2659 3824/2809/2655 3823/2811/2657 3826/5021/4381
f 152/2812/2658 3828/2814/2660 3829/2816/2662 153/3598/3384
f 3829/2816/2662 3830/2815/2661 3832/2818/2664 3833/5022/4382
f 3827/2813/2659 3920/2872/2714 3828/2814/2660
f 3830/2815/2661 3828/2814/2660 3831/2817/2663
f 3829/2816/2662 3833/5022/4382 154/3601/3387 153/3598/3384
f 3835/5023/4383 3833/5022/4382 3832/2818/2664 3834/2824/2670
f 3836/5024/4384 154/3601/3387 3833/5022/4382 3835/5023/4383
f 3839/5025/4385 3836/5024/4384 3835/5023/4383 3838/5026/4386
f 3836/5024/4384 3837/2821/2667 154/3601/3387
f 3837/2821/2667 3836/5024/4384 3839/5025/4385 3840/2819/2665
f 3841/2820/2666 3840/2819/2665 3784/2783/2630 3788/2782/2629
f 3840/2819/2665 3839/5025/4385 3784/2783/2630
f 3837/2821/2667 3841/2820/2666 12/28/28 154/3601/3387
f 142/3592/3380 3816/2823/2669 155/29/29 3842/2822/2668
f 3842/2822/2668 3841/2820/2666 3788/2782/2629
f 3788/2782/2629 3792/5007/4369 3842/2822/2668
f 146/2789/2636 143/3593/3381 3792/5007/4369 3791/2788/2635
f 142/3592/3380 3842/2822/2668 3792/5007/4369
f 142/3592/3380 3792/5007/4369 143/3593/3381
f 3784/2783/2630 3839/5025/4385 3838/5026/4386 3785/5006/4368
f 3820/30/30 3819/2810/2656 3824/2809/2655
f 3816/2823/2669 3815/5017/4377 3820/30/30
f 3834/2824/2670 3843/2826/2672 3838/5026/4386 3835/5023/4383
f 3785/5006/4368 3838/5026/4386 3843/2826/2672 3780/2827/2673
f 3665/2828/2674 3844/2825/2671 3834/2824/2670 3845/5027/2675
f 3658/4963/4335 3657/2666/2519 3845/2829/2675 133/2833/2677
f 136/2835/2679 3658/4963/4335 133/2833/2677 9/3595/3383
f 607/275/269 3846/2837/2681 2181/1414/1334 608/1416/1336
f 3658/4963/4335 136/2835/2679 3655/2834/2678
f 3655/2834/2678 3654/2664/2517 3658/4963/4335
f 607/275/269 136/2835/2679 3846/2837/2681
f 2178/1413/1333 2181/1414/1334 3846/2837/2681 3847/2836/2680
f 135/2895/2735 3848/2841/2685 178/2838/2682 3847/2836/2680
f 2178/1413/1333 178/2838/2682 2177/2840/2684
f 2178/1413/1333 2179/1412/1332 2181/1414/1334
f 2168/1407/1327 179/39/39 3851/2842/2686 3853/2845/2689
f 178/2838/2682 180/38/38 16/37/37
f 3848/2841/2685 3849/2843/2687 3851/2842/2686
f 3850/2844/2688 3852/5028/4387 3853/2845/2689
f 2169/1408/1328 3853/2845/2689 3852/5028/4387 3854/2848/2692
f 179/39/39 2168/1407/1327 2172/4348/3909
f 2172/4348/3909 177/2839/2683 179/39/39
f 3855/2877/2718 3856/2846/2690 3854/2848/2692 3852/5028/4387
f 3853/2845/2689 2169/1408/1328 2168/1407/1327
f 2165/4342/3903 2169/1408/1328 3854/2848/2692 2166/2847/2691
f 3857/5029/4388 3858/5030/4389 2166/2847/2691 3856/2846/2690
f 2161/1404/1324 2166/2847/2691 3858/5030/4389 3859/2849/2693
f 3860/5031/4390 3861/2850/2694 3859/2849/2693 3858/5030/4389
f 2158/1405/1325 2161/1404/1324 3859/2849/2693 2155/2851/2695
f 3865/2882/2723 3866/5032/4391 3863/2853/2696 3864/2881/2722
f 3861/2852/2694 3862/5033/4392 3863/2853/2696
f 3868/5034/4393 3866/5032/4391 3865/2882/2723 3867/5035/4394
f 3863/2853/2696 3866/5032/4391 2156/2854/2697
f 2152/5036/3895 2156/2854/2697 3866/5032/4391 3868/5034/4393
f 3870/5037/4395 3868/5034/4393 3867/5035/4394 3869/5038/4396
f 2153/5039/3896 2152/5036/3895 3868/5034/4393 3870/5037/4395
f 3871/5040/4397 474/3698/3461 3870/5037/4395 3869/5038/4396
f 2153/5039/3896 3870/5037/4395 474/3698/3461 473/3697/3460
f 3873/5041/4398 3871/5040/4397 3869/5038/4396 3872/5042/4399
f 3874/5043/4400 3875/2857/2699 3871/5040/4397 3873/5041/4398
f 474/3698/3461 3871/5040/4397 3875/2857/2699 475/210/206
f 3877/2856/2698 3875/2857/2699 3874/5043/4400 3876/5044/4401
f 3879/2894/2734 475/210/206 3877/2856/2698 3878/5045/4402
f 3878/5045/4402 3877/2856/2698 3876/5044/4401 3880/5046/4403
f 3882/2892/2732 3878/5045/4402 3880/5046/4403 3881/5047/4404
f 70/3705/3463 477/2859/2701 3880/5046/4403 3876/5044/4401
f 3881/5047/4404 3880/5046/4403 477/2859/2701 3883/2858/2700
f 3885/5048/4405 3881/5047/4404 3883/2858/2700 3884/5049/4406
f 3884/5049/4406 3883/2858/2700 3886/2860/2702 3887/5050/4407
f 3889/5051/4408 3884/5049/4406 3887/5050/4407 3888/5052/4409
f 3890/5053/4410 3891/5054/4411 3887/5050/4407 3886/2860/2702
f 3888/5052/4409 3887/5050/4407 3891/5054/4411 3892/5055/4412
f 3894/5056/4413 3888/5052/4409 3892/5055/4412 3893/5057/4414
f 3897/5058/4415 3893/5057/4414 3892/5055/4412 3896/5059/4416
f 3892/5055/4412 3891/5054/4411 125/5060/4417
f 3893/5057/4414 3895/2862/2704 157/3599/3385
f 3898/2863/2705 3895/2862/2704 3893/5057/4414 3897/5058/4415
f 3899/2861/2703 3901/2864/2706 3902/5061/4418 3810/5015/4375
f 3897/5058/4415 3900/5062/4419 3898/2863/2705
f 3904/5063/4420 3901/2864/2706 3898/2863/2705 3903/5064/4421
f 3905/5065/4422 3902/5061/4418 3901/2864/2706 3904/5063/4420
f 3902/5061/4418 3905/5065/4422 3906/5066/4423 3907/2890/2730
f 3909/5067/4424 3905/5065/4422 3904/5063/4420 3908/5068/4425
f 3910/5069/4426 3906/5066/4423 3905/5065/4422 3909/5067/4424
f 3913/2865/2707 3910/5069/4426 3909/5067/4424 3912/5070/4427
f 3910/5069/4426 3911/5071/4428 3906/5066/4423
f 3910/5069/4426 3913/2865/2707 3914/2868/2710 3915/2889/2729
f 3825/2888/2728 3914/2868/2710 3917/2867/2709 3918/2870/2712
f 3921/5072/4429 3922/2871/2713 3918/2870/2712 3919/2869/2711
f 3918/2870/2712 3920/2872/2714 3827/2813/2659
f 135/2895/2735 9/3595/3383 3923/2874/2716 3848/2841/2685
f 3922/2871/2713 3923/2886/2716 3920/2872/2714
f 3923/2874/2716 9/3595/3383 134/3596/2727
f 3923/2874/2716 3924/2873/2715 3848/2841/2685
f 3925/2876/2717 3924/2873/2715 3922/2875/2713 3921/5073/4429
f 3857/5029/4388 3925/2876/2717 3921/5073/4429 3926/5074/4430
f 3924/2873/2715 3925/2876/2717 3849/2843/2687
f 3856/2846/2690 3855/2877/2718 3925/2876/2717 3857/5029/4388
f 3919/2869/2711 3927/5075/4431 3926/5076/4430 3921/5072/4429
f 3860/5077/4390 3926/5076/4430 3927/5075/4431 3928/5078/4432
f 3858/5030/4389 3857/5029/4388 3926/5074/4430 3860/5031/4390
f 3861/2852/2694 3860/5077/4390 3928/5078/4432 3862/5033/4392
f 3928/5078/4432 3927/5075/4431 3916/2866/2708
f 3928/5078/4432 3929/5079/4433 3862/5033/4392
f 3863/2853/2696 3862/5033/4392 3929/5079/4433 3864/2881/2722
f 3929/5079/4433 3928/5078/4432 3912/5070/4427
f 3929/5079/4433 3930/2878/2719 3864/2881/2722
f 3867/5035/4394 3865/2882/2723 3932/2880/2721 3933/2883/2724
f 3929/5079/4433 3908/5068/4425 3930/2878/2719
f 3869/5038/4396 3867/5035/4394 3933/2883/2724 3872/5042/4399
f 3933/2883/2724 3934/5080/4434 3872/5042/4399
f 3936/5081/4435 3934/5080/4434 3933/2883/2724 3935/5082/4436
f 3937/5083/4437 3938/5084/4438 3934/5080/4434 3936/5081/4435
f 3872/5042/4399 3934/5080/4434 3938/5084/4438 3873/5041/4398
f 478/3707/3465 3938/5084/4438 3937/5083/4437 479/3706/3464
f 3874/5043/4400 3873/5041/4398 3938/5084/4438 478/3707/3465
f 123/19/19 126/18/18 3937/5083/4437 3936/5081/4435
f 479/3706/3464 3937/5083/4437 126/18/18 480/3704/3462
f 123/19/19 3936/5081/4435 3935/5082/4436 124/3591/3379
f 124/3591/3379 3935/5082/4436 3939/2884/2725 3940/5085/4439
f 3931/2879/2720 3939/2884/2725 3935/5082/4436 3933/2883/2724
f 3896/5059/4416 3940/5085/4439 3900/5062/4419 3897/5058/4415
f 7/17/17 124/3591/3379 3940/5085/4439 3896/5059/4416
f 3941/2885/2726 3900/5062/4419 3940/5085/4439 3939/2884/2725
f 3900/5062/4419 3941/2885/2726 3903/5064/4421 3898/2863/2705
f 3930/2878/2719 3903/5064/4421 3941/2885/2726 3931/2879/2720
f 3903/5064/4421 3930/2878/2719 3908/5068/4425 3904/5063/4420
f 3908/5068/4425 3929/5079/4433 3912/5070/4427 3909/5067/4424
f 3913/2865/2707 3912/5070/4427 3928/5078/4432 3916/2866/2708
f 3917/2867/2709 3916/2866/2708 3927/5075/4431 3919/2869/2711
f 3918/2870/2712 3827/2813/2659 3826/5021/4381 3825/2888/2728
f 134/2887/2727 3828/2814/2660 3920/2872/2714
f 3821/5020/4380 3915/2889/2729 3825/2888/2728 3822/5019/4379
f 3911/5071/4428 3910/5069/4426 3915/2889/2729 3821/5020/4380
f 3813/2806/2652 3911/5071/4428 3821/5020/4380 3817/2807/2653
f 3907/2890/2730 3906/5066/4423 3911/5071/4428 3813/2806/2652
f 3810/5015/4375 3902/5061/4418 3907/2890/2730 3811/2805/2651
f 158/31/31 3899/2861/2703 3810/5015/4375 3809/5014/4374
f 157/3599/3385 3895/2862/2704 3899/2861/2703 158/31/31
f 125/5060/4417 7/17/17 3896/5059/4416 3892/5055/4412
f 158/31/31 3809/5014/4374 159/32/32
f 156/3600/3386 3942/5086/4440 3894/5056/4413 157/3599/3385
f 157/3599/3385 3894/5056/4413 3893/5057/4414
f 3888/5052/4409 3894/5056/4413 3942/5086/4440 3889/5051/4408
f 1808/4231/3815 3943/5087/4441 3942/5086/4440 156/3600/3386
f 3889/5051/4408 3942/5086/4440 3943/5087/4441 3944/5088/4442
f 3885/5048/4405 3944/5088/4442 1803/4226/3810 3945/2893/2733
f 3944/5088/4442 3943/5087/4441 1803/4226/3810
f 3884/5049/4406 3889/5051/4408 3944/5088/4442 3885/5048/4405
f 1799/4222/3806 3946/2891/2731 3945/2893/2733 1803/4226/3810
f 3881/5047/4404 3885/5048/4405 3945/2893/2733 3882/2892/2732
f 3879/2894/2734 3946/2891/2731 1796/5089/3803 471/211/204
f 3878/5045/4402 3882/2892/2732 3946/2891/2731 3879/2894/2734
f 1795/3336/3147 228/3335/3146 471/207/204 1796/4217/3803
f 1797/4221/3804 1796/5089/3803 3946/2891/2731 1799/4222/3806
f 471/207/204 228/3335/3146 227/67/67
f 1804/4227/3811 1803/4226/3810 3943/5087/4441 1808/4231/3815
f 7/17/17 125/5060/4417 3891/5054/4411 3890/5053/4410
f 480/3704/3462 3890/5053/4410 3886/2860/2702 477/2859/2701
f 126/18/18 7/17/17 3890/5053/4410 480/3704/3462
f 478/3707/3465 70/3705/3463 3876/5044/4401 3874/5043/4400
f 3849/2843/2687 3855/2877/2718 3852/5028/4387 3850/2844/2688
f 141/3594/3382 3812/5016/4376 3816/2823/2669 142/3592/3380
f 3845/5027/2675 3834/2824/2670 3831/2817/2663
f 1815/4238/1110 3805/2797/2643 1820/2796/2642 1816/4239/3820
f 3807/2799/2645 160/1173/1109 159/32/32
f 3652/2662/2515 3655/2834/2678 607/275/269 606/274/268
f 1820/2796/2642 3804/4243/3823 1818/1176/1112
f 1843/1196/1129 1842/1193/1127 1841/4253/3831
f 3794/5008/4370 1849/4256/3834 1847/1201/1134
f 146/2789/2636 3791/2788/2635 3793/2790/2637
f 3789/2786/2633 1850/4255/3833 1849/4256/3834
f 3446/4873/4269 3457/4880/2737 3453/4874/4272 3450/2489/2349
f 553/2658/2511 605/273/267 554/271/265
f 3444/4866/4267 3443/2899/2738 3457/2898/2737 3446/4868/4269
f 289/99/97 3393/4839/4241 3392/4838/4240 290/100/98
f 623/287/281 627/286/280 2262/4379/3933 2259/4376/3930
f 2280/1491/1410 616/281/275 619/280/274
f 2268/1482/1401 2262/4379/3933 627/286/280
f 568/2905/2744 577/2904/2743 2240/1466/1385 88/3748/3497
f 2251/1473/1392 626/3768/3513 625/1474/1393
f 2237/1467/1386 2240/1466/1385 577/2904/2743 576/257/252
f 569/1468/1387 88/3748/3497 2240/1466/1385 2239/1465/1384
f 577/2904/2743 603/2903/2742 175/269/263 579/3751/3500
f 564/253/248 563/252/247 2203/4457/1351 2202/5090/1350
f 170/3602/3388 2235/1462/1381 167/1461/1380
f 2224/1448/1367 2223/1447/1366 528/1449/1368
f 2219/1446/1365 2/1445/1364 2229/1454/1373
f 559/254/249 564/253/248 2202/5090/1350 2198/4363/1347
f 182/3607/3393 181/1427/1346 2199/4364/3918 2194/4360/3917
f 2191/4358/3916 2194/4361/3917 567/3743/3492 565/3745/3494
f 560/3742/3491 2197/2908/2747 2179/1412/1332
f 561/1410/1330 560/3742/3491 2179/1412/1332 2176/1411/1331
f 2192/4356/3915 2185/4349/3910 2183/1423/1342
f 2174/4346/3907 2177/2840/2684 177/2839/2683 2172/4348/3909
f 561/1410/1330 2175/1409/1329 562/4345/3906 86/251/246
f 374/3665/3439 2162/4339/3900 2159/4337/3898 375/3664/3438
f 3952/3101/2932 3948/5091/4443 3947/3311/3124 3949/3102/2933
f 347/134/132 2103/1360/1283 1747/1136/1075
f 346/133/131 345/132/130 241/3629/3410
f 346/133/131 241/3629/3410 240/3628/3409
f 346/133/131 2101/1359/1282 348/1361/1284
f 1727/3309/3122 3947/3311/3124 3948/5091/4443
f 1727/3309/3122 3948/5091/4443 2063/1332/1256
f 3950/5092/4444 2063/1332/1256 3948/5091/4443 3952/3101/2932
f 2059/2912/2751 2058/1328/1252 3950/5092/4444 3952/3101/2932
f 2063/1332/1256 3950/5092/4444 2058/1328/1252 2061/1329/1253
f 3954/3105/2936 2059/2912/2751 3952/3101/2932 3953/3103/2934
f 3956/3104/2935 3957/3107/2938 3955/2910/2749 3954/3105/2936
f 3954/3105/2936 3955/2910/2749 2059/2912/2751
f 3960/2917/2756 3961/2916/2755 2050/1320/1244 3959/2915/2754
f 3957/3107/2938 3958/2914/2753 3955/2910/2749
f 3955/2910/2749 3959/2915/2754 2056/2913/2752
f 3959/2915/2754 2050/1320/1244 119/13/13
f 2051/4309/3879 3961/2916/2755 3962/2918/2757 3963/5093/4445
f 3961/2916/2755 2051/4309/3879 2050/1320/1244
f 2046/1314/1238 2051/4309/3879 3963/5093/4445 2047/1315/1239
f 3963/5093/4445 459/194/191 2047/1315/1239
f 453/195/192 459/194/191 3963/5093/4445 3964/2919/2758
f 3963/5093/4445 3962/2918/2757 3964/2919/2758
f 3966/2921/2760 454/2920/2759 3964/2919/2758 3965/3115/2946
f 454/2920/2759 3966/2921/2760 3968/2923/2762 455/3692/190
f 3971/2925/2763 3968/2924/2762 3969/5094/4446 3970/5095/4447
f 3967/5096/2761 3969/5094/4446 3968/2924/2762
f 455/192/190 3971/2925/2763 2036/1309/1235 456/189/187
f 3971/2925/2763 3972/5097/4448 2037/2926/2764
f 3973/2927/2765 2037/2926/2764 3972/5097/4448 4106/3031/2867
f 2031/1307/1233 2033/1306/1232 3974/2928/2766 2028/2930/2768
f 3973/2927/2765 4106/3031/2867 3974/2928/2766
f 2019/2932/2770 2023/4302/3874 3977/3205/3027 2015/2931/2769
f 2028/2930/2768 3974/2928/2766 586/3759/3506
f 2022/2929/2767 2028/2930/2768 3975/5098/4449
f 3975/5098/4449 2023/4302/3874 2022/2929/2767
f 2023/4302/3874 3975/5098/4449 3976/3202/3024
f 4259/3204/3026 3978/5099/4450 2015/2931/2769 3977/3205/3027
f 2023/4302/3874 2019/2932/2770 2018/1304/1230
f 2010/4297/3869 3978/5099/4450 3979/3208/3030 3980/5100/4451
f 2009/4299/3871 2015/2931/2769 3978/5099/4450 2010/4297/3869
f 2005/1297/1223 2010/4297/3869 3980/5100/4451 2006/1298/1224
f 3980/5100/4451 3979/3208/3030 3981/3209/3031
f 3980/5100/4451 3982/2933/2771 2006/1298/1224
f 2002/1294/1220 2006/1298/1224 3982/2933/2771 2003/1295/1221
f 3982/2933/2771 3980/5100/4451 3983/3211/3033
f 1999/1296/1222 2003/1295/1221 3984/2934/2772 3985/5101/4452
f 1995/1292/1218 1999/1296/1222 3985/5101/4452 1996/1293/1219
f 3985/5102/4452 3986/5103/4453 1996/5104/1219
f 3987/3217/3037 3988/3216/3036 3986/5103/4453 3985/5102/4452
f 1990/1289/1215 3986/5103/4453 3988/3216/3036 1991/4292/3865
f 1993/1288/1214 1996/5104/1219 3986/5103/4453 1990/1289/1215
f 3989/3215/3035 3990/2937/2775 1991/4292/3865 3988/3216/3036
f 1987/1290/1216 1991/4292/3865 3990/2937/2775 1988/2936/2774
f 3992/3220/3040 3993/2938/2776 1988/2936/2774 3991/2935/2773
f 1979/4286/3860 3993/5105/2776 3994/2940/2777 1980/2942/2779
f 1988/2936/2774 1984/2939/1213 1985/4289/3863
f 1975/2944/2781 3996/2943/2780 1971/2946/2783 1970/1284/1210
f 3993/5105/2776 1979/4286/3860 1984/1287/1213
f 1980/2942/2779 3995/2941/2778 1975/2944/2781
f 1975/2944/2781 1974/4284/3858 1980/2942/2779
f 1971/2946/2783 3997/2945/2782 1966/2948/2785 1969/1282/1208
f 3997/2945/2782 3998/3227/3045 3999/2947/2784
f 4006/2955/2792 4004/2952/2789 4003/2951/2788 4005/3234/3050
f 3999/2947/2784 4000/2949/2786 1961/1276/1202
f 1961/1276/1202 1964/1281/1207 3999/2947/2784
f 4001/2950/2787 76/3312/225 1958/1277/1203
f 514/231/226 4002/3230/3048 4003/2951/2788
f 4003/2951/2788 1951/2954/2791 514/231/226
f 1952/2953/2790 4004/2952/2789 1949/2956/2793 1948/1271/1199
f 4011/2960/2797 4009/2959/2796 4008/2958/2795 4010/3239/3055
f 4007/2957/2794 4008/2958/2795 1949/2956/2793
f 1943/1265/1193 4009/2959/2796 1938/2961/2798 1941/1266/1194
f 1934/1264/1192 1936/1263/1191 4013/2964/2801 1931/4277/3851
f 4013/2964/2801 4015/2967/2804 1931/4277/3851
f 4016/3244/3060 4017/2965/2802 4015/2967/2804 4013/2964/2801
f 1924/2972/2809 1927/2969/2806 4019/2970/2807 4020/2973/2810
f 4015/2967/2804 1932/2966/2803 1931/4277/3851
f 1932/2966/2803 1927/2969/2806 1926/4275/3849
f 1919/2976/2813 4020/2973/2810 4022/2975/2812 1916/2977/2814
f 1927/2969/2806 1924/2972/2809 1923/1260/1188
f 1911/3314/3126 4024/5106/4454 4025/2979/2816 442/3313/3125
f 1916/2977/2814 4022/2975/2812 4023/5107/4455
f 4023/5107/4455 4024/5106/4454 1916/2977/2814
f 4024/5106/4454 4023/5107/4455 4025/2979/2816
f 1910/4269/3843 1916/2977/2814 4024/5106/4454 1911/3314/3126
f 4036/3065/2898 4037/2989/2826 4034/2988/2825 4035/5108/4456
f 4025/2979/2816 438/2982/2819 442/3313/3125
f 439/2981/2818 4026/2980/2817 647/3775/3519
f 439/2981/2818 647/3775/3519 4027/2983/2820
f 647/3775/3519 646/3277/3093 4027/2983/2820
f 4027/2983/2820 4029/2985/2822 4028/2984/2821
f 4032/2987/2824 4033/3068/2901 4028/2984/2821
f 4054/5109/4457 4053/3002/2839 4055/3004/2841 4056/3006/2843
f 4035/5108/4456 4038/3060/2893 4039/3063/2896
f 4040/2992/2829 4038/3060/2893 4042/2990/2827
f 4041/2991/2828 4044/2993/2830 4043/2995/2832
f 4044/2993/2830 4041/2991/2828 4046/3278/3094
f 4048/2997/2834 4049/3000/2837 4047/2998/2835
f 4050/2999/2836 4051/3003/2840 4049/3000/2837
f 4053/3002/2839 4054/5109/4457 4051/3003/2840
f 4058/3008/2845 4064/3010/2847 4061/3012/2849 4062/5110/2883
f 4056/3006/2843 4057/3005/2842 4058/3008/2845
f 4058/3008/2845 4059/3053/2886 4056/3006/2843
f 4058/3008/2845 4060/3007/2844 4064/3010/2847
f 4067/5111/4458 4064/3010/2847 4063/3009/2846 4066/5112/4459
f 4068/5113/4460 4065/3011/2848 4064/3010/2847 4067/5111/4458
f 4075/5114/4461 4076/3013/2850 4071/3015/2852 4070/5115/4462
f 4068/5116/4460 4069/3046/2882 4065/3047/2848
f 4068/5116/4460 4070/5115/4462 4069/3046/2882
f 4070/5115/4462 4071/3015/2852 4069/3046/2882
f 4068/5116/4460 4072/5117/3103 4070/5115/4462
f 4071/3015/2852 4073/3014/2851 4074/3017/2854
f 4079/5118/4463 4073/3014/2851 4077/3016/2853 4078/3289/3105
f 4082/5119/4464 4080/3018/2855 4079/5118/4463 4081/3290/3106
f 4073/3014/2851 4079/5118/4463 4080/3018/2855
f 4083/5120/4465 4074/3017/2854 4080/3018/2855 4082/5119/4464
f 4085/3019/2856 4083/5120/4465 4082/5119/4464 4084/5121/4466
f 4083/5120/4465 4085/3019/2856 592/3021/2858 4086/5122/4467
f 4098/3201/3023 4094/3030/2866 4096/3029/2865 4097/3308/3121
f 4085/3019/2856 4087/5123/4468 4088/3020/2857
f 4088/3020/2857 4089/3022/2859 593/3024/2861
f 593/3024/2861 4090/3023/2860 4091/3026/2863
f 4091/3026/2863 4095/3760/3507 593/3024/2861
f 4091/3026/2863 4093/3027/2864 4094/5124/2866
f 4094/5124/2866 4095/3760/3507 4091/3026/2863
f 4099/5125/4469 589/258/253 4094/3030/2866 4098/3201/3023
f 589/258/253 4099/5125/4469 4100/5126/4470 590/259/254
f 4103/5127/4471 4100/5126/4470 4099/5125/4469 4102/3200/3022
f 4101/3035/2871 4100/5126/4470 4103/5127/4471 4104/3033/2869
f 4108/5128/4472 4109/3034/2870 4104/3033/2869 4107/3032/2868
f 4104/3033/2869 4103/5127/4471 4105/5129/4473
f 4105/5129/4473 4106/3031/2867 4104/3033/2869
f 4106/3031/2867 4105/5129/4473 587/3758/3505
f 4106/3031/2867 587/3758/3505 586/3759/3506
f 586/3759/3506 3974/2928/2766 4106/3031/2867
f 588/3755/3502 4115/5130/2875 4116/3040/2876 4117/3042/2878
f 4109/3034/2870 4110/3038/2874 4100/5126/4470
f 4109/3034/2870 4100/5126/4470 4101/3035/2871
f 4110/3038/2874 4109/3034/2870 4111/3036/2872
f 4110/3038/2874 91/260/255 590/259/254
f 4110/3038/2874 590/259/254 4100/5126/4470
f 4110/3038/2874 4112/3037/2873 91/260/255
f 4111/3036/2872 4113/5131/2953 4112/3037/2873
f 4112/3037/2873 4114/5132/2955 4115/3039/2875
f 4115/5130/2875 588/3755/3502 91/3754/255
f 4123/5133/4474 4121/5134/4475 4120/3043/2879 4122/3045/2881
f 4117/3042/2878 4118/3041/2877 4119/3044/2880
f 4119/3044/2880 4120/3043/2879 4121/5134/4475
f 4121/5134/4475 591/3761/3508 4119/3044/2880
f 591/3761/3508 4121/5134/4475 4086/5122/4467 592/3021/2858
f 4123/5133/4474 4086/5122/4467 4121/5134/4475
f 4086/5122/4467 4123/5133/4474 4074/3017/2854 4083/5120/4465
f 4123/5133/4474 4122/3045/2881 4074/3017/2854
f 4124/5135/2884 4062/3048/2883 4120/3043/2879 4118/3041/2877
f 4074/3017/2854 4069/3046/2882 4071/3015/2852
f 4122/3045/2881 4065/3047/2848 4069/3046/2882
f 4062/5110/2883 4124/3050/2884 4059/3053/2886 4058/3008/2845
f 4054/5109/4457 4125/3052/2885 4126/3125/2956 4051/3003/2840
f 4056/3006/2843 4059/3053/2886 4125/3052/2885 4054/5109/4457
f 4127/3123/2954 4128/3054/2887 4051/3003/2840 4126/3125/2956
f 4044/2993/2830 4047/2998/2835 4130/3057/2890 4045/2994/2831
f 4128/3054/2887 4049/3000/2837 4051/3003/2840
f 4129/3055/2888 4130/3057/2890 4047/2998/2835
f 4129/3055/2888 4047/2998/2835 4049/3000/2837
f 4130/3057/2890 4129/3055/2888 4131/3128/2959
f 4043/2995/2832 4045/2994/2831 4133/3058/2891 4134/3133/2964
f 4041/2991/2828 4043/2995/2832 4134/3133/2964 4040/2992/2829
f 4135/3132/2963 4136/3059/2892 4040/2992/2829 4134/3133/2964
f 4035/5108/4456 4039/3063/2896 4138/3062/2895 4036/3065/2898
f 4136/3059/2892 4039/3063/2896 4038/3060/2893
f 4140/5136/4476 4141/3138/2968 4036/5137/2898 4139/5138/2897
f 4142/3137/2967 4037/5139/2826 4036/5137/2898 4141/3138/2968
f 4148/3069/2902 443/182/180 4030/5140/4477 4033/3068/2901
f 4037/5141/2826 4142/3140/2967 4143/3142/2899
f 4143/3066/2899 4032/2987/2824 4037/2989/2826
f 4143/3142/2899 4144/3141/2969 4145/5142/2900
f 4145/3067/2900 4146/5143/4478 4033/3068/2901
f 4146/5143/4478 4147/3199/3021 4033/3068/2901
f 4030/5140/4477 4028/2984/2821 4033/3068/2901
f 444/183/181 443/182/180 4149/3070/2903 4150/5144/4479
f 4030/5140/4477 443/182/180 440/185/183
f 440/185/183 4028/2984/2821 4030/5140/4477
f 109/6/6 444/183/181 4150/5144/4479 1664/3071/2904
f 4150/5144/4479 1668/4165/3765 1664/3071/2904
f 4151/5145/4480 1669/1098/1037 1668/4165/3765 4150/5144/4479
f 1668/4165/3765 1665/1096/1035 1664/3071/2904
f 1669/1098/1037 4151/5145/4480 1675/5146/2907 1673/1099/1038
f 4149/3070/2903 4152/5147/4481 4151/5145/4480 4150/5144/4479
f 1675/5146/2907 4151/5145/4480 4152/5147/4481 4153/5148/2905
f 4148/3069/2902 4154/5149/4482 4153/5148/2905 4152/5147/4481
f 1676/3073/2906 4153/3072/2905 4154/5150/4482 4155/3075/2908
f 4156/5151/4483 4155/3075/2908 4154/5150/4482 4147/5152/3021
f 1685/4178/3775 1677/1101/1040 4155/3075/2908 4156/5151/4483
f 4157/5153/4484 1685/4178/3775 4156/5151/4483 4144/3141/2969
f 1685/4178/3775 1681/1102/1041 1677/1101/1040
f 1685/4178/3775 4157/5153/4484 1686/4175/3772 1682/3349/3159
f 1687/3078/2911 1686/4175/3772 4157/5153/4484 4158/3076/2909
f 4157/5153/4484 4144/3141/2969 4158/3076/2909
f 4160/3081/2914 1691/3080/2913 4159/3077/2910 381/3139/152
f 1687/3078/2911 4159/3077/2910 1691/3080/2913
f 1691/3080/2913 1688/4176/3773 1687/3078/2911
f 1697/3083/2915 4162/3086/2917 1701/3088/2919 1698/4182/3777
f 1697/3083/2915 1694/4181/3776 1693/3084/2912
f 1697/3083/2915 4161/3085/2916 4162/3086/2917
f 4164/3089/2920 1704/1107/1046 1701/3088/2919 4163/3087/2918
f 1704/1107/1046 1699/1106/1045 1701/3088/2919
f 4166/3092/2923 1709/3090/2921 4164/3089/2920 4165/3198/3020
f 1713/1110/1049 4167/3093/2924 4169/3095/2926 1714/1111/1050
f 1709/3090/2921 4166/3092/2923 1712/3091/2922
f 1712/3091/2922 1710/4184/3779 1709/3090/2921
f 4167/3093/2924 1713/1110/1049 1712/3091/2922
f 4167/3093/2924 4166/3092/2923 4168/3094/2925
f 1720/3098/2929 4171/3097/2928 4170/3096/2927 4172/3156/2983
f 4169/3095/2926 4168/3094/2925 4170/3096/2927
f 4170/3096/2927 1716/1114/1053 4169/3095/2926
f 4174/5154/4485 1720/3098/2929 4172/3156/2983 4173/3159/2986
f 4177/5155/4486 4175/5156/4487 4174/5154/4485 4176/5157/4488
f 1720/3098/2929 4174/5154/4485 4175/5156/4487
f 4178/5158/4489 1723/4191/3786 4175/5156/4487 4177/5155/4486
f 1720/3098/2929 4175/5156/4487 1723/4191/3786 1721/4188/3783
f 3949/3102/2933 4178/5158/4489 4177/5155/4486 3951/3100/2931
f 3947/3311/3124 1726/3310/3123 4178/5158/4489 3949/3102/2933
f 1723/4191/3786 4178/5158/4489 1726/3310/3123 1724/4190/3785
f 4176/5157/4488 4179/5159/4490 3951/3100/2931 4177/5155/4486
f 4181/3160/2987 4182/5160/4491 3956/3104/2935 4180/5161/4492
f 4179/5159/4490 3953/3103/2934 3951/3100/2931
f 3953/3103/2934 4179/5159/4490 4180/5161/4492
f 4180/5161/4492 3956/3104/2935 3953/3103/2934
f 3959/2915/2754 3958/2914/2753 4186/3109/2940 3960/2917/2756
f 4182/5160/4491 4183/3106/2937 3956/3104/2935
f 4183/3106/2937 4182/5160/4491 4184/3164/2991
f 4184/3164/2991 4185/3108/2939 4183/3106/2937
f 4183/3106/2937 4186/3109/2940 3957/3107/2938
f 4185/3108/2939 4187/3110/2941 4186/3109/2940
f 4190/3112/2943 4191/3114/2945 4189/3111/2942 4187/3110/2941
f 4187/3110/2941 4185/3108/2939 4188/3166/2993
f 4187/3110/2941 4189/3111/2942 3960/2917/2756
f 3962/2918/2757 4189/3111/2942 4191/3114/2945 3964/2919/2758
f 4195/3116/2947 4192/3113/2944 4193/3168/2995 4194/3169/2996
f 4191/3114/2945 4192/3113/2944 3964/2919/2758
f 4190/3112/2943 4193/3168/2995 4192/3113/2944
f 4199/3119/2950 4197/3118/2949 4196/3117/2948 4198/3174/3001
f 4192/3113/2944 4195/3116/2947 3965/3115/2946
f 3965/3115/2946 4196/3117/2948 4197/3118/2949
f 3969/5094/4446 3967/5096/2761 4199/5162/2950 4200/3179/3006
f 4197/3118/2949 3966/2921/2760 3965/3115/2946
f 3970/5095/4447 3969/5094/4446 4200/3179/3006 4201/3178/3005
f 4203/5163/4493 3970/5095/4447 4201/3178/3005 4202/5164/4494
f 4106/3031/2867 3972/5097/4448 4203/5163/4493 4107/3032/2868
f 3970/5095/4447 4203/5163/4493 3972/5097/4448 3971/2925/2763
f 4107/3032/2868 4203/5163/4493 4202/5164/4494 4108/5128/4472
f 4113/5131/2953 4111/3036/2872 4204/5165/4495 4206/5166/2951
f 4108/5128/4472 4202/5164/4494 4205/3182/3009
f 4108/5128/4472 4204/5165/4495 4109/3034/2870
f 4204/5165/4495 4111/3036/2872 4109/3034/2870
f 4204/5165/4495 4205/3182/3009 4206/5166/2951
f 4133/3058/2891 4213/3131/2962 4214/3195/3017 4135/3132/2963
f 4205/3182/3009 4207/3181/3008 4206/5166/2951
f 4113/3122/2953 4208/3121/2952 4114/3124/2955
f 4114/5132/2955 4112/3037/2873 4113/5131/2953
f 4126/3125/2956 4115/5167/2875 4114/3124/2955
f 4127/3123/2954 4209/3126/2957 4128/3054/2887
f 4209/3126/2957 4127/3123/2954 4208/3121/2952
f 4209/3126/2957 4210/3129/2960 4129/3055/2888
f 4210/3129/2960 4209/3126/2957 4211/3127/2958
f 4210/3129/2960 4131/3128/2959 4129/3055/2888
f 4131/3128/2959 4132/3056/2889 4130/3057/2890
f 4216/5168/4496 4135/3132/2963 4214/3195/3017 4215/3194/3015
f 4136/3059/2892 4135/3132/2963 4216/5168/4496 4137/3061/2894
f 4216/5168/4496 4217/5169/2965 4137/3061/2894
f 4139/5138/2897 4137/3136/2894 4218/3135/2966 4140/5136/4476
f 4141/3138/2968 4140/5136/4476 4220/5170/4497 382/155/153
f 4137/3061/2894 4139/3064/2897 4138/3062/2895
f 4140/5136/4476 4218/3135/2966 4219/3193/3016
f 4219/3193/3016 4220/5170/4497 4140/5136/4476
f 4220/5170/4497 385/3145/2972 382/155/153
f 4222/3143/2970 4220/5170/4497 4219/3193/3016 4221/3172/2999
f 382/155/153 381/154/152 4142/3137/2967
f 4142/3140/2967 4159/3077/2910 4143/3142/2899
f 4159/3077/2910 4158/3076/2909 4144/3141/2969
f 385/3145/2972 4224/3144/2971 384/157/155 51/156/154
f 4220/5170/4497 4222/3143/2970 385/3145/2972
f 4221/3172/2999 4223/3171/2998 4222/3143/2970
f 4226/3148/2975 4224/3144/2971 4222/3143/2970 4225/5171/4498
f 4227/3147/2974 384/157/155 4224/3144/2971 4226/3148/2975
f 4230/5172/4499 4228/3146/2973 4227/3147/2974 4229/3149/2976
f 4232/3197/3019 4230/5172/4499 4229/3149/2976 4231/3196/3018
f 4230/5172/4499 4232/3197/3019 4233/3151/2978 4234/5173/4500
f 4236/3152/2979 4233/3151/2978 4232/3197/3019 4235/3153/2980
f 4173/3159/2986 4172/3156/2983 4241/3157/2984 4239/3155/2982
f 4239/3155/2982 4241/3157/2984 4165/3198/3020
f 4239/3155/2982 4238/3154/2981 4242/3158/2985
f 4179/5159/4490 4176/5157/4488 4242/3158/2985 4180/5161/4492
f 4172/3156/2983 4170/3096/2927 4168/3094/2925
f 4242/3158/2985 4181/3160/2987 4180/5161/4492
f 4173/3159/2986 4242/3158/2985 4176/5157/4488 4174/5154/4485
f 4182/5160/4491 4181/3160/2987 4243/3162/2989 4184/3164/2991
f 4240/3161/2988 4243/3162/2989 4181/3160/2987
f 4193/3168/2995 4246/3167/2994 4245/3165/2992 4231/3196/3018
f 4243/3162/2989 4244/3163/2990 4184/3164/2991
f 4244/3163/2990 4245/3165/2992 4185/3108/2939
f 4188/3166/2993 4246/3167/2994 4190/3112/2943
f 4188/3166/2993 4190/3112/2943 4187/3110/2941
f 4194/3169/2996 4193/3168/2995 4231/3196/3018 4229/3149/2976
f 4225/5171/4498 4194/3169/2996 4229/3149/2976 4226/3148/2975
f 4223/3171/2998 4247/3170/2997 4225/5171/4498 4222/3143/2970
f 4194/3169/2996 4225/5171/4498 4247/3170/2997
f 4200/3179/3006 4199/5162/2950 4251/5174/4501 4252/3177/3004
f 4247/3170/2997 4223/3171/2998 4195/3116/2947
f 4195/3116/2947 4221/3172/2999 4198/3174/3001
f 4198/3174/3001 4196/3117/2948 4195/3116/2947
f 4198/3174/3001 4248/3173/3000 4249/3175/3002
f 4249/3175/3002 4199/3119/2950 4198/3174/3001
f 4199/3119/2950 4250/3176/3003 4251/5175/4501
f 4202/5164/4494 4201/3178/3005 4253/5176/4502 4205/3182/3009
f 4252/3177/3004 4253/5176/4502 4201/3178/3005
f 4252/3177/3004 4254/5177/4503 4253/5176/4502
f 4209/3126/2957 4208/3121/2952 243/3185/3011 4211/3127/2958
f 4253/5176/4502 4255/3180/3007 4205/3182/3009
f 4205/3182/3009 4204/5165/4495 4108/5128/4472
f 4255/3187/3007 31/3184/3010 4207/3183/3008
f 4207/3183/3008 243/3185/3011 4208/3121/2952
f 4208/3121/2952 4206/3120/2951 4207/3183/3008
f 243/3185/3011 31/3184/3010 4211/3127/2958
f 4250/5178/3003 4257/3188/3013 4255/3180/3007 4254/5177/4503
f 4257/3191/3013 4215/3192/3015 4256/5179/3012
f 4217/3134/2965 4258/3190/3014 4219/3193/3016 4218/3135/2966
f 4251/5174/4501 4250/5178/3003 4254/5177/4503 4252/3177/3004
f 4258/3190/3014 4249/3175/3002 4248/3173/3000
f 4217/5169/2965 4216/5168/4496 4215/3194/3015
f 4256/3186/3012 4213/3131/2962 31/3184/3010
f 4238/3154/2981 4235/3153/2980 4243/3162/2989 4240/3161/2988
f 4255/3180/3007 4253/5176/4502 4254/5177/4503
f 4166/3092/2923 4165/3198/3020 4241/3157/2984 4168/3094/2925
f 4240/3161/2988 4242/3158/2985 4238/3154/2981
f 4163/3087/2918 4237/3150/2977 4165/3198/3020 4164/3089/2920
f 4228/3146/2973 4230/5172/4499 4234/5173/4500 4162/3086/2917
f 4237/3150/2977 4163/3087/2918 4233/3151/2978
f 4233/3151/2978 4162/3086/2917 4234/5173/4500
f 31/3184/3010 4213/3131/2962 4212/3130/2961 4211/3127/2958
f 4228/3146/2973 4161/3085/2916 384/157/155
f 383/158/156 384/157/155 4161/3085/2916 4160/3082/2914
f 4147/5152/3021 4146/5180/4478 4144/3141/2969 4156/5151/4483
f 4115/5167/2875 4126/3125/2956 4125/3052/2885 4116/3051/2876
f 4146/5180/4478 4145/5142/2900 4144/3141/2969
f 4154/5149/4482 4148/3069/2902 4147/3199/3021
f 4152/5147/4481 4149/3070/2903 4148/3069/2902
f 4117/3042/2878 4119/3044/2880 591/3761/3508 4095/3760/3507
f 4124/5135/2884 4118/3041/2877 4116/3040/2876
f 587/3758/3505 4105/5129/4473 4102/3200/3022 585/3203/3025
f 4105/5129/4473 4103/5127/4471 4102/3200/3022
f 3978/5099/4450 4259/3204/3026 4097/3308/3121 3979/3208/3030
f 3976/3202/3024 3975/5098/4449 585/3203/3025
f 3976/3202/3024 4098/3201/3023 4259/3204/3026
f 3977/3205/3027 2023/4302/3874 3976/3202/3024
f 4097/3308/3121 4260/3206/3028 3979/3208/3030
f 4092/5181/2862 4262/3210/3032 3981/3209/3031 4261/3207/3029
f 3985/5102/4452 3984/3213/2772 4265/5182/4504 3987/3217/3037
f 3981/3209/3031 3983/3211/3033 3980/5100/4451
f 3983/5183/3033 4263/3212/3034 3982/3214/2771
f 4263/3212/3034 3983/5183/3033 4264/3291/3107
f 4263/3212/3034 4265/5182/4504 3984/3213/2772
f 4265/5182/4504 4263/3212/3034 4266/5184/4505
f 4265/5182/4504 3989/3215/3035 3987/3217/3037
f 4272/3225/3043 3994/3224/2777 4270/3222/3042 4271/3221/3041
f 3989/3215/3035 4265/5182/4504 4267/5185/4506
f 4267/5185/4506 3991/2935/2773 3989/3215/3035
f 3991/2935/2773 4267/5185/4506 4268/3218/3038
f 4268/3218/3038 3992/3220/3040 3991/2935/2773
f 4269/3219/3039 4270/3222/3042 3992/3220/3040
f 3993/2938/2776 3992/3220/3040 4270/3222/3042 3994/3224/2777
f 4274/3294/3110 4272/3225/3043 4271/3221/3041 4273/3293/3109
f 4275/5186/3044 3995/3223/2778 4272/3225/3043 4274/3294/3110
f 3998/3227/3045 3996/2943/2780 4275/3226/3044 199/46/46
f 4280/3254/3070 4278/3236/3052 4277/3235/3051 4279/5187/4507
f 3998/3227/3045 198/45/45 4000/2949/2786
f 3998/3227/3045 3997/2945/2782 3996/2943/2780
f 4000/2949/2786 3999/2947/2784 3998/3227/3045
f 4002/3230/3048 77/3590/3047 4276/3233/3049
f 4005/3234/3050 4276/3233/3049 4277/3235/3051
f 4005/3234/3050 4003/2951/2788 4002/3230/3048
f 4007/2957/2794 4278/3236/3052 4280/3254/3070 4281/3237/3053
f 4008/2958/2795 4007/2957/2794 4281/3237/3053 4010/3239/3055
f 4284/3241/3057 4014/3240/3056 4282/3238/3054 4283/3252/3068
f 4017/2965/2802 4016/3244/3060 4286/3243/3059 4287/3245/3061
f 4014/3240/3056 4013/2964/2801 4012/2962/2799
f 4014/3240/3056 4285/3242/3058 4016/3244/3060
f 4016/3244/3060 4013/2964/2801 4014/3240/3056
f 4289/5188/4508 4290/5189/4509 4288/3246/3062 4287/3245/3061
f 4287/3245/3061 4286/3243/3059 4302/3272/3088
f 4287/3245/3061 4288/3246/3062 4018/2968/2805
f 4019/2970/2807 4288/3246/3062 4290/5189/4509 4291/5190/4510
f 4020/2973/2810 4019/2970/2807 4291/5190/4510 4021/2974/2811
f 4291/5190/4510 4290/5189/4509 4292/5191/4511
f 4293/5192/4512 4294/3248/3064 4021/2974/2811 4291/5190/4510
f 4023/5107/4455 4021/2974/2811 4294/3248/3064 4295/3247/3063
f 4298/3274/3090 101/3774/3518 4296/5193/4513 4297/5194/4514
f 4021/2974/2811 4023/5107/4455 4022/2975/2812
f 4295/3247/3063 4025/2979/2816 4023/5107/4455
f 4026/2980/2817 4294/3248/3064 4296/5193/4513
f 4026/2980/2817 4296/5193/4513 101/3774/3518
f 101/3774/3518 647/3775/3519 4026/2980/2817
f 4297/5194/4514 4296/5193/4513 4294/3248/3064 4293/5192/4512
f 4287/3245/3061 4302/3272/3088 4301/5195/4515 4289/5188/4508
f 4293/5192/4512 4299/5196/4516 4297/5194/4514
f 4293/5192/4512 4292/5191/4511 4299/5196/4516
f 4292/5191/4511 4300/5197/4517 4299/5196/4516
f 4292/5191/4511 4293/5192/4512 4291/5190/4510
f 4292/5191/4511 4289/5188/4508 4300/5197/4517
f 4289/5188/4508 4301/5195/4515 4300/5197/4517
f 4289/5188/4508 4292/5191/4511 4290/5189/4509
f 4301/5195/4515 4302/3272/3088 4303/3271/3087
f 4308/3251/3067 4304/3270/3086 4302/3272/3088 4286/3243/3059
f 4302/3272/3088 4304/3270/3086 4305/3269/3085
f 4304/3270/3086 4308/3251/3067 4306/3250/3066 4307/3267/3083
f 4284/3241/3057 4308/3251/3067 4286/3243/3059 4285/3242/3058
f 4311/3253/3069 4310/3265/3081 4309/3249/3065 4282/3238/3054
f 4308/3251/3067 4283/3252/3068 4309/3249/3065
f 4310/3265/3081 4311/3253/3069 4312/3255/3071 4313/3264/3080
f 4279/5187/4507 4314/5198/4518 4312/3255/3071 4280/3254/3070
f 4311/3253/3069 4281/3237/3053 4312/3255/3071
f 4314/5198/4518 4279/5187/4507 4315/3258/3074 4316/3257/3073
f 4276/3233/3049 4315/3258/3074 4279/5187/4507 4277/3235/3051
f 77/3590/3047 4317/3256/3072 4315/3258/3074
f 4321/3262/3078 4314/5198/4518 4316/3257/3073 4320/3261/3077
f 4315/3258/3074 4276/3233/3049 77/3590/3047
f 515/3723/3476 4318/3259/3075 4317/3256/3072
f 4317/3256/3072 77/3590/3047 515/3723/3476
f 4317/3256/3072 4319/3260/3076 4316/3257/3073
f 4323/3263/3079 4321/3262/3078 4320/3261/3077 4322/5199/4519
f 4314/5198/4518 4321/3262/3078 4313/3264/3080 4312/3255/3071
f 4326/3266/3082 4310/3265/3081 4323/3263/3079 4325/5200/4520
f 4323/3263/3079 4324/5201/4521 4325/5200/4520
f 4310/3265/3081 4326/3266/3082 4306/3250/3066 4309/3249/3065
f 4325/5200/4520 4327/5202/4522 4326/3266/3082
f 4330/3281/3097 4305/3269/3085 4328/3268/3084 4329/5203/4523
f 4307/3267/3083 4328/3268/3084 4305/3269/3085
f 4301/5195/4515 4303/3271/3087 4332/3301/3116 4300/5197/4517
f 4330/3281/3097 4303/3271/3087 4305/3269/3085
f 4303/3271/3087 4330/3281/3097 4331/3299/3114
f 4331/3299/3114 4332/3301/3116 4303/3271/3087
f 4332/3301/3116 4333/5204/4524 4300/5197/4517
f 4299/5196/4516 4333/5204/4524 4334/3303/3118 4335/3304/3119
f 4333/5204/4524 4332/3301/3116 4334/3303/3118
f 4338/3279/3095 4339/3273/3089 4337/3275/3091 4335/3304/3119
f 4333/5204/4524 4299/5196/4516 4300/5197/4517
f 4335/3304/3119 4334/3303/3118 4336/3302/3117
f 4335/3304/3119 4337/3275/3091 4297/5194/4514
f 4335/3304/3119 4297/5194/4514 4299/5196/4516
f 4340/5205/4525 4341/3276/3092 4298/3274/3090 4339/3273/3089
f 4337/3275/3091 4298/3274/3090 4297/5194/4514
f 4298/3274/3090 646/3277/3093 101/3774/3518
f 4034/2988/2825 4031/2986/2823 4341/3276/3092 4340/5205/4525
f 4029/2985/2822 4027/2983/2820 646/3277/3093
f 4035/5108/4456 4034/2988/2825 4340/5205/4525 4342/5206/4526
f 4038/3060/2893 4035/5108/4456 4342/5206/4526 4042/2990/2827
f 4343/3305/3120 4046/3278/3094 4042/2990/2827 4342/5206/4526
f 4331/3299/3114 4346/3280/3096 4052/3001/2838 4345/3300/3115
f 4336/3302/3117 4050/2999/2836 4344/2996/2833
f 4050/2999/2836 4336/3302/3117 4345/3300/3115
f 4345/3300/3115 4052/3001/2838 4050/2999/2836
f 4053/3002/2839 4052/3001/2838 4346/3280/3096 4055/3004/2841
f 4066/5112/4459 4063/3009/2846 4349/3284/3100 4350/5207/4527
f 4347/3282/3098 4057/3005/2842 4055/3004/2841
f 4347/3282/3098 4329/5203/4523 4348/3283/3099
f 4348/3283/3099 4327/5202/4522 4349/3284/3100
f 4349/3284/3100 4324/5201/4521 4350/5207/4527
f 4352/5208/4528 4067/5111/4458 4066/5112/4459 4351/3298/3113
f 4067/5111/4458 4352/5208/4528 4072/3287/3103 4068/5113/4460
f 4354/3285/3101 4352/5208/4528 4351/3298/3113 4353/3297/3112
f 4078/3289/3105 4077/3016/2853 4273/3293/3109 4271/3221/3041
f 4352/5208/4528 4354/3285/3101 4072/3287/3103
f 4075/5114/4461 4070/5115/4462 4072/5117/3103
f 4072/5117/3103 4355/5209/3102 4075/5114/4461
f 4075/5114/4461 4356/3288/3104 4076/3013/2850
f 4356/3288/3104 4075/5114/4461 200/3292/3108
f 4356/3288/3104 4273/3293/3109 4077/3016/2853
f 4265/5182/4504 4266/5184/4505 4087/5123/4468 4267/5185/4506
f 4078/3289/3105 4269/3219/3039 4081/3290/3106
f 4081/3290/3106 4079/5118/4463 4078/3289/3105
f 4081/3290/3106 4268/3218/3038 4084/5121/4466
f 4084/5121/4466 4082/5119/4464 4081/3290/3106
f 4084/5121/4466 4268/3218/3038 4267/5185/4506
f 4267/5185/4506 4087/5123/4468 4084/5121/4466
f 4087/5123/4468 4085/3019/2856 4084/5121/4466
f 4087/5123/4468 4264/3291/3107 4089/3022/2859 4088/3020/2857
f 4266/5184/4505 4264/3291/3107 4087/5123/4468
f 4355/5209/3102 22/3611/47 200/3292/3108 4075/5114/4461
f 4264/3291/3107 4266/5184/4505 4263/3212/3034
f 197/3296/3111 4318/3259/3075 515/3723/3476
f 197/3296/3111 515/3723/3476 4588/3722/3046
f 22/3295/47 4355/3286/3102 4318/3259/3075
f 4350/5207/4527 4322/5199/4519 4351/3298/3113 4066/5112/4459
f 4319/3260/3076 4351/3298/3113 4322/5199/4519 4320/3261/3077
f 4322/5199/4519 4350/5207/4527 4324/5201/4521 4323/3263/3079
f 4329/5203/4523 4328/3268/3084 4327/5202/4522 4348/3283/3099
f 4324/5201/4521 4349/3284/3100 4327/5202/4522
f 4327/5202/4522 4325/5200/4520 4324/5201/4521
f 4339/3273/3089 4343/3305/3120 4342/5206/4526 4340/5205/4525
f 4328/3268/3084 4326/3266/3082 4327/5202/4522
f 4347/3282/3098 4330/3281/3097 4329/5203/4523
f 4345/3300/3115 4334/3303/3118 4332/3301/3116
f 4344/2996/2833 4338/3279/3095 4336/3302/3117
f 4046/3278/3094 4343/3305/3120 4338/3279/3095
f 199/3612/46 4275/5186/3044 4274/3294/3110 200/3292/3108
f 4262/3307/3032 4090/3023/2860 4264/3291/3107 3983/5183/3033
f 4260/3206/3028 4093/3028/2864 4092/5181/2862 4261/3207/3029
f 589/3753/253 4117/3042/2878 4095/3760/3507 4094/5124/2866
f 4097/3308/3121 4096/3029/2865 4093/3028/2864
f 4097/3308/3121 4259/3204/3026 4098/3201/3023
f 4102/3200/3022 4099/5125/4469 4098/3201/3023
f 586/3759/3506 585/3203/3025 3975/5098/4449 2028/2930/2768
f 289/99/97 288/98/96 1982/4287/3861 1981/2552/2410
f 2062/1330/1254 446/187/185 445/186/184
f 1824/1182/1118 4358/3318/3129 1579/5210/3141 4359/5211/4529
f 441/1257/1185 64/184/182 444/183/181
f 1896/2519/2379 1894/1245/1174 1893/1243/1172
f 1828/4245/3825 1831/4247/3826 1826/1180/1116
f 1830/1184/1120 280/95/93 4357/3315/3127
f 1577/5212/3143 4360/5213/4530 4359/5211/4529 1579/5210/3141
f 1823/3319/3130 4359/5211/4529 4360/5213/4530 4361/3320/3131
f 1822/4241/3821 1824/1182/1118 4359/5211/4529 1823/3319/3130
f 1574/3329/3140 4362/3328/3139 4361/3320/3131 4360/5213/4530
f 1819/1177/1113 4361/3320/3131 4362/3328/3139 4363/5214/4531
f 1814/4236/3819 4363/5214/4531 1573/3327/3138 4364/3326/3137
f 4363/5214/4531 4362/3328/3139 1573/3327/3138
f 1817/1178/1114 1819/1177/1113 4363/5214/4531 1814/4236/3819
f 4366/5215/3136 1812/3322/3133 1569/3321/3132 1566/5216/958
f 4364/3326/3137 1573/3327/3138 1570/1016/963
f 4364/3326/3137 4365/3323/3134 1811/4240/3818
f 4364/3326/3137 1811/4240/3818 1814/4236/3819
f 4365/3323/3134 4364/3326/3137 1569/3321/3132
f 4365/3323/3134 1812/3322/3133 1811/4240/3818
f 1802/4225/3809 1807/4229/3813 1812/4234/3133 4366/5217/3136
f 4367/3324/3135 1802/5218/3809 4366/5219/3136 1564/1008/957
f 1812/4234/3133 1807/4229/3813 1806/4230/3814
f 367/3487/3293 366/3661/3435 4367/3324/3135 1563/1007/956
f 1802/5218/3809 4367/3324/3135 366/3661/3435
f 1802/4225/3809 1801/4224/3808 1807/4229/3813
f 1575/4129/3741 1574/3329/3140 4360/5213/4530 1577/5212/3143
f 1569/3321/3132 1567/4124/961 1566/5216/958
f 1578/4131/3742 1579/3330/3141 4358/3317/3129 1580/3316/3128
f 1581/1018/965 4357/3315/3127 280/95/93 4368/3333/3144
f 1582/1021/968 4368/3333/3144 36/94/92 283/5220/4532
f 156/3600/3386 13/33/33 1809/4232/3816 1808/4231/3815
f 365/3662/3436 1798/4219/3805 1802/5218/3809 366/3661/3435
f 1787/4215/3801 1786/4214/3800 1790/4216/3802 1788/1167/1103
f 1742/1133/1072 339/3337/3148 1753/3338/1079 350/4202/3149
f 4370/5221/4533 1708/4186/3781 1493/5222/4534 4369/5223/4535
f 634/293/287 1740/4200/1068 635/294/288
f 1702/4183/3778 1705/1109/1048 1708/4186/3781 4370/5221/4533
f 1493/5222/4534 1708/4186/3781 1707/4185/3780 1492/4090/3712
f 4372/5224/4536 4370/5221/4533 4369/5223/4535 4371/5225/4537
f 1703/3340/3150 1702/4183/3778 4370/5221/4533 4372/5224/4536
f 4374/3341/3151 1703/3340/3150 4372/5224/4536 4373/5226/3254
f 1696/3344/3154 1695/4180/1044 4374/5227/3151 4375/3342/3152
f 4379/3345/3155 4377/5228/4538 4376/3343/3153 4378/3451/3258
f 1695/1105/1044 1700/1104/1043 1703/3340/3150
f 1696/3344/3154 4376/3343/3153 4377/5228/4538
f 1690/3347/3157 1692/5229/4539 4377/5228/4538 4379/3345/3155
f 1696/3344/3154 4377/5228/4538 1692/5229/4539 1689/4177/3774
f 1690/3347/3157 4380/3346/3156 1682/3349/3159 1686/4175/3772
f 1690/3347/3157 1689/4177/3774 1692/5229/4539
f 4380/3346/3156 114/3452/3259 1683/3348/3158
f 4382/3360/3168 1684/4174/3771 113/9/9 4381/3361/3169
f 1683/3348/3158 113/9/9 1684/4174/3771
f 1684/4174/3771 4382/3360/3168 1678/1103/1042 1680/4173/3770
f 4382/3360/3168 1679/4172/3769 1678/1103/1042
f 4394/3359/3167 4383/3481/3288 1679/4172/3769 4382/3360/3168
f 1671/4168/3766 4383/3481/3288 4385/5230/4540 1672/4169/3767
f 4383/3481/3288 4384/3357/3165 4385/5230/4540
f 1674/4170/3768 1679/4172/3769 4383/3481/3288 1671/4168/3766
f 4387/5231/4541 1672/4169/3767 4385/5230/4540 4386/3355/3163
f 599/3353/257 1667/5232/3289 4387/5231/4541 4388/3350/3160
f 1672/4169/3767 4387/5231/4541 1667/5232/3289 1666/4166/3764
f 4386/3355/3163 4389/3354/3162 4388/3350/3160 4387/5231/4541
f 4388/3350/3160 4389/3354/3162 390/3351/3161
f 4390/3423/3231 390/3351/3161 4389/3354/3162 4392/3356/3164
f 390/3351/3161 4390/3423/3231 4391/3424/3232
f 4391/3424/3232 388/3432/3240 390/3351/3161
f 4395/3419/3227 4393/3358/3166 4384/3357/3165 4394/3359/3167
f 4392/3356/3164 4386/3355/3163 4393/3358/3166
f 115/8/8 4396/5233/4542 4394/3359/3167 4381/3361/3169
f 4396/5233/4542 4397/3420/3228 4394/3359/3167
f 4397/3420/3228 4396/5233/4542 4398/5234/4543 396/3421/3229
f 4399/5235/4544 4398/5234/4543 4396/5233/4542 115/8/8
f 4398/5234/4543 4399/5235/4544 4400/5236/4545 4401/5237/4546
f 4405/5238/4547 4400/5236/4545 4399/5235/4544 4404/5239/4548
f 4402/5240/4549 4403/3393/3201 4400/5236/4545
f 4406/5241/4550 4402/5240/4549 4400/5236/4545 4405/5238/4547
f 4402/5240/4549 4406/5241/4550 4407/3363/3171 4408/3388/3196
f 4409/3458/3265 4410/3365/3173 4406/5241/4550 4405/5238/4547
f 4407/3363/3171 4406/5241/4550 4410/3365/3173 4411/3364/3172
f 4412/3362/3170 4411/3364/3172 4413/3366/3174 4414/3368/3176
f 4417/3463/3270 4418/3371/3179 4415/3367/3175 4416/3369/3177
f 4414/3368/3176 4413/3366/3174 4416/3369/3177
f 4418/3371/3179 4419/3384/3192 4415/3367/3175
f 4427/5242/4551 4428/3433/3241 4426/5243/4552 4424/3375/3183
f 4424/3375/3183 4426/5243/4552 4425/3376/3184
f 4430/5244/4553 4426/5243/4552 4428/3433/3241 4429/5245/4554
f 1478/951/901 1477/948/899 4429/5245/4554 4428/3433/3241
f 4431/3409/3217 4430/5244/4553 4429/5245/4554 1475/946/897
f 1477/948/899 1476/947/898 4429/5245/4554
f 4432/3407/3215 4433/3377/3185 4430/5244/4553 4431/3409/3217
f 1475/946/897 1470/940/891 1471/3410/3218
f 1475/946/897 4429/5245/4554 1476/947/898
f 1475/946/897 1472/942/893 1470/940/891
f 4426/5243/4552 4430/5244/4553 4433/3377/3185 4425/3376/3184
f 4442/3386/3194 4412/3362/3170 4440/3385/3193 4441/5246/4555
f 4435/3379/3187 4436/3380/3188 4423/3374/3182
f 4423/3374/3182 4437/3381/3189 4421/3370/3178
f 4421/3370/3178 4438/3382/3190 4419/3384/3192
f 4419/3384/3192 4418/3371/3179 4421/3370/3178
f 4419/3384/3192 4440/3385/3193 4412/3362/3170 4415/3367/3175
f 4444/3387/3195 4442/3386/3194 4441/5246/4555 4443/3399/3207
f 4447/3391/3199 4408/3388/3196 4444/3387/3195 4446/3389/3197
f 4444/3387/3195 4445/3397/3205 4446/3389/3197
f 4408/3388/3196 4447/3391/3199 4403/3393/3201 4402/5240/4549
f 4447/3391/3199 4448/3390/3198 4403/3393/3201
f 395/3674/3447 4401/5237/4546 4403/3393/3201 4449/3392/3200
f 4401/5237/4546 395/3674/3447 396/3421/3229 4398/5234/4543
f 4401/5237/4546 4400/5236/4545 4403/3393/3201
f 4449/3392/3200 392/3672/3445 395/3674/3447
f 392/3672/3445 4449/3392/3200 4448/3390/3198 4450/5247/4556
f 53/3418/3226 391/3673/3446 4450/5247/4556 4451/3395/3203
f 4452/3396/3204 4451/3395/3203 4450/5247/4556 4448/3390/3198
f 4450/5247/4556 391/3673/3446 392/3672/3445
f 4454/3398/3206 4453/3394/3202 4452/3396/3204 4446/3389/3197
f 4454/3398/3206 4445/3397/3205 4456/3400/3208 4457/3415/3223
f 4454/3398/3206 4455/5248/4557 4453/3394/3202
f 4459/5249/4558 4458/3401/3209 4443/3399/3207 4441/5246/4555
f 4445/3397/3205 4444/3387/3195 4443/3399/3207
f 4439/3383/3191 4459/5249/4558 4441/5246/4555 4440/3385/3193
f 4459/5249/4558 4439/3383/3191 1443/3402/3210 4460/5250/4559
f 4434/3378/3186 4464/3405/3213 4436/3380/3188 4435/3379/3187
f 4462/3403/3211 4437/3381/3189 4463/3404/3212
f 4463/3404/3212 4436/3380/3188 4464/3405/3213
f 1446/4069/3698 4464/3405/3213 4434/3378/3186 4466/3408/3216
f 1448/3411/3219 4466/3408/3216 4432/3407/3215 4467/5251/4560
f 4467/5251/4560 4432/3407/3215 4431/3409/3217 1469/938/889
f 4466/3408/3216 1448/3411/3219 1447/4070/3699 1446/4069/3698
f 1469/938/889 1468/937/888 1450/917/874 4467/5251/4560
f 4467/5251/4560 1450/917/874 1448/3411/3219
f 4463/3404/3212 4465/3406/3214 1445/4071/3700 4462/3403/3211
f 1446/4069/3698 4465/3406/3214 4464/3405/3213
f 4465/3406/3214 1446/4069/3698 1445/4071/3700
f 1175/915/872 4461/914/871 4462/3403/3211 1445/4071/3700
f 4468/5252/4561 4460/5250/4559 1442/4068/3697 1441/4067/3696
f 4461/914/871 1444/913/870 1443/3402/3210
f 1443/3402/3210 1442/4068/3697 4460/5250/4559
f 4458/3401/3209 4459/5249/4558 4460/5250/4559 4468/5252/4561
f 4469/3412/3220 4468/5252/4561 1441/4067/3696 1440/704/672
f 4456/3400/3208 4458/3401/3209 4468/5252/4561 4469/3412/3220
f 4473/5253/4562 4455/5248/4557 4471/3414/3222 4472/3427/3235
f 4456/3400/3208 4470/3413/3221 4457/3415/3223
f 4457/3415/3223 4471/3414/3222 4455/5248/4557
f 53/3418/3226 4451/3395/3203 4473/5253/4562 4474/3429/3237
f 4455/5248/4557 4454/3398/3206 4457/3415/3223
f 4455/5248/4557 4473/5253/4562 4451/3395/3203 4453/3394/3202
f 4476/3417/3225 4390/3423/3231 393/3669/3442 391/3673/3446
f 4474/3429/3237 4475/3416/3224 53/3418/3226
f 394/3670/3443 393/3669/3442 4390/3423/3231 4477/3422/3230
f 396/3421/3229 394/3670/3443 4477/3422/3230 4395/3419/3227
f 4395/3419/3227 4477/3422/3230 4392/3356/3164 4393/3358/3166
f 4395/3419/3227 4394/3359/3167 4397/3420/3228
f 4480/3426/3234 1437/3425/3233 4478/5254/4563 4479/3428/3236
f 4390/3423/3231 4476/3417/3225 4391/3424/3232
f 4391/3424/3232 4475/3416/3224 4479/3428/3236
f 4479/3428/3236 4478/5254/4563 4391/3424/3232
f 1438/909/866 1436/907/864 4480/3426/3234 4471/3414/3222
f 1434/3430/3238 4478/5254/4563 1437/3425/3233 1435/905/862
f 1438/909/866 4470/3413/3221 1166/910/867
f 4472/3427/3235 4480/3426/3234 4479/3428/3236
f 4472/3427/3235 4474/3429/3237 4473/5253/4562
f 4478/5254/4563 1434/3430/3238 388/3432/3240
f 388/3432/3240 4391/3424/3232 4478/5254/4563
f 1440/704/672 1166/910/867 4470/3413/3221 4469/3412/3220
f 4483/3438/3246 4481/3434/3242 4427/5242/4551 4482/3436/3244
f 391/3673/3446 393/3669/3442 392/3672/3445
f 4428/3433/3241 4427/5242/4551 4481/3434/3242
f 4428/3433/3241 4481/3434/3242 1479/952/902
f 1480/3435/3243 4483/3438/3246 4484/3437/3245 1482/4084/3708
f 4481/3434/3242 4483/3438/3246 1480/3435/3243
f 4486/3441/3249 4484/3437/3245 4482/3436/3244 4485/3439/3247
f 1482/4084/3708 4484/3437/3245 4486/3441/3249 1483/4085/3709
f 1483/4085/3709 4486/3441/3249 4487/3440/3248 4488/5255/4564
f 1484/4086/3710 1483/4085/3709 4488/5255/4564 1485/4088/3711
f 4488/5255/4564 4487/3440/3248 4489/5256/4565
f 4488/5255/4564 4490/3444/3251 1485/4088/3711
f 4492/5257/4566 4493/5258/4567 1486/3443/904 4491/3442/3250
f 4490/3444/3251 4488/5255/4564 4491/3442/3250
f 4490/3444/3251 1486/3443/904 1485/4088/3711
f 4496/5259/4568 1489/957/907 4493/5260/4567 4495/5261/4569
f 4493/5258/4567 4494/5262/4570 4495/5263/4569
f 1488/955/905 1486/954/904 4493/5260/4567 1489/957/907
f 4497/5264/3252 4371/5225/4537 4496/5259/4568 4495/5261/4569
f 1491/4091/3713 4496/5259/4568 4371/5225/4537 4369/5223/4535
f 1489/957/907 4496/5259/4568 1491/4091/3713 1490/958/908
f 4371/5225/4537 4497/5264/3252 4373/5226/3254 4372/5224/4536
f 4497/3445/3252 4495/5263/4569 4494/5262/4570
f 4500/3448/3255 4375/3342/3152 4498/3446/3253 4499/5265/4571
f 4498/3446/3253 4497/3445/3252 4499/5265/4571
f 4373/3447/3254 4498/3446/3253 4375/3342/3152 4374/5227/3151
f 4501/3472/3279 4502/3471/3278 4500/3448/3255 4499/5265/4571
f 4503/3449/3256 4376/3343/3153 4500/3448/3255 4502/3471/3278
f 4378/3451/3258 4504/3450/3257 4380/3346/3156 4379/3345/3155
f 4503/3449/3256 4505/3453/3260 4504/3450/3257
f 5/7/7 114/3452/3259 4504/3450/3257 4506/3454/3261
f 4505/3453/3260 4530/3455/3262 4506/3454/3261
f 4404/5239/4548 5/7/7 4506/3454/3261 4507/3456/3263
f 4409/3458/3265 4404/5239/4548 4507/3456/3263 4508/3457/3264
f 4404/5239/4548 4409/3458/3265 4405/5238/4547
f 4410/3365/3173 4508/3457/3264 4509/3459/3266 4413/3366/3174
f 4416/3369/3177 4413/3366/3174 4510/3460/3267 4511/3461/3268
f 4513/3480/3287 4514/3464/3271 4417/3463/3270 4512/3462/3269
f 4511/3461/3268 4417/3463/3270 4416/3369/3177
f 4420/3372/3180 4418/3371/3179 4417/3463/3270
f 4515/3479/3286 4516/5266/4572 4420/3372/3180 4514/3464/3271
f 4517/3466/3273 4422/3373/3181 4420/3372/3180 4516/5266/4572
f 4424/3375/3183 4518/3465/3272 4482/3436/3244 4427/5242/4551
f 4516/5266/4572 4485/3439/3247 4517/3466/3273
f 4517/3466/3273 4518/3465/3272 4422/3373/3181
f 4518/3465/3272 4517/3466/3273 4482/3436/3244
f 4515/3479/3286 4519/5267/4573 4485/3439/3247 4516/5266/4572
f 4491/3442/3250 4521/5268/4574 4522/3478/3285 4492/5257/4566
f 4519/5267/4573 4487/3440/3248 4485/3439/3247
f 4519/5267/4573 4489/5256/4565 4487/3440/3248
f 4489/5256/4565 4519/5267/4573 4520/3476/3283
f 4520/3476/3283 4521/5268/4574 4489/5256/4565
f 4521/5268/4574 4520/3476/3283 4522/3478/3285
f 4488/5255/4564 4489/5256/4565 4521/5268/4574 4491/3442/3250
f 4499/5265/4571 4524/5269/4575 4523/3467/3274 4525/3469/3276
f 4492/5257/4566 4522/3478/3285 4523/3467/3274
f 4492/5257/4566 4523/3467/3274 4524/5269/4575
f 4497/3445/3252 4494/5262/4570 4524/5269/4575 4499/5265/4571
f 4492/5257/4566 4524/5269/4575 4494/5262/4570 4493/5258/4567
f 4501/3472/3279 4525/3469/3276 4528/3468/3275 4526/3470/3277
f 4502/3471/3278 4526/3470/3277 4528/3468/3275 4529/3473/3280
f 4525/3469/3276 4501/3472/3279 4499/5265/4571
f 4502/3471/3278 4529/3473/3280 4505/3453/3260 4503/3449/3256
f 4512/3462/3269 4510/3460/3267 4532/5270/4576 4513/3480/3287
f 4530/3455/3262 4531/3474/3281 4507/3456/3263
f 4531/3474/3281 208/3475/3282 4509/3459/3266
f 208/3475/3282 4531/3474/3281 23/3613/3397
f 208/3475/3282 4532/5270/4576 4510/3460/3267
f 23/3613/3397 4533/5271/4577 4532/5270/4576 208/3475/3282
f 4513/3480/3287 4532/5270/4576 4533/5271/4577 4515/3479/3286
f 4520/3476/3283 4533/5271/4577 23/3613/3397 207/3477/3284
f 4519/5267/4573 4515/3479/3286 4533/5271/4577 4520/3476/3283
f 206/3614/3398 23/3613/3397 4531/3474/3281 4530/3455/3262
f 4527/5272/4578 206/3614/3398 4530/3455/3262 4528/3468/3275
f 206/3614/3398 4527/5272/4578 4522/3478/3285 207/3477/3284
f 4527/5272/4578 4528/3468/3275 4523/3467/3274
f 115/8/8 5/7/7 4404/5239/4548 4399/5235/4544
f 4527/5272/4578 4523/3467/3274 4522/3478/3285
f 1491/4091/3713 4369/5223/4535 1493/5222/4534 1492/4090/3712
f 4386/3355/3163 4385/5230/4540 4384/3357/3165
f 1647/1077/1017 1651/1247/1176 1648/1079/1019 1427/1078/1018
f 406/167/165 405/166/164 1611/1040/986 1607/1034/980
f 1602/4145/3754 404/4254/3832 408/3589/3378 1603/1031/977
f 282/3642/3417 1587/4135/3746 1588/4137/3748 36/94/92
f 404/4254/3832 57/3588/3377 408/3589/3378
f 1585/4134/3745 1584/4133/3744 1588/4137/3748 1586/1024/971
f 36/94/92 1588/4137/3748 1584/4133/3744 283/5220/4532
f 283/5220/4532 1584/4133/3744 1583/4132/3743 1582/1021/968
f 1451/918/875 1450/917/874 1468/937/888 1452/920/876
f 1411/4059/846 650/302/296 4534/3494/3299 1412/5273/3692
f 1414/3492/3297 651/3491/3296 650/302/296
f 650/302/296 1411/4059/846 1414/3492/3297
f 1416/3490/3295 1153/3493/3298 651/3491/3296
f 1406/3497/3301 1405/4052/3688 1412/4056/3692 4535/3495/3300
f 4537/5274/4579 250/3500/3303 1080/5275/604 1079/5276/603
f 1412/4056/3692 1405/4052/3688 1408/4054/3690
f 1406/3497/3301 411/3496/169 413/3505/168
f 4536/3499/3302 1080/5275/604 250/3500/3303
f 926/626/601 1078/3584/3374 4537/5277/4579 1079/3928/603
f 250/3500/3303 4537/5274/4579 247/3631/3411
f 247/3630/3411 4537/5277/4579 1078/3584/3374 244/71/71
f 1084/3929/3618 1083/633/608 4539/3504/3305 4534/3494/3299
f 1080/629/604 4536/3502/3302 4538/3501/3304
f 4534/3494/3299 4539/3504/3305 4535/3503/3300 1412/5273/3692
f 1084/3929/3618 4534/3494/3299 649/301/295
f 1084/3929/3618 649/301/295 648/3776/3520
f 1069/3919/3614 1070/3922/3615 1367/842/806 1071/845/809
f 1400/873/836 1399/875/838 257/876/839
f 1071/845/809 916/4037/598 1072/3921/599
f 4540/5278/4580 1357/4032/3676 1064/3917/3612 1062/3916/3611
f 1070/3922/3615 1068/3918/3613 1067/621/596
f 1065/835/799 1064/3917/3612 1357/4032/3676 1356/836/800
f 1357/4032/3676 4540/5278/4580 1353/833/797
f 1059/5279/3609 4540/5278/4580 1062/3916/3611 1060/3915/3608
f 1058/3509/3306 1353/833/797 4540/5278/4580 1059/5279/3609
f 1350/3508/795 4541/3507/3307 1348/3511/3309 1347/4031/794
f 1059/3912/3609 1057/3909/3606 1058/3506/3306
f 1058/3506/3306 1056/3910/3607 4541/3507/3307
f 4544/5280/3312 1344/5281/3311 4542/3510/3308 4543/3512/3310
f 1348/3511/3309 4542/3510/3308 1344/5281/3311 1343/4029/3675
f 4546/3562/3354 4544/5280/3312 4543/3512/3310 4545/3560/3352
f 4547/3515/3313 1340/822/786 4544/3514/3312 4546/5282/3354
f 1340/822/786 4547/3515/3313 1333/819/783 1336/821/785
f 4550/3517/3315 4548/3516/3314 4547/3515/3313 4549/3557/3350
f 4555/5283/4581 4556/5284/4582 1322/3523/3321 4554/3522/3320
f 1327/3518/3316 1321/3521/3319 1324/4022/778
f 1316/810/774 1322/3523/3321 4556/5284/4582 4557/5285/4583
f 4558/3552/3346 4559/3526/3322 1312/3527/3323 4557/5285/4583
f 4557/5285/4583 1312/3527/3323 1316/810/774
f 4563/3548/3342 4564/3532/3326 1303/3529/3325 4562/3550/3344
f 4559/3526/3322 1306/799/763 1309/805/769
f 4560/3564/3356 1304/3528/3324 1307/800/764
f 1304/3531/3324 4560/5286/3356 4561/5287/4584
f 4561/5287/4584 1303/3529/3325 1304/3531/3324
f 1303/3529/3325 4561/5287/4584 4562/3550/3344
f 1296/3538/3332 4564/3532/3326 4566/3535/3329 1292/3536/3330
f 1303/3529/3325 1295/3533/3327 1300/4018/3672
f 4568/5288/4585 4569/5289/4586 1288/4012/3667 4567/3565/3357
f 4564/3532/3326 1296/3538/3332 1295/3533/3327
f 1292/3536/3330 4566/3535/3329 4567/3565/3357
f 4567/3565/3357 1288/4012/3667 1292/3536/3330
f 356/143/141 1284/4011/3666 4569/5289/4586 4571/3541/3335
f 1288/4012/3667 1287/798/762 1292/3536/3330
f 4569/5289/4586 4570/3539/3333 4571/3541/3335
f 1288/4012/3667 4569/5289/4586 1284/4011/3666 1283/4009/3664
f 358/3660/3434 356/143/141 4571/3541/3335 357/3540/3334
f 4573/3542/3336 357/3540/3334 4570/3539/3333 4572/3546/3340
f 496/219/214 1269/786/750 4574/3543/3337 499/3717/3472
f 4572/3546/3340 1027/584/559 4573/3542/3336
f 4574/3543/3337 4573/3542/3336 499/3717/3472
f 357/3540/3334 4574/3543/3337 1269/786/750 358/3660/3434
f 500/3544/3338 499/3717/3472 1025/583/558 1024/581/557
f 1027/584/559 1025/583/558 499/3717/3472 4573/3542/3336
f 876/591/566 1034/3899/3600 4576/3549/3343 1035/592/567
f 500/3544/3338 1023/580/555 503/3720/3475
f 4572/3546/3340 4570/3539/3333 1029/3545/3339
f 1029/3545/3339 1033/589/564 1030/3897/3599
f 1033/589/564 4575/3547/3341 4568/5288/4585
f 4568/5288/4585 1034/3899/3600 1033/589/564
f 1034/3899/3600 4568/5288/4585 4567/3565/3357
f 4567/3565/3357 4576/3549/3343 1034/3899/3600
f 4565/3534/3328 4563/3548/3342 4576/3549/3343 4567/3565/3357
f 1041/5290/3602 4560/3564/3356 4559/3526/3322 4577/3554/3347
f 1035/592/567 1037/594/569 1036/593/568
f 4561/5287/4584 1040/3900/3601 1039/3551/3345
f 1040/3900/3601 4561/5287/4584 4560/5286/3356
f 4560/5286/3356 1041/3902/3602 1040/3900/3601
f 4557/5285/4583 4578/5291/4587 1042/3553/576 4558/3552/3346
f 4577/3554/3347 1042/3553/576 1041/5290/3602
f 4577/3554/3347 4559/3526/3322 4558/3552/3346
f 1043/602/577 1042/601/576 4578/5292/4587 1044/3904/3603
f 1044/3904/3603 4578/5292/4587 4555/5293/4581 1045/3906/3605
f 4554/5294/3320 4579/5295/4588 1045/3906/3605 4555/5293/4581
f 888/603/578 1045/3906/3605 4579/5295/4588 1046/3905/3604
f 1046/3905/3604 4579/5295/4588 4552/3519/3317 4580/3555/3348
f 1047/608/583 1046/3905/3604 4580/3555/3348 1048/609/584
f 1052/3563/3355 1051/612/587 1050/611/586 4581/5296/3351
f 4551/3556/3349 1049/610/585 1048/609/584
f 4546/5282/3354 4581/3559/3351 4549/3557/3350 4547/3515/3313
f 4581/5296/3351 4546/3562/3354 1052/3563/3355
f 1052/3563/3355 4545/3560/3352 1053/3561/3353
f 1053/3561/3353 4543/3512/3310 1055/615/590
f 4552/3519/3317 4579/5295/4588 4554/5294/3320 4553/3520/3318
f 4551/3556/3349 4550/3517/3315 4549/3557/3350
f 4551/3556/3349 4552/3519/3317 4550/3517/3315
f 4556/5284/4582 4555/5283/4581 4578/5291/4587 4557/5285/4583
f 4569/5289/4586 4568/5288/4585 4575/3547/3341 4570/3539/3333
f 1039/3551/3345 4562/3550/3344 4561/5287/4584
f 4563/3548/3342 4565/3534/3328 4564/3532/3326
f 1056/3910/3607 1055/615/590 4543/3512/3310 4541/3507/3307
f 1214/745/712 1223/3976/3645 1217/748/715 1216/746/713
f 1284/4011/3666 356/143/141 355/142/140
f 1225/3979/3647 1224/3978/3646 504/4080/3705
f 1218/751/718 1217/748/715 1223/3976/3645 1222/755/721
f 1180/3567/3359 1188/720/688 432/3683/3455 4582/3568/3360
f 1177/713/681 4582/5297/3360 4583/5298/3362 4584/3571/3363
f 1188/720/688 1180/3567/3359 1183/715/683
f 435/3574/3366 1174/3573/3365 4585/3572/3364 4587/3575/3367
f 4582/5297/3360 1177/713/681 1180/3962/3359
f 4584/3571/3363 1173/710/678 1177/713/681
f 4584/3571/3363 4586/3580/3370 4585/3572/3364
f 1143/3578/3369 4587/3577/3367 1141/3951/3371 1139/3948/3633
f 1169/707/675 1171/708/676 1174/3573/3365
f 436/3579/3368 1143/3578/3369 1146/687/655
f 1141/3581/3371 4586/3580/3370 1140/5299/3373 1138/5300/3372
f 4587/3575/3367 4585/3572/3364 4586/3580/3370
f 4583/5298/3362 1140/5299/3373 4586/3580/3370 4584/3571/3363
f 430/684/652 1136/683/651 1140/3583/3373 431/3569/3361
f 1140/3583/3373 4583/3570/3362 431/3569/3361
f 436/3579/3368 1146/687/655 1148/686/654 63/3961/3452
f 4582/3568/3360 432/3683/3455 431/3569/3361
f 1169/707/675 435/3574/3366 434/3681/3453
f 1148/686/654 1150/3956/3637 63/3961/3452
f 1102/3935/3624 1115/673/641 1104/658/628 1103/655/627
f 827/419/407 826/417/405 976/537/517 828/422/410
f 654/3777/3521 648/3776/3520 102/303/297
f 648/3776/3520 1085/634/609 1084/3929/3618
f 981/539/519 831/424/412 828/422/410
f 828/422/410 976/537/517 979/540/520
f 631/3833/3559 833/3888/3558 835/3834/3561 834/3832/3560
f 826/417/405 825/416/404 976/537/517
f 948/654/626 947/506/491 946/503/488
f 735/350/344 738/405/393 286/409/397 285/347/341
f 794/388/380 793/387/379 427/180/178
f 287/414/402 731/3805/3539 730/345/339 284/415/403
f 575/2487/2347 601/264/259 603/2903/2742 568/2905/2744
f 249/3625/3406 248/3626/3407 409/3676/3449 59/169/167
f 550/265/242 601/264/259 546/2485/2345
f 301/109/107 41/3649/3423 317/3650/3424 302/3644/3419
f 165/1420/1339 14/3604/3390 162/1421/1340
