# Blender 4.4.3
# www.blender.org
mtllib lod2.mtl
o Asteroid_2d_LOD2
v 0.240839 0.821816 -0.083019
v 0.200730 0.792928 -0.041384
v -0.746841 -0.146143 -0.425413
v 0.215195 -0.441779 -0.779858
v 0.555817 0.577441 -0.012789
v -0.147062 0.648205 0.660362
v -0.287008 0.343650 0.819075
v 1.031971 -0.039250 0.081237
v -0.057745 0.165192 0.862584
v 0.060241 0.822262 0.336295
v 0.039136 0.832100 0.216762
v 0.065182 0.665478 0.649819
v 0.048625 0.780194 0.486648
v 0.176541 0.802890 0.099794
v 0.537583 0.643815 -0.136718
v -0.052839 0.590232 -0.536013
v 0.595811 -0.179615 0.565008
v 0.672648 -0.123622 0.648418
v 0.460124 0.023240 0.860415
v 0.706087 -0.368076 0.145136
v 0.891597 -0.386063 0.149548
v -0.919260 0.100012 0.503525
v -0.727495 0.002727 0.599834
v 0.224233 0.764502 -0.253989
v -0.596293 0.414416 0.611132
v -0.754079 0.384775 -0.338124
v -0.725735 0.294390 -0.467953
v -0.694341 0.382354 0.615025
v -0.233315 0.583183 0.415321
v 0.368069 0.362571 0.479501
v -0.441102 0.468000 -0.227215
v 0.634275 -0.338933 -0.171481
v 0.457835 -0.689017 -0.275855
v 0.180119 -0.199628 0.852533
v 0.341504 0.522745 0.787810
v -0.320806 -0.218588 -0.725971
v -1.011423 0.106378 -0.392070
v -0.976468 -0.036638 -0.321877
v -0.917107 -0.070353 -0.311233
v -0.879740 0.104464 0.217780
v -0.791622 0.261766 0.648284
v -0.793200 0.312569 0.610056
v -0.988905 0.174223 0.411337
v -0.769924 0.378271 0.390252
v -0.732998 0.004752 0.301303
v -1.052447 -0.109947 -0.135355
v -0.687444 0.079850 -0.586057
v 0.421893 -0.500649 -0.717089
v 0.188096 -0.202340 -0.773190
v 0.938601 0.185418 -0.486475
v 1.005350 -0.301889 0.176576
v 0.436160 0.213469 0.877098
v 0.221890 0.197954 0.806753
v 0.763864 0.163082 0.604865
v 0.234241 -0.804743 -0.344304
v -0.639646 -0.428212 0.095326
v -0.222848 -0.785336 0.077976
v -0.122059 0.614892 -0.564559
v -0.115614 0.584290 -0.583620
v 0.653856 0.231091 0.157551
v 0.252887 0.783076 0.071479
v 0.417354 0.685849 0.184572
v -0.178118 0.699934 0.328781
v -0.144837 0.726580 0.358068
v -0.203763 0.669702 0.386950
v 0.111671 0.783358 0.532402
v -0.147646 0.702680 0.178216
v -0.045121 0.783677 0.191407
v -0.032447 0.158748 -0.563810
v -0.060563 0.785825 0.229686
v -0.136368 0.715174 0.514953
v 0.290986 0.810166 0.140737
v -0.029571 0.735013 -0.127888
v -0.200400 0.582482 -0.154699
v -0.112400 -0.699515 0.202434
v 0.166626 -0.817276 -0.449099
v 1.052776 -0.006378 -0.407556
v -0.463387 0.034308 -0.551824
v -1.083525 0.080085 0.116164
v 0.345867 0.807433 -0.088556
v 0.284437 0.818354 -0.117758
v 0.194964 0.824763 -0.065366
v -0.870847 0.085934 -0.541455
v -0.772593 0.063703 -0.557803
v -0.790851 0.141568 -0.527847
v -0.755291 -0.091284 -0.565695
v -0.687712 -0.137990 -0.514158
v 0.324460 -0.436172 -0.764925
v 0.256328 -0.455168 -0.779308
v 0.826370 -0.108799 -0.292146
v 0.803001 -0.127261 -0.267978
v 0.191183 0.270736 0.793689
v 0.130176 0.308290 0.811530
v 0.148056 0.247560 0.791164
v 0.578374 0.597940 -0.111532
v -0.232811 0.625028 0.648107
v -0.135854 0.609801 0.699400
v -0.092706 0.644093 0.700648
v 0.190011 -0.437209 0.460412
v 0.253733 -0.352296 0.423482
v 0.209031 -0.396402 0.499699
v -0.170516 0.429107 0.821431
v -0.219561 0.415096 0.810273
v -0.142681 0.374783 0.834419
v 1.036193 -0.072202 0.123036
v 1.066330 -0.093252 0.045217
v 0.978167 0.003350 0.153908
v -0.168463 0.536747 0.753117
v -0.218863 0.500781 0.746028
v 0.015917 0.144735 0.859831
v -0.015794 0.207903 0.856133
v -0.072777 0.214133 0.862875
v -0.092047 0.119374 0.853798
v 0.086638 0.834087 0.330454
v 0.130754 0.846236 0.270417
v 0.079740 0.842536 0.208550
v 0.003146 0.811604 0.300410
v 0.026478 0.773829 0.365001
v 0.076542 0.811535 0.082229
v 0.033992 0.771833 0.074738
v -0.005069 0.791465 0.165030
v 0.060816 0.827862 0.141743
v 0.107810 0.840069 0.144492
v -0.073630 0.668130 0.656838
v 0.010053 0.638421 0.735556
v 0.086075 0.804714 0.454840
v 0.017783 0.752911 0.439208
v 0.142737 0.831230 0.102238
v 0.553086 0.525223 0.056612
v 0.552508 0.483331 0.086996
v 0.529875 0.623657 -0.183703
v 0.626266 0.547005 -0.200671
v 0.587885 0.599112 -0.164940
v 0.636957 0.543044 -0.167599
v -0.066964 0.596279 -0.549485
v -0.037445 0.550750 -0.519190
v -0.191338 -0.789773 0.121385
v -0.174284 -0.749994 0.131692
v -0.526849 -0.342565 0.340311
v -0.474331 -0.279001 0.310536
v -0.546306 -0.176290 -0.262213
v -0.575779 -0.190242 -0.217142
v 0.623755 -0.189700 0.529125
v 0.569091 -0.177848 0.585708
v 0.699564 -0.106988 0.629737
v 0.729844 -0.025824 0.686523
v 0.703399 -0.151666 0.591904
v 0.665347 -0.150889 0.619256
v 0.631314 -0.089650 0.703739
v 0.495202 0.187441 0.431310
v 0.460207 0.202583 0.458246
v 0.505257 0.234896 0.602044
v 0.587213 -0.011718 0.779437
v 0.612659 0.048599 0.784856
v 0.594051 0.136257 0.806990
v 0.509259 0.185595 0.856164
v 0.410570 0.035021 0.880274
v 0.431142 -0.038333 0.846402
v 0.646610 -0.368915 0.112508
v 0.711569 -0.397342 0.106976
v 0.640949 -0.336281 0.142859
v 0.879939 -0.378538 0.086498
v 0.957936 -0.348635 0.118483
v 0.947707 -0.357558 0.186248
v 0.694692 -0.321929 -0.054249
v 0.654596 -0.338070 -0.103620
v 0.691735 -0.291205 -0.096405
v -0.862362 0.057132 0.542878
v -0.914039 0.134408 0.540563
v -0.952415 0.143602 0.463276
v -0.981190 0.269275 0.403367
v -0.937468 0.310389 0.454897
v -0.978593 0.297833 0.302662
v -1.003668 0.247286 0.363747
v -0.992202 0.266095 0.385391
v -1.127651 0.295583 0.079656
v -1.073054 0.336793 0.026575
v 1.086845 0.193211 -0.253126
v 1.055110 0.248110 -0.324373
v 0.982118 0.304406 -0.246803
v 1.057273 0.218668 -0.190210
v 0.849957 -0.170750 0.349961
v 0.959986 -0.214093 0.340902
v -0.687226 -0.001325 0.584060
v -0.674735 -0.026432 0.532946
v -0.778950 0.030296 0.605872
v -0.810433 0.011549 0.576752
v -0.693661 -0.050895 0.508145
v -0.375224 0.065819 0.552556
v -0.483082 0.071797 0.540148
v -0.456000 0.051746 0.483934
v -0.358269 -0.456418 0.372350
v -0.490303 -0.453428 0.350230
v -0.319694 -0.464242 0.336518
v 0.180246 0.726682 -0.285645
v 0.297274 0.784193 -0.212693
v 0.370990 0.719439 -0.231952
v 0.335840 0.712811 -0.257327
v -0.326547 0.575254 0.570100
v -0.244419 0.605836 0.530591
v -0.272303 0.547889 0.480026
v -0.578635 0.472902 0.593891
v -0.640286 0.445707 0.581624
v -0.791837 0.361561 -0.393886
v -0.803688 0.382634 -0.334166
v -0.690857 0.393613 -0.331017
v -0.826889 0.396157 -0.278795
v -0.807489 0.403056 -0.253469
v -0.705964 0.398475 -0.277633
v -0.802765 0.296364 -0.481036
v -0.702342 0.339384 0.642749
v -0.573262 0.365428 0.695580
v -0.615768 0.384488 0.649724
v -0.757466 0.316736 0.634502
v -0.258062 0.547248 0.422857
v -0.239423 0.572289 0.446948
v -0.335040 0.569889 0.278704
v -0.277445 0.572462 0.334179
v 0.386190 0.484844 0.432634
v 0.377758 0.451531 0.539741
v 0.371201 0.336981 0.523619
v -0.372205 0.502904 -0.174034
v -0.421183 0.525896 -0.338663
v -0.375505 0.473547 -0.110357
v -0.560987 0.439171 -0.280804
v -0.551740 0.420035 -0.239210
v -0.482392 0.375929 -0.157218
v 0.554601 -0.490464 -0.232688
v 0.548258 -0.593744 -0.181505
v 0.573369 -0.417246 -0.245516
v 0.622333 -0.328136 -0.217641
v 0.615924 -0.451569 -0.148482
v 0.635660 -0.432571 -0.095219
v 0.477333 -0.645640 -0.285050
v 0.494449 -0.634576 -0.230167
v 0.436640 -0.725170 -0.229108
v 0.436239 -0.695475 -0.345420
v 0.308868 -0.722873 -0.017352
v 0.314408 -0.787192 -0.139664
v 0.169473 -0.831509 -0.140533
v 0.377278 -0.752244 -0.136640
v 0.440997 -0.696798 -0.095278
v 0.256312 -0.075354 0.902863
v 0.140958 -0.130555 0.901566
v 0.113419 -0.297469 0.818804
v 0.336494 0.579052 0.724026
v 0.391319 0.443191 0.796389
v 0.308786 0.464977 0.857409
v 0.362689 0.423191 0.835615
v 0.286813 0.545385 0.813300
v 0.289300 0.625398 0.709891
v 0.965178 0.206800 -0.098167
v 1.000458 0.212260 -0.117995
v -0.425109 -0.148482 -0.720912
v -0.352785 -0.149564 -0.738402
v -0.266082 -0.138634 -0.751350
v -1.052795 0.135314 -0.325157
v -1.038073 0.180115 -0.341074
v -1.052960 0.051504 -0.329676
v -0.926999 -0.026005 -0.361425
v -0.898835 -0.074153 -0.325842
v -0.888303 -0.053056 -0.378201
v -0.861618 0.093527 0.157540
v -0.960697 0.096057 0.199413
v -0.996491 0.234568 0.312081
v -1.007769 0.220604 0.296209
v -0.728599 0.278767 0.649220
v -0.905976 0.256338 0.558791
v -0.998172 0.138021 0.381441
v -1.052122 0.157248 0.304114
v -0.966065 0.269689 0.445880
v -0.938937 0.196567 0.462184
v -0.978186 0.246673 0.407462
v -0.602736 0.487926 0.545789
v -0.565617 0.496826 0.503081
v -0.627078 0.477817 0.440542
v -0.662982 0.458937 0.507895
v -0.809437 0.350339 0.477206
v -0.766358 0.016855 0.347806
v -0.720780 0.006751 0.266586
v -0.790283 -0.098510 -0.025797
v -0.866854 -0.181932 -0.054902
v -0.806925 -0.171741 -0.035836
v -0.999882 -0.183497 -0.132915
v -0.986720 -0.180258 -0.106154
v -1.036894 -0.092329 -0.086829
v -1.034900 -0.144493 -0.160797
v -0.628502 0.059059 -0.596618
v -0.641948 0.023392 -0.625275
v -0.656815 0.135979 -0.557697
v -0.701520 0.031579 -0.610468
v -0.742899 0.052559 -0.570769
v 0.402978 -0.566144 -0.682080
v 0.330672 -0.490469 -0.745261
v 0.403170 -0.452617 -0.738249
v 0.494115 -0.468226 -0.696006
v 0.459076 -0.527215 -0.682304
v 0.086098 -0.172437 -0.751535
v 0.139218 -0.127538 -0.743255
v 0.238102 -0.165364 -0.752356
v 0.341215 -0.216476 -0.748826
v 0.186465 -0.241199 -0.777586
v 0.963075 0.231555 -0.461066
v 0.946252 -0.313130 0.046049
v 0.891364 -0.354423 0.060974
v 0.829233 -0.301726 -0.002759
v 0.967306 -0.322486 0.247352
v 1.033273 -0.272800 0.077952
v 0.374974 0.294423 0.882009
v 0.390291 0.211335 0.880983
v 0.408822 0.330155 0.867385
v 0.239957 0.228289 0.808071
v 0.188548 0.216940 0.793422
v 0.773923 0.072770 0.665239
v 0.703921 0.187816 0.694400
v 0.694219 0.176440 0.721938
v 0.766463 0.134012 0.633920
v 0.757559 0.174692 0.568064
v 0.620373 0.238712 0.735034
v 0.768880 0.153523 0.579389
v 0.230365 -0.823396 -0.230894
v 0.188290 -0.803657 -0.341620
v 0.156176 -0.838973 -0.183035
v 0.145974 -0.817884 -0.285610
v 0.149961 -0.809158 -0.364755
v -0.602332 -0.482398 0.112883
v -0.627455 -0.432533 0.156947
v -0.647511 -0.401385 0.136183
v -0.652245 -0.398678 0.079211
v -0.202940 -0.787291 -0.005629
v -0.168730 -0.815750 -0.005430
v -0.190256 -0.810394 0.062737
v -0.088040 0.525969 -0.588503
v 0.604929 0.372741 -0.084116
v 0.570156 0.372928 -0.011102
v 0.591713 0.338085 -0.047040
v 0.630653 0.227978 0.220361
v 0.695354 0.188377 0.196878
v 0.618280 0.259393 0.186440
v 0.627660 0.253225 0.109096
v 0.265031 0.783095 -0.006020
v 0.239349 0.784064 -0.027325
v 0.232057 0.771637 0.016608
v 0.214839 0.779952 0.073519
v 0.225694 0.794380 0.100594
v 0.435454 0.683612 0.103679
v 0.392278 0.741868 0.131905
v 0.363805 0.730121 0.248522
v 0.408295 0.642870 0.260082
v 0.467501 0.639639 0.157562
v 0.472107 0.615212 0.196765
v -0.137032 0.729239 0.312322
v -0.152227 0.678792 0.258976
v -0.227148 0.662256 0.307336
v -0.146739 0.719127 0.415689
v -0.172800 0.691507 0.489413
v -0.247056 0.643339 0.315043
v -0.196678 0.662038 0.452987
v 0.095122 0.798564 0.491642
v 0.164817 0.755209 0.558432
v 0.169444 0.797193 0.481715
v -0.009832 0.759048 0.368059
v 0.033753 0.764867 0.396569
v -0.105074 0.752062 0.208398
v -0.129423 0.689175 0.104931
v -0.166276 0.652358 0.132297
v -0.193518 0.657293 0.193812
v -0.114306 0.747292 0.273392
v -0.084406 0.761496 0.188517
v -0.052204 0.736435 0.147394
v 0.128746 0.839515 0.124781
v 0.198340 0.832573 0.151565
v 0.869101 0.084648 0.096988
v 0.229073 -0.072036 -0.585246
v -0.032053 0.171927 -0.540735
v 0.097972 0.060318 -0.506969
v 0.079544 0.263245 -0.372830
v -0.957966 0.153900 -0.443356
v -0.919762 0.173919 -0.471639
v 0.790872 0.053080 0.385219
v -0.067676 0.741349 0.530620
v -0.181535 0.662233 0.579229
v -0.147195 0.671715 0.602800
v 0.178918 0.841180 0.246549
v 0.286696 0.799349 0.237610
v 0.340562 0.787717 0.135764
v 0.238856 0.816591 0.326863
v -0.109953 0.688867 -0.163211
v -0.092205 0.695113 -0.113180
v 0.012662 0.758919 -0.179045
v -0.013969 0.728725 -0.036064
v -0.229551 0.568199 -0.162931
v -0.227288 0.551754 -0.108209
v -0.167513 0.602370 -0.135787
v -0.122005 -0.666890 0.213688
v -0.098835 -0.744700 0.185071
v 0.547496 -0.504823 -0.368472
v 0.548180 -0.481439 -0.323248
v 0.514818 -0.536318 -0.321704
v 0.491493 -0.603302 -0.368383
v 0.121567 -0.822012 -0.422192
v 0.142805 -0.830426 -0.516095
v 0.983335 -0.046807 -0.476186
v 1.070193 0.040982 -0.439149
v 1.093900 0.055295 -0.399484
v 1.074905 -0.012493 -0.320124
v -0.580655 0.008628 -0.627876
v -1.049618 0.090898 0.163493
v -1.055576 0.124747 0.237344
v -1.119177 0.095731 0.086399
v -1.067283 0.045102 0.008205
v -1.042459 0.040327 0.032519
v -0.206125 -0.740424 -0.057292
v -0.233707 -0.603170 -0.091054
v -0.256425 -0.613363 -0.049110
v -0.224855 -0.754903 -0.006257
v -0.301350 -0.699343 0.101953
v -0.285609 -0.698453 0.056561
v -0.337970 -0.666464 0.098779
v -0.316410 -0.663291 0.054157
v -0.303951 -0.634028 0.015278
v -0.308688 -0.542914 -0.046395
v -0.194176 -0.640397 -0.143903
v -0.184004 -0.695942 -0.128622
v -0.137407 -0.734657 -0.169868
v -0.159678 -0.786360 -0.082320
v -0.119708 -0.815188 -0.095916
v -0.085704 -0.837842 -0.090933
v -0.116312 -0.844927 -0.000630
v -0.089818 -0.849402 0.019173
v -0.115779 -0.835978 0.049697
v -0.168616 -0.823569 0.088505
v -0.076804 -0.844708 0.060436
v -0.120002 -0.834170 0.095753
v -0.087121 -0.831864 0.104690
v -0.135806 -0.819370 0.121146
v -0.090942 -0.796944 0.147182
v -0.028297 -0.772545 0.188495
v -0.062333 -0.768157 0.184303
v -0.056919 -0.724942 0.254518
v -0.077702 -0.722799 0.243201
v -0.070030 -0.696306 0.274617
v -0.093515 -0.679075 0.235695
v -0.099965 -0.627360 0.297748
v -0.110696 -0.572354 0.319188
v -0.123713 -0.611905 0.269547
v -0.089782 -0.567505 0.370904
v -0.117122 -0.544676 0.353438
v -0.167201 -0.491293 0.414483
v -0.201245 -0.489531 0.374248
v -0.162748 -0.540509 0.319405
v -0.247413 -0.437807 0.449134
v -0.258268 -0.447462 0.415721
v -0.254242 -0.492212 0.345213
v -0.302417 -0.460160 0.351776
v -0.307589 -0.436098 0.398860
v -0.337041 -0.438158 0.385139
v -0.274941 -0.427505 0.428050
v -0.408824 -0.444751 0.365887
v -0.331563 -0.415417 0.394213
v -0.481163 -0.428631 0.355625
v -0.374813 -0.388865 0.374571
v -0.343373 -0.381478 0.386551
v -0.408685 -0.382543 0.363633
v -0.451707 -0.389434 0.357151
v -0.364779 -0.300420 0.332856
v -0.403436 -0.292686 0.317934
v -0.462176 -0.228312 0.297332
v -0.509396 -0.204869 0.300559
v -0.583524 -0.272786 0.331604
v -0.591050 -0.180604 0.330023
v -0.616766 -0.210543 0.336770
v -0.635313 -0.176880 0.349604
v -0.638985 -0.146693 0.365820
v -0.652098 -0.159615 0.360213
v -0.694647 -0.137054 0.388022
v -0.740673 -0.096264 0.449384
v -0.700204 -0.132473 0.370046
v -0.750927 -0.087351 0.427911
v -0.771135 -0.056054 0.475003
v -0.817118 -0.006748 0.473964
v -0.791613 0.010905 0.404898
v -0.867298 0.035955 0.474105
v -0.809152 0.036802 0.383398
v -0.868709 0.069426 0.381114
v -0.808824 0.075245 0.299595
v -0.909716 0.091871 0.307835
v -0.783438 0.068362 0.255882
v -0.823112 0.087953 0.185184
v -0.750885 0.043401 0.239259
v -0.760358 0.048219 0.291609
v -0.779993 -0.033430 0.432951
v -0.657588 -0.160951 0.350087
v -0.647749 -0.179643 0.334955
v -0.636132 -0.214626 0.332621
v -0.615875 -0.244588 0.333311
v -0.609140 -0.279167 0.335970
v -0.539312 -0.377221 0.344895
v -0.546281 -0.439019 0.339103
v -0.587606 -0.415840 0.329451
v -0.575736 -0.472555 0.292930
v -0.506552 -0.504471 0.309816
v -0.477791 -0.494547 0.330540
v -0.380210 -0.512222 0.324324
v -0.349418 -0.553431 0.289605
v -0.315985 -0.505715 0.310055
v -0.289837 -0.554168 0.293836
v -0.251563 -0.530676 0.309621
v -0.147960 -0.621896 0.238738
v -0.131895 -0.736913 0.152390
v -0.100787 -0.760383 0.170263
v -0.131481 -0.779763 0.145033
v -0.176415 -0.814120 0.109365
v -0.214575 -0.789597 0.109304
v -0.291435 -0.701837 0.137266
v -0.343293 -0.661238 0.136419
v -0.392168 -0.630351 0.107892
v -0.435562 -0.577011 0.076029
v -0.373774 -0.577114 0.023604
v -0.369072 -0.478035 -0.060225
v -0.259826 -0.533099 -0.115381
v -0.229399 -0.503962 -0.195848
v -0.156243 -0.643269 -0.200731
v -0.070897 -0.788477 -0.194330
v 0.033381 -0.823570 -0.214221
v -0.041001 -0.853532 -0.090213
v -0.008147 -0.853400 -0.052520
v 0.018108 -0.832677 0.022878
v -0.010419 -0.806083 0.127579
v 0.002365 -0.782545 0.161426
v -0.039528 -0.722317 0.258802
v -0.077210 -0.666995 0.305484
v -0.074584 -0.613625 0.379778
v -0.079377 -0.580391 0.431364
v -0.126954 -0.518050 0.442356
v -0.124318 -0.519263 0.493052
v -0.186896 -0.466935 0.481865
v -0.267174 -0.400629 0.441960
v -0.255323 -0.356421 0.453829
v -0.288801 -0.364495 0.422204
v -0.276852 -0.280262 0.393348
v -0.331341 -0.311865 0.357330
v -0.306937 -0.241953 0.355481
v -0.306333 -0.206203 0.356508
v -0.375891 -0.217158 0.310168
v -0.427360 -0.207535 0.296080
v -0.397698 -0.165615 0.313875
v -0.463650 -0.159613 0.303103
v -0.520083 -0.152895 0.313087
v -0.601326 -0.139925 0.344906
v -0.701536 -0.096605 0.456675
v -0.725360 -0.091616 0.467224
v -0.756705 -0.064277 0.496977
v -0.800940 -0.034987 0.524935
v -0.863763 0.023734 0.517980
v -0.902714 0.061497 0.466251
v -0.937464 0.084032 0.430163
v -0.957276 0.100193 0.322705
v -0.963845 0.103215 0.272076
v -1.019018 0.078869 0.126141
v -0.913968 0.092866 0.116741
v -0.900302 0.078256 0.079219
v -0.843744 0.070483 0.091904
v -0.787114 0.049566 0.139602
v -0.736501 0.009720 0.165603
v -0.699316 -0.015446 0.216234
v -0.684782 -0.033512 0.250378
v -0.687332 -0.057398 0.290557
v -0.706759 -0.080703 0.325076
v -0.756073 -0.045974 0.371452
v -0.665665 -0.135708 0.301668
v -0.639935 -0.247232 0.315067
v -0.624447 -0.278535 0.332442
v -0.628862 -0.323832 0.321024
v -0.636980 -0.356020 0.297301
v -0.621221 -0.409864 0.288545
v -0.535322 -0.507583 0.275939
v -0.476309 -0.541272 0.256341
v -0.387722 -0.557484 0.276231
v -0.418782 -0.578173 0.227991
v -0.306807 -0.649317 0.196748
v -0.286487 -0.634553 0.224347
v -0.252403 -0.617370 0.240131
v -0.210691 -0.583368 0.267495
v -0.191786 -0.619878 0.224257
v -0.196628 -0.677700 0.181849
v -0.155381 -0.714340 0.156972
v -0.334298 -0.654015 0.169173
v -0.522361 -0.535498 0.140780
v -0.474077 -0.567551 0.117887
v -0.498498 -0.524583 0.062895
v -0.443662 -0.490649 -0.007909
v -0.315980 -0.437546 -0.137462
v -0.266425 -0.467758 -0.164748
v -0.195868 -0.452302 -0.331884
v -0.187126 -0.526168 -0.249498
v -0.102400 -0.675804 -0.288249
v -0.079820 -0.720276 -0.277334
v -0.031053 -0.754842 -0.280100
v 0.043376 -0.774652 -0.287697
v 0.093824 -0.837898 -0.215463
v 0.110320 -0.842559 -0.196979
v 0.066840 -0.846688 -0.143543
v 0.068328 -0.838746 -0.108489
v 0.025782 -0.838905 -0.049054
v 0.088210 -0.809684 -0.061977
v 0.127677 -0.776900 0.048863
v 0.030516 -0.768460 0.156027
v -0.007119 -0.717842 0.249685
v -0.049289 -0.680822 0.305037
v -0.040156 -0.658971 0.330270
v -0.055981 -0.600999 0.427909
v -0.115457 -0.520772 0.515206
v -0.156694 -0.465567 0.525781
v -0.181578 -0.402445 0.531177
v -0.209861 -0.307227 0.510495
v -0.228304 -0.255502 0.458191
v -0.211872 -0.206761 0.493003
v -0.237900 -0.178288 0.442664
v -0.267112 -0.194802 0.398264
v -0.301696 -0.171429 0.368627
v -0.311272 -0.118925 0.394955
v -0.459450 -0.105094 0.335072
v -0.540389 -0.110604 0.335251
v -0.617563 -0.106598 0.372314
v -0.678989 -0.099001 0.437787
v -0.786302 -0.035343 0.547341
v -0.831689 0.004014 0.551870
v -0.952118 0.104434 0.449874
v -1.007669 0.125703 0.333253
v -1.008328 0.116436 0.288284
v -1.019691 0.109114 0.240288
v -1.008901 0.043210 0.045809
v -0.894882 0.053489 0.041746
v -0.992134 0.005018 0.001604
v -0.887546 0.020762 0.006481
v -0.839748 0.015291 0.018444
v -0.786421 -0.026291 0.013799
v -0.755161 -0.021996 0.065769
v -0.664843 -0.077620 0.169313
v -0.651102 -0.090831 0.210639
v -0.655588 -0.096187 0.250743
v -0.659782 -0.124249 0.278796
v -0.655134 -0.150834 0.277324
v -0.650641 -0.242453 0.275990
v -0.644432 -0.315803 0.300365
v -0.646813 -0.191962 0.206818
v -0.641615 -0.130495 0.202481
v -0.648062 -0.158379 0.142577
v -0.656423 -0.118444 0.132717
v -0.680353 -0.140679 0.064116
v -0.695773 -0.093164 0.072967
v -0.771679 -0.067144 -0.004706
v -0.745370 -0.126024 -0.004773
v -0.824344 -0.049163 -0.024336
v -0.870734 -0.036173 -0.025797
v -0.983377 -0.077987 -0.047279
v -0.989474 -0.032436 -0.024901
v -0.925535 -0.145295 -0.059758
v -1.027861 0.001694 -0.012357
v -1.024415 -0.052875 -0.051021
v -1.047966 0.004845 -0.035762
v -1.068973 0.031852 -0.064348
v -1.062090 0.018657 -0.055885
v -1.089376 0.071272 -0.036865
v -1.121695 0.110195 -0.014509
v -1.150035 0.129411 0.041760
v -1.157504 0.146986 0.087486
v -1.176801 0.173796 0.066747
v -1.178203 0.180136 0.018362
v -1.168728 0.182156 -0.032717
v -1.138437 0.179852 -0.107022
v -1.088853 0.093403 -0.135109
v -1.078413 0.055820 -0.191700
v -1.074086 -0.043938 -0.222252
v -1.069413 -0.068929 -0.191480
v -1.029172 -0.154998 -0.202576
v -0.940598 -0.248895 -0.160412
v -0.906265 -0.253186 -0.102634
v -0.907876 -0.271709 -0.138068
v -0.832296 -0.304349 -0.100853
v -0.868915 -0.273370 -0.098756
v -0.846230 -0.227103 -0.058980
v -0.829897 -0.290467 -0.071410
v -0.815704 -0.244511 -0.046805
v -0.762929 -0.287528 -0.019363
v -0.751994 -0.217234 -0.002691
v -0.731509 -0.301123 0.009629
v -0.691933 -0.245824 0.072240
v -0.713856 -0.212763 0.032820
v -0.706541 -0.171733 0.031151
v -0.670532 -0.185164 0.085664
v -0.673316 -0.258516 0.123267
v -0.654696 -0.246397 0.212262
v -0.661477 -0.332497 0.208638
v -0.657504 -0.386215 0.187829
v -0.622903 -0.444907 0.217210
v -0.601920 -0.464186 0.257240
v -0.590913 -0.477841 0.238161
v -0.546529 -0.502016 0.215130
v -0.440057 -0.595201 0.163174
v -0.260298 -0.692771 0.169300
v -0.238192 -0.739270 0.139494
v -0.185045 -0.724845 0.142893
v -0.564261 -0.513756 0.109911
v -0.590146 -0.468140 0.048550
v -0.498044 -0.465942 0.002570
v -0.421968 -0.421063 -0.061986
v -0.403960 -0.346738 -0.134356
v -0.342554 -0.392482 -0.147430
v -0.329121 -0.347549 -0.204244
v -0.302962 -0.337333 -0.265423
v -0.171183 -0.454814 -0.396171
v -0.159573 -0.513621 -0.335672
v -0.123411 -0.579333 -0.369102
v -0.082901 -0.670020 -0.352105
v -0.061111 -0.707349 -0.348416
v -0.026332 -0.736205 -0.363164
v -0.033675 -0.741953 -0.305350
v 0.008707 -0.755122 -0.340026
v 0.100779 -0.798035 -0.292817
v 0.108505 -0.796714 -0.356877
v 0.225806 -0.819966 -0.435404
v 0.277050 -0.798009 -0.345896
v 0.275794 -0.799884 -0.446260
v 0.348145 -0.782989 -0.243647
v 0.279093 -0.807848 -0.191789
v 0.393508 -0.756442 -0.190713
v 0.497297 -0.664459 -0.104744
v 0.486322 -0.653801 -0.045423
v 0.449256 -0.643986 -0.014250
v 0.393453 -0.633048 0.035847
v 0.262082 -0.699078 0.072937
v 0.340532 -0.622134 0.101365
v 0.193984 -0.694143 0.118179
v 0.285396 -0.573933 0.151945
v 0.242785 -0.621069 0.151683
v 0.155264 -0.666025 0.153804
v 0.212982 -0.578065 0.207255
v 0.206247 -0.541819 0.251678
v 0.092440 -0.622421 0.279960
v 0.036153 -0.626220 0.332432
v 0.106856 -0.560158 0.381645
v 0.007132 -0.621492 0.369714
v 0.059864 -0.573512 0.434025
v 0.013016 -0.594967 0.432121
v -0.027563 -0.603263 0.443290
v 0.015074 -0.581683 0.513928
v -0.012309 -0.584072 0.520735
v 0.045441 -0.561424 0.556421
v 0.006654 -0.534894 0.607852
v -0.043778 -0.574524 0.529238
v 0.034454 -0.460584 0.667191
v 0.000101 -0.460479 0.661090
v -0.025162 -0.423433 0.678168
v -0.034099 -0.530961 0.586465
v -0.062848 -0.400326 0.668736
v -0.000385 -0.309768 0.779372
v -0.130874 -0.300472 0.663191
v -0.017337 -0.256905 0.797169
v -0.081057 -0.258380 0.749164
v -0.150330 -0.175595 0.721725
v -0.167390 -0.256821 0.640379
v -0.186504 -0.142882 0.679335
v -0.199891 -0.136269 0.624106
v -0.188396 -0.259753 0.572104
v -0.201471 -0.161845 0.557082
v -0.225810 -0.129168 0.498126
v -0.232936 -0.060853 0.564060
v -0.253281 -0.053697 0.507809
v -0.255861 -0.113032 0.449058
v -0.302912 -0.042644 0.456183
v -0.306056 0.000841 0.501773
v -0.421182 -0.049760 0.393101
v -0.377618 0.004719 0.448854
v -0.494112 -0.065445 0.355539
v -0.436995 0.010339 0.433645
v -0.539066 -0.053536 0.371676
v -0.597037 -0.052547 0.405570
v -0.646777 -0.061140 0.442848
v -0.619267 -0.018831 0.475671
v -0.608313 0.031329 0.575959
v -0.633943 0.049341 0.616392
v -0.674083 0.096882 0.662895
v -0.706899 0.139984 0.682584
v -0.784300 0.114293 0.641650
v -0.833617 0.084395 0.602130
v -0.864560 0.147824 0.603899
v -0.875891 0.224584 0.602493
v -0.913461 0.186386 0.556783
v -0.941393 0.170119 0.463914
v -0.960242 0.198478 0.427165
v -1.002782 0.218156 0.387827
v -1.017052 0.210460 0.352126
v -1.036155 0.188257 0.316479
v -1.069929 0.162510 0.252818
v -1.076833 0.141225 0.231360
v -1.092067 0.157933 0.212284
v -1.109766 0.159100 0.189008
v -1.107108 0.117754 0.159497
v -1.135033 0.132224 0.125248
v -1.164821 0.173980 0.092341
v -1.173658 0.214478 -0.030185
v -1.150566 0.198517 -0.090630
v -1.112405 0.152463 -0.150292
v -1.081236 0.105296 -0.242220
v -1.068185 0.010148 -0.270138
v -1.052645 -0.126128 -0.217735
v -0.991815 -0.193193 -0.197683
v -0.887116 -0.281871 -0.155701
v -0.748231 -0.314221 -0.030790
v -0.711034 -0.316023 0.028082
v -0.697878 -0.327087 0.063397
v -0.657510 -0.359440 0.112969
v -0.672611 -0.322236 0.126728
v -0.687551 -0.366483 0.050115
v -0.674615 -0.386325 0.041513
v -0.678588 -0.377221 0.013395
v -0.637858 -0.418993 0.056646
v -0.620452 -0.431898 0.032794
v -0.586344 -0.432749 0.005147
v -0.537210 -0.408754 -0.025078
v -0.525274 -0.308536 -0.089078
v -0.467271 -0.359807 -0.088452
v -0.470807 -0.289897 -0.127039
v -0.420312 -0.293843 -0.164050
v -0.340542 -0.297087 -0.251458
v -0.304699 -0.288555 -0.333551
v -0.263187 -0.319848 -0.386424
v -0.303027 -0.271477 -0.404559
v -0.255012 -0.317715 -0.431582
v -0.267571 -0.302755 -0.491055
v -0.191535 -0.411614 -0.442507
v -0.097212 -0.621185 -0.482168
v -0.060204 -0.695943 -0.417882
v 0.007153 -0.756606 -0.516428
v 0.047524 -0.801244 -0.438354
v 0.077198 -0.817517 -0.480473
v 0.103750 -0.826097 -0.483906
v 0.100265 -0.812814 -0.542461
v 0.150339 -0.822782 -0.538031
v 0.205816 -0.823805 -0.495059
v 0.225268 -0.799911 -0.533277
v 0.335191 -0.768393 -0.359207
v 0.375352 -0.763990 -0.289362
v 0.493403 -0.665018 -0.188812
v 0.548428 -0.618521 -0.144128
v 0.606219 -0.563232 -0.049637
v 0.588272 -0.569909 -0.021560
v 0.540874 -0.619661 -0.044905
v 0.531273 -0.599832 -0.007031
v 0.495818 -0.548422 0.042510
v 0.443640 -0.561470 0.059700
v 0.352012 -0.568991 0.123322
v 0.287278 -0.508667 0.179728
v 0.286041 -0.463007 0.210877
v 0.205677 -0.527620 0.273616
v 0.146491 -0.557362 0.342976
v 0.202780 -0.507037 0.315574
v 0.162488 -0.499291 0.379360
v 0.127057 -0.528160 0.419974
v 0.050070 -0.566198 0.504370
v 0.090158 -0.528167 0.516221
v 0.057398 -0.533456 0.599246
v 0.063365 -0.459120 0.663669
v 0.097082 -0.376730 0.754000
v 0.058344 -0.397297 0.737379
v 0.045842 -0.306914 0.810260
v 0.032335 -0.124339 0.887007
v -0.027580 -0.153974 0.847194
v -0.049227 -0.095396 0.852527
v -0.115140 -0.131142 0.790080
v -0.183157 -0.090294 0.732600
v -0.152413 -0.022688 0.787653
v -0.223355 -0.015832 0.707307
v -0.236271 -0.032610 0.668326
v -0.265397 0.001496 0.637301
v -0.310629 0.029871 0.552250
v -0.303508 0.038769 0.636759
v -0.356187 0.036938 0.503089
v -0.412155 0.038621 0.472173
v -0.515404 0.019936 0.455063
v -0.529742 0.061389 0.546217
v -0.537496 0.075190 0.602002
v -0.563446 0.079834 0.626292
v -0.567757 0.112354 0.664009
v -0.544390 0.151219 0.690228
v -0.612553 0.187907 0.707195
v -0.703290 0.179573 0.694344
v -0.713363 0.201387 0.687902
v -0.783034 0.175702 0.660895
v -0.793215 0.222574 0.657126
v -0.837825 0.211998 0.633611
v -0.931839 0.250636 0.529224
v -0.912347 0.303537 0.520862
v -0.971400 0.301184 0.364007
v -0.964157 0.312831 0.282969
v -0.993046 0.280485 0.223273
v -1.014744 0.235596 0.204625
v -1.034914 0.206648 0.220678
v -1.035491 0.232114 0.170816
v -1.080543 0.179595 0.213414
v -1.093723 0.199014 0.186277
v -1.146735 0.234627 0.127250
v -1.140415 0.244501 0.129829
v -1.176685 0.206114 0.072718
v -1.162017 0.251894 0.087439
v -1.180930 0.211909 0.043187
v -1.177798 0.241194 0.006694
v -1.150728 0.250204 -0.060084
v -1.131841 0.248597 -0.157235
v -1.109899 0.238705 -0.200442
v -1.079498 0.214688 -0.275772
v -1.079390 0.155622 -0.262607
v -1.051258 0.260275 -0.313439
v -1.000797 0.243014 -0.371737
v -0.964342 0.298414 -0.371400
v -0.926218 0.267415 -0.444507
v -0.874549 0.197919 -0.487951
v -0.902097 0.123452 -0.508362
v -0.890240 0.063306 -0.563375
v -0.922288 0.074578 -0.521432
v -0.829886 0.033616 -0.591454
v -0.846871 0.002085 -0.584419
v -0.737803 -0.021504 -0.614187
v -0.694408 -0.068273 -0.614055
v -0.773609 -0.048630 -0.592433
v -0.828068 -0.030219 -0.578330
v -0.688967 -0.084082 -0.619885
v -0.669063 -0.096964 -0.619758
v -0.607926 -0.113146 -0.642666
v -0.549957 -0.159332 -0.634199
v -0.442751 -0.189620 -0.686745
v -0.579797 -0.153149 -0.567390
v -0.443690 -0.213808 -0.635142
v -0.459614 -0.207467 -0.593580
v -0.294230 -0.311207 -0.648528
v -0.407218 -0.235840 -0.569957
v -0.301771 -0.306260 -0.590736
v -0.232235 -0.370550 -0.615519
v -0.242379 -0.346467 -0.538241
v -0.193835 -0.414754 -0.541682
v -0.180805 -0.444867 -0.575519
v -0.132645 -0.535993 -0.554034
v 0.061764 -0.788863 -0.545855
v 0.009681 -0.715933 -0.595744
v 0.086908 -0.769478 -0.596373
v 0.134307 -0.778793 -0.598603
v 0.168827 -0.807567 -0.558097
v 0.189685 -0.776125 -0.586212
v 0.320139 -0.734398 -0.524730
v 0.402643 -0.695544 -0.415573
v 0.464178 -0.645000 -0.385460
v 0.456844 -0.627636 -0.480114
v 0.520293 -0.566758 -0.441296
v 0.504270 -0.559705 -0.285973
v 0.516892 -0.559490 -0.242743
v 0.542095 -0.483449 -0.278283
v 0.593627 -0.539970 -0.159416
v 0.612973 -0.524435 -0.107318
v 0.569835 -0.583715 -0.156342
v 0.633896 -0.519870 -0.061440
v 0.677941 -0.456894 0.024418
v 0.616621 -0.499461 0.037151
v 0.553835 -0.521785 0.049548
v 0.606532 -0.467538 0.064417
v 0.461312 -0.428669 0.111475
v 0.359051 -0.458599 0.154833
v 0.333321 -0.433581 0.191866
v 0.245453 -0.457204 0.279633
v 0.262654 -0.387568 0.334327
v 0.223404 -0.424680 0.351256
v 0.158823 -0.488096 0.461872
v 0.126078 -0.459380 0.569526
v 0.088729 -0.446867 0.646132
v 0.114189 -0.429517 0.666312
v 0.143236 -0.385193 0.716478
v 0.154266 -0.308563 0.797006
v 0.267102 -0.216614 0.793399
v 0.425310 -0.112452 0.795431
v 0.324121 -0.111171 0.855004
v 0.387855 0.077383 0.888727
v 0.186296 -0.047417 0.922394
v 0.153070 0.002047 0.915728
v 0.098559 -0.022699 0.918244
v 0.111311 -0.092209 0.916004
v 0.144228 0.057951 0.891616
v 0.050337 0.080132 0.881253
v 0.021879 -0.051569 0.897014
v -0.011361 0.073032 0.877868
v -0.087027 0.015059 0.843889
v -0.159548 0.046840 0.805007
v -0.175573 0.131937 0.833611
v -0.206586 0.076166 0.788504
v -0.301203 0.178136 0.809345
v -0.326850 0.110343 0.735716
v -0.285976 0.057618 0.705634
v -0.327045 0.073429 0.686874
v -0.425335 0.146680 0.712773
v -0.376819 0.075967 0.640448
v -0.428513 0.104596 0.671906
v -0.421611 0.087414 0.627682
v -0.504360 0.105678 0.651568
v -0.427641 0.195903 0.746250
v -0.541800 0.205728 0.720058
v -0.556903 0.250012 0.725547
v -0.623389 0.291871 0.701649
v -0.599410 0.335641 0.700785
v -0.499679 0.396720 0.691005
v -0.550438 0.414409 0.658352
v -0.477199 0.481036 0.638342
v -0.547847 0.452174 0.626798
v -0.800559 0.342829 0.568820
v -0.833941 0.326770 0.554866
v -0.838748 0.340107 0.525230
v -0.879590 0.332948 0.498766
v -0.899734 0.331466 0.445415
v -0.926787 0.311768 0.358304
v -0.938831 0.325020 0.278419
v -0.977244 0.294910 0.202084
v -1.001653 0.287455 0.158737
v -1.022719 0.268354 0.164048
v -1.051085 0.235059 0.155946
v -1.111248 0.243864 0.144278
v -1.145464 0.272955 0.096104
v -1.158469 0.275778 0.064644
v -1.151386 0.288606 0.021081
v -1.162788 0.255008 -0.032636
v -1.145603 0.264830 -0.094842
v -1.129664 0.304262 -0.127080
v -1.092588 0.284754 -0.176236
v -1.076868 0.259893 -0.271101
v -1.061022 0.310796 -0.263478
v -0.997187 0.323909 -0.338739
v -1.027479 0.341703 -0.290351
v -0.902368 0.320739 -0.430301
v -0.869054 0.299698 -0.465779
v -0.824595 0.289398 -0.485553
v -0.711266 0.197948 -0.524710
v -0.660674 0.197133 -0.524411
v -0.622802 0.239157 -0.505176
v -0.621238 0.181345 -0.516428
v -0.670679 0.260807 -0.518504
v -0.640037 0.277833 -0.504405
v -0.571019 0.269723 -0.467294
v -0.540963 0.308431 -0.440889
v -0.593580 0.304135 -0.457669
v -0.515828 0.341125 -0.434448
v -0.571199 0.356117 -0.431342
v -0.533936 0.394563 -0.426263
v -0.451828 0.408594 -0.445404
v -0.411400 0.482347 -0.460140
v -0.466697 0.452486 -0.440113
v -0.360321 0.512952 -0.489591
v -0.426408 0.501544 -0.442182
v -0.305497 0.550954 -0.521594
v -0.348918 0.558181 -0.475752
v -0.277352 0.595461 -0.506130
v -0.200762 0.620060 -0.567346
v -0.208436 0.604545 -0.581248
v -0.195433 0.634027 -0.526022
v -0.225731 0.638142 -0.495115
v -0.181557 0.644145 -0.516356
v -0.172215 0.686496 -0.484709
v -0.108442 0.641185 -0.546421
v -0.153301 0.676141 -0.508431
v -0.131548 0.698306 -0.481377
v -0.112035 0.688456 -0.502460
v -0.102555 0.708393 -0.449829
v -0.080845 0.696710 -0.468278
v -0.040838 0.702465 -0.377184
v -0.027946 0.690832 -0.394989
v 0.001830 0.714981 -0.327268
v 0.032102 0.683992 -0.352311
v 0.060764 0.686605 -0.337096
v 0.095323 0.668279 -0.334030
v 0.034894 0.659539 -0.370522
v 0.122847 0.705634 -0.305784
v 0.142040 0.637941 -0.324756
v 0.264086 0.625829 -0.285405
v 0.260654 0.689853 -0.279817
v 0.364838 0.662453 -0.266836
v 0.251274 0.559553 -0.281539
v 0.368025 0.565862 -0.275073
v 0.431597 0.559612 -0.257343
v 0.349321 0.416540 -0.247272
v 0.445808 0.441113 -0.230044
v 0.413933 0.361768 -0.235757
v 0.478292 0.367456 -0.228661
v 0.389054 0.224936 -0.263888
v 0.494192 0.226315 -0.261990
v 0.421456 0.167660 -0.273588
v 0.455973 0.119586 -0.297213
v 0.424664 0.083193 -0.322064
v 0.367514 0.142046 -0.288858
v 0.555398 0.150249 -0.300858
v 0.392957 0.062570 -0.348676
v 0.583336 0.060764 -0.373147
v 0.502977 0.031840 -0.392108
v 0.400953 -0.000115 -0.441291
v 0.423517 -0.043434 -0.486683
v 0.313561 0.006260 -0.459809
v 0.396403 -0.111860 -0.581658
v 0.494232 -0.098229 -0.548175
v 0.286868 -0.085102 -0.570984
v 0.407272 -0.168664 -0.682024
v 0.326678 -0.154794 -0.695631
v 0.514523 -0.149396 -0.627601
v 0.419294 -0.222589 -0.724661
v 0.365430 -0.252305 -0.755725
v 0.272756 -0.272899 -0.759672
v 0.326827 -0.329981 -0.751825
v 0.202563 -0.294133 -0.767828
v 0.178864 -0.402755 -0.788779
v 0.194411 -0.355416 -0.777870
v 0.261597 -0.480040 -0.775474
v 0.225956 -0.487430 -0.777165
v 0.199145 -0.575120 -0.725505
v 0.312685 -0.633470 -0.650572
v 0.212719 -0.659431 -0.673388
v 0.320755 -0.669488 -0.610672
v 0.342151 -0.682540 -0.572818
v 0.371801 -0.684286 -0.525145
v 0.450065 -0.612074 -0.538740
v 0.510833 -0.531989 -0.519986
v 0.585022 -0.482229 -0.478885
v 0.580996 -0.488194 -0.438765
v 0.610552 -0.427453 -0.424788
v 0.579338 -0.403491 -0.325759
v 0.627230 -0.304806 -0.257339
v 0.642481 -0.295267 -0.325261
v 0.679323 -0.237438 -0.305926
v 0.717350 -0.251773 -0.135514
v 0.794139 -0.186620 -0.153907
v 0.792203 -0.212044 -0.100329
v 0.760662 -0.272752 -0.050538
v 0.759179 -0.303839 -0.026779
v 0.703775 -0.378647 -0.021885
v 0.660299 -0.407456 -0.062658
v 0.684868 -0.449790 0.004057
v 0.666821 -0.455398 0.043360
v 0.649170 -0.445398 0.059573
v 0.547682 -0.413594 0.096483
v 0.361688 -0.389381 0.230219
v 0.302956 -0.367371 0.319989
v 0.231433 -0.396753 0.384918
v 0.176319 -0.413200 0.550697
v 0.178309 -0.381588 0.662521
v 0.199812 -0.323827 0.736780
v 0.295365 -0.246777 0.733191
v 0.368065 -0.199846 0.732084
v 0.482884 -0.124266 0.745505
v 0.487930 -0.067299 0.797964
v 0.591887 -0.054184 0.752395
v 0.725609 0.060294 0.723785
v 0.676160 0.131335 0.757524
v 0.528860 0.228115 0.834696
v 0.463849 0.323644 0.837478
v 0.342319 0.379374 0.863093
v 0.250181 0.461411 0.891504
v 0.241898 0.497285 0.876781
v 0.202739 0.533310 0.874493
v 0.242261 0.574050 0.797228
v 0.211288 0.592306 0.808501
v 0.192594 0.616652 0.798199
v 0.153253 0.648702 0.763156
v 0.145794 0.572767 0.858982
v 0.223361 0.640395 0.732440
v 0.117587 0.652001 0.748547
v 0.200811 0.681060 0.669753
v 0.202614 0.713748 0.605684
v 0.058525 0.692261 0.606346
v 0.002701 0.732176 0.566556
v -0.022761 0.749731 0.540038
v -0.069714 0.704382 0.591756
v 0.006357 0.765694 0.514449
v -0.046910 0.748556 0.491083
v -0.085635 0.742224 0.424511
v -0.083666 0.756655 0.357879
v -0.048013 0.787862 0.311711
v -0.016088 0.744447 0.413788
v 0.043387 0.777179 0.520975
v 0.095354 0.823135 0.392332
v 0.136252 0.834104 0.414970
v 0.109813 0.820028 0.048892
v 0.113337 0.818309 -0.003949
v 0.126566 0.815733 0.053832
v 0.125058 0.812144 0.025673
v 0.128655 0.815729 -0.009146
v 0.152169 0.796917 -0.005994
v 0.177052 0.794379 -0.031509
v 0.188270 0.778098 0.001088
v 0.238478 0.814175 -0.060610
v 0.153986 0.825814 -0.048631
v 0.112161 0.822236 -0.024214
v 0.079785 0.805161 0.035099
v -0.119016 0.712260 0.141051
v -0.094502 0.686735 0.017586
v -0.123358 0.661027 -0.012267
v -0.172200 0.623317 0.046528
v -0.193543 0.584494 0.002825
v -0.155543 0.608545 -0.102839
v -0.237633 0.545850 -0.032793
v -0.337501 0.501863 -0.020927
v -0.291129 0.533520 -0.126689
v -0.337810 0.511782 -0.123840
v -0.295542 0.568342 -0.198599
v -0.282877 0.633038 -0.279819
v -0.241054 0.656868 -0.264393
v -0.191035 0.657904 -0.229130
v -0.183387 0.672782 -0.262618
v -0.143344 0.675517 -0.198807
v -0.126462 0.694332 -0.264828
v -0.175255 0.676877 -0.298628
v -0.054134 0.727252 -0.233866
v -0.016354 0.748313 -0.240512
v -0.059124 0.699455 -0.321153
v 0.027773 0.768743 -0.233365
v 0.068031 0.808254 -0.186722
v 0.069221 0.801112 -0.205375
v 0.115555 0.787893 -0.208408
v 0.170937 0.797034 -0.197656
v 0.107630 0.820455 -0.174029
v 0.148614 0.805912 -0.180427
v 0.209422 0.796280 -0.212984
v 0.252302 0.801496 -0.206518
v 0.229071 0.822190 -0.134602
v 0.320192 0.810599 -0.148720
v 0.313421 0.797789 -0.187297
v 0.358961 0.791852 -0.150498
v 0.389552 0.762495 -0.155670
v 0.438275 0.723126 -0.181391
v 0.486449 0.666239 -0.202762
v 0.526549 0.615559 -0.225216
v 0.456164 0.643999 -0.236655
v 0.559195 0.569687 -0.242043
v 0.511240 0.551764 -0.251319
v 0.602010 0.502302 -0.245392
v 0.652185 0.462440 -0.257836
v 0.601283 0.358500 -0.241436
v 0.697011 0.406940 -0.275961
v 0.645914 0.309482 -0.258290
v 0.747649 0.342713 -0.307435
v 0.614941 0.268986 -0.259074
v 0.695360 0.194492 -0.318057
v 0.734104 0.160935 -0.361236
v 0.665131 0.036763 -0.417229
v 0.608013 0.118550 -0.332298
v 0.706478 0.032460 -0.443673
v 0.663327 -0.010472 -0.465417
v 0.674541 -0.084841 -0.582966
v 0.768404 -0.005455 -0.540533
v 0.738410 -0.046322 -0.564646
v 0.603529 -0.124474 -0.608507
v 0.626453 -0.181379 -0.650405
v 0.568573 -0.193199 -0.663441
v 0.533068 -0.260293 -0.707278
v 0.493366 -0.210113 -0.698107
v 0.583457 -0.235390 -0.675071
v 0.590879 -0.266439 -0.694816
v 0.497362 -0.316681 -0.725097
v 0.424904 -0.375618 -0.733921
v 0.517094 -0.363157 -0.708117
v 0.572705 -0.377008 -0.669508
v 0.577179 -0.410497 -0.660846
v 0.512683 -0.498475 -0.657023
v 0.436803 -0.587819 -0.635406
v 0.511536 -0.522057 -0.616682
v 0.490363 -0.540990 -0.617634
v 0.565487 -0.502306 -0.494328
v 0.650697 -0.381846 -0.501595
v 0.657716 -0.334320 -0.430857
v 0.653116 -0.284385 -0.366268
v 0.716887 -0.255647 -0.443244
v 0.680572 -0.243445 -0.354382
v 0.738676 -0.185442 -0.314369
v 0.738583 -0.207697 -0.245153
v 0.801709 -0.157511 -0.213795
v 0.820164 -0.232412 -0.055319
v 0.823000 -0.272999 -0.020871
v 0.783602 -0.338240 0.001349
v 0.708166 -0.425864 0.018268
v 0.767116 -0.412048 0.062797
v 0.708486 -0.433981 0.038336
v 0.711802 -0.427590 0.061036
v 0.674375 -0.429672 0.068748
v 0.694160 -0.413118 0.084408
v 0.611233 -0.375874 0.102838
v 0.608170 -0.348631 0.125903
v 0.556245 -0.347501 0.154433
v 0.461986 -0.304762 0.295999
v 0.359227 -0.288680 0.400826
v 0.296052 -0.311883 0.420941
v 0.246015 -0.353141 0.501194
v 0.283042 -0.314064 0.458962
v 0.244640 -0.346822 0.583867
v 0.290878 -0.304875 0.550872
v 0.317085 -0.276713 0.588179
v 0.300025 -0.278082 0.659845
v 0.350232 -0.253130 0.645208
v 0.426265 -0.216594 0.593050
v 0.371811 -0.249877 0.599042
v 0.463716 -0.171831 0.689538
v 0.565018 -0.144901 0.671373
v 0.671860 -0.199572 0.518136
v 0.704747 -0.195844 0.533269
v 0.713963 -0.208854 0.483124
v 0.732089 -0.211479 0.475539
v 0.726870 -0.168554 0.541103
v 0.712704 -0.139855 0.580710
v 0.724293 -0.062654 0.636086
v 0.750442 -0.021333 0.655446
v 0.763500 0.043123 0.685196
v 0.757946 0.069384 0.695138
v 0.762926 0.090972 0.675487
v 0.683623 0.157538 0.743372
v 0.551700 0.277817 0.784191
v 0.509116 0.318325 0.800841
v 0.449715 0.381596 0.791338
v 0.416703 0.441518 0.758919
v 0.457241 0.383159 0.763200
v 0.390087 0.520255 0.713163
v 0.350888 0.617528 0.644071
v 0.355212 0.660800 0.505784
v 0.286648 0.688692 0.592466
v 0.281574 0.736463 0.495838
v 0.245957 0.758234 0.511268
v 0.177507 0.781030 0.528442
v 0.235374 0.711995 0.597227
v 0.198507 0.822121 0.410439
v 0.260245 0.793244 0.367339
v 0.370608 0.773392 0.066274
v 0.412203 0.704288 0.056696
v 0.394450 0.764331 -0.034801
v 0.429455 0.714131 -0.034197
v 0.462711 0.659367 0.038307
v 0.505524 0.674589 -0.101933
v 0.689506 0.489622 -0.210872
v 0.761140 0.436100 -0.234388
v 0.711510 0.462441 -0.250188
v 0.814204 0.376204 -0.281976
v 0.864992 0.363263 -0.285190
v 0.839048 0.346639 -0.316425
v 0.913306 0.346158 -0.312581
v 0.942272 0.285328 -0.402108
v 0.886150 0.318259 -0.359966
v 0.915927 0.275186 -0.417126
v 0.934123 0.258456 -0.431363
v 0.868946 0.228758 -0.431008
v 0.905949 0.210355 -0.464203
v 0.921687 0.112434 -0.524720
v 0.962593 0.105382 -0.526776
v 0.824951 -0.031064 -0.569766
v 0.950451 0.023028 -0.546262
v 0.901814 -0.025162 -0.567876
v 0.841951 -0.072282 -0.579092
v 0.795906 -0.117869 -0.594985
v 0.721108 -0.225578 -0.648171
v 0.807028 -0.138336 -0.589844
v 0.813576 -0.153581 -0.581627
v 0.670425 -0.263966 -0.672026
v 0.733361 -0.240283 -0.629758
v 0.629200 -0.342934 -0.663704
v 0.639418 -0.364713 -0.641360
v 0.652084 -0.376006 -0.605219
v 0.581531 -0.466103 -0.571515
v 0.669501 -0.368073 -0.556473
v 0.720968 -0.276009 -0.490833
v 0.744220 -0.184669 -0.381517
v 0.851899 -0.101751 -0.344004
v 0.860457 -0.139480 -0.168571
v 0.876182 -0.119630 -0.212316
v 0.857686 -0.179893 -0.106021
v 0.889385 -0.202499 -0.061480
v 0.939566 -0.232636 -0.029510
v 1.019291 -0.244577 0.007912
v 0.933560 -0.338680 0.071349
v 0.793107 -0.397592 0.052619
v 0.809672 -0.410571 0.093840
v 0.787415 -0.418154 0.115269
v 0.734278 -0.413964 0.091256
v 0.761988 -0.413695 0.127768
v 0.775945 -0.385986 0.169281
v 0.799899 -0.357480 0.208966
v 0.726750 -0.299812 0.225460
v 0.827353 -0.335661 0.254702
v 0.720320 -0.285705 0.249223
v 0.659164 -0.277365 0.229866
v 0.706440 -0.244675 0.372044
v 0.633226 -0.239608 0.321975
v 0.564186 -0.226190 0.364278
v 0.581257 -0.297897 0.223645
v 0.453922 -0.244109 0.407118
v 0.474297 -0.214544 0.452756
v 0.335556 -0.273495 0.466311
v 0.415767 -0.223398 0.554389
v 0.463182 -0.207618 0.512129
v 0.465619 -0.203999 0.582514
v 0.531522 -0.189995 0.500561
v 0.505642 -0.189517 0.623681
v 0.681036 -0.205623 0.463121
v 0.684652 -0.217099 0.420531
v 0.749965 -0.244617 0.422757
v 0.806295 -0.242703 0.410726
v 0.765199 -0.221528 0.442106
v 0.743953 -0.185280 0.483314
v 0.736950 -0.151109 0.527147
v 0.714716 -0.118573 0.562607
v 0.714035 -0.096648 0.595688
v 0.773048 0.042585 0.650875
v 0.773437 0.100166 0.626576
v 0.761121 0.116205 0.650655
v 0.757075 0.124576 0.528684
v 0.754214 0.166177 0.519583
v 0.756175 0.167661 0.476369
v 0.770519 0.158278 0.446614
v 0.767373 0.174096 0.432052
v 0.736913 0.179078 0.481237
v 0.821546 0.153806 0.380457
v 0.822233 0.161718 0.369365
v 0.780998 0.180402 0.391846
v 0.840271 0.153830 0.316633
v 0.822404 0.166604 0.313562
v 0.802882 0.168018 0.279066
v 0.851825 0.119047 0.226768
v 0.765379 0.149453 0.195231
v 0.840733 0.106180 0.167375
v 0.894442 0.086131 0.163258
v 0.929188 0.072700 0.140631
v 0.831359 0.105115 0.054698
v 0.886666 0.081982 0.039180
v 0.967603 0.066237 0.047328
v 0.999556 0.076818 -0.017326
v 0.966633 0.087413 -0.006433
v 1.009532 0.045969 0.024042
v 1.028190 0.060528 -0.028340
v 1.030947 0.010451 0.036641
v 1.086105 0.047020 -0.097786
v 1.057670 0.141871 -0.112852
v 1.068283 -0.005121 -0.036343
v 1.091854 0.118799 -0.145773
v 1.105194 0.149618 -0.219790
v 1.115834 0.074739 -0.179188
v 1.112100 0.130642 -0.262194
v 1.119099 0.044110 -0.225473
v 1.106727 0.115940 -0.365381
v 1.108825 0.065051 -0.300097
v 1.080257 0.089769 -0.443895
v 1.095357 0.172756 -0.370908
v 1.069371 0.137091 -0.435860
v 1.046264 0.074669 -0.487773
v 0.961458 -0.000494 -0.540334
v 0.982967 -0.019284 -0.513883
v 0.923894 -0.066813 -0.540485
v 0.865320 -0.106667 -0.559593
v 0.865757 -0.129165 -0.535501
v 0.928218 -0.090392 -0.508529
v 0.818163 -0.168962 -0.547995
v 0.781871 -0.216133 -0.580121
v 0.716761 -0.288013 -0.602792
v 0.738731 -0.270153 -0.553590
v 0.802249 -0.190899 -0.486408
v 0.859635 -0.138151 -0.484776
v 0.839339 -0.146648 -0.437758
v 0.907344 -0.088889 -0.389886
v 0.870853 -0.095209 -0.301693
v 0.993575 -0.099164 -0.245587
v 0.914312 -0.093674 -0.292924
v 0.924411 -0.106327 -0.214880
v 0.964287 -0.130218 -0.165128
v 0.985806 -0.148857 -0.133177
v 0.975634 -0.176750 -0.098582
v 0.979850 -0.204996 -0.050186
v 1.039836 -0.197460 -0.046283
v 1.004554 -0.293837 0.061907
v 1.062996 -0.224029 0.076694
v 1.046216 -0.228347 0.134895
v 1.026894 -0.219934 0.191751
v 0.998019 -0.253510 0.281638
v 0.970356 -0.244158 0.339124
v 0.959710 -0.283583 0.327684
v 0.925660 -0.256503 0.380497
v 0.908016 -0.280875 0.376220
v 0.868075 -0.249064 0.401466
v 0.839821 -0.258089 0.395296
v 0.777185 -0.202117 0.435998
v 0.752419 -0.166292 0.468406
v 0.727915 -0.064885 0.549816
v 0.738696 -0.034937 0.593037
v 0.757344 0.101636 0.558023
v 0.762069 0.120850 0.472836
v 0.789047 0.130323 0.419353
v 0.849417 0.124646 0.336979
v 0.865282 0.096340 0.292883
v 0.892507 0.080018 0.232838
v 0.860669 0.119409 0.275901
v 0.884112 0.094338 0.209707
v 0.962507 0.062294 0.109739
v 0.970020 0.045271 0.136361
v 1.113418 0.013456 -0.173807
v 1.105690 -0.022785 -0.203289
v 1.082817 -0.060894 -0.220533
v 1.033935 -0.039050 -0.374974
v 0.962398 -0.067820 -0.441851
v 1.009245 -0.057086 -0.351351
v 0.916937 -0.101193 -0.472072
v 1.008944 -0.116194 -0.185026
v 1.040202 -0.129457 -0.127708
v 1.072181 -0.195290 -0.018125
v 1.084111 -0.169983 -0.014027
v 1.079481 -0.155414 0.055968
v 1.052428 -0.188921 0.131433
v 1.008434 -0.185449 0.240256
v 0.992945 -0.210691 0.293774
v 0.925434 -0.227546 0.372719
v 0.885876 -0.228398 0.393194
v 0.829760 -0.216494 0.407066
v 0.785222 -0.183451 0.422878
v 0.748382 -0.144095 0.455408
v 0.731977 -0.080247 0.499539
v 0.735132 0.018085 0.523271
v 0.733599 -0.008765 0.488721
v 0.753686 0.078010 0.467128
v 0.757663 0.031292 0.428378
v 0.858097 0.068544 0.299973
v 0.906066 0.042196 0.231674
v 0.924947 0.063094 0.178491
v 0.965654 -0.026365 0.199795
v 1.009322 -0.089541 0.184981
v 1.027989 -0.142027 0.183062
v 1.088671 -0.132319 0.011841
v 1.086124 -0.054440 -0.078226
v 1.080095 -0.126990 -0.066029
v 1.081806 -0.088121 -0.110484
v 1.068422 -0.105950 -0.121094
v 1.056802 -0.096921 -0.178140
v 0.983403 -0.170237 0.278372
v 0.835238 -0.191336 0.380404
v 0.788062 -0.166204 0.397126
v 0.755268 -0.142223 0.428166
v 0.748015 -0.096749 0.429367
v 0.743392 -0.027543 0.402531
v 0.769661 -0.015418 0.370246
v 0.756837 -0.065401 0.382621
v 0.778019 -0.056252 0.356081
v 0.826938 0.003572 0.323986
v 0.874727 -0.009951 0.277315
v 0.928019 -0.000335 0.223035
v 0.956602 -0.082336 0.244323
v 0.918145 -0.033856 0.246798
v 0.952973 -0.147624 0.288091
v 0.815459 -0.107567 0.335150
v 0.881814 -0.296506 0.364895
v 0.929701 -0.313104 0.319441
v 0.890066 -0.333327 0.307837
v 0.807447 -0.276075 0.373477
v 0.762514 -0.268392 0.366256
v 0.785075 -0.299538 0.289965
v 0.619136 -0.210395 0.383284
v 0.538580 -0.199279 0.445288
v 0.857737 -0.379402 0.199142
v 0.898281 -0.357122 0.250666
v 0.892692 -0.383697 0.196631
v 0.925773 -0.351985 0.251293
v 1.020129 0.123342 -0.505257
v 1.046339 0.122313 -0.488381
v 1.045606 0.149374 -0.471824
v 1.078134 0.199984 -0.417638
v 1.083213 0.215167 -0.373403
v 1.047145 0.255212 -0.369347
v 1.062754 0.230791 -0.406774
v 1.030954 0.250027 -0.398596
v 1.052546 0.213376 -0.449458
v 1.024421 0.237175 -0.436786
v 1.001482 0.212780 -0.472938
v 0.969615 0.175009 -0.492103
v 0.978117 0.249341 -0.414766
v 0.988024 0.290328 -0.367818
v 0.930596 0.344520 -0.251986
v 0.953696 0.299360 -0.197813
v 0.978756 0.267060 -0.179059
v 1.037083 0.224995 -0.165353
v 1.035415 0.188168 -0.121554
v 1.077010 0.178086 -0.170894
v 0.894368 0.151520 -0.041540
v 0.887544 0.094004 0.001799
v 0.844661 0.115777 0.010310
v 0.795113 0.153157 0.025332
v 0.739586 0.173142 0.068102
v 0.801182 0.117675 0.117466
v 0.710609 0.180214 0.237700
v 0.740173 0.194862 0.316951
v 0.721156 0.190979 0.378416
v 0.718546 0.181360 0.460305
v 0.741741 0.183995 0.547706
v 0.702204 0.194766 0.574118
v 0.663175 0.210216 0.617319
v 0.593847 0.253546 0.709451
v 0.541657 0.296409 0.749709
v 0.456242 0.377150 0.727089
v 0.508418 0.307802 0.703341
v 0.423950 0.423111 0.713250
v 0.410267 0.468868 0.689618
v 0.385680 0.529170 0.655066
v 0.373715 0.570150 0.583035
v 0.366002 0.613357 0.559330
v 0.375151 0.614899 0.496875
v 0.342135 0.672190 0.453333
v 0.324304 0.703464 0.405494
v 0.369036 0.688316 0.370093
v 0.369466 0.702599 0.307558
v 0.393072 0.649329 0.365489
v 0.407849 0.598818 0.352913
v 0.433990 0.582288 0.278769
v 0.430107 0.529388 0.309083
v 0.500297 0.478024 0.226709
v 0.486602 0.565284 0.209738
v 0.533730 0.531763 0.137217
v 0.537278 0.554573 0.065451
v 0.584349 0.534075 -0.046895
v 0.614361 0.523266 -0.098669
v 0.651149 0.497990 -0.143670
v 0.697397 0.464907 -0.177447
v 0.743329 0.434916 -0.200620
v 0.833274 0.375134 -0.214032
v 0.832627 0.381036 -0.236311
v 0.877883 0.326181 -0.188378
v 0.871584 0.359236 -0.215093
v 0.911219 0.258960 -0.127401
v 0.815982 0.176712 -0.029865
v 0.764429 0.187163 -0.003682
v 0.760305 0.183093 0.026437
v 0.691197 0.210149 0.036871
v 0.602969 0.291368 0.153484
v 0.568269 0.353626 0.070676
v 0.593211 0.337905 0.177195
v 0.584483 0.319627 0.014388
v 0.554992 0.417198 0.036342
v 0.553150 0.423860 0.079735
v 0.569921 0.426968 -0.026456
v 0.671859 0.415074 -0.151830
v 0.729022 0.411742 -0.176228
v 0.806526 0.338378 -0.179868
v 0.759916 0.299284 -0.138843
v 0.733044 0.255522 -0.094337
v 0.819108 0.220274 -0.074328
v 0.720286 0.226929 -0.058615
v 0.702093 0.225069 -0.026977
v 0.634908 0.263818 -0.003185
v 0.615827 0.292349 -0.032101
v 0.631622 0.302222 -0.068770
v 0.683967 0.305880 -0.112633
v 0.723734 0.332358 -0.150876
v 0.643401 0.351967 -0.114990
v 0.553878 0.464140 0.133176
v 0.572997 0.374022 0.172829
v 0.596441 0.294980 0.186300
v 0.575967 0.330005 0.210971
v 0.587553 0.265404 0.224215
v 0.600036 0.228052 0.250905
v 0.633215 0.209625 0.257139
v 0.638865 0.195710 0.296238
v 0.667186 0.194262 0.272391
v 0.653763 0.176243 0.391432
v 0.666529 0.174614 0.490211
v 0.600520 0.232631 0.645632
v 0.547421 0.262663 0.666736
v 0.471195 0.312425 0.665575
v 0.443326 0.349941 0.664448
v 0.412747 0.381879 0.636334
v 0.384954 0.423532 0.591906
v 0.387185 0.521880 0.426910
v 0.369437 0.625331 0.446139
v 0.402181 0.487594 0.376961
v 0.427789 0.471594 0.321968
v 0.428699 0.419914 0.312626
v 0.476171 0.447675 0.265583
v 0.519459 0.378280 0.237830
v 0.539735 0.397350 0.213183
v 0.545651 0.458048 0.173598
v 0.532547 0.255226 0.260794
v 0.567765 0.290325 0.224254
v 0.536165 0.231584 0.274614
v 0.542567 0.214402 0.291977
v 0.576411 0.191338 0.312633
v 0.522480 0.190564 0.374754
v 0.595746 0.173729 0.383046
v 0.632123 0.174784 0.512301
v 0.575264 0.176332 0.482400
v 0.608798 0.199030 0.579919
v 0.533512 0.210399 0.577759
v 0.427956 0.267644 0.581187
v 0.436077 0.297787 0.628660
v 0.392465 0.298275 0.565494
v 0.387484 0.347894 0.588883
v 0.387896 0.279527 0.502396
v 0.395574 0.265603 0.445067
v 0.371690 0.370730 0.407955
v 0.376116 0.324551 0.417111
v 0.405123 0.330366 0.338971
v 0.403767 0.368823 0.332997
v 0.471849 0.318860 0.273373
v 0.453783 0.273705 0.307332
v 0.453401 0.217483 0.370144
v 0.470030 0.195239 0.412353
v 0.420595 0.227069 0.441673
v 0.433585 0.234127 0.514718
v 0.429827 0.220064 0.408926
v 0.412126 0.268079 0.370989
v 0.560326 -0.324631 -0.704473
v 0.651507 -0.240907 -0.679309
v 0.696783 -0.172391 -0.649872
v 0.772082 -0.085258 -0.589852
v 0.810033 0.021807 -0.543442
v 0.808083 0.093869 -0.485457
v 0.847810 0.254204 -0.392782
v 0.838983 0.301856 -0.350994
v 0.787110 0.350146 -0.311735
v 0.712918 0.423246 -0.274452
v 0.621559 0.533598 -0.221329
v 0.578209 0.591976 -0.218632
v 0.497062 0.687610 -0.145575
v 0.402900 0.768171 -0.115429
v 0.383131 0.784840 -0.103396
v 0.369814 0.786762 -0.017332
v 0.253851 0.816661 0.122679
v 0.207847 0.823194 0.130997
v 0.280746 0.808651 0.096466
v 0.299517 0.804929 0.066534
v 0.304117 0.803819 0.034783
v 0.307895 0.810922 -0.030292
v 0.293994 0.807558 -0.019516
v 0.201607 0.830637 -0.122693
v 0.167889 0.834659 -0.075954
v 0.269467 0.783206 0.049304
v 0.183013 0.778196 0.041258
v 0.084680 0.812778 -0.039609
v 0.017905 0.751499 0.034299
v 0.030689 0.765322 -0.055419
v 0.074612 0.810428 -0.094495
v 0.114982 0.833692 -0.116023
v 0.149545 0.838949 -0.110954
v 0.797781 0.253111 -0.358343
v 0.513723 -0.182536 -0.666838
v 0.535924 -0.071855 -0.512306
v 0.572778 0.002055 -0.425422
v 0.561285 0.444098 -0.235963
v 0.060247 0.721342 -0.265124
v 0.008190 0.751671 -0.256519
v -0.025813 0.712385 -0.333407
v -0.072799 0.695573 -0.355662
v -0.136972 0.689488 -0.317467
v -0.093750 0.712387 -0.394651
v -0.171876 0.705912 -0.391759
v -0.239591 0.670265 -0.336826
v -0.346677 0.588214 -0.349621
v -0.420141 0.529388 -0.391254
v -0.498083 0.486173 -0.363822
v -0.547058 0.455663 -0.308569
v -0.617813 0.417623 -0.309449
v -0.613172 0.401151 -0.231924
v -0.590715 0.359750 -0.186812
v -0.544436 0.387943 -0.206856
v -0.517796 0.356180 -0.152580
v -0.423684 0.375063 -0.026154
v -0.439102 0.391935 -0.134737
v -0.383560 0.439749 -0.034827
v -0.362834 0.483883 -0.001775
v -0.289799 0.560822 0.087123
v -0.192699 0.615882 0.089662
v -0.256161 0.592856 0.108683
v -0.190511 0.658800 0.164378
v -0.246738 0.627489 0.214056
v -0.235263 0.640523 0.246663
v -0.183742 0.658719 0.266659
v -0.286088 0.621590 0.264309
v -0.290745 0.614765 0.284824
v -0.342712 0.575279 0.240186
v -0.407084 0.510569 0.208035
v -0.385435 0.509290 0.170748
v -0.429827 0.464834 0.161136
v -0.356440 0.507173 0.129453
v -0.406367 0.414631 0.080846
v -0.456627 0.346299 0.079208
v -0.490876 0.310816 0.089898
v -0.475173 0.306130 0.029883
v -0.517997 0.295766 0.029544
v -0.445593 0.330775 0.019190
v -0.591846 0.290045 0.067909
v -0.487567 0.308908 -0.015921
v -0.549812 0.296037 -0.021491
v -0.677151 0.299638 0.014796
v -0.550815 0.307120 -0.060806
v -0.665521 0.321136 -0.080427
v -0.674124 0.335560 -0.116065
v -0.803778 0.357723 -0.029992
v -0.753864 0.375071 -0.120863
v -0.869538 0.382437 -0.076219
v -0.852814 0.357930 0.000771
v -0.780645 0.388432 -0.159766
v -0.926696 0.389742 -0.098127
v -0.903414 0.362527 -0.015650
v -0.927814 0.394524 -0.185077
v -0.972703 0.384621 -0.104672
v -1.057874 0.346409 -0.037248
v -1.038138 0.359488 -0.095631
v -1.120340 0.316568 -0.007489
v -1.113341 0.321282 0.028370
v -1.096791 0.313340 -0.067728
v -1.081435 0.328666 -0.047667
v -1.119866 0.315197 -0.106267
v -1.086852 0.338298 -0.138281
v -1.055171 0.338718 -0.196133
v -1.044962 0.343157 -0.244215
v -0.969620 0.347105 -0.349969
v -0.885285 0.363990 -0.400706
v -0.877973 0.346958 -0.424697
v -0.730660 0.271620 -0.512419
v -0.677645 0.279877 -0.510258
v -0.630703 0.294600 -0.478931
v -0.606036 0.322062 -0.446598
v -0.638416 0.346127 -0.418727
v -0.613449 0.391947 -0.383980
v -0.548105 0.425382 -0.397990
v -0.428903 0.514967 -0.420735
v -0.364690 0.568953 -0.427411
v -0.282588 0.621057 -0.446148
v -0.217158 0.670786 -0.460478
v -0.255252 0.659906 -0.396915
v -0.200856 0.694816 -0.405625
v -0.580558 0.428211 -0.359221
v -0.641023 0.406181 -0.336041
v -0.678975 0.395397 -0.236591
v -0.677062 0.386104 -0.206104
v -0.627571 0.352217 -0.173056
v -0.454414 0.343572 -0.051615
v -0.371419 0.456055 0.070092
v -0.322325 0.534716 0.110728
v -0.285743 0.582797 0.162450
v -0.939937 0.388212 -0.235486
v -0.989874 0.381627 -0.155977
v -1.027739 0.365732 -0.181716
v -0.990934 0.370864 -0.264730
v -0.952853 0.368639 -0.329292
v -0.850460 0.376307 -0.377274
v -0.934456 0.365858 -0.347371
v -0.833796 0.353386 -0.420183
v -0.681879 0.314190 -0.443673
v -0.698633 0.363398 -0.383450
v -0.763747 0.322157 -0.441206
v -0.895522 0.364910 -0.308958
v -1.033419 0.323004 0.047323
v -1.005216 0.357448 0.002344
v -0.960241 0.319656 0.028102
v -0.946529 0.355871 -0.009393
v -0.886376 0.350602 0.026376
v -0.861526 0.340025 0.055284
v -0.747440 0.312643 0.088380
v -0.660755 0.291272 0.082753
v -0.737815 0.314670 0.122838
v -0.622802 0.297595 0.118226
v -0.534985 0.322754 0.131083
v -0.490858 0.398577 0.168251
v -0.473778 0.452104 0.206630
v -0.393997 0.529681 0.247748
v -0.248501 0.582222 0.366840
v -0.224111 0.617603 0.499214
v -0.200674 0.654876 0.520102
v -0.225453 0.632537 0.553412
v -0.263674 0.619268 0.606524
v -0.301581 0.595783 0.628439
v -0.395793 0.538830 0.613086
v -0.410180 0.540513 0.571380
v -0.413157 0.507748 0.640005
v -0.479891 0.507251 0.607514
v -0.650011 0.458809 0.546719
v -0.722447 0.383246 0.580716
v -0.737680 0.390315 0.512129
v -0.774440 0.366131 0.526033
v -0.859332 0.350061 0.410288
v -0.885344 0.334983 0.338051
v -0.899423 0.336342 0.230023
v -0.942727 0.312014 0.153977
v -1.011599 0.291023 0.122507
v -1.038243 0.276133 0.135185
v -1.068908 0.269553 0.126860
v -1.101423 0.285243 0.105359
v -1.034700 0.297246 0.091535
v -0.951355 0.312011 0.053824
v -0.907967 0.336759 0.064803
v -0.866973 0.323038 0.140665
v -0.806905 0.332329 0.215955
v -0.720431 0.321793 0.154631
v -0.735651 0.336613 0.190962
v -0.680179 0.338680 0.180674
v -0.597150 0.415403 0.236736
v -0.535067 0.433103 0.232155
v -0.485093 0.460357 0.242790
v -0.508943 0.467570 0.307596
v -0.442406 0.491854 0.305638
v -0.366161 0.539339 0.289626
v -0.393990 0.511322 0.330608
v -0.318638 0.529804 0.352572
v -0.285560 0.527770 0.405150
v -0.293190 0.527436 0.461808
v -0.344311 0.509880 0.455828
v -0.360742 0.503717 0.415334
v -0.420565 0.504034 0.463199
v -0.396363 0.503121 0.362076
v -0.479797 0.514111 0.525994
v -0.482421 0.489071 0.401902
v -0.618648 0.458956 0.355132
v -0.681459 0.422642 0.325205
v -0.745098 0.384576 0.323640
v -0.646172 0.418861 0.273356
v -0.724601 0.378344 0.276089
v -0.832662 0.349561 0.312582
v -0.865600 0.340569 0.290375
v -0.918033 0.317984 0.142460
v -0.696946 0.363560 0.221553
v -0.678998 0.445435 0.428649
v -0.494279 0.513976 0.568667
v -0.379298 0.540904 0.542736
v -0.375357 0.557227 0.590496
v -0.357984 0.510225 0.667415
v -0.341325 0.479704 0.696785
v -0.431061 0.415566 0.686988
v -0.381845 0.429690 0.698099
v -0.449066 0.359373 0.745522
v -0.359047 0.378592 0.760723
v -0.318189 0.418991 0.755417
v -0.356392 0.341565 0.786982
v -0.445544 0.294201 0.773504
v -0.393925 0.245727 0.778067
v -0.310649 0.262283 0.825384
v -0.415296 0.221548 0.765260
v -0.283042 0.204200 0.830014
v -0.270395 0.248754 0.841112
v -0.213199 0.203915 0.839161
v -0.139907 0.309835 0.834612
v -0.077213 0.402573 0.843883
v -0.059838 0.427811 0.841731
v -0.141301 0.490130 0.803711
v -0.188157 0.470544 0.794613
v -0.061910 0.477136 0.813364
v -0.129345 0.553625 0.752772
v -0.054084 0.512965 0.801643
v -0.161687 0.585093 0.713792
v -0.189998 0.557008 0.715900
v -0.231375 0.587077 0.681822
v -0.226383 0.525039 0.691812
v -0.290528 0.579768 0.654114
v -0.272318 0.532326 0.669240
v -0.251965 0.509021 0.686645
v -0.293676 0.501854 0.677801
v -0.283402 0.472379 0.727309
v -0.339449 0.548084 0.649048
v 0.048812 0.631673 0.767526
v 0.137887 0.631958 0.779593
v 0.094339 0.595645 0.817124
v 0.096442 0.580149 0.855405
v 0.125966 0.536463 0.897338
v 0.150575 0.488623 0.903721
v 0.156898 0.451421 0.898936
v 0.237973 0.430491 0.894192
v 0.268896 0.394014 0.878586
v 0.306760 0.348097 0.866642
v 0.345388 0.233446 0.873127
v 0.271799 0.323898 0.848691
v 0.301133 0.241021 0.851209
v 0.282649 0.166748 0.856629
v 0.325246 0.156001 0.877345
v 0.314955 0.067138 0.895719
v 0.252196 0.099299 0.876798
v 0.191429 0.170966 0.809429
v 0.159944 0.138380 0.832901
v 0.127863 0.191038 0.803979
v 0.049638 0.176701 0.837172
v 0.087958 0.110750 0.864015
v 0.085632 0.254313 0.810451
v 0.040754 0.245410 0.834262
v 0.011008 0.312233 0.854676
v 0.064596 0.320021 0.841762
v -0.036834 0.291625 0.856126
v 0.005152 0.380958 0.869450
v 0.095487 0.362490 0.854657
v 0.034026 0.412264 0.871719
v -0.009299 0.411872 0.859820
v 0.097078 0.434540 0.899279
v 0.041045 0.479886 0.882352
v 0.072052 0.462507 0.900614
v -0.008359 0.531527 0.832068
v 0.065080 0.521764 0.887794
v -0.025051 0.573898 0.793533
v 0.076528 0.557800 0.875155
v -0.110167 0.589783 0.740780
v -0.013492 0.611696 0.769460
v 0.100091 0.510812 0.902295
v 0.179245 0.400795 0.874300
v 0.239585 0.363241 0.861679
v 0.171855 0.329166 0.817916
v 0.240895 0.262537 0.810185
v 0.170253 -0.729219 -0.631799
v 0.118382 -0.741853 -0.629770
v 0.150626 -0.642351 -0.692500
v 0.094152 -0.581458 -0.717384
v 0.180115 -0.496677 -0.773551
v 0.102557 -0.492447 -0.763739
v 0.157371 -0.439687 -0.789650
v 0.142119 -0.385781 -0.787901
v 0.123027 -0.290681 -0.796386
v 0.087777 -0.259841 -0.793922
v 0.024849 -0.214468 -0.776521
v 0.060850 -0.079091 -0.748549
v 0.050212 -0.050270 -0.739566
v 0.166633 -0.119353 -0.732973
v 0.182622 -0.104868 -0.711029
v 0.280006 -0.121147 -0.656659
v 0.340352 0.104698 -0.324224
v 0.291398 0.160294 -0.316299
v 0.336442 0.250484 -0.270841
v 0.257652 0.251859 -0.298459
v 0.260700 0.391026 -0.259225
v 0.259390 0.460839 -0.266492
v 0.155025 0.533236 -0.303291
v 0.090873 0.615256 -0.348705
v 0.046841 0.616808 -0.379419
v 0.002819 0.644670 -0.410474
v -0.048494 0.660622 -0.468022
v -0.080245 0.665048 -0.515440
v -0.136780 0.607789 -0.574283
v -0.175260 0.615492 -0.578472
v -0.245432 0.564267 -0.572389
v -0.293804 0.531374 -0.534638
v -0.237678 0.535581 -0.580203
v -0.309851 0.461906 -0.509017
v -0.385978 0.425986 -0.460255
v -0.399359 0.319817 -0.430620
v -0.436113 0.306191 -0.426481
v -0.469432 0.251798 -0.430965
v -0.512341 0.228261 -0.446071
v -0.497247 0.171591 -0.460561
v -0.541797 0.141136 -0.490709
v -0.580244 0.087180 -0.557030
v -0.506746 -0.043134 -0.669262
v -0.451278 -0.058802 -0.683280
v -0.455576 -0.102774 -0.707411
v -0.617267 -0.026199 -0.656442
v -0.401876 -0.074352 -0.707279
v -0.351806 -0.071290 -0.722123
v -0.336155 -0.109541 -0.744381
v -0.307384 -0.047242 -0.723113
v -0.301825 -0.069893 -0.742925
v -0.223444 0.009705 -0.738250
v -0.221477 0.037624 -0.695777
v -0.332868 -0.013977 -0.655451
v -0.164223 0.122295 -0.618196
v -0.175121 0.076426 -0.699058
v -0.257051 0.054412 -0.603149
v -0.115494 0.141984 -0.627109
v -0.148348 0.153721 -0.593654
v -0.102687 0.160445 -0.605652
v -0.163305 0.183029 -0.565442
v -0.135312 0.190730 -0.572020
v -0.107051 0.193524 -0.573420
v -0.121455 0.228415 -0.560800
v -0.073403 0.225987 -0.550502
v -0.071218 0.200656 -0.557694
v -0.080292 0.254665 -0.550812
v -0.049548 0.292432 -0.531649
v -0.079997 0.305648 -0.560212
v -0.033297 0.323806 -0.516739
v -0.059321 0.375620 -0.568775
v 0.009713 0.398782 -0.433820
v -0.002934 0.308604 -0.472097
v -0.032068 0.443501 -0.521962
v 0.007750 0.465173 -0.406342
v 0.045637 0.383912 -0.381453
v 0.062116 0.304262 -0.376887
v 0.106319 0.336229 -0.333595
v 0.119545 0.242281 -0.355367
v 0.112996 0.148544 -0.418752
v 0.205784 0.207104 -0.339977
v 0.109962 0.085864 -0.470107
v 0.188275 0.138358 -0.393859
v 0.195819 0.007959 -0.497286
v 0.152408 0.006100 -0.523183
v 0.119008 -0.027971 -0.647739
v 0.155234 -0.017830 -0.564229
v 0.143320 -0.072319 -0.694590
v 0.089409 -0.039727 -0.710026
v 0.051678 0.047448 -0.637944
v 0.012965 0.097236 -0.633030
v -0.022931 0.100953 -0.684627
v 0.039354 0.144228 -0.476512
v -0.003776 0.183700 -0.496571
v 0.030104 0.220615 -0.449166
v 0.000579 0.244890 -0.479741
v -0.072522 0.178255 -0.579532
v -0.062355 0.148066 -0.624040
v -0.118795 0.094422 -0.717621
v -0.149434 0.056558 -0.750307
v -0.165832 0.021163 -0.766717
v -0.241466 -0.024377 -0.756289
v -0.256147 -0.079607 -0.757958
v -0.544600 -0.100038 -0.691221
v -0.627266 -0.048202 -0.657870
v -0.675231 0.000359 -0.628142
v -0.750624 0.028675 -0.602803
v -0.740219 0.008005 -0.614786
v -0.682773 -0.041291 -0.621375
v -0.603013 -0.096945 -0.660214
v -0.556732 -0.130063 -0.676844
v -0.476290 -0.140638 -0.702448
v -0.346203 -0.231764 -0.710223
v -0.225490 -0.347559 -0.666484
v -0.200517 -0.394277 -0.640583
v -0.154355 -0.476299 -0.606079
v -0.073674 -0.648303 -0.536270
v -0.041912 -0.673024 -0.578558
v -0.019349 -0.669228 -0.614920
v 0.041135 -0.707981 -0.631708
v 0.088108 -0.714178 -0.644897
v 0.044403 -0.633456 -0.675701
v 0.027976 -0.505448 -0.732920
v -0.016534 -0.382646 -0.756934
v 0.084446 -0.397425 -0.783355
v 0.079804 -0.312916 -0.797683
v 0.016603 -0.339910 -0.781693
v -0.031889 -0.258896 -0.774116
v -0.103729 -0.202489 -0.768804
v -0.100163 -0.132635 -0.776306
v -0.085015 -0.087584 -0.777414
v 0.012805 -0.067432 -0.759080
v 0.025596 0.004659 -0.732843
v -0.023764 0.073175 -0.716328
v -0.063120 0.109902 -0.704216
v -0.091741 0.113513 -0.703336
v -0.132065 0.012081 -0.778703
v -0.197872 -0.065640 -0.771862
v -0.154730 -0.124207 -0.763449
v -0.217061 -0.153747 -0.749857
v -0.160325 -0.212704 -0.742744
v -0.218979 -0.288920 -0.704467
v -0.149159 -0.285232 -0.731925
v -0.136212 -0.363411 -0.709427
v -0.181317 -0.406854 -0.652904
v -0.108673 -0.440175 -0.689076
v -0.123052 -0.496754 -0.636002
v -0.053680 -0.489301 -0.699725
v 0.000690 -0.613328 -0.665603
v -0.089222 -0.035917 -0.777652
v -0.051021 0.005298 -0.772768
v -0.009203 -0.001458 -0.758414
v -0.047607 0.041516 -0.758244
v -0.098339 0.063875 -0.753694
v -0.103752 0.008807 -0.781431
v 0.247524 0.046544 -0.443896
v 0.165992 0.309584 -0.307648
v 0.172802 0.375698 -0.292027
v 0.083324 0.500366 -0.336000
v 0.037798 0.483078 -0.365650
v 0.013216 0.595509 -0.415619
v -0.018659 0.586965 -0.466333
v -0.033564 0.616964 -0.478651
v -0.172743 0.596249 -0.594350
v -0.203057 0.560535 -0.596188
v -0.168453 0.553509 -0.603813
v -0.242420 0.467932 -0.557709
v -0.264901 0.362408 -0.494366
v -0.310023 0.352723 -0.467414
v -0.424094 0.237653 -0.435561
v -0.443134 0.176584 -0.450091
v -0.486096 0.119884 -0.481145
v -0.478504 0.065665 -0.522047
v -0.433462 0.084848 -0.497295
v -0.403181 0.015225 -0.571758
v -0.343744 0.135987 -0.489662
v -0.353693 0.233996 -0.451546
v -0.273827 0.311614 -0.479822
v -0.267340 0.186042 -0.502601
v -0.197094 0.314445 -0.541042
v -0.196471 0.413004 -0.579719
v -0.170872 0.469019 -0.600508
v -0.118478 0.540085 -0.600561
v -0.117555 0.490683 -0.600338
v -0.093799 0.433074 -0.602411
v -0.121710 0.425437 -0.610935
v -0.120536 0.376334 -0.602899
v -0.137872 0.375899 -0.600677
v -0.160018 0.331338 -0.574437
v -0.168676 0.259442 -0.556376
v -0.207146 0.195886 -0.538977
v -0.254894 0.106033 -0.551388
v -0.349983 0.051127 -0.543115
v -0.339403 0.020017 -0.583191
v -0.391154 -0.024174 -0.644191
v -0.475080 -0.015561 -0.628461
v -0.146070 0.226547 -0.559763
v -0.129636 0.281203 -0.569997
v -0.089513 0.376733 -0.595140
v -0.067879 0.461525 -0.579502
v -0.251953 0.026578 0.706113
v -0.322342 -0.258443 -0.473992
v -0.382313 -0.228371 -0.429331
v -0.457101 -0.198924 -0.473578
v -0.527323 -0.171758 -0.542554
v -0.578483 -0.164491 -0.532150
v -0.627037 -0.157870 -0.504747
v -0.822007 -0.066039 -0.538570
v -0.867164 -0.004985 -0.562778
v -0.898431 0.011288 -0.517837
v -0.900390 0.045208 -0.555804
v -0.957363 0.086228 -0.449172
v -0.979161 0.041910 -0.387920
v -0.944089 0.037029 -0.428462
v -0.922430 0.027725 -0.468371
v -0.865328 -0.032780 -0.528372
v -0.859355 -0.104264 -0.382264
v -0.835665 -0.112883 -0.412440
v -0.833592 -0.174911 -0.328008
v -0.804764 -0.157376 -0.367203
v -0.843738 -0.195817 -0.295171
v -0.872488 -0.165342 -0.305032
v -0.832086 -0.253153 -0.250986
v -0.757568 -0.198192 -0.287048
v -0.714321 -0.242403 -0.227691
v -0.720968 -0.271848 -0.193956
v -0.639545 -0.255452 -0.182157
v -0.690449 -0.316809 -0.084989
v -0.553250 -0.282149 -0.107370
v -0.664074 -0.326059 -0.065043
v -0.627049 -0.350435 -0.041298
v -0.619783 -0.374417 -0.024440
v -0.650510 -0.386436 -0.000870
v -0.681243 -0.346035 -0.030253
v -0.715382 -0.333786 -0.030915
v -0.748864 -0.307884 -0.130201
v -0.810791 -0.287212 -0.186921
v -0.868249 -0.270235 -0.218287
v -0.883710 -0.240413 -0.253032
v -0.907058 -0.205307 -0.260563
v -0.923289 -0.110004 -0.277031
v -0.960854 -0.095450 -0.268425
v -0.958168 -0.123184 -0.252376
v -0.969727 -0.186966 -0.227165
v -0.991475 -0.155890 -0.229315
v -0.961230 -0.235144 -0.212155
v -0.939354 -0.256452 -0.206083
v -0.812116 -0.312003 -0.114334
v -0.750586 -0.321353 -0.057017
v -0.710913 -0.342888 0.007852
v -1.055546 -0.066633 -0.268915
v -1.038785 -0.119754 -0.237942
v -1.025934 -0.049548 -0.301532
v -1.045983 -0.021752 -0.307214
v -1.022092 0.042892 -0.356293
v -1.056273 -0.012535 -0.299221
v -0.493411 -0.263042 -0.157246
v -0.477456 -0.244058 -0.193453
v -0.430353 -0.236111 -0.229443
v -0.438150 -0.201944 -0.271977
v -0.414047 -0.202635 -0.337853
v -0.356163 -0.247384 -0.324125
v -0.446160 -0.188161 -0.378868
v -0.492737 -0.174810 -0.376661
v -0.561573 -0.175953 -0.468704
v -0.695904 -0.152687 -0.438430
v -0.763426 -0.164413 -0.346996
v -0.691206 -0.164558 -0.320228
v -0.657712 -0.191452 -0.255436
v -0.627017 -0.216661 -0.197494
v -0.571259 -0.244463 -0.176986
v -0.567195 -0.267564 -0.142669
v -0.579363 -0.203790 -0.197835
v -0.482447 -0.194306 -0.243592
v -0.468115 -0.182041 -0.310979
v -0.623580 -0.152469 -0.357272
v -0.175161 -0.346859 0.564838
v -0.130264 -0.376796 0.615037
v -0.118763 -0.410998 0.594103
v -0.083934 -0.432171 0.620436
v -0.083951 -0.543358 0.533517
v -0.063311 -0.582510 0.489161
v -0.033313 -0.633663 0.369488
v 0.015858 -0.678568 0.274978
v 0.050992 -0.670323 0.253685
v 0.068408 -0.725212 0.153665
v 0.119210 -0.747769 0.114152
v 0.193701 -0.742023 0.057043
v 0.141668 -0.801612 -0.072846
v -0.194891 -0.353006 0.527604
v -0.901859 -0.213452 -0.073389
v -0.953995 -0.182195 -0.081758
v -0.087980 0.622258 -0.553107
vn -0.0584 0.6198 -0.7826
vn -0.2124 0.3620 -0.9077
vn -0.1117 0.5595 -0.8213
vn -0.2725 -0.9082 -0.3176
vn -0.5194 -0.7360 -0.4343
vn -0.4276 -0.7660 -0.4800
vn 0.8558 0.3957 0.3331
vn 0.8655 0.3547 0.3536
vn 0.9133 0.2857 0.2903
vn 0.7777 0.4130 0.4740
vn 0.6663 0.7407 -0.0860
vn 0.6743 0.6621 -0.3270
vn 0.5321 0.6586 -0.5321
vn 0.0376 -0.9618 0.2710
vn 0.2162 -0.9480 0.2334
vn 0.1320 -0.9816 0.1378
vn 0.6544 -0.5330 0.5364
vn 0.7819 -0.4594 0.4214
vn 0.4628 -0.6264 0.6272
vn 0.4241 0.8904 -0.1651
vn 0.2800 0.8873 -0.3664
vn 0.2377 0.9708 -0.0327
vn 0.4562 -0.3789 0.8052
vn 0.4771 -0.2071 0.8541
vn 0.3954 -0.2380 0.8871
vn 0.4955 -0.0113 0.8685
vn 0.4229 0.0616 0.9041
vn -0.3630 -0.7028 0.6117
vn -0.1554 -0.7541 0.6381
vn -0.1873 -0.6721 0.7164
vn -0.7007 -0.3646 0.6133
vn -0.8282 -0.2535 0.4998
vn -0.7906 -0.4397 0.4262
vn -0.8470 0.0401 0.5301
vn 0.7204 0.6318 0.2860
vn 0.8516 0.5129 0.1079
vn 0.7229 0.6886 0.0568
vn 0.6097 0.7663 0.2028
vn -0.2995 -0.8086 0.5064
vn 0.2835 -0.7858 0.5496
vn -0.0162 -0.6869 0.7266
vn 0.0305 -0.8778 0.4780
vn -0.2980 -0.9221 0.2467
vn 0.1018 -0.9498 0.2960
vn 0.2843 0.4670 -0.8373
vn 0.0576 0.5933 -0.8029
vn 0.0752 0.6644 -0.7436
vn -0.4199 0.8360 -0.3532
vn -0.6480 0.6949 -0.3119
vn -0.5829 0.7325 -0.3517
vn -0.3875 0.6177 0.6843
vn -0.4130 0.6588 0.6288
vn -0.4114 0.6677 0.6205
vn -0.0409 0.9484 -0.3146
vn 0.0917 0.8790 -0.4679
vn -0.0803 0.9645 -0.2516
vn -0.0734 0.9968 -0.0319
vn -0.2000 0.9324 -0.3011
vn -0.1395 0.9587 -0.2478
vn -0.8561 0.4955 0.1466
vn -0.7011 0.7111 0.0520
vn -0.8071 0.5778 -0.1215
vn -0.6311 0.5985 0.4934
vn -0.6677 0.6585 0.3473
vn -0.6053 0.6284 0.4886
vn 0.9999 0.0121 0.0040
vn 0.9825 -0.0630 0.1750
vn 0.9990 -0.0184 -0.0397
vn -0.6030 0.7400 0.2981
vn -0.5558 0.8157 0.1604
vn -0.5312 0.7363 0.4192
vn -0.3946 0.8542 0.3387
vn -0.2902 0.7650 0.5750
vn 0.8959 -0.3645 -0.2541
vn 0.8499 -0.4735 -0.2311
vn 0.8582 -0.4071 -0.3128
vn 0.9022 -0.2109 -0.3763
vn 0.3077 -0.5008 0.8090
vn 0.0815 -0.4111 0.9079
vn 0.1083 -0.5371 0.8365
vn 0.2548 -0.3183 0.9131
vn 0.6151 0.5531 0.5619
vn 0.3952 0.6517 0.6474
vn 0.5169 0.3915 0.7613
vn 0.3959 0.6533 0.6453
vn 0.4377 0.7175 0.5419
vn 0.2435 0.6797 0.6919
vn -0.3368 -0.2058 -0.9188
vn -0.1936 -0.1637 -0.9673
vn -0.1848 -0.3894 -0.9023
vn -0.8451 -0.1394 -0.5160
vn -0.8840 0.0199 -0.4670
vn -0.7612 -0.0698 -0.6448
vn -0.5288 0.5673 0.6313
vn -0.5263 0.6771 0.5143
vn -0.6588 0.3303 0.6759
vn -0.6692 0.1734 0.7226
vn -0.7922 0.0338 0.6094
vn -0.8982 -0.1627 0.4084
vn -0.8273 -0.3742 0.4191
vn -0.3795 0.9005 0.2125
vn -0.1969 0.9763 -0.0894
vn -0.3387 0.9326 -0.1247
vn -0.5790 0.8107 0.0865
vn 0.1846 0.5836 -0.7908
vn -0.0288 0.5469 -0.8367
vn -0.1749 0.4543 -0.8735
vn -0.2132 0.4962 -0.8416
vn -0.2133 0.5604 -0.8002
vn 0.2980 -0.6107 -0.7336
vn 0.2440 -0.4647 -0.8512
vn 0.3237 -0.4114 -0.8521
vn 0.4951 -0.3486 -0.7959
vn 0.4872 -0.5530 -0.6759
vn 0.2223 0.5285 -0.8193
vn 0.2095 0.3556 -0.9108
vn 0.0788 0.2774 -0.9575
vn 0.1173 0.3215 -0.9396
vn 0.1891 0.0438 -0.9810
vn -0.1048 0.4925 -0.8640
vn -0.2912 0.5330 -0.7944
vn 0.0218 0.7072 -0.7067
vn 0.2286 0.5005 -0.8350
vn 0.3265 -0.6965 -0.6390
vn 0.3534 -0.6854 -0.6367
vn 0.2629 -0.5428 -0.7976
vn 0.1609 -0.6639 -0.7303
vn 0.7979 -0.5852 0.1445
vn 0.6925 -0.6558 0.3007
vn 0.5750 -0.8114 0.1047
vn 0.1902 -0.0065 0.9817
vn 0.2208 0.0688 0.9729
vn 0.0202 0.0950 0.9953
vn -0.0183 0.0432 0.9989
vn -0.1400 -0.9544 -0.2636
vn 0.0287 -0.9973 -0.0670
vn 0.1088 -0.9941 -0.0037
vn -0.7862 -0.6157 0.0531
vn -0.9209 -0.3896 0.0140
vn -0.8639 -0.5031 -0.0254
vn -0.8614 -0.4861 0.1476
vn -0.6937 -0.7195 -0.0326
vn -0.7040 -0.6514 -0.2828
vn -0.5351 -0.8262 -0.1765
vn -0.5661 -0.8224 -0.0568
vn -0.0267 0.7388 -0.6734
vn 0.1547 0.7156 -0.6812
vn -0.1569 0.8975 -0.4122
vn 0.7621 0.6351 0.1264
vn 0.7387 0.6339 0.2289
vn 0.7659 0.5804 0.2764
vn 0.8308 0.4711 0.2962
vn 0.7777 0.5976 0.1951
vn 0.7636 0.6426 0.0636
vn -0.5830 0.7824 -0.2191
vn -0.5289 0.8406 -0.1169
vn -0.5670 0.8211 0.0650
vn -0.7219 0.6238 0.2994
vn -0.7870 0.5942 0.1663
vn -0.8706 0.4869 0.0703
vn -0.7006 0.7072 0.0949
vn -0.0344 0.8248 0.5644
vn 0.0529 0.9309 0.3614
vn -0.1275 0.9373 0.3243
vn -0.2038 0.8900 0.4079
vn -0.5131 0.8338 0.2038
vn -0.4474 0.7763 0.4441
vn -0.6106 0.7065 -0.3577
vn -0.5673 0.7758 -0.2763
vn -0.7137 0.6840 -0.1510
vn -0.4764 0.7793 -0.4070
vn -0.4258 0.7846 -0.4507
vn -0.4584 0.7870 -0.4130
vn -0.7907 0.1037 -0.6033
vn -0.7270 0.1903 -0.6597
vn -0.7096 0.7026 -0.0528
vn -0.4964 0.8649 -0.0748
vn -0.3658 0.8903 0.2712
vn -0.3700 0.8878 0.2736
vn -0.6382 0.7547 -0.1522
vn -0.5040 0.8440 0.1834
vn -0.3630 0.8657 0.3446
vn -0.4979 0.8457 0.1921
vn 0.3320 0.9432 0.0091
vn 0.4400 0.8896 0.1222
vn 0.5728 0.8042 0.1587
vn 0.2015 0.9794 0.0139
vn -0.6051 0.7960 -0.0157
vn -0.3374 0.9413 -0.0053
vn -0.5285 0.8456 0.0754
vn -0.4049 0.7860 0.4671
vn -0.4788 0.8688 0.1265
vn -0.5736 0.7213 0.3881
vn 0.8457 -0.4574 0.2748
vn 0.8922 -0.4254 0.1515
vn 0.8853 -0.4495 0.1187
vn 0.8764 -0.4801 0.0386
vn 0.0406 -0.9916 0.1225
vn -0.0294 -0.9917 -0.1253
vn 0.2443 -0.9598 -0.1384
vn 0.7507 -0.5849 -0.3070
vn 0.8045 -0.3836 -0.4535
vn 0.9214 -0.2795 -0.2701
vn 0.8492 -0.4652 -0.2499
vn -0.5139 -0.7860 0.3436
vn -0.6737 -0.6071 0.4214
vn -0.4087 -0.8551 0.3189
vn -0.6841 -0.7134 0.1517
vn -0.6710 -0.7178 0.1858
vn -0.8029 -0.4561 -0.3838
vn -0.8088 -0.3958 -0.4349
vn -0.6927 -0.7196 -0.0481
vn -0.7406 -0.5389 -0.4014
vn -0.6204 -0.7672 -0.1628
vn -0.6031 -0.6178 -0.5046
vn -0.5751 -0.5228 -0.6293
vn -0.7259 -0.4171 -0.5469
vn -0.5636 -0.5367 -0.6280
vn -0.8072 -0.3322 -0.4880
vn -0.7476 -0.4644 -0.4748
vn -0.6722 -0.5966 -0.4385
vn -0.5552 -0.7302 -0.3982
vn -0.3858 -0.8630 -0.3261
vn -0.3484 -0.9373 -0.0071
vn -0.2891 -0.9552 0.0633
vn -0.3738 -0.9194 0.1224
vn -0.1479 -0.9552 0.2562
vn -0.1923 -0.7426 0.6415
vn 0.0587 -0.8969 0.4383
vn -0.1750 -0.6921 0.7003
vn -0.6409 -0.5692 0.5151
vn -0.7817 -0.3936 0.4837
vn -0.6280 -0.5591 0.5413
vn -0.6671 -0.5580 0.4936
vn -0.6101 -0.5790 0.5408
vn -0.8296 -0.4209 0.3668
vn -0.3496 -0.8262 0.4418
vn -0.3274 -0.7428 0.5839
vn -0.6154 -0.7053 0.3518
vn -0.5316 -0.8163 0.2259
vn -0.5545 -0.7175 0.4216
vn -0.3895 -0.7975 0.4607
vn -0.3038 -0.7485 0.5895
vn -0.4093 -0.6566 0.6335
vn -0.3365 -0.8036 0.4910
vn -0.3307 0.1988 0.9226
vn -0.2181 0.2734 0.9368
vn -0.1890 -0.0997 0.9769
vn -0.1213 0.2139 0.9693
vn -0.1756 -0.0425 0.9835
vn -0.1740 0.3235 0.9301
vn 0.0365 0.2340 0.9716
vn 0.0614 0.3044 0.9506
vn 0.1949 -0.0032 0.9808
vn 0.3393 -0.1623 0.9266
vn 0.1134 -0.1405 0.9836
vn 0.3922 -0.3628 0.8453
vn -0.0626 -0.4677 0.8817
vn -0.1107 -0.7760 0.6209
vn -0.5202 -0.8147 0.2564
vn -0.4276 -0.8756 0.2249
vn -0.7039 -0.6827 -0.1959
vn -0.7944 -0.5990 -0.1003
vn -0.7251 -0.6886 -0.0113
vn -0.6829 -0.6614 -0.3101
vn -0.8311 -0.4871 -0.2683
vn -0.5635 -0.7879 -0.2483
vn -0.6992 -0.5981 -0.3917
vn -0.6397 -0.7686 0.0058
vn -0.3477 -0.9062 -0.2408
vn -0.5376 -0.7612 -0.3628
vn -0.1732 -0.9717 -0.1607
vn -0.3708 -0.9012 -0.2244
vn -0.7540 -0.5045 -0.4207
vn -0.8379 -0.3881 -0.3839
vn -0.2640 -0.0743 0.9616
vn -0.0769 0.0430 0.9961
vn 0.1753 0.1629 0.9709
vn -0.1523 0.0229 0.9881
vn -0.2264 -0.3118 0.9228
vn -0.3449 -0.3435 0.8735
vn -0.2126 -0.6252 0.7509
vn 0.0540 -0.6529 0.7556
vn 0.0710 -0.6061 0.7923
vn 0.0199 -0.7286 0.6847
vn -0.0500 -0.6212 0.7821
vn 0.0007 -0.4891 0.8722
vn -0.0505 -0.5359 0.8427
vn -0.1092 -0.6085 0.7860
vn -0.7327 -0.3825 0.5629
vn -0.5649 -0.7271 0.3902
vn -0.5668 -0.7333 0.3755
vn -0.5695 -0.8012 0.1835
vn -0.5857 -0.7911 -0.1764
vn -0.4959 -0.5729 -0.6526
vn -0.4787 -0.5418 -0.6909
vn -0.7382 -0.4573 -0.4959
vn -0.7908 -0.4414 -0.4240
vn -0.8139 -0.3414 -0.4701
vn -0.6731 -0.6172 -0.4075
vn -0.4729 -0.7475 -0.4665
vn -0.2833 -0.8493 -0.4455
vn -0.1737 -0.9640 -0.2012
vn 0.1437 -0.9861 0.0830
vn 0.3240 -0.9206 0.2181
vn 0.0256 -0.9780 0.2069
vn 0.2710 -0.8673 0.4175
vn -0.5591 -0.4758 0.6790
vn -0.5071 -0.1645 0.8460
vn -0.6762 -0.0829 0.7321
vn -0.5014 0.2284 0.8345
vn -0.6399 0.2114 0.7388
vn -0.7682 0.1185 0.6291
vn -0.7352 0.1950 0.6492
vn -0.4009 -0.0203 0.9159
vn -0.1343 -0.0260 0.9906
vn 0.4488 -0.4944 0.7444
vn 0.2224 -0.7590 0.6119
vn -0.0886 -0.8177 0.5688
vn -0.2882 -0.8686 0.4031
vn -0.6042 -0.7856 0.1335
vn -0.7420 -0.6485 0.1699
vn -0.5419 -0.8394 0.0419
vn -0.3160 -0.9481 -0.0354
vn -0.1517 -0.9883 0.0184
vn -0.1127 -0.9936 0.0124
vn -0.1694 -0.9685 0.1825
vn -0.3889 -0.8298 0.4002
vn -0.4253 -0.8974 0.1173
vn -0.6140 -0.7337 0.2911
vn -0.7720 -0.6256 0.1126
vn -0.6772 -0.7337 0.0552
vn -0.7014 -0.6649 0.2568
vn -0.7731 -0.6074 -0.1826
vn -0.6515 -0.7181 -0.2447
vn -0.7663 -0.4944 -0.4103
vn -0.7749 -0.3094 -0.5512
vn -0.8057 -0.3740 -0.4594
vn -0.8463 -0.4317 -0.3122
vn -0.8665 -0.3832 0.3198
vn -0.6356 -0.7612 0.1288
vn -0.8480 -0.1135 0.5177
vn -0.5394 -0.0287 0.8416
vn -0.5333 -0.3207 0.7828
vn -0.5813 -0.6504 0.4889
vn -0.4769 -0.8423 0.2512
vn -0.3515 -0.7338 0.5813
vn -0.4000 -0.8524 0.3368
vn -0.2083 -0.7590 0.6168
vn 0.0410 -0.6658 0.7450
vn -0.0263 -0.6852 0.7279
vn -0.0528 -0.6943 0.7177
vn -0.3510 -0.6664 0.6577
vn -0.2750 -0.5705 0.7739
vn -0.3599 -0.3518 0.8641
vn -0.2816 -0.4641 0.8398
vn -0.3901 -0.7777 0.4930
vn -0.4472 -0.7812 0.4356
vn -0.5436 -0.8239 0.1604
vn -0.4206 -0.5698 -0.7060
vn -0.5427 -0.6844 -0.4870
vn -0.6082 -0.5162 -0.6031
vn -0.8006 -0.5012 -0.3284
vn -0.8146 -0.4348 -0.3839
vn -0.8216 -0.3625 -0.4400
vn -0.8174 -0.4549 -0.3533
vn -0.4017 -0.7975 -0.4502
vn -0.3453 -0.8959 -0.2797
vn -0.1197 -0.9370 -0.3281
vn 0.0348 -0.9897 -0.1387
vn 0.3931 -0.9018 0.1797
vn 0.3769 -0.6961 0.6111
vn 0.0769 -0.8091 0.5826
vn 0.3430 -0.7969 0.4973
vn 0.1235 -0.7584 0.6400
vn -0.0618 -0.7391 0.6708
vn -0.2263 -0.7608 0.6083
vn -0.8270 -0.4475 0.3404
vn -0.4209 -0.8389 0.3451
vn -0.7486 -0.6459 0.1497
vn -0.6856 -0.7128 0.1479
vn -0.8506 -0.4800 0.2145
vn -0.6640 -0.6191 0.4193
vn -0.5861 -0.7575 0.2875
vn -0.6473 -0.4808 0.5914
vn -0.6986 -0.2257 0.6790
vn -0.7934 -0.1400 0.5924
vn -0.8857 -0.0036 0.4642
vn -0.8745 0.0853 0.4775
vn -0.7724 -0.1037 0.6266
vn -0.6186 -0.0738 0.7822
vn -0.6276 0.1126 0.7704
vn -0.6012 -0.3135 0.7351
vn -0.4901 -0.4962 0.7167
vn -0.1655 -0.5416 0.8242
vn -0.3338 -0.3982 0.8544
vn -0.7986 -0.4660 0.3808
vn -0.5637 -0.7964 0.2193
vn -0.3392 -0.9249 0.1717
vn -0.2575 -0.9388 0.2289
vn 0.0173 -0.9895 0.1437
vn 0.0516 -0.9448 0.3236
vn 0.0199 -0.8530 0.5215
vn -0.0618 -0.6801 0.7305
vn -0.0875 -0.7908 0.6057
vn -0.0534 -0.8956 0.4417
vn -0.5542 -0.5889 0.5883
vn -0.3579 -0.6729 0.6474
vn -0.6769 -0.6168 0.4017
vn -0.9075 -0.2103 -0.3635
vn -0.9269 -0.2766 -0.2538
vn -0.9820 -0.1344 -0.1325
vn -0.9919 -0.0159 0.1258
vn -0.6981 -0.1648 0.6968
vn -0.9807 -0.0884 0.1745
vn -0.9173 -0.1062 0.3839
vn -0.9942 0.1047 0.0262
vn -0.9946 -0.1035 -0.0050
vn -0.9111 -0.2849 0.2979
vn -0.9745 0.0292 0.2225
vn -0.7677 -0.4494 0.4569
vn -0.8460 -0.4843 0.2231
vn -0.8378 -0.1494 0.5251
vn -0.5864 -0.3962 0.7065
vn -0.3832 -0.1643 0.9090
vn -0.6223 -0.1306 0.7718
vn -0.2801 -0.3914 0.8766
vn -0.1034 -0.6507 0.7523
vn -0.1412 -0.5282 0.8373
vn -0.7626 -0.5050 0.4042
vn -0.4886 -0.4592 0.7419
vn -0.4332 -0.6600 0.6138
vn -0.7996 -0.5981 -0.0543
vn -0.8491 -0.4591 0.2613
vn -0.9428 -0.2795 0.1817
vn -0.9508 -0.2918 -0.1041
vn -0.8980 -0.3533 -0.2622
vn -0.7786 -0.6038 -0.1708
vn -0.8675 -0.4151 -0.2740
vn -0.7338 -0.6323 -0.2486
vn -0.6561 -0.7421 0.1371
vn -0.8262 -0.5580 0.0774
vn -0.7348 -0.6357 0.2364
vn -0.5492 -0.8030 0.2314
vn -0.4989 -0.6283 0.5969
vn -0.5539 -0.5846 0.5929
vn -0.4038 -0.2739 0.8729
vn -0.5168 -0.6042 0.6066
vn -0.7632 -0.2662 0.5888
vn -0.6027 -0.0186 0.7977
vn -0.6193 -0.3312 0.7118
vn -0.8839 0.0935 0.4582
vn -0.7653 0.0940 0.6367
vn -0.7410 0.0559 0.6692
vn -0.8943 0.1177 0.4317
vn -0.9578 0.1062 0.2672
vn -0.8714 -0.2477 0.4234
vn -0.8330 -0.3776 0.4044
vn -0.8112 -0.5815 0.0616
vn -0.7395 -0.6248 0.2504
vn -0.6062 -0.7952 0.0136
vn -0.5778 -0.8149 0.0463
vn -0.3605 -0.8191 0.4462
vn -0.3357 -0.7506 0.5691
vn -0.1341 -0.7108 0.6905
vn -0.2213 -0.6762 0.7027
vn 0.0064 -0.6158 0.7879
vn -0.2379 -0.5765 0.7817
vn -0.0518 -0.5310 0.8458
vn -0.1822 -0.2896 0.9396
vn -0.4943 -0.3720 0.7857
vn -0.5672 -0.8196 -0.0803
vn -0.5692 -0.7987 -0.1953
vn -0.5911 -0.7952 0.1352
vn -0.5928 -0.5203 -0.6147
vn -0.8716 -0.4656 -0.1533
vn -0.8682 -0.4073 -0.2835
vn -0.8977 -0.3997 -0.1853
vn -0.7430 -0.6392 -0.1984
vn -0.6183 -0.7834 -0.0639
vn -0.4793 -0.8388 -0.2583
vn -0.4230 -0.9059 0.0202
vn -0.3508 -0.8700 -0.3466
vn -0.3328 -0.9366 0.1099
vn -0.0824 -0.9809 0.1761
vn -0.0477 -0.9957 0.0794
vn 0.1597 -0.9855 0.0570
vn 0.3302 -0.9432 -0.0357
vn 0.4205 -0.9066 -0.0345
vn 0.3219 -0.9433 0.0811
vn 0.2174 -0.9746 -0.0544
vn 0.5265 -0.8447 0.0966
vn 0.4741 -0.8228 0.3133
vn 0.3785 -0.8837 0.2752
vn 0.4649 -0.8256 0.3198
vn 0.4790 -0.6586 0.5803
vn 0.4384 -0.7751 0.4550
vn 0.3718 -0.6633 0.6494
vn 0.4299 -0.7235 0.5401
vn 0.4781 -0.5569 0.6792
vn 0.3674 -0.5844 0.7235
vn 0.4073 -0.5485 0.7303
vn 0.4174 -0.6154 0.6686
vn 0.5209 -0.5622 0.6424
vn 0.6709 -0.5706 0.4736
vn 0.3328 -0.9076 0.2560
vn 0.5317 -0.8330 0.1533
vn 0.2755 -0.9377 0.2118
vn -0.0013 -0.9575 0.2884
vn 0.4159 -0.8428 0.3416
vn -0.0218 -0.9360 0.3512
vn -0.1313 -0.7242 0.6770
vn -0.4535 -0.5594 0.6939
vn -0.5037 -0.4670 0.7268
vn -0.5759 -0.4938 0.6516
vn -0.7108 -0.3922 0.5840
vn -0.6128 -0.4478 0.6511
vn -0.8599 -0.2870 0.4222
vn -0.7588 -0.3595 0.5432
vn -0.8866 -0.3222 0.3318
vn -0.9470 -0.2826 0.1529
vn -0.8648 -0.4636 0.1928
vn -0.9652 -0.1948 0.1744
vn -0.9012 -0.2822 0.3288
vn -0.7763 -0.5130 0.3663
vn -0.7422 -0.3846 0.5489
vn -0.5476 -0.5583 0.6232
vn -0.3056 -0.5649 0.7665
vn -0.3540 -0.6414 0.6807
vn 0.2352 -0.6558 0.7174
vn 0.2233 -0.4523 0.8635
vn -0.0315 -0.6081 0.7932
vn 0.4372 -0.6742 0.5952
vn 0.4957 -0.5012 0.7092
vn 0.5517 -0.6427 0.5316
vn 0.3780 -0.7931 0.4776
vn -0.0287 -0.5294 0.8479
vn -0.3125 -0.4994 0.8080
vn -0.5864 -0.3763 0.7173
vn -0.4941 -0.5199 0.6968
vn -0.6585 -0.5488 0.5150
vn -0.6437 -0.2252 0.7314
vn -0.8514 -0.0882 0.5171
vn -0.8514 0.2126 0.4796
vn -0.9225 -0.0489 0.3830
vn -0.7623 0.1128 0.6373
vn -0.8311 0.1389 0.5385
vn -0.8634 0.3868 0.3240
vn -0.9072 0.3969 0.1395
vn -0.3316 0.9147 -0.2311
vn -0.8789 0.3239 0.3502
vn -0.7733 -0.4399 0.4566
vn -0.8138 0.1495 0.5616
vn -0.8066 -0.4616 0.3692
vn -0.8173 -0.0852 0.5699
vn -0.8782 -0.1576 0.4515
vn -0.9595 0.0528 -0.2769
vn -0.9415 -0.0989 -0.3220
vn -0.8510 -0.5229 -0.0496
vn -0.8936 -0.4002 -0.2031
vn -0.9691 -0.1065 -0.2227
vn -0.9914 -0.1281 -0.0253
vn -0.9391 -0.3374 -0.0646
vn -0.9696 -0.0871 -0.2287
vn -0.9850 -0.1389 -0.1028
vn -0.8004 -0.5428 -0.2543
vn -0.9788 -0.1967 0.0574
vn -0.8837 -0.3978 0.2465
vn -0.6900 -0.6814 -0.2442
vn -0.3427 -0.9339 -0.1014
vn -0.4273 -0.8784 0.2141
vn -0.5771 -0.7193 0.3867
vn -0.8049 -0.5735 0.1526
vn -0.8519 -0.2392 0.4658
vn -0.9123 -0.1859 0.3650
vn -0.9650 -0.1659 0.2033
vn -0.9392 -0.3328 0.0852
vn -0.7195 -0.6932 0.0423
vn -0.7406 -0.6642 -0.1012
vn -0.5309 -0.7223 -0.4432
vn -0.7085 -0.7027 0.0648
vn -0.3268 -0.6317 -0.7030
vn -0.3264 -0.6108 -0.7213
vn -0.4232 -0.7345 -0.5306
vn -0.2680 -0.5352 -0.8011
vn -0.5130 -0.5351 -0.6711
vn -0.3724 -0.6471 -0.6653
vn -0.5302 -0.6209 -0.5773
vn -0.7591 -0.5314 -0.3760
vn -0.6502 -0.6299 -0.4248
vn -0.7155 -0.6372 -0.2862
vn -0.8032 -0.5875 -0.0992
vn -0.8596 -0.4636 -0.2150
vn -0.5022 -0.8606 0.0844
vn 0.0538 -0.9003 -0.4319
vn 0.5109 -0.8468 -0.1478
vn 0.7683 -0.6175 -0.1688
vn 0.7368 -0.6591 -0.1506
vn 0.6051 -0.7868 0.1219
vn 0.7535 -0.6549 0.0580
vn 0.5929 -0.6961 0.4049
vn 0.5692 -0.7641 0.3036
vn 0.3748 -0.6702 0.6406
vn 0.4343 -0.7876 0.4371
vn 0.2795 -0.5129 0.8117
vn 0.4511 -0.4474 0.7722
vn 0.4773 -0.3447 0.8083
vn 0.4810 -0.3760 0.7920
vn 0.4935 -0.4341 0.7537
vn 0.6142 -0.6564 0.4381
vn 0.5220 -0.7253 0.4489
vn 0.7561 -0.5639 0.3323
vn 0.5694 -0.7353 0.3677
vn 0.6617 -0.7218 0.2031
vn 0.4944 -0.8369 0.2351
vn 0.6781 -0.6881 0.2583
vn 0.3343 -0.7232 0.6043
vn -0.0688 -0.6948 0.7159
vn -0.0023 -0.6903 0.7235
vn -0.2791 -0.6089 0.7425
vn -0.2477 -0.5095 0.8241
vn -0.3178 -0.2982 0.9000
vn -0.4669 -0.3504 0.8119
vn -0.4996 -0.4037 0.7664
vn -0.6496 -0.3055 0.6962
vn -0.7850 -0.2929 0.5459
vn -0.6682 -0.2121 0.7131
vn -0.7691 -0.3722 0.5196
vn -0.6061 -0.6664 0.4343
vn -0.6086 -0.7586 0.2329
vn -0.4066 -0.7905 0.4580
vn -0.2041 -0.8145 0.5431
vn -0.1057 -0.7036 0.7027
vn 0.2441 -0.8034 0.5431
vn 0.4683 -0.7670 0.4387
vn 0.3367 -0.8759 0.3457
vn 0.3923 -0.8099 0.4360
vn 0.0956 -0.6532 0.7511
vn 0.2341 -0.7210 0.6522
vn -0.0760 -0.3103 0.9476
vn -0.2679 -0.0904 0.9592
vn -0.2120 -0.3577 0.9095
vn -0.4291 -0.1412 0.8921
vn -0.5594 0.0512 0.8273
vn -0.9165 0.1708 0.3617
vn -0.8595 0.2134 0.4644
vn -0.8306 -0.0057 0.5568
vn -0.8524 0.1254 0.5077
vn -0.6236 0.6026 0.4980
vn -0.6562 0.7156 0.2393
vn -0.6178 0.7801 0.0992
vn -0.8351 0.5496 0.0248
vn -0.8184 0.5605 0.1272
vn -0.8224 0.4805 0.3045
vn -0.9034 0.4276 -0.0313
vn -0.9513 0.0742 0.2992
vn -0.9936 0.0925 0.0641
vn -0.7802 0.2636 0.5674
vn -0.6176 0.5661 0.5460
vn -0.7858 0.6117 0.0915
vn -0.6573 0.6998 0.2798
vn -0.9371 0.3440 0.0597
vn -0.9595 0.2710 -0.0774
vn -0.9452 0.3258 -0.0218
vn -0.8894 0.1633 -0.4270
vn -0.7194 0.5426 -0.4336
vn -0.8929 0.0147 -0.4500
vn -0.9368 -0.0870 -0.3388
vn -0.7775 0.2225 -0.5882
vn -0.6954 0.2122 -0.6866
vn -0.6121 0.3149 -0.7253
vn -0.6639 0.2706 -0.6972
vn -0.3390 0.2685 -0.9016
vn -0.5521 0.3100 -0.7740
vn -0.4165 0.4501 -0.7899
vn -0.4102 0.3755 -0.8311
vn -0.2400 0.2725 -0.9317
vn -0.2544 -0.1681 -0.9524
vn -0.4695 -0.2401 -0.8496
vn -0.3458 0.0555 -0.9367
vn -0.4799 -0.3269 -0.8141
vn -0.3992 -0.4874 -0.7766
vn -0.4722 -0.8814 0.0089
vn -0.4914 -0.8244 -0.2809
vn -0.4988 -0.8375 -0.2231
vn -0.6016 -0.7909 0.1121
vn -0.5801 -0.7795 -0.2365
vn -0.7239 -0.6885 -0.0442
vn -0.8558 -0.5132 0.0647
vn -0.7629 -0.6349 0.1220
vn -0.8841 -0.4602 -0.0810
vn -0.8182 -0.5372 -0.2049
vn -0.6779 -0.7029 -0.2154
vn -0.5245 -0.7666 -0.3705
vn -0.4277 -0.9020 -0.0591
vn -0.2982 -0.8653 -0.4029
vn -0.5819 -0.6510 -0.4874
vn -0.3221 -0.7166 -0.6186
vn -0.0002 -0.7254 -0.6883
vn 0.3031 -0.6793 -0.6683
vn 0.1793 -0.8181 -0.5463
vn 0.4319 -0.7828 -0.4480
vn 0.5960 -0.7121 -0.3710
vn 0.5325 -0.8274 -0.1784
vn 0.6457 -0.7210 -0.2513
vn 0.5429 -0.8233 -0.1658
vn 0.7785 -0.6065 -0.1614
vn 0.6941 -0.6772 -0.2443
vn 0.9244 -0.3630 -0.1173
vn 0.9069 -0.3980 -0.1387
vn 0.9046 -0.4128 -0.1061
vn 0.8430 -0.3146 -0.4364
vn 0.8419 -0.3543 -0.4071
vn 0.8495 -0.3368 -0.4060
vn 0.7544 -0.3898 -0.5281
vn 0.7989 -0.5070 -0.3235
vn 0.8573 -0.3970 -0.3279
vn 0.8788 -0.4038 -0.2542
vn 0.6275 -0.7536 0.1958
vn 0.4518 -0.6129 0.6482
vn 0.2472 -0.5238 0.8152
vn 0.7648 -0.4960 0.4112
vn 0.7524 -0.4931 0.4368
vn 0.7599 -0.5273 0.3800
vn 0.7087 -0.5886 0.3890
vn 0.6044 -0.7361 0.3047
vn 0.4643 -0.7136 0.5246
vn 0.5035 -0.8139 0.2899
vn 0.3850 -0.6047 0.6972
vn 0.4435 -0.6214 0.6458
vn 0.4021 -0.6408 0.6539
vn 0.3653 -0.5192 0.7726
vn -0.0245 0.2294 0.9730
vn -0.0145 0.4692 0.8830
vn -0.0025 0.3396 0.9406
vn -0.1452 0.0974 0.9846
vn -0.2085 0.1103 0.9718
vn -0.3613 -0.0728 0.9296
vn -0.2900 -0.1111 0.9506
vn -0.4931 -0.1102 0.8630
vn -0.2989 -0.3226 0.8981
vn -0.5419 -0.3023 0.7842
vn -0.4151 -0.4630 0.7831
vn -0.4221 -0.6425 0.6395
vn -0.4946 -0.4874 0.7195
vn -0.5304 -0.6903 0.4920
vn -0.2470 -0.8154 0.5236
vn -0.3536 -0.9084 0.2233
vn -0.4157 -0.7918 0.4474
vn 0.2272 -0.9033 0.3640
vn -0.1602 -0.9514 0.2631
vn -0.0370 -0.7863 0.6167
vn 0.2167 -0.7976 0.5630
vn -0.3082 -0.5074 0.8047
vn -0.1963 -0.3359 0.9212
vn -0.0656 -0.5503 0.8324
vn -0.2892 -0.1009 0.9520
vn -0.3352 0.1840 0.9240
vn -0.3986 0.3736 0.8375
vn -0.4088 0.1164 0.9052
vn -0.3828 0.1964 0.9027
vn -0.2703 0.3305 0.9043
vn -0.4026 0.3210 0.8572
vn -0.2178 0.6500 0.7281
vn -0.3845 0.6398 0.6654
vn -0.3368 0.5507 0.7637
vn -0.3577 0.7173 0.5979
vn -0.4368 0.5475 0.7137
vn -0.3009 0.6164 0.7277
vn -0.4882 0.7613 0.4267
vn -0.3779 0.8914 0.2504
vn -0.3788 0.8905 0.2521
vn -0.4134 0.9080 0.0690
vn -0.3384 0.9402 0.0399
vn -0.3638 0.9310 0.0289
vn -0.6954 0.5631 0.4466
vn -0.6139 0.6012 0.5115
vn -0.7710 0.6358 -0.0365
vn -0.8298 0.4447 -0.3371
vn -0.8792 0.4004 -0.2584
vn -0.8827 0.2528 -0.3962
vn -0.6553 0.3799 -0.6529
vn -0.5449 0.4996 -0.6734
vn -0.3401 0.4496 -0.8259
vn -0.2130 0.4269 -0.8788
vn -0.1287 0.2758 -0.9525
vn 0.2522 0.5145 -0.8195
vn 0.2314 0.2223 -0.9471
vn 0.4329 0.3166 -0.8440
vn -0.1390 0.4375 -0.8884
vn -0.6159 0.3692 -0.6960
vn -0.5901 0.4941 -0.6385
vn -0.6004 0.6171 -0.5087
vn -0.5775 0.6819 -0.4489
vn -0.5017 0.7337 -0.4583
vn -0.2654 0.8312 -0.4885
vn -0.3275 0.6939 -0.6413
vn -0.2827 0.6671 -0.6893
vn 0.0363 0.6204 -0.7835
vn -0.1169 0.9143 -0.3877
vn 0.0726 0.9777 -0.1972
vn 0.0938 0.8012 -0.5911
vn 0.0201 0.7311 -0.6820
vn 0.3433 0.3507 -0.8713
vn 0.4294 0.2455 -0.8691
vn 0.2178 0.2160 -0.9518
vn 0.3378 0.0413 -0.9403
vn 0.1874 -0.0586 -0.9805
vn 0.1799 -0.1309 -0.9749
vn 0.2011 0.0069 -0.9795
vn -0.0341 0.7428 -0.6686
vn 0.1480 0.7567 -0.6367
vn 0.0172 0.6713 -0.7410
vn 0.1259 0.7854 -0.6060
vn 0.1039 0.7680 -0.6319
vn 0.2277 0.7438 -0.6284
vn 0.2476 0.8426 -0.4782
vn 0.2013 0.7678 -0.6082
vn 0.3759 0.7215 -0.5816
vn 0.2584 0.5050 -0.8236
vn 0.1694 0.1418 -0.9753
vn 0.1288 -0.0330 -0.9911
vn 0.1428 0.0064 -0.9897
vn 0.2073 0.0909 -0.9741
vn 0.1526 0.0249 -0.9880
vn 0.1602 0.0738 -0.9843
vn 0.3187 -0.1932 -0.9280
vn 0.1860 -0.3265 -0.9267
vn 0.2379 -0.0222 -0.9710
vn 0.1160 0.0723 -0.9906
vn 0.1144 -0.5154 -0.8493
vn 0.0789 -0.3318 -0.9400
vn 0.2849 -0.6142 -0.7359
vn 0.2332 -0.5453 -0.8052
vn 0.6242 -0.7171 -0.3100
vn 0.5237 -0.7194 -0.4562
vn 0.7077 -0.6655 -0.2371
vn 0.6741 -0.7080 -0.2105
vn 0.7046 -0.6675 -0.2407
vn 0.7624 -0.6289 -0.1523
vn 0.8775 -0.4414 0.1876
vn 0.8244 -0.5610 -0.0743
vn 0.8444 -0.3877 -0.3697
vn 0.6631 -0.6435 -0.3824
vn 0.6231 -0.7329 -0.2731
vn 0.4469 -0.7651 -0.4635
vn 0.3953 -0.4862 -0.7793
vn 0.6306 -0.4569 -0.6274
vn 0.4439 -0.6357 -0.6315
vn 0.9039 -0.2719 -0.3301
vn 0.8089 -0.5226 -0.2695
vn 0.4065 -0.7348 0.5430
vn 0.2242 -0.5490 0.8052
vn 0.2569 -0.4573 0.8514
vn 0.2071 -0.4811 0.8519
vn 0.5028 -0.6198 0.6025
vn 0.3490 -0.5601 0.7513
vn 0.6284 -0.6597 0.4122
vn 0.7720 -0.5851 0.2484
vn 0.6903 -0.6770 0.2551
vn 0.5884 -0.1265 0.7986
vn 0.5976 0.1079 0.7945
vn 0.5378 0.2758 0.7967
vn 0.5356 0.4472 0.7164
vn 0.5182 0.4271 0.7410
vn 0.3390 0.3286 0.8815
vn 0.2334 0.2143 0.9485
vn 0.3203 0.1993 0.9261
vn 0.4063 0.5007 0.7643
vn 0.3893 0.6925 0.6074
vn 0.4970 0.6391 0.5870
vn 0.3350 0.7444 0.5776
vn 0.3685 0.5540 0.7466
vn 0.3611 0.7897 0.4959
vn 0.0155 0.8784 0.4777
vn -0.1629 0.8413 0.5155
vn -0.0799 0.7321 0.6765
vn -0.1975 0.8605 0.4697
vn -0.3133 0.9096 0.2730
vn -0.2779 0.9193 0.2787
vn -0.5308 0.8421 0.0956
vn -0.2234 0.9691 0.1043
vn -0.3913 0.9186 -0.0557
vn -0.1551 0.9821 0.1068
vn -0.2231 0.9742 -0.0348
vn -0.3166 0.9480 0.0335
vn -0.5092 0.8578 -0.0698
vn -0.2562 0.8985 0.3565
vn -0.4492 0.8823 0.1404
vn -0.2572 0.9557 0.1433
vn -0.4504 0.8197 0.3538
vn -0.4829 0.8449 0.2302
vn -0.0682 0.9880 -0.1387
vn -0.4982 0.8321 -0.2437
vn -0.1501 0.9786 -0.1405
vn 0.0272 0.9835 -0.1788
vn 0.4175 0.8480 0.3265
vn 0.5711 0.8113 0.1246
vn 0.4544 0.8906 -0.0195
vn 0.5158 0.8183 0.2536
vn 0.3688 0.7800 0.5056
vn 0.2624 0.9477 0.1819
vn 0.1418 0.7831 0.6055
vn -0.1635 0.8600 0.4834
vn -0.0507 0.8632 0.5024
vn 0.2022 0.8152 0.5428
vn 0.1038 0.9731 0.2055
vn -0.1983 0.9718 0.1273
vn -0.5451 0.8371 -0.0452
vn -0.5579 0.6277 -0.5429
vn -0.3798 0.8847 -0.2702
vn -0.6059 0.7541 -0.2535
vn -0.5173 0.8487 -0.1096
vn -0.7136 0.6935 -0.0989
vn -0.7274 0.6547 -0.2053
vn -0.6288 0.7532 -0.1932
vn -0.7315 0.6808 0.0368
vn -0.4977 0.8583 -0.1249
vn -0.5443 0.8368 -0.0589
vn -0.3376 0.8990 0.2792
vn -0.5492 0.8084 0.2121
vn -0.4189 0.7581 0.4998
vn -0.5935 0.7629 0.2562
vn -0.4445 0.7677 0.4615
vn -0.5435 0.7779 0.3154
vn -0.3149 0.9293 0.1930
vn -0.6288 0.7511 0.2011
vn -0.4653 0.8733 -0.1445
vn -0.3000 0.9444 -0.1343
vn -0.4232 0.8984 -0.1174
vn 0.0980 0.8435 -0.5281
vn -0.0717 0.8664 -0.4941
vn 0.0991 0.6761 -0.7302
vn 0.2601 0.9429 -0.2081
vn 0.3386 0.8118 -0.4758
vn 0.0752 0.8809 -0.4673
vn 0.5135 0.7944 -0.3243
vn 0.5235 0.7491 -0.4060
vn 0.5123 0.7381 -0.4391
vn 0.4123 0.6215 -0.6662
vn 0.4657 0.6769 -0.5701
vn 0.2837 0.3152 -0.9056
vn 0.2933 0.3274 -0.8982
vn 0.1021 0.1918 -0.9761
vn 0.0646 0.0311 -0.9974
vn -0.3277 0.2730 -0.9045
vn -0.3501 0.1605 -0.9228
vn -0.2850 0.1509 -0.9466
vn -0.3947 0.3974 -0.8284
vn -0.2062 0.2939 -0.9333
vn -0.4666 0.6113 -0.6392
vn -0.3028 0.6308 -0.7144
vn -0.4884 0.4928 -0.7201
vn -0.2233 0.6481 -0.7280
vn -0.4809 0.8745 -0.0641
vn -0.2895 0.7424 -0.6042
vn -0.0081 0.5117 -0.8591
vn 0.1619 0.5216 -0.8377
vn -0.0943 0.7140 -0.6937
vn 0.2101 0.2433 -0.9469
vn 0.2599 0.6032 -0.7540
vn 0.2399 -0.0438 -0.9698
vn 0.3984 -0.2791 -0.8737
vn 0.5100 -0.3414 -0.7895
vn 0.3714 -0.2328 -0.8988
vn 0.6358 -0.5779 -0.5117
vn 0.5467 -0.7039 -0.4536
vn 0.6364 -0.7285 -0.2536
vn 0.6764 -0.6964 -0.2398
vn 0.7016 -0.6895 -0.1799
vn 0.7954 -0.6035 -0.0564
vn 0.8401 -0.5119 0.1794
vn 0.8535 -0.4491 0.2644
vn 0.8327 -0.5375 0.1332
vn 0.8559 -0.4916 0.1605
vn 0.8323 -0.4672 0.2983
vn 0.8673 -0.4296 0.2515
vn 0.7242 -0.6878 -0.0493
vn 0.6773 -0.7335 -0.0564
vn 0.6452 -0.7297 -0.2264
vn 0.6036 -0.7222 -0.3378
vn 0.5320 -0.7808 -0.3276
vn 0.3112 -0.6815 -0.6624
vn 0.6404 -0.5997 -0.4798
vn 0.6198 -0.4007 -0.6748
vn 0.2727 -0.9475 -0.1670
vn 0.5375 -0.8416 -0.0531
vn 0.2156 -0.8972 0.3855
vn 0.0786 -0.6675 0.7404
vn 0.1022 -0.5748 0.8119
vn 0.1231 -0.7357 0.6660
vn 0.3232 -0.7776 0.5393
vn 0.4073 -0.7585 0.5087
vn 0.3429 -0.8085 0.4783
vn 0.3939 -0.8217 0.4120
vn 0.5021 -0.7351 0.4556
vn 0.7288 -0.6491 0.2180
vn 0.8222 -0.5288 0.2106
vn 0.5637 -0.7607 0.3218
vn 0.6732 -0.7339 0.0902
vn 0.6710 -0.7221 0.1681
vn 0.7286 -0.6813 0.0699
vn 0.6838 -0.7255 0.0781
vn 0.5586 -0.7864 0.2639
vn 0.5540 -0.8276 0.0905
vn 0.5041 -0.8582 0.0967
vn 0.4270 -0.8884 0.1686
vn 0.4652 -0.7567 0.4593
vn 0.3849 -0.7103 0.5893
vn 0.4406 -0.5252 0.7280
vn 0.2955 -0.7998 0.5225
vn 0.3622 -0.6086 0.7060
vn -0.1049 -0.9677 0.2293
vn 0.2604 -0.8665 0.4259
vn 0.2456 -0.8147 0.5254
vn 0.3768 -0.7265 0.5746
vn 0.7884 -0.4183 0.4511
vn 0.9218 -0.1232 0.3676
vn 0.8532 -0.4936 0.1684
vn 0.6394 -0.4549 0.6199
vn 0.8277 -0.2124 0.5194
vn 0.7709 0.1059 0.6281
vn 0.8280 0.3300 0.4534
vn 0.6745 0.3194 0.6656
vn 0.6571 0.5989 0.4578
vn 0.6779 0.5633 0.4724
vn 0.6845 0.6110 0.3976
vn 0.6434 0.5242 0.5579
vn 0.8178 0.5217 0.2430
vn 0.8542 0.4603 0.2417
vn 0.6133 0.6353 0.4692
vn 0.7304 0.6158 0.2954
vn 0.4839 0.7975 0.3604
vn 0.3368 0.9116 0.2357
vn 0.1837 0.8549 0.4851
vn -0.0452 0.9669 0.2510
vn 0.6143 0.7598 0.2127
vn 0.5395 0.8312 0.1346
vn 0.7381 0.6672 0.1007
vn 0.7712 0.6319 0.0767
vn 0.7793 0.6178 0.1050
vn 0.7245 0.6493 0.2314
vn 0.6915 0.6985 0.1841
vn 0.6861 0.6979 0.2055
vn 0.6422 0.7662 -0.0236
vn 0.7584 0.6473 0.0760
vn 0.7659 0.5936 0.2471
vn 0.5921 0.8050 -0.0389
vn 0.2719 0.7999 -0.5349
vn 0.3569 0.7126 -0.6040
vn -0.0128 0.7503 -0.6610
vn 0.2135 0.9263 -0.3105
vn -0.1382 0.7552 -0.6408
vn 0.2763 0.9093 -0.3112
vn 0.2412 0.7513 -0.6143
vn -0.1090 0.6985 -0.7072
vn 0.5148 0.7838 -0.3474
vn 0.1267 0.4240 -0.8968
vn 0.1513 0.3102 -0.9386
vn -0.1346 0.4247 -0.8953
vn -0.0675 0.3530 -0.9332
vn 0.3126 0.1144 -0.9430
vn 0.2636 0.0559 -0.9630
vn 0.7029 -0.3594 -0.6138
vn 0.5501 -0.1108 -0.8277
vn 0.5119 -0.0629 -0.8567
vn 0.6955 -0.4035 -0.5945
vn 0.4760 -0.1701 -0.8628
vn 0.5015 -0.3824 -0.7760
vn 0.7170 -0.6658 -0.2064
vn 0.8048 -0.5925 -0.0348
vn 0.7194 -0.5911 0.3648
vn 0.7483 -0.6324 0.2003
vn 0.6424 -0.7247 0.2493
vn 0.5780 -0.7884 -0.2107
vn 0.2928 -0.8491 -0.4397
vn 0.2786 -0.8088 -0.5180
vn 0.1505 -0.7404 -0.6551
vn 0.2385 -0.5484 -0.8015
vn 0.4321 -0.7658 -0.4762
vn 0.4042 -0.8381 -0.3664
vn 0.2746 -0.9378 -0.2123
vn 0.3831 -0.7357 -0.5585
vn -0.0762 -0.9569 0.2801
vn -0.2249 -0.8919 0.3923
vn -0.3066 -0.7719 0.5569
vn -0.0806 -0.7466 0.6604
vn -0.2765 -0.7294 0.6257
vn -0.0662 -0.8838 0.4632
vn -0.3448 -0.7756 0.5288
vn -0.3181 -0.8810 0.3503
vn 0.2128 -0.8806 0.4234
vn 0.2615 -0.8392 0.4768
vn 0.4965 -0.8482 0.1847
vn 0.3474 -0.8377 0.4214
vn 0.2253 -0.9332 0.2799
vn -0.1301 -0.8805 0.4558
vn -0.1082 -0.9574 0.2679
vn 0.2799 -0.3563 0.8914
vn 0.7103 0.1397 0.6899
vn 0.8381 -0.2884 0.4631
vn 0.9442 -0.0069 0.3294
vn 0.9445 -0.2777 0.1756
vn 0.9489 -0.3006 -0.0960
vn 0.8666 -0.4593 0.1953
vn 0.9530 -0.2181 -0.2105
vn 0.9980 0.0604 0.0161
vn 0.9791 -0.2035 0.0045
vn 0.9620 0.0985 0.2546
vn 0.8301 0.5244 0.1896
vn 0.4452 0.8945 -0.0406
vn 0.9438 0.3288 -0.0321
vn 0.5159 0.7955 0.3177
vn 0.3242 0.9455 -0.0307
vn 0.6949 0.6742 0.2500
vn 0.4909 0.8662 -0.0933
vn 0.3598 0.9167 0.1737
vn 0.5178 0.8248 -0.2272
vn 0.3827 0.8857 -0.2629
vn 0.2946 0.9365 0.1901
vn 0.3289 0.9441 -0.0237
vn 0.3513 0.9157 0.1949
vn 0.6631 0.6637 0.3461
vn 0.4940 0.6693 0.5549
vn 0.6999 0.4924 0.5174
vn 0.9700 0.1205 0.2113
vn 0.9280 0.3406 0.1512
vn 0.8477 0.3105 0.4301
vn 0.9780 0.0545 -0.2013
vn 0.9601 0.2073 -0.1875
vn 0.9830 0.1832 -0.0156
vn 0.8791 0.0076 -0.4766
vn 0.6972 -0.1337 -0.7043
vn 0.6803 -0.4168 -0.6028
vn 0.5398 -0.1575 -0.8269
vn 0.6427 -0.7010 -0.3090
vn 0.5668 -0.3967 -0.7220
vn 0.7498 -0.6334 -0.1911
vn 0.7965 -0.5343 -0.2832
vn 0.7688 -0.5573 -0.3135
vn 0.7769 -0.6295 0.0113
vn 0.7418 -0.5987 -0.3019
vn 0.6866 -0.7101 0.1557
vn 0.7553 -0.6105 0.2385
vn 0.3953 -0.9130 0.1006
vn 0.1791 -0.9764 -0.1205
vn 0.4160 -0.8944 0.1644
vn 0.2265 -0.9172 -0.3279
vn 0.4318 -0.8983 -0.0811
vn 0.1191 -0.7991 -0.5893
vn 0.0792 -0.8107 -0.5800
vn 0.3620 -0.7415 -0.5649
vn 0.5392 -0.7508 -0.3816
vn -0.0121 -0.7212 -0.6926
vn 0.5635 -0.8076 -0.1738
vn 0.7675 -0.6344 -0.0921
vn 0.9287 -0.3551 0.1070
vn 0.9317 -0.2385 0.2741
vn 0.9411 0.0195 0.3375
vn 0.9023 -0.2269 0.3667
vn 0.0120 -0.6754 0.7373
vn 0.1841 -0.2492 0.9508
vn 0.6748 -0.0348 0.7372
vn 0.9055 0.1654 0.3907
vn 0.9728 0.0211 0.2306
vn 0.9821 -0.1840 0.0416
vn 0.9940 -0.0815 -0.0724
vn 0.8124 0.2560 0.5239
vn 0.9111 0.0861 0.4031
vn 0.7643 0.6445 -0.0215
vn 0.8319 0.5531 0.0450
vn 0.6077 0.7938 -0.0231
vn 0.5331 0.8248 0.1883
vn 0.7238 0.5553 0.4095
vn 0.8224 0.4440 0.3555
vn 0.8938 0.2688 0.3591
vn 0.9499 -0.2545 -0.1816
vn 0.9361 -0.3362 -0.1038
vn 0.7644 -0.5974 -0.2426
vn 0.6110 -0.7520 -0.2473
vn 0.3454 -0.9120 -0.2212
vn 0.5093 -0.8591 -0.0509
vn 0.5669 -0.8230 0.0359
vn 0.5487 -0.8002 0.2422
vn 0.6018 -0.7986 0.0118
vn 0.1530 -0.9377 -0.3121
vn 0.1532 -0.9710 -0.1838
vn 0.1781 -0.8220 -0.5409
vn 0.0657 -0.8814 -0.4678
vn 0.2749 -0.8909 -0.3616
vn 0.4871 -0.7390 -0.4654
vn 0.7562 -0.5691 -0.3229
vn 0.9603 -0.2524 -0.1185
vn 0.9706 0.0074 0.2405
vn 0.9408 -0.0295 0.3377
vn 0.6148 0.3903 0.6853
vn 0.4723 0.4430 0.7620
vn 0.7904 -0.0904 0.6058
vn 0.3507 0.3934 0.8499
vn 0.5361 -0.1565 0.8295
vn 0.4077 0.2828 0.8682
vn 0.7002 0.4190 0.5781
vn 0.9282 0.2720 0.2538
vn 0.9848 0.0434 0.1683
vn 0.9856 -0.1656 -0.0350
vn 0.9867 -0.1140 0.1160
vn 0.9394 -0.2101 0.2707
vn 0.9616 -0.0663 0.2663
vn 0.8334 -0.1176 0.5400
vn 0.8049 -0.1105 0.5831
vn 0.9210 0.1359 0.3652
vn 0.7862 0.3560 0.5052
vn 0.8932 0.1735 0.4148
vn 0.9399 -0.3279 -0.0953
vn 0.9499 -0.2221 -0.2200
vn 0.7562 -0.5782 -0.3064
vn 0.5251 -0.7981 -0.2954
vn 0.9887 -0.0138 0.1492
vn 0.9900 0.0616 0.1269
vn 0.7373 0.4097 0.5372
vn 0.8659 0.2041 0.4567
vn 0.9074 0.1467 0.3939
vn 0.4599 0.6036 0.6513
vn 0.8598 0.3517 0.3703
vn 0.9615 0.1404 0.2363
vn 0.9222 -0.1138 0.3696
vn 0.7924 -0.2738 0.5451
vn 0.8846 -0.2999 0.3571
vn 0.7395 -0.2218 0.6355
vn 0.7012 -0.1652 0.6935
vn 0.6846 0.0644 0.7260
vn 0.7004 0.4309 0.5690
vn 0.7046 0.3375 0.6243
vn 0.5885 0.3221 0.7416
vn 0.5835 0.4231 0.6932
vn 0.4907 0.5204 0.6988
vn 0.4312 0.5511 0.7144
vn 0.8399 0.1522 0.5209
vn 0.7033 0.0563 0.7087
vn 0.5959 0.3059 0.7425
vn 0.8276 0.2340 0.5102
vn 0.6975 0.6231 0.3539
vn 0.0226 -0.7706 0.6369
vn 0.3050 -0.6016 0.7383
vn -0.0008 -0.8875 0.4609
vn -0.1490 -0.8590 0.4898
vn -0.3825 -0.8633 0.3294
vn -0.3194 -0.8326 0.4526
vn -0.2824 -0.9105 0.3021
vn 0.3271 -0.9029 0.2791
vn 0.1336 -0.9576 0.2551
vn -0.0730 -0.9441 0.3213
vn -0.1150 -0.9821 0.1489
vn -0.1651 -0.9693 0.1821
vn -0.0964 -0.9240 0.3701
vn -0.1301 -0.8519 0.5072
vn -0.0130 -0.9031 0.4292
vn 0.2122 -0.9401 0.2667
vn 0.3967 -0.8436 0.3618
vn 0.4009 -0.9149 -0.0482
vn 0.0735 -0.9919 0.1036
vn 0.2659 0.0288 -0.9636
vn 0.8554 0.1916 -0.4812
vn 0.8708 0.4824 -0.0953
vn 0.6022 0.7785 -0.1768
vn 0.6487 0.6912 -0.3184
vn 0.3353 0.8410 -0.4246
vn 0.5915 0.4717 -0.6539
vn 0.2526 0.8434 -0.4741
vn 0.6566 0.3149 -0.6854
vn 0.4188 0.2920 -0.8599
vn 0.2328 0.8117 -0.5357
vn 0.4030 0.8175 -0.4114
vn 0.4811 0.8648 0.1439
vn 0.4535 0.7233 0.5207
vn 0.5727 0.7045 0.4192
vn 0.5863 0.5380 0.6057
vn 0.6983 0.4066 0.5891
vn 0.8046 0.4661 0.3679
vn 0.3088 0.8226 0.4774
vn 0.2955 0.7692 0.5666
vn 0.4954 0.7019 0.5118
vn 0.5753 0.6988 0.4251
vn 0.5246 0.8256 0.2075
vn 0.5665 0.7925 0.2258
vn 0.5197 0.8543 -0.0083
vn 0.4212 0.8814 -0.2138
vn 0.4054 0.8973 -0.1748
vn 0.3195 0.9400 -0.1194
vn 0.1697 0.9833 -0.0655
vn 0.1523 0.9766 -0.1518
vn 0.7001 0.7135 -0.0285
vn 0.5475 0.8341 0.0667
vn 0.6891 0.6470 0.3264
vn 0.7116 0.4715 0.5208
vn 0.7674 0.6380 0.0630
vn 0.9318 0.3408 0.1252
vn 0.9938 0.1088 -0.0206
vn 0.9614 0.2735 0.0307
vn 0.8169 0.5705 0.0850
vn 0.7904 0.5982 0.1318
vn 0.6598 0.7173 0.2240
vn 0.7941 0.5863 0.1604
vn 0.8126 0.3218 0.4860
vn 0.7810 0.4757 0.4046
vn 0.8893 0.3698 0.2691
vn 0.9018 0.1204 0.4150
vn 0.8134 0.4995 0.2982
vn 0.8451 0.4886 0.2168
vn 0.8474 0.2402 0.4735
vn 0.7221 0.1974 0.6630
vn 0.6657 0.4365 0.6052
vn 0.3621 0.7947 0.4872
vn 0.4259 0.7291 0.5357
vn 0.2668 0.6820 0.6810
vn 0.1727 0.6711 0.7209
vn 0.2607 0.6063 0.7513
vn 0.2465 0.5930 0.7666
vn 0.7291 0.6844 0.0115
vn 0.6613 0.7361 0.1447
vn 0.5124 0.8116 0.2806
vn 0.6441 0.7322 0.2214
vn 0.8752 0.4712 0.1097
vn 0.8845 0.4651 0.0355
vn 0.9458 0.2048 0.2520
vn 0.9510 0.3064 -0.0410
vn 0.9875 0.0909 0.1286
vn 0.9926 0.1180 -0.0303
vn 0.9271 0.0167 0.3744
vn 0.7834 0.1779 0.5956
vn 0.5433 0.1858 0.8187
vn 0.4373 0.3448 0.8306
vn 0.5830 0.6076 0.5395
vn 0.2566 0.5457 0.7977
vn 0.7000 0.6368 0.3233
vn 0.8360 0.3554 0.4180
vn 0.2717 0.6639 0.6967
vn 0.1954 0.6209 0.7592
vn 0.3471 0.4251 0.8360
vn 0.5931 0.3223 0.7378
vn 0.5079 0.8211 0.2606
vn 0.3803 0.7666 0.5173
vn 0.6048 0.5726 0.5535
vn 0.9119 0.3598 0.1977
vn 0.9050 0.3765 0.1981
vn 0.8699 0.3108 0.3830
vn 0.5598 0.5397 0.6288
vn 0.7295 0.5971 0.3335
vn 0.5831 0.7249 0.3669
vn 0.3737 0.7147 0.5912
vn 0.3356 0.8810 0.3334
vn 0.0318 0.9760 0.2155
vn 0.2104 0.9772 0.0268
vn 0.5342 0.8379 0.1117
vn -0.0006 0.9924 0.1230
vn 0.4946 0.8519 -0.1722
vn 0.6536 0.7568 -0.0072
vn 0.5501 0.5729 -0.6076
vn 0.7364 0.4423 -0.5120
vn 0.6031 0.7051 -0.3730
vn 0.8588 0.2533 -0.4453
vn 0.9623 0.0841 -0.2587
vn 0.9526 0.2720 -0.1363
vn 0.9061 0.3910 -0.1616
vn 0.9744 0.1982 -0.1059
vn 0.9775 0.0411 0.2068
vn 0.9370 0.3161 0.1489
vn 0.9426 0.1835 0.2790
vn 0.9032 0.3597 0.2344
vn 0.7083 -0.0567 0.7036
vn 0.7334 0.1189 0.6693
vn 0.8376 -0.0243 0.5458
vn 0.7749 0.2217 0.5920
vn 0.8812 0.1187 0.4575
vn 0.7407 0.2874 0.6073
vn 0.8686 0.2877 0.4034
vn 0.9738 0.2031 0.1024
vn 0.6226 0.1765 0.7624
vn 0.7418 0.2402 0.6262
vn 0.4687 0.4245 0.7746
vn 0.6187 0.2787 0.7345
vn 0.1945 0.9129 0.3589
vn 0.0578 0.9910 0.1211
vn -0.1113 0.9860 0.1243
vn 0.0296 0.9833 -0.1797
vn 0.1092 0.9264 -0.3604
vn 0.2289 0.8977 -0.3766
vn 0.2033 0.9502 -0.2363
vn 0.3835 0.7892 -0.4797
vn 0.4215 0.7896 -0.4459
vn 0.6067 0.5195 -0.6016
vn 0.8278 0.4451 -0.3415
vn 0.8893 0.1764 -0.4220
vn 0.9800 0.1536 -0.1262
vn 0.8883 0.4504 0.0894
vn 0.9534 0.2343 0.1902
vn 0.8662 0.4856 -0.1179
vn 0.8294 0.0030 0.5586
vn 0.8263 0.2108 0.5222
vn 0.5798 0.1713 0.7966
vn 0.6424 0.4340 0.6317
vn 0.5368 0.7384 0.4081
vn 0.4161 0.6357 0.6502
vn 0.3600 0.7858 0.5029
vn 0.2640 0.9333 0.2434
vn 0.1514 0.9800 -0.1293
vn 0.3818 0.9156 0.1260
vn 0.7222 0.6916 -0.0093
vn 0.5617 0.7807 -0.2739
vn 0.6851 0.7053 0.1822
vn 0.8122 0.4428 0.3798
vn 0.9746 -0.0177 0.2231
vn 0.3438 -0.8423 0.4152
vn 0.2761 -0.9520 0.1323
vn 0.3534 -0.2246 -0.9081
vn 0.0683 0.4128 -0.9083
vn 0.3164 0.1614 -0.9348
vn -0.3075 0.4765 -0.8236
vn -0.4828 0.5384 -0.6906
vn -0.4464 0.5554 -0.7016
vn -0.4863 0.5386 -0.6881
vn -0.3116 0.5296 -0.7890
vn -0.0488 0.5553 -0.8302
vn 0.6635 0.7482 -0.0039
vn 0.4837 0.5477 -0.6827
vn 0.5945 0.7521 -0.2845
vn 0.6947 0.7027 -0.1536
vn 0.6463 0.7395 -0.1881
vn 0.6073 0.7944 -0.0116
vn 0.6053 0.7905 0.0938
vn 0.1805 0.9718 -0.1520
vn 0.0577 0.9397 -0.3371
vn 0.1446 0.8483 -0.5094
vn -0.0882 0.9620 -0.2583
vn -0.1834 0.9809 0.0644
vn -0.0251 0.9927 -0.1180
vn 0.0884 0.9891 0.1176
vn 0.3575 0.9339 0.0038
vn 0.0940 0.9446 -0.3145
vn 0.1306 0.9708 -0.2014
vn 0.1308 0.9892 -0.0664
vn 0.1213 0.9785 0.1665
vn -0.0310 0.8219 -0.5688
vn 0.0755 0.9410 -0.3299
vn 0.3711 0.7524 -0.5442
vn -0.2387 0.9104 -0.3380
vn -0.3864 0.9124 -0.1348
vn -0.0748 0.9956 0.0564
vn 0.4006 0.8852 -0.2367
vn 0.3228 0.8643 -0.3856
vn 0.3483 0.7945 0.4975
vn -0.5219 0.8501 0.0706
vn -0.5759 0.8126 -0.0897
vn -0.6325 0.7676 0.1034
vn -0.5358 0.8427 0.0530
vn -0.5613 0.8251 0.0648
vn -0.4048 0.8941 -0.1916
vn -0.0100 0.9026 -0.4304
vn -0.2816 0.9589 -0.0339
vn -0.0012 0.9973 -0.0740
vn -0.0919 0.7845 -0.6133
vn -0.6361 0.7660 0.0934
vn -0.6058 0.7528 -0.2574
vn -0.0785 0.2681 -0.9602
vn 0.0205 0.4293 -0.9029
vn -0.3765 0.5871 -0.7167
vn 0.1825 0.3646 -0.9131
vn 0.2377 0.1704 -0.9563
vn 0.0544 0.8355 0.5468
vn 0.3069 0.8173 0.4876
vn 0.0187 0.7162 0.6976
vn 0.4548 0.7444 0.4889
vn 0.6345 -0.7202 0.2806
vn 0.4215 -0.6974 -0.5797
vn 0.2651 -0.0672 -0.9619
vn 0.1842 0.7146 -0.6749
vn 0.2397 0.5320 -0.8121
vn 0.0542 0.7896 -0.6112
vn -0.0593 0.7984 -0.5992
vn -0.0964 0.7327 -0.6737
vn 0.2672 0.2216 -0.9378
vn 0.1906 -0.0279 -0.9813
vn -0.2004 0.0710 -0.9771
vn -0.0021 0.0970 -0.9953
vn -0.1143 -0.0652 -0.9913
vn -0.0641 0.2852 -0.9563
vn -0.1661 0.6459 -0.7451
vn 0.1267 0.8373 -0.5318
vn 0.0372 0.7953 -0.6051
vn 0.2854 0.7044 -0.6500
vn -0.4175 0.8422 0.3412
vn -0.1303 0.8700 0.4756
vn -0.2820 0.6890 0.6676
vn -0.0724 0.8197 0.5683
vn -0.3026 0.8299 0.4687
vn -0.4388 0.7667 0.4687
vn -0.6576 0.6541 0.3738
vn -0.7429 0.6344 0.2136
vn -0.7885 0.6151 -0.0004
vn -0.5458 0.7738 -0.3215
vn -0.5199 0.7828 -0.3419
vn -0.4471 0.8632 -0.2345
vn -0.7177 0.6871 -0.1131
vn -0.5595 0.8286 0.0211
vn -0.3836 0.9066 -0.1759
vn -0.5791 0.6980 -0.4212
vn -0.6036 0.7411 -0.2941
vn -0.6096 0.7769 -0.1575
vn -0.7218 0.5696 -0.3932
vn -0.7162 0.5710 -0.4012
vn -0.6315 0.6113 -0.4769
vn -0.1694 0.9853 -0.0198
vn -0.0675 0.9810 0.1818
vn -0.0546 0.9964 -0.0654
vn 0.1811 0.9669 0.1798
vn 0.2484 0.9198 0.3037
vn 0.1994 0.9309 0.3061
vn 0.2532 0.9168 0.3088
vn -0.0628 0.9044 0.4219
vn -0.0387 0.9839 0.1747
vn -0.2232 0.9691 0.1048
vn -0.4345 0.8978 0.0714
vn -0.6164 0.7706 -0.1617
vn -0.4209 0.9069 0.0202
vn -0.6186 0.7630 -0.1876
vn -0.7568 0.6103 -0.2343
vn -0.7616 0.4634 -0.4530
vn -0.6121 0.7724 -0.1694
vn -0.6980 0.6907 -0.1892
vn -0.8704 0.4030 -0.2828
vn -0.5536 0.6217 -0.5541
vn -0.2662 0.6950 -0.6679
vn -0.0128 0.7377 -0.6750
vn -0.1401 0.3974 -0.9069
vn 0.0277 0.7034 -0.7103
vn 0.2935 0.5119 -0.8073
vn 0.1214 0.2489 -0.9609
vn 0.0471 0.8166 -0.5753
vn -0.0684 0.6254 -0.7773
vn -0.5192 0.5689 -0.6378
vn -0.4082 0.2160 -0.8870
vn -0.3317 0.3092 -0.8913
vn -0.5192 0.7748 -0.3607
vn -0.6027 0.7163 -0.3516
vn -0.6010 0.7724 -0.2054
vn -0.5950 0.7504 -0.2880
vn -0.5285 0.7602 -0.3778
vn -0.4234 0.9010 -0.0942
vn -0.3683 0.8171 -0.4436
vn -0.2227 0.9728 0.0641
vn 0.0846 0.9934 0.0773
vn 0.2423 0.8630 -0.4433
vn 0.4982 0.7516 -0.4324
vn 0.1272 0.9769 -0.1716
vn 0.3855 0.7004 -0.6007
vn 0.1170 0.7973 -0.5921
vn -0.0797 0.9854 0.1503
vn -0.2017 0.9504 -0.2368
vn -0.6044 0.7893 -0.1077
vn -0.4483 0.8868 0.1128
vn -0.6336 0.7709 0.0660
vn -0.3535 0.9350 0.0298
vn -0.5256 0.8427 -0.1167
vn -0.4489 0.8731 0.1900
vn -0.3200 0.9026 -0.2881
vn 0.1355 0.9046 0.4041
vn -0.0322 0.9781 0.2056
vn -0.1016 0.9403 0.3249
vn 0.1012 0.8649 0.4915
vn -0.6402 0.7193 0.2697
vn -0.8341 0.5379 0.1223
vn -0.8335 0.5480 -0.0702
vn -0.5726 0.7871 -0.2294
vn -0.7060 0.6894 -0.1620
vn -0.6126 0.7593 -0.2194
vn 0.2684 0.8958 0.3542
vn -0.0164 0.9988 -0.0451
vn 0.0973 0.9774 0.1874
vn -0.1344 0.9907 -0.0191
vn -0.1749 0.9716 -0.1597
vn -0.3011 0.9535 -0.0116
vn -0.4669 0.8783 -0.1032
vn -0.6797 0.7168 0.1557
vn -0.6589 0.7169 0.2277
vn -0.3776 0.9066 -0.1885
vn -0.2323 0.9269 -0.2948
vn -0.6504 0.6383 -0.4118
vn -0.0386 0.9731 -0.2272
vn -0.2622 0.8383 -0.4780
vn 0.3527 0.8835 0.3083
vn 0.0564 0.8147 -0.5772
vn 0.1060 0.7727 -0.6259
vn -0.0537 0.7785 -0.6254
vn -0.1861 0.6786 -0.7105
vn -0.0990 0.8234 -0.5587
vn -0.3568 0.7125 -0.6042
vn -0.0913 0.9807 -0.1727
vn 0.0455 0.8731 -0.4854
vn -0.8087 0.5533 0.1994
vn -0.8860 0.3146 0.3406
vn -0.5974 0.6230 0.5050
vn -0.4836 0.8611 0.1567
vn -0.4120 0.8047 0.4274
vn -0.2114 0.9243 0.3178
vn 0.1122 0.9450 0.3071
vn 0.1803 0.9562 0.2306
vn 0.1827 0.9831 -0.0136
vn 0.1177 0.9898 -0.0804
vn -0.0542 0.9157 -0.3981
vn -0.2861 0.7340 -0.6159
vn -0.4687 0.7900 -0.3952
vn -0.4893 0.6014 -0.6316
vn -0.5659 0.6807 -0.4652
vn -0.6184 0.7857 0.0142
vn -0.7634 0.5291 0.3704
vn -0.7354 0.6768 0.0331
vn -0.6347 0.7581 -0.1499
vn -0.4703 0.8825 -0.0093
vn -0.4737 0.8805 -0.0197
vn -0.4950 0.7907 0.3603
vn -0.4431 0.8028 0.3989
vn -0.3275 0.8275 0.4561
vn -0.3462 0.7138 0.6088
vn -0.5317 0.7781 0.3344
vn -0.5526 0.7778 0.2995
vn -0.4167 0.6802 0.6031
vn -0.5849 0.8014 0.1252
vn -0.4608 0.8780 0.1296
vn -0.3383 0.9373 0.0837
vn -0.3294 0.9436 0.0318
vn -0.3501 0.9365 0.0181
vn -0.3667 0.9303 -0.0063
vn -0.4584 0.8727 0.1680
vn -0.5468 0.8370 0.0208
vn -0.2806 0.9349 0.2174
vn -0.3917 0.7383 0.5491
vn -0.2310 0.5582 0.7969
vn -0.3601 0.6485 0.6707
vn -0.1821 0.7697 0.6119
vn -0.2753 0.9377 0.2120
vn -0.3250 0.9345 0.1451
vn -0.1413 0.9467 0.2894
vn 0.0065 0.9999 0.0123
vn -0.0151 0.9339 -0.3573
vn -0.1332 0.8038 -0.5798
vn -0.2777 0.7768 -0.5652
vn -0.3248 0.8230 -0.4659
vn -0.4151 0.9097 -0.0089
vn -0.4787 0.8424 -0.2473
vn -0.5099 0.8460 0.1560
vn -0.4294 0.8687 -0.2470
vn -0.2188 0.9505 -0.2207
vn -0.1512 0.9785 -0.1400
vn -0.1011 0.9655 -0.2399
vn -0.2746 0.9247 -0.2636
vn -0.4449 0.8549 -0.2667
vn -0.4001 0.8372 -0.3729
vn -0.2737 0.9506 -0.1465
vn -0.4277 0.8812 -0.2013
vn -0.2520 0.9677 0.0108
vn -0.1696 0.9820 -0.0829
vn -0.0469 0.9035 0.4261
vn -0.1948 0.8919 -0.4082
vn -0.2965 0.8279 -0.4761
vn -0.3466 0.8458 -0.4055
vn -0.2474 0.9617 0.1184
vn -0.4033 0.8847 0.2339
vn -0.1603 0.9857 -0.0514
vn -0.0887 0.9736 -0.2105
vn -0.4517 0.8921 -0.0086
vn -0.5619 0.8242 -0.0700
vn -0.3186 0.9471 -0.0381
vn -0.1867 0.9682 -0.1666
vn -0.2741 0.9566 0.0993
vn -0.2632 0.9029 -0.3399
vn -0.4369 0.8264 0.3551
vn -0.2464 0.5918 0.7675
vn -0.3945 0.5409 0.7429
vn -0.4263 0.5415 0.7246
vn -0.3435 0.6004 0.7222
vn -0.2715 0.5358 0.7995
vn -0.3559 0.5780 0.7343
vn -0.2914 0.0603 0.9547
vn -0.3772 -0.0530 0.9246
vn -0.3622 0.3354 0.8697
vn -0.3690 -0.2999 0.8797
vn -0.3235 -0.2602 0.9097
vn -0.2036 -0.0076 0.9790
vn -0.3295 0.3000 0.8952
vn -0.4219 0.0340 0.9060
vn -0.1096 -0.0694 0.9916
vn -0.0746 0.0532 0.9958
vn -0.0964 0.0579 0.9937
vn -0.1291 0.0960 0.9870
vn -0.2452 0.1731 0.9539
vn -0.1774 0.3629 0.9148
vn -0.2812 0.4091 0.8681
vn -0.1908 0.5262 0.8287
vn -0.3957 0.6042 0.6917
vn -0.3117 0.5393 0.7823
vn -0.3605 0.6112 0.7046
vn -0.5463 0.4674 0.6951
vn -0.4215 0.4107 0.8085
vn -0.3162 0.2630 0.9115
vn -0.1909 0.6205 0.7606
vn -0.3971 0.6297 0.6677
vn -0.3737 0.7095 0.5975
vn -0.5255 0.6268 0.5753
vn -0.3685 0.4596 0.8081
vn -0.4354 0.4955 0.7516
vn -0.3530 0.5547 0.7535
vn -0.4122 0.4790 0.7750
vn -0.3821 0.7925 0.4753
vn -0.3064 0.7913 0.5291
vn -0.1047 0.8913 0.4412
vn -0.0664 0.9164 0.3948
vn -0.0490 0.7824 0.6209
vn -0.2959 0.7737 0.5602
vn -0.0506 0.9550 0.2921
vn -0.1324 0.9229 0.3616
vn -0.1621 0.7899 0.5914
vn 0.0947 0.8664 0.4903
vn 0.2212 0.6859 0.6933
vn 0.0527 0.4620 0.8853
vn 0.0777 0.0578 0.9953
vn -0.1255 -0.1132 0.9856
vn -0.2819 0.0240 0.9592
vn -0.2776 0.2234 0.9344
vn -0.0126 0.1980 0.9801
vn -0.4199 0.3206 0.8491
vn -0.1679 0.4330 0.8856
vn -0.1323 0.4695 0.8730
vn 0.0456 0.5751 0.8168
vn 0.3843 -0.0885 0.9190
vn 0.2991 -0.3743 0.8777
vn 0.4065 -0.0510 0.9122
vn 0.1850 -0.1708 0.9678
vn -0.0853 -0.0255 0.9960
vn -0.0573 0.0053 0.9983
vn -0.1859 -0.1913 0.9638
vn -0.4983 0.1151 0.8593
vn -0.3209 0.1826 0.9293
vn -0.4181 0.3035 0.8562
vn -0.5708 0.3316 0.7511
vn -0.2710 0.5871 0.7628
vn -0.4552 0.4873 0.7452
vn -0.3062 0.6854 0.6607
vn -0.4078 0.5676 0.7152
vn -0.1416 0.8321 0.5363
vn -0.0253 0.8200 0.5718
vn -0.0283 -0.5127 0.8581
vn 0.0407 -0.2488 0.9677
vn -0.0721 -0.3207 0.9444
vn 0.1300 -0.2084 0.9694
vn 0.2119 -0.3860 0.8978
vn -0.0493 -0.5096 0.8590
vn 0.1022 -0.4776 0.8726
vn -0.3873 0.6480 0.6558
vn 0.1414 0.2764 0.9506
vn 0.1249 0.4854 0.8653
vn -0.1174 0.1594 0.9802
vn -0.1569 -0.2354 0.9591
vn 0.1448 -0.0472 0.9883
vn -0.5646 0.8201 -0.0937
vn -0.5110 0.8387 -0.1884
vn -0.4643 0.7895 -0.4014
vn 0.0031 -0.4930 -0.8700
vn -0.1915 -0.4487 -0.8729
vn -0.0459 -0.4091 -0.9113
vn -0.2216 -0.3502 -0.9101
vn -0.0401 -0.1452 -0.9886
vn 0.1472 0.0427 -0.9882
vn 0.0294 -0.0061 -0.9996
vn 0.2336 0.0071 -0.9723
vn -0.0292 0.2195 -0.9752
vn 0.0865 0.2571 -0.9625
vn 0.2421 0.2390 -0.9404
vn 0.2653 0.5813 -0.7692
vn 0.3351 0.8667 -0.3695
vn 0.2349 0.8150 -0.5298
vn 0.1354 0.2088 -0.9685
vn 0.2659 0.2282 -0.9366
vn 0.2488 0.0523 -0.9671
vn 0.1380 0.0981 -0.9856
vn 0.1576 -0.0974 -0.9827
vn 0.6337 0.0986 -0.7673
vn 0.6863 0.4080 -0.6021
vn 0.5372 0.4362 -0.7218
vn 0.7384 0.4850 -0.4686
vn 0.5240 0.6078 -0.5967
vn 0.4167 0.8294 -0.3721
vn 0.4366 0.4671 -0.7689
vn 0.0692 0.8215 -0.5661
vn -0.5939 0.2448 -0.7663
vn -0.6062 -0.0259 -0.7949
vn -0.4178 0.5290 -0.7387
vn -0.5509 0.0402 -0.8336
vn -0.4985 -0.2470 -0.8310
vn -0.3215 -0.1970 -0.9262
vn -0.4591 0.0825 -0.8846
vn -0.1767 -0.0847 -0.9806
vn -0.2014 -0.0759 -0.9766
vn 0.0059 0.0562 -0.9984
vn -0.0305 -0.0499 -0.9983
vn 0.0926 0.1560 -0.9834
vn 0.3186 0.2315 -0.9192
vn 0.3998 0.2088 -0.8925
vn 0.1776 0.4879 -0.8546
vn 0.1707 0.2975 -0.9393
vn 0.3960 0.3244 -0.8591
vn 0.3706 0.5381 -0.7571
vn 0.2104 0.6699 -0.7120
vn 0.1911 0.7252 -0.6615
vn 0.0416 0.6502 -0.7586
vn -0.0667 0.6650 -0.7439
vn -0.2159 0.6092 -0.7631
vn -0.2223 0.2600 -0.9397
vn -0.3665 0.7928 -0.4871
vn -0.5455 0.7279 -0.4154
vn -0.5016 0.6453 -0.5763
vn -0.5054 0.7282 -0.4630
vn -0.5151 0.7457 -0.4226
vn -0.4053 0.6123 -0.6788
vn -0.3818 0.7930 -0.4747
vn -0.4062 0.3849 -0.8288
vn -0.2121 0.4448 -0.8702
vn -0.1035 0.7902 -0.6041
vn 0.0948 0.1139 -0.9890
vn 0.0781 0.5517 -0.8304
vn 0.6829 -0.0812 -0.7260
vn 0.4578 0.1621 -0.8741
vn 0.3801 -0.0275 -0.9245
vn 0.8694 0.1348 -0.4754
vn 0.8908 0.0474 -0.4519
vn 0.8667 0.0883 -0.4909
vn 0.4411 0.3980 -0.8044
vn 0.3804 0.4324 -0.8175
vn 0.4300 0.5211 -0.7373
vn 0.3729 0.5616 -0.7386
vn 0.4651 0.7180 -0.5179
vn 0.5335 0.7531 -0.3850
vn 0.5724 0.6639 -0.4812
vn 0.6263 0.6860 -0.3704
vn 0.5212 0.7841 -0.3370
vn 0.5391 0.6124 -0.5783
vn 0.6309 0.5937 -0.4994
vn 0.6939 0.3106 -0.6497
vn 0.6192 0.5078 -0.5989
vn 0.7832 0.1203 -0.6100
vn 0.7410 0.2345 -0.6292
vn 0.8130 -0.0486 -0.5802
vn 0.8382 0.0962 -0.5368
vn 0.5067 0.4362 -0.7436
vn 0.3502 0.7273 -0.5902
vn -0.3237 0.4237 -0.8460
vn -0.4008 0.3713 -0.8375
vn -0.4649 0.6269 -0.6252
vn -0.2330 0.0295 -0.9720
vn -0.2381 0.1295 -0.9626
vn -0.3551 0.3659 -0.8603
vn -0.1810 0.3636 -0.9138
vn -0.2962 -0.0123 -0.9551
vn -0.3259 0.1329 -0.9360
vn -0.0861 0.6324 -0.7698
vn -0.1944 0.1790 -0.9644
vn -0.3946 -0.0557 -0.9172
vn -0.4917 -0.3551 -0.7951
vn -0.4701 -0.5292 -0.7063
vn -0.4837 -0.7240 -0.4917
vn -0.4479 -0.5653 -0.6926
vn -0.6850 -0.6034 -0.4083
vn -0.8521 -0.5233 -0.0092
vn -0.7873 -0.5389 -0.2996
vn -0.8825 -0.4579 -0.1074
vn -0.7345 -0.5691 -0.3695
vn -0.6131 -0.5172 -0.5972
vn -0.4086 -0.5734 -0.7101
vn -0.0605 -0.6116 -0.7889
vn 0.1817 -0.5963 -0.7820
vn -0.1946 -0.5491 -0.8128
vn -0.3161 -0.4474 -0.8366
vn -0.3694 -0.2620 -0.8916
vn -0.1824 -0.1959 -0.9635
vn -0.0880 -0.0437 -0.9952
vn -0.2954 -0.1737 -0.9394
vn -0.2161 -0.0989 -0.9713
vn 0.0270 0.1678 -0.9855
vn -0.1453 -0.0268 -0.9890
vn -0.0195 0.0214 -0.9996
vn 0.2621 0.1314 -0.9561
vn 0.5517 0.4644 -0.6928
vn 0.3997 0.3526 -0.8461
vn -0.1029 0.8311 -0.5466
vn -0.3245 0.6408 -0.6958
vn -0.1324 0.2595 -0.9566
vn -0.1423 -0.0492 -0.9886
vn -0.3103 -0.2660 -0.9127
vn -0.1057 -0.1845 -0.9771
vn -0.1111 -0.2539 -0.9608
vn -0.2535 -0.2332 -0.9388
vn -0.3169 -0.2597 -0.9122
vn -0.2548 -0.4011 -0.8799
vn -0.4119 -0.3555 -0.8390
vn -0.5067 -0.4073 -0.7599
vn -0.5991 -0.5072 -0.6195
vn -0.6682 -0.4995 -0.5514
vn -0.4612 -0.4389 -0.7711
vn -0.4659 -0.3788 -0.7996
vn -0.3518 -0.3655 -0.8618
vn -0.2363 -0.1744 -0.9559
vn -0.1555 -0.1465 -0.9769
vn 0.0625 -0.0514 -0.9967
vn 0.2414 0.1761 -0.9543
vn 0.4327 0.2836 -0.8558
vn 0.3137 0.4894 -0.8137
vn 0.2470 0.7777 -0.5781
vn 0.5225 0.6028 -0.6030
vn 0.0392 0.1891 -0.9812
vn 0.0149 0.5999 -0.7999
vn -0.3543 -0.5670 -0.7436
vn -0.4083 0.0315 -0.9123
vn 0.3701 0.8176 -0.4410
vn 0.3047 0.6884 -0.6582
vn 0.3167 0.6592 -0.6820
vn 0.4221 0.4094 -0.8088
vn 0.3278 0.6119 -0.7198
vn 0.3422 0.3416 -0.8753
vn 0.3796 0.2672 -0.8857
vn 0.3637 -0.0969 -0.9265
vn 0.1891 -0.1268 -0.9737
vn 0.5082 -0.0468 -0.8600
vn 0.6997 0.0134 -0.7144
vn 0.4916 0.0345 -0.8701
vn 0.7926 0.0490 -0.6078
vn 0.8147 0.3095 -0.4904
vn 0.7994 0.2542 -0.5444
vn 0.6491 0.3106 -0.6945
vn 0.0015 0.4490 -0.8935
vn -0.3318 0.1098 -0.9369
vn -0.5256 -0.0597 -0.8487
vn -0.6032 -0.2408 -0.7604
vn -0.5581 -0.2414 -0.7939
vn -0.3942 -0.1908 -0.8990
vn -0.1308 0.1971 -0.9716
vn 0.2139 0.5088 -0.8339
vn 0.3873 0.4408 -0.8097
vn 0.2548 0.3405 -0.9051
vn -0.0344 0.5857 -0.8098
vn -0.3151 0.1899 -0.9299
vn -0.4986 -0.0168 -0.8667
vn -0.6254 -0.1724 -0.7610
vn -0.5413 -0.2227 -0.8108
vn -0.2506 -0.0544 -0.9666
vn -0.0514 0.0959 -0.9941
vn 0.2558 0.1632 -0.9529
vn 0.5730 0.1698 -0.8018
vn 0.4562 0.0082 -0.8898
vn 0.0232 -0.0260 -0.9994
vn -0.0267 0.0289 -0.9992
vn -0.2588 -0.2870 -0.9223
vn -0.4994 -0.2208 -0.8377
vn -0.4213 -0.0808 -0.9033
vn -0.4757 0.2248 -0.8504
vn -0.2744 0.6462 -0.7121
vn -0.3143 0.7813 -0.5392
vn -0.0618 0.8085 -0.5853
vn -0.1292 0.8285 -0.5449
vn 0.0891 0.8104 -0.5791
vn -0.3122 0.5884 -0.7458
vn -0.4984 0.7196 -0.4835
vn -0.2138 0.0609 -0.9750
vn 0.0488 -0.2452 -0.9682
vn 0.4752 -0.2600 -0.8406
vn 0.8916 0.0929 -0.4433
vn 0.7433 0.0539 -0.6668
vn -0.4579 0.5306 -0.7133
vn -0.4654 0.2781 -0.8403
vn -0.5663 -0.7860 0.2480
vn -0.6511 -0.5537 0.5190
vn -0.5285 -0.1920 0.8269
vn -0.0957 -0.2177 0.9713
vn 0.0845 -0.0773 0.9934
vn -0.5216 -0.8478 0.0960
vn -0.4932 -0.8569 0.1501
vn -0.3602 -0.9284 0.0911
vn -0.3127 -0.9496 -0.0223
vn -0.2184 -0.9515 -0.2167
vn -0.3765 -0.8985 -0.2257
vn -0.2426 -0.9432 -0.2268
vn -0.7587 -0.1650 -0.6301
vn -0.6827 -0.4808 -0.5502
vn -0.4644 -0.5427 -0.6998
vn -0.8364 -0.1945 -0.5124
vn -0.8236 -0.4862 -0.2919
vn -0.8178 -0.5015 -0.2822
vn -0.1907 -0.6697 -0.7178
vn -0.2381 -0.8104 -0.5353
vn 0.1463 -0.7808 -0.6074
vn 0.0092 -0.7560 -0.6545
vn 0.2632 -0.7120 -0.6510
vn 0.1967 -0.8350 -0.5139
vn 0.0879 -0.9362 -0.3402
vn 0.2370 -0.7070 -0.6664
vn 0.0530 -0.9094 -0.4126
vn -0.0476 -0.8085 -0.5866
vn 0.0182 -0.8233 -0.5674
vn -0.2519 -0.7972 -0.5487
vn -0.3902 -0.8860 -0.2506
vn -0.1615 -0.8905 -0.4253
vn -0.2859 -0.6329 -0.7195
vn -0.0176 -0.9180 -0.3962
vn -0.4745 -0.3911 -0.7886
vn -0.5952 -0.4857 -0.6402
vn -0.5542 -0.3896 -0.7355
vn -0.6992 -0.5172 -0.4936
vn -0.7977 -0.4731 -0.3740
vn -0.7703 -0.5555 -0.3133
vn -0.3470 -0.3801 -0.8574
vn -0.7092 -0.5843 -0.3945
vn -0.5512 -0.3550 -0.7551
vn -0.5379 -0.7822 -0.3143
vn -0.1814 -0.9764 -0.1170
vn -0.2455 -0.9677 0.0583
vn -0.8340 -0.4708 0.2879
vn -0.4145 -0.6066 -0.6785
vn -0.3786 -0.4520 -0.8077
vn -0.5589 -0.3889 -0.7324
vn -0.5663 -0.3916 -0.7252
vn -0.2942 -0.6251 -0.7229
vn -0.7145 -0.6073 -0.3474
vn -0.2934 -0.5393 -0.7894
vn -0.7589 -0.3959 -0.5170
vn -0.2397 -0.5903 -0.7708
vn -0.2644 -0.5831 -0.7681
vn -0.1678 -0.8385 -0.5184
vn -0.4921 -0.7102 -0.5035
vn -0.5978 -0.7718 -0.2167
vn -0.6171 -0.7820 -0.0879
vn -0.1880 -0.9821 -0.0081
vn -0.0520 -0.9962 -0.0703
vn 0.0327 -0.9400 -0.3395
vn -0.1435 -0.9820 -0.1226
vn -0.1771 -0.8746 -0.4513
vn 0.1073 -0.9358 -0.3358
vn 0.2737 -0.8058 -0.5252
vn 0.2688 -0.6275 -0.7307
vn 0.0356 -0.8869 -0.4605
vn -0.2913 -0.8405 -0.4569
vn -0.2445 -0.7618 -0.5999
vn -0.2810 -0.9523 -0.1190
vn -0.2181 -0.9741 0.0591
vn 0.0151 -0.6843 -0.7291
vn 0.0072 -0.8815 -0.4721
vn 0.0178 -0.6674 -0.7445
vn -0.8439 0.0547 -0.5337
vn -0.8437 -0.1509 0.5151
vn -0.9387 -0.0630 0.3391
vn -0.9631 -0.0361 0.2666
vn -0.8215 -0.3493 0.4508
vn -0.7241 -0.4370 0.5336
vn -0.6134 -0.4924 0.6175
vn -0.4670 -0.6041 0.6457
vn -0.6100 -0.6234 0.4891
vn -0.3306 -0.8266 0.4555
vn 0.1708 -0.8643 0.4731
vn 0.5315 -0.5572 0.6380
vn 0.5097 -0.6938 0.5088
vn 0.3806 -0.8350 0.3974
vn 0.1530 -0.9138 0.3762
vn 0.2085 -0.9430 0.2595
vn 0.1135 -0.9918 0.0589
vn 0.1569 -0.9876 0.0060
vn 0.3282 -0.9029 0.2775
vn 0.2922 -0.9126 0.2860
vn 0.3952 -0.8737 0.2837
vn 0.4891 -0.6943 0.5280
vn -0.4785 -0.8359 0.2689
vn -0.7149 -0.4095 0.5669
vn 0.0817 -0.8304 0.5511
vn 0.3162 -0.8691 0.3803
vn -0.5179 -0.1720 0.8380
vn -0.2486 -0.1961 0.9485
vn -0.3411 -0.4078 0.8470
vn -0.4314 -0.4440 0.7853
vn -0.6285 -0.5605 0.5392
vn -0.7254 -0.4239 0.5424
vn -0.2083 -0.3876 0.8980
vn -0.2046 -0.2767 0.9389
vn -0.4955 -0.4451 0.7459
vn -0.6071 -0.5569 0.5668
vn 0.3434 0.3880 -0.8553
vn -0.2761 -0.9065 -0.3195
vn -0.3861 -0.7541 -0.5313
vn -0.2285 0.3059 0.9242
vn 0.7525 -0.6366 0.1688
vn 0.1941 0.0566 0.9793
vn -0.0793 0.0381 0.9961
vn -0.5846 0.4489 0.6758
vn -0.1649 0.9856 -0.0365
vn -0.3398 0.9396 -0.0402
vn 0.9998 -0.0145 -0.0117
vn 0.9531 0.2140 0.2140
vn 0.2915 -0.1383 0.9465
vn 0.3884 -0.4356 0.8120
vn 0.2173 -0.7816 0.5847
vn -0.4019 0.4858 0.7762
vn -0.3592 0.4590 0.8126
vn 0.9041 -0.2052 -0.3749
vn 0.7898 -0.5879 -0.1747
vn 0.6684 -0.7407 -0.0681
vn -0.4383 -0.6386 -0.6325
vn -0.5596 -0.6604 -0.5007
vn -0.4015 -0.0558 0.9142
vn 0.9012 0.2694 0.3397
vn 0.8293 0.5276 0.1838
vn -0.3774 0.2925 0.8786
vn -0.4604 0.0896 0.8832
vn 0.9761 0.2019 -0.0801
vn -0.3943 0.8737 0.2850
vn -0.7071 0.6832 -0.1824
vn 0.5743 0.7238 -0.3824
vn 0.6129 0.3037 -0.7295
vn 0.6716 -0.6725 -0.3110
vn -0.6843 0.6813 0.2599
vn -0.5222 -0.5468 0.6545
vn -0.8042 -0.3950 -0.4441
vn 0.1261 0.7644 -0.6323
vn -0.1719 -0.9254 0.3377
vn -0.2910 -0.8615 0.4162
vn -0.6408 -0.6119 0.4637
vn -0.1207 -0.9871 0.1052
vn -0.2764 -0.7302 0.6249
vn -0.2103 -0.5405 0.8146
vn -0.3892 0.3053 0.8691
vn -0.4957 -0.8680 -0.0308
vn -0.4861 -0.2938 0.8230
vn -0.6951 -0.7152 0.0723
vn -0.5434 0.3260 0.7736
vn 0.0397 0.1240 0.9915
vn -0.0229 -0.3218 0.9465
vn 0.0092 -0.9694 0.2455
vn 0.2055 -0.2941 0.9334
vn 0.5293 -0.5874 0.6122
vn -0.8306 -0.5384 -0.1422
vn -0.7235 -0.4913 -0.4850
vn -0.9292 -0.3694 0.0086
vn -0.1155 -0.4114 0.9041
vn -0.8930 -0.4499 0.0075
vn -0.9031 -0.3910 0.1774
vn -0.9862 0.1146 0.1196
vn -0.4268 -0.5303 -0.7325
vn -0.6628 -0.5561 -0.5014
vn -0.7777 -0.5861 -0.2271
vn 0.4150 -0.7973 0.4383
vn -0.3866 -0.3385 0.8579
vn -0.9212 -0.3584 0.1513
vn -0.3885 -0.5132 -0.7653
vn -0.6061 -0.7404 -0.2908
vn -0.6638 -0.6999 -0.2636
vn -0.7742 -0.6301 -0.0602
vn -0.8553 -0.5166 -0.0388
vn -0.1811 -0.9835 -0.0000
vn 0.5943 -0.4041 0.6953
vn 0.6346 -0.5314 0.5612
vn 0.7522 -0.5349 0.3848
vn -0.8576 -0.4312 0.2802
vn -0.7507 -0.6139 0.2440
vn -0.3364 0.6198 0.7090
vn -0.5206 0.5596 0.6448
vn -0.5796 0.8149 0.0019
vn -0.4352 -0.6572 -0.6154
vn -0.7139 -0.6908 0.1141
vn 0.7427 -0.6264 0.2368
vn 0.4850 -0.7310 0.4800
vn 0.1884 -0.7001 0.6888
vn 0.5738 -0.6802 0.4562
vn -0.2841 -0.6054 0.7434
vn -0.2273 0.6414 0.7328
vn -0.8192 0.5323 -0.2137
vn 0.2261 0.4283 -0.8749
vn 0.0161 0.3310 -0.9435
vn -0.0866 0.5245 -0.8470
vn 0.0880 -0.1055 -0.9905
vn -0.1802 0.4660 -0.8662
vn 0.8208 -0.2525 -0.5124
vn 0.5214 -0.7155 0.4650
vn 0.4011 -0.5301 0.7471
vn 0.0720 0.9028 0.4240
vn 0.0076 0.9990 0.0444
vn -0.2626 0.9561 0.1302
vn -0.1192 0.7866 -0.6058
vn -0.0700 0.8716 -0.4851
vn 0.6412 0.6538 -0.4019
vn -0.2536 0.5386 -0.8035
vn 0.1298 0.4607 -0.8780
vn 0.3799 -0.4971 -0.7801
vn 0.5571 -0.7933 0.2455
vn 0.4257 -0.9027 0.0622
vn 0.8596 0.2806 0.4271
vn 0.4916 0.7764 0.3943
vn 0.4692 0.8831 -0.0007
vn 0.6528 -0.5023 -0.5671
vn -0.3019 -0.7307 0.6123
vn -0.3236 -0.8945 0.3085
vn 0.3288 -0.9380 0.1095
vn -0.3021 -0.9074 0.2921
vn 0.8509 0.2368 0.4689
vn 0.8589 0.2767 0.4310
vn 0.4144 0.8995 0.1387
vn 0.4200 0.9067 -0.0379
vn 0.5804 -0.4497 -0.6788
vn 0.9899 -0.1163 -0.0808
vn 0.6382 -0.7123 -0.2921
vn 0.0974 -0.9440 -0.3151
vn 0.6802 -0.5383 0.4976
vn 0.8441 0.4750 0.2487
vn 0.9834 -0.1270 0.1297
vn 0.6594 0.4967 0.5644
vn 0.4241 -0.7613 0.4906
vn 0.6652 0.2464 -0.7048
vn 0.8779 0.2498 -0.4085
vn 0.0123 0.9999 0.0096
vn 0.7632 0.5951 -0.2518
vn 0.6619 0.6844 0.3058
vn 0.7579 0.5912 0.2759
vn 0.8537 0.3288 0.4039
vn 0.3566 0.7160 0.6002
vn 0.4540 0.8407 0.2951
vn 0.5382 0.7806 0.3177
vn 0.4337 0.5526 0.7117
vn -0.1061 0.9915 -0.0750
vn 0.9286 -0.0874 0.3607
vn 0.5868 0.6966 -0.4128
vn -0.2761 0.9265 0.2558
vn 0.3280 0.9353 -0.1329
vn -0.4648 0.3729 -0.8031
vn -0.0598 0.8755 -0.4796
vn -0.1697 0.9789 0.1134
vn -0.5839 0.8067 -0.0906
vn -0.8688 0.4945 0.0260
vn -0.6334 0.6497 -0.4204
vn -0.3904 0.8883 0.2420
vn -0.4906 0.8702 -0.0440
vn -0.7429 0.6689 -0.0269
vn 0.0767 0.9671 0.2425
vn -0.0669 0.9235 0.3778
vn 0.0624 0.8229 0.5647
vn 0.1401 0.2755 0.9510
vn 0.0944 0.9782 -0.1850
vn -0.8131 0.5584 -0.1648
vn -0.0409 0.8466 0.5307
vn -0.5304 0.7872 0.3146
vn -0.2765 0.9324 -0.2330
vn -0.2086 0.9776 0.0273
vn -0.2872 0.5483 0.7854
vn -0.4744 0.3096 0.8241
vn 0.0505 -0.2739 0.9604
vn -0.4963 0.0201 0.8679
vn -0.3526 -0.3053 0.8846
vn 0.2057 0.3254 0.9229
vn 0.2988 0.2955 0.9074
vn -0.1636 0.1823 0.9695
vn -0.2845 -0.0589 0.9569
vn -0.1777 -0.4648 0.8674
vn -0.4396 -0.1687 0.8822
vn 0.7569 0.1528 -0.6354
vn 0.7590 -0.1112 -0.6415
vn 0.7253 0.1627 -0.6689
vn 0.4322 0.5989 -0.6742
vn 0.5505 0.1551 -0.8203
vn 0.6892 0.6201 -0.3747
vn 0.6393 0.6896 -0.3402
vn 0.2944 0.8558 -0.4254
vn -0.2850 0.7759 -0.5629
vn 0.5412 0.7055 -0.4576
vn 0.8778 0.1141 -0.4653
vn 0.3978 0.0854 -0.9135
vn -0.0362 0.3548 -0.9342
vn -0.2984 0.4266 -0.8538
vn 0.0786 -0.2605 -0.9623
vn 0.4756 -0.2008 -0.8565
vn -0.4603 -0.8857 0.0603
vn -0.6018 -0.5055 -0.6183
vn -0.7351 -0.5236 -0.4306
vn -0.5253 -0.7421 -0.4163
vn -0.1330 -0.6730 -0.7276
vn -0.4068 -0.6806 -0.6093
vn -0.2546 -0.5852 -0.7699
vn -0.8537 -0.2139 -0.4748
vn -0.4734 -0.8210 -0.3192
vn -0.3584 -0.9308 0.0719
vn -0.4994 -0.8642 -0.0613
vn -0.1025 -0.9611 -0.2563
vn 0.4130 -0.7012 0.5811
vn 0.4029 -0.6825 0.6099
vt 0.653918 0.803198
vt 0.671144 0.792384
vt 0.673636 0.808878
vt 0.571366 0.600721
vt 0.531700 0.612307
vt 0.534114 0.591908
vt 0.867868 0.525028
vt 0.864904 0.538560
vt 0.853165 0.522785
vt 0.888889 0.542116
vt 0.743150 0.374147
vt 0.732577 0.358177
vt 0.749793 0.362607
vt 0.309535 0.543496
vt 0.316595 0.537873
vt 0.325579 0.559377
vt 0.281086 0.534881
vt 0.278569 0.520799
vt 0.288278 0.518856
vt 0.943991 0.626836
vt 0.916394 0.613977
vt 0.949956 0.616882
vt 0.300470 0.471913
vt 0.289587 0.462112
vt 0.329097 0.447393
vt 0.290468 0.448052
vt 0.306243 0.421490
vt 0.075124 0.297626
vt 0.088763 0.299156
vt 0.083429 0.309759
vt 0.045075 0.799724
vt 0.055536 0.806601
vt 0.047512 0.815405
vt 0.198587 0.258644
vt 0.173975 0.259403
vt 0.190098 0.248186
vt 0.605061 0.298481
vt 0.599810 0.283794
vt 0.620258 0.274634
vt 0.630199 0.297021
vt 0.029066 0.779561
vt 0.016133 0.762230
vt 0.040378 0.765013
vt 0.956473 0.454480
vt 0.953843 0.430436
vt 0.972156 0.448561
vt 0.033344 0.091938
vt 0.070314 0.085243
vt 0.061312 0.096614
vt 0.280862 0.702036
vt 0.293265 0.719858
vt 0.277473 0.725871
vt 0.260532 0.344239
vt 0.261723 0.358477
vt 0.248235 0.349532
vt 0.670313 0.708005
vt 0.662588 0.724199
vt 0.656736 0.712677
vt 0.677012 0.693223
vt 0.684331 0.702476
vt 0.653945 0.700668
vt 0.282404 0.744486
vt 0.274229 0.738309
vt 0.282037 0.736360
vt 0.265969 0.757594
vt 0.264449 0.772894
vt 0.250579 0.766930
vt 0.938663 0.667896
vt 0.948824 0.698174
vt 0.922372 0.687001
vt 0.232124 0.102879
vt 0.238325 0.060520
vt 0.254860 0.088630
vt 0.280353 0.073473
vt 0.281002 0.084612
vt 0.283556 0.865599
vt 0.306059 0.855532
vt 0.313144 0.870599
vt 0.296995 0.888009
vt 0.411497 0.469039
vt 0.416381 0.448827
vt 0.437331 0.488769
vt 0.384707 0.445394
vt 0.464836 0.679351
vt 0.448886 0.675187
vt 0.463882 0.657399
vt 0.604320 0.321338
vt 0.622359 0.312335
vt 0.626776 0.331989
vt 0.677330 0.005340
vt 0.685499 0.020137
vt 0.672072 0.031716
vt 0.548339 0.693788
vt 0.535486 0.705782
vt 0.532866 0.684968
vt 0.223981 0.305155
vt 0.205689 0.305851
vt 0.202038 0.286321
vt 0.211470 0.280304
vt 0.158930 0.267278
vt 0.139444 0.265511
vt 0.156137 0.258248
vt 0.212277 0.675893
vt 0.218299 0.691581
vt 0.195416 0.695641
vt 0.193415 0.679156
vt 0.713778 0.814165
vt 0.709544 0.825142
vt 0.697616 0.808656
vt 0.695798 0.821208
vt 0.684402 0.813854
vt 0.672880 0.227719
vt 0.681883 0.208959
vt 0.689363 0.228761
vt 0.170927 0.848148
vt 0.183308 0.837372
vt 0.189964 0.849779
vt 0.006659 0.526568
vt 0.020137 0.535558
vt 0.002027 0.539846
vt 0.816764 0.124381
vt 0.788095 0.136541
vt 0.815018 0.114055
vt 0.841547 0.115913
vt 0.746322 0.181769
vt 0.723834 0.149880
vt 0.732235 0.146572
vt 0.842563 0.351487
vt 0.847176 0.346766
vt 0.857392 0.355598
vt 0.853521 0.363910
vt 0.400286 0.893567
vt 0.387954 0.905211
vt 0.373602 0.888556
vt 0.400155 0.871799
vt 0.572265 0.951934
vt 0.585330 0.962497
vt 0.567700 0.967503
vt 0.340130 0.424731
vt 0.312982 0.401782
vt 0.518912 0.368862
vt 0.527356 0.347957
vt 0.539504 0.351460
vt 0.535320 0.315671
vt 0.153393 0.500766
vt 0.136242 0.505505
vt 0.127568 0.500110
vt 0.747054 0.608696
vt 0.733601 0.616360
vt 0.729326 0.604424
vt 0.720567 0.611075
vt 0.428314 0.104938
vt 0.446407 0.114836
vt 0.443375 0.126715
vt 0.429683 0.117327
vt 0.847284 0.666705
vt 0.843555 0.669363
vt 0.827928 0.659032
vt 0.016569 0.189952
vt 0.019294 0.218692
vt 0.001507 0.203186
vt 0.753226 0.488160
vt 0.739253 0.489190
vt 0.753381 0.472435
vt 0.741948 0.459477
vt 0.755989 0.453986
vt 0.301098 0.777501
vt 0.284775 0.777740
vt 0.312022 0.774364
vt 0.278490 0.770323
vt 0.298165 0.759351
vt 0.303743 0.746134
vt 0.315363 0.739805
vt 0.390142 0.753713
vt 0.401514 0.768420
vt 0.383905 0.763386
vt 0.124401 0.253534
vt 0.113433 0.260106
vt 0.112654 0.250016
vt 0.173584 0.187914
vt 0.177815 0.195766
vt 0.163620 0.200565
vt 0.130060 0.205461
vt 0.137562 0.191780
vt 0.142133 0.205809
vt 0.771558 0.001676
vt 0.791224 0.014268
vt 0.765046 0.008812
vt 0.151803 0.225137
vt 0.149365 0.238303
vt 0.132555 0.215910
vt 0.130080 0.235974
vt 0.115762 0.235120
vt 0.145851 0.210316
vt 0.319334 0.717008
vt 0.328885 0.712515
vt 0.327134 0.738436
vt 0.045555 0.194098
vt 0.056707 0.235235
vt 0.044830 0.217344
vt 0.072329 0.220300
vt 0.114777 0.113114
vt 0.149405 0.084186
vt 0.128296 0.125008
vt 0.194885 0.110556
vt 0.196442 0.126064
vt 0.186200 0.114810
vt 0.247542 0.853277
vt 0.259192 0.858838
vt 0.243593 0.869031
vt 0.231674 0.870597
vt 0.125459 0.530354
vt 0.118956 0.544621
vt 0.111431 0.533869
vt 0.819927 0.411660
vt 0.828267 0.401160
vt 0.838509 0.408918
vt 0.832096 0.431779
vt 0.142045 0.545408
vt 0.162893 0.535897
vt 0.172352 0.545709
vt 0.179832 0.536943
vt 0.200770 0.553995
vt 0.447859 0.105236
vt 0.463199 0.109339
vt 0.425666 0.077110
vt 0.438043 0.082457
vt 0.427859 0.063380
vt 0.441119 0.068862
vt 0.475858 0.053735
vt 0.473045 0.074878
vt 0.456450 0.064593
vt 0.483559 0.108682
vt 0.490844 0.122433
vt 0.465841 0.125231
vt 0.467838 0.136170
vt 0.466349 0.147265
vt 0.445472 0.136746
vt 0.243976 0.473661
vt 0.249242 0.462157
vt 0.255646 0.473341
vt 0.265207 0.459716
vt 0.255042 0.452877
vt 0.258867 0.448074
vt 0.249971 0.447520
vt 0.253853 0.437122
vt 0.958088 0.164105
vt 0.950212 0.159532
vt 0.957202 0.153570
vt 0.545083 0.747245
vt 0.532781 0.741267
vt 0.539930 0.735820
vt 0.552272 0.778308
vt 0.541230 0.762189
vt 0.555572 0.755358
vt 0.565189 0.774045
vt 0.571130 0.797623
vt 0.559416 0.798631
vt 0.540336 0.787836
vt 0.548423 0.811257
vt 0.539744 0.800984
vt 0.540542 0.833673
vt 0.533705 0.840492
vt 0.524431 0.827827
vt 0.524174 0.846760
vt 0.512165 0.842414
vt 0.543908 0.859247
vt 0.515756 0.863515
vt 0.534133 0.864785
vt 0.345715 0.056656
vt 0.331627 0.040489
vt 0.337489 0.030830
vt 0.320501 0.042936
vt 0.323510 0.028666
vt 0.314713 0.027572
vt 0.278859 0.022107
vt 0.299301 0.022594
vt 0.302248 0.018358
vt 0.279879 0.016140
vt 0.266438 0.019144
vt 0.019890 0.797248
vt 0.005774 0.791477
vt 0.013142 0.782189
vt 0.028749 0.807037
vt 0.007031 0.801450
vt 0.034365 0.816677
vt 0.015851 0.821432
vt 0.013412 0.814022
vt 0.920709 0.960979
vt 0.931396 0.939233
vt 0.944546 0.961414
vt 0.952290 0.945692
vt 0.951566 0.930593
vt 0.967694 0.942343
vt 0.283289 0.004836
vt 0.345002 0.027915
vt 0.354733 0.028051
vt 0.353301 0.033980
vt 0.371466 0.040871
vt 0.508507 0.858984
vt 0.506275 0.837624
vt 0.497401 0.848080
vt 0.501838 0.828564
vt 0.514247 0.809819
vt 0.526804 0.817109
vt 0.532318 0.803255
vt 0.510432 0.793552
vt 0.523534 0.794759
vt 0.517700 0.783571
vt 0.529276 0.779328
vt 0.523544 0.724733
vt 0.514245 0.722402
vt 0.516627 0.716867
vt 0.420208 0.107177
vt 0.416724 0.078117
vt 0.418541 0.061847
vt 0.427930 0.046826
vt 0.453091 0.044034
vt 0.482601 0.032094
vt 0.497104 0.063217
vt 0.518142 0.070899
vt 0.492380 0.094250
vt 0.519850 0.137682
vt 0.495057 0.148991
vt 0.497336 0.174254
vt 0.466135 0.156980
vt 0.217079 0.470891
vt 0.216015 0.451532
vt 0.240508 0.455550
vt 0.233762 0.435078
vt 0.560745 0.804643
vt 0.546434 0.819950
vt 0.567248 0.812015
vt 0.549381 0.830009
vt 0.566899 0.824736
vt 0.576654 0.820472
vt 0.576179 0.845091
vt 0.884132 0.484263
vt 0.891546 0.495435
vt 0.874610 0.496691
vt 0.313314 0.032863
vt 0.282615 0.032669
vt 0.277516 0.027345
vt 0.264696 0.024162
vt 0.015258 0.777286
vt 0.025720 0.783993
vt 0.035317 0.800361
vt 0.092403 0.572940
vt 0.102847 0.588846
vt 0.083434 0.582242
vt 0.119913 0.568125
vt 0.916588 0.970126
vt 0.904237 0.968042
vt 0.905941 0.944931
vt 0.896292 0.933298
vt 0.888828 0.918846
vt 0.906254 0.929442
vt 0.904763 0.913046
vt 0.930544 0.901698
vt 0.926906 0.918046
vt 0.916265 0.904514
vt 0.938145 0.913135
vt 0.936310 0.926965
vt 0.945317 0.918494
vt 0.961518 0.902945
vt 0.967709 0.921236
vt 0.950581 0.901012
vt 0.312476 0.012261
vt 0.324360 0.022786
vt 0.315986 0.023568
vt 0.344807 0.019280
vt 0.353757 0.023827
vt 0.492391 0.858880
vt 0.501270 0.863077
vt 0.484380 0.845066
vt 0.483491 0.832580
vt 0.493428 0.830989
vt 0.485123 0.815252
vt 0.499966 0.799229
vt 0.508510 0.760471
vt 0.522477 0.760449
vt 0.513623 0.748379
vt 0.522734 0.744050
vt 0.498070 0.725368
vt 0.944744 0.125350
vt 0.931040 0.116609
vt 0.945045 0.114038
vt 0.935616 0.110695
vt 0.411704 0.061286
vt 0.412534 0.030285
vt 0.468434 0.020712
vt 0.437601 0.029149
vt 0.501415 0.036818
vt 0.552541 0.068506
vt 0.528956 0.081021
vt 0.507801 0.103684
vt 0.525045 0.124411
vt 0.516999 0.152694
vt 0.520996 0.188168
vt 0.499377 0.188869
vt 0.173294 0.492551
vt 0.172365 0.485518
vt 0.217729 0.482727
vt 0.203802 0.466368
vt 0.249595 0.397552
vt 0.249770 0.420572
vt 0.237758 0.423200
vt 0.257185 0.400359
vt 0.961965 0.172989
vt 0.962464 0.156216
vt 0.964629 0.158297
vt 0.957296 0.196661
vt 0.965028 0.208545
vt 0.959474 0.213139
vt 0.949710 0.232912
vt 0.946858 0.202552
vt 0.586458 0.777021
vt 0.579951 0.784699
vt 0.581930 0.773253
vt 0.590208 0.781842
vt 0.594546 0.795397
vt 0.598088 0.808960
vt 0.598451 0.822374
vt 0.595206 0.839015
vt 0.879488 0.448418
vt 0.880997 0.464226
vt 0.871228 0.466914
vt 0.890501 0.459886
vt 0.901095 0.450245
vt 0.917693 0.487365
vt 0.896817 0.483845
vt 0.089238 0.568751
vt 0.116140 0.554932
vt 0.128463 0.555984
vt 0.131041 0.565135
vt 0.141289 0.554773
vt 0.142984 0.563830
vt 0.167379 0.560075
vt 0.853040 0.932411
vt 0.846625 0.916749
vt 0.872732 0.917804
vt 0.878072 0.925971
vt 0.884702 0.889520
vt 0.878375 0.901806
vt 0.897129 0.891619
vt 0.956203 0.883961
vt 0.945688 0.886059
vt 0.327994 0.010171
vt 0.342369 0.010815
vt 0.363282 0.020069
vt 0.382555 0.022711
vt 0.360167 0.003624
vt 0.361273 0.013264
vt 0.963268 0.846626
vt 0.958233 0.876445
vt 0.944025 0.862878
vt 0.939956 0.873336
vt 0.923465 0.871723
vt 0.928125 0.863154
vt 0.906491 0.875378
vt 0.927483 0.882765
vt 0.908957 0.865017
vt 0.883803 0.879379
vt 0.876517 0.872311
vt 0.887697 0.866089
vt 0.873197 0.885310
vt 0.867906 0.906487
vt 0.841580 0.905274
vt 0.214145 0.564598
vt 0.220317 0.579337
vt 0.207533 0.569376
vt 0.189663 0.525978
vt 0.177823 0.522030
vt 0.183877 0.516414
vt 0.191889 0.514105
vt 0.206434 0.511827
vt 0.203759 0.530849
vt 0.225272 0.513429
vt 0.613279 0.669165
vt 0.626971 0.660564
vt 0.612130 0.685682
vt 0.624651 0.678958
vt 0.636129 0.655257
vt 0.642756 0.660563
vt 0.658461 0.646262
vt 0.659637 0.660592
vt 0.649024 0.652074
vt 0.894278 0.827337
vt 0.886095 0.844534
vt 0.884091 0.831236
vt 0.910969 0.838902
vt 0.900337 0.845739
vt 0.900264 0.856971
vt 0.915524 0.854515
vt 0.929011 0.838042
vt 0.372475 0.013153
vt 0.481094 0.862654
vt 0.467957 0.851887
vt 0.476168 0.848942
vt 0.470682 0.843626
vt 0.469363 0.828751
vt 0.474224 0.803941
vt 0.485834 0.797342
vt 0.479916 0.767304
vt 0.489956 0.764551
vt 0.499191 0.765934
vt 0.487362 0.749666
vt 0.500152 0.739495
vt 0.480678 0.734782
vt 0.491249 0.728571
vt 0.930933 0.126410
vt 0.940514 0.134791
vt 0.487739 0.721502
vt 0.478139 0.750365
vt 0.472797 0.723488
vt 0.743268 0.583265
vt 0.749117 0.572751
vt 0.754354 0.578511
vt 0.514630 0.025248
vt 0.569128 0.080440
vt 0.551333 0.087973
vt 0.553161 0.108072
vt 0.539061 0.141642
vt 0.541143 0.153906
vt 0.528554 0.152228
vt 0.535311 0.166345
vt 0.519905 0.175003
vt 0.536670 0.189841
vt 0.134427 0.528291
vt 0.141493 0.515857
vt 0.116296 0.519149
vt 0.118223 0.494221
vt 0.117230 0.464088
vt 0.138341 0.463436
vt 0.143442 0.477789
vt 0.115439 0.446372
vt 0.123946 0.438091
vt 0.139579 0.449503
vt 0.113886 0.417615
vt 0.140396 0.387904
vt 0.149305 0.417850
vt 0.118723 0.394373
vt 0.168182 0.403097
vt 0.156375 0.380393
vt 0.190832 0.399586
vt 0.182362 0.379311
vt 0.202767 0.391302
vt 0.194992 0.364263
vt 0.199661 0.353823
vt 0.484557 0.598671
vt 0.473635 0.583038
vt 0.482625 0.579806
vt 0.493934 0.596258
vt 0.474982 0.570493
vt 0.488745 0.577180
vt 0.481224 0.555735
vt 0.981153 0.283843
vt 0.986506 0.320927
vt 0.968442 0.287585
vt 0.947569 0.308431
vt 0.963102 0.325676
vt 0.933256 0.309995
vt 0.938695 0.332994
vt 0.926850 0.329940
vt 0.898205 0.389314
vt 0.915816 0.408330
vt 0.888372 0.403887
vt 0.895225 0.419639
vt 0.914200 0.423563
vt 0.899177 0.434573
vt 0.918511 0.439171
vt 0.927986 0.467177
vt 0.933887 0.450070
vt 0.944671 0.493282
vt 0.929632 0.504068
vt 0.933616 0.489226
vt 0.957287 0.500616
vt 0.946657 0.507527
vt 0.286573 0.046180
vt 0.307350 0.043264
vt 0.299167 0.050397
vt 0.269087 0.046893
vt 0.269063 0.038738
vt 0.064020 0.747963
vt 0.046972 0.775207
vt 0.059782 0.790447
vt 0.041309 0.783591
vt 0.036819 0.789225
vt 0.214386 0.264649
vt 0.218246 0.254210
vt 0.196560 0.272316
vt 0.175920 0.266963
vt 0.175464 0.272442
vt 0.165818 0.272219
vt 0.151832 0.275763
vt 0.152016 0.288371
vt 0.141806 0.276324
vt 0.135039 0.270349
vt 0.958984 0.085341
vt 0.945044 0.070793
vt 0.964292 0.085085
vt 0.959151 0.075534
vt 0.942879 0.063095
vt 0.935174 0.063249
vt 0.918254 0.046102
vt 0.927301 0.050254
vt 0.925041 0.057993
vt 0.903668 0.047332
vt 0.897102 0.043035
vt 0.907011 0.042469
vt 0.871925 0.041844
vt 0.860870 0.035419
vt 0.873308 0.034758
vt 0.846089 0.026634
vt 0.212218 0.544021
vt 0.237355 0.519878
vt 0.255953 0.528440
vt 0.246229 0.545254
vt 0.235516 0.534588
vt 0.577031 0.711410
vt 0.570163 0.699664
vt 0.584563 0.697992
vt 0.598971 0.683965
vt 0.595704 0.697818
vt 0.611835 0.698731
vt 0.607436 0.678945
vt 0.635309 0.647162
vt 0.652154 0.641434
vt 0.679233 0.639346
vt 0.678093 0.630084
vt 0.688911 0.635644
vt 0.692577 0.622815
vt 0.697319 0.630373
vt 0.914314 0.819449
vt 0.931985 0.820163
vt 0.955487 0.824357
vt 0.954259 0.808659
vt 0.745487 0.626080
vt 0.759296 0.614113
vt 0.766636 0.590052
vt 0.410635 0.007452
vt 0.423003 0.007093
vt 0.708924 0.611475
vt 0.718961 0.601338
vt 0.725840 0.585517
vt 0.738613 0.594907
vt 0.711385 0.582863
vt 0.719452 0.562270
vt 0.737141 0.566291
vt 0.703398 0.567937
vt 0.675935 0.535107
vt 0.666080 0.552055
vt 0.660934 0.537489
vt 0.545556 0.029714
vt 0.548219 0.016341
vt 0.566019 0.024772
vt 0.560501 0.145201
vt 0.543728 0.130381
vt 0.555846 0.177940
vt 0.112285 0.546196
vt 0.104186 0.512919
vt 0.087302 0.427974
vt 0.080041 0.407594
vt 0.098343 0.411230
vt 0.079555 0.379072
vt 0.085222 0.375177
vt 0.096508 0.390568
vt 0.101858 0.381252
vt 0.108881 0.401398
vt 0.113694 0.365673
vt 0.127582 0.367370
vt 0.154958 0.366641
vt 0.172226 0.368055
vt 0.154611 0.340776
vt 0.447405 0.620594
vt 0.462931 0.639784
vt 0.430811 0.644466
vt 0.436920 0.608434
vt 0.458843 0.610995
vt 0.449289 0.598820
vt 0.472272 0.600468
vt 0.460471 0.575686
vt 0.461461 0.537883
vt 0.459039 0.513379
vt 0.469070 0.535347
vt 0.477560 0.534445
vt 0.453680 0.486737
vt 0.987252 0.373950
vt 0.974559 0.361555
vt 0.979903 0.334882
vt 0.951098 0.346950
vt 0.027596 0.608958
vt 0.014305 0.601695
vt 0.026941 0.585967
vt 0.009728 0.613042
vt 0.050105 0.601615
vt 0.040228 0.627914
vt 0.930081 0.430523
vt 0.939761 0.421960
vt 0.942202 0.437206
vt 0.946345 0.449204
vt 0.942486 0.460885
vt 0.960111 0.472513
vt 0.976453 0.493498
vt 0.979467 0.459511
vt 0.997914 0.474237
vt 0.064833 0.722598
vt 0.047485 0.740244
vt 0.272662 0.278707
vt 0.258540 0.276995
vt 0.256111 0.269357
vt 0.235690 0.271441
vt 0.222160 0.278564
vt 0.170189 0.286088
vt 0.158446 0.286158
vt 0.160132 0.283074
vt 0.188168 0.285316
vt 0.191078 0.298104
vt 0.176266 0.297686
vt 0.407562 0.226885
vt 0.411248 0.208225
vt 0.414560 0.228921
vt 0.931030 0.101778
vt 0.929594 0.092049
vt 0.944380 0.098629
vt 0.895165 0.049805
vt 0.887814 0.047971
vt 0.902491 0.063084
vt 0.932328 0.069707
vt 0.951277 0.092672
vt 0.934221 0.083388
vt 0.128518 0.279233
vt 0.146369 0.284315
vt 0.133840 0.284099
vt 0.877912 0.050757
vt 0.886214 0.039520
vt 0.851111 0.047963
vt 0.839704 0.039942
vt 0.825289 0.035813
vt 0.809452 0.023952
vt 0.819093 0.017574
vt 0.798358 0.008382
vt 0.794336 0.034076
vt 0.778286 0.030334
vt 0.758390 0.033301
vt 0.771322 0.043583
vt 0.648856 0.774539
vt 0.636086 0.779486
vt 0.634525 0.755682
vt 0.622651 0.782400
vt 0.644535 0.794481
vt 0.647984 0.814414
vt 0.506817 0.617886
vt 0.508472 0.589766
vt 0.512950 0.618029
vt 0.518195 0.576234
vt 0.521584 0.572199
vt 0.520421 0.599291
vt 0.552616 0.512906
vt 0.534874 0.534942
vt 0.541914 0.503653
vt 0.626807 0.040826
vt 0.638544 0.001936
vt 0.651130 0.003445
vt 0.642091 0.048073
vt 0.629431 0.066859
vt 0.605545 0.074509
vt 0.611351 0.055778
vt 0.580556 0.126561
vt 0.586271 0.137950
vt 0.576659 0.168151
vt 0.581992 0.181070
vt 0.567590 0.185892
vt 0.581174 0.189910
vt 0.595287 0.164761
vt 0.594301 0.184345
vt 0.596674 0.193869
vt 0.600250 0.207414
vt 0.590035 0.205601
vt 0.093779 0.547045
vt 0.100298 0.535081
vt 0.104777 0.546916
vt 0.079572 0.521011
vt 0.102864 0.487970
vt 0.075275 0.486599
vt 0.104183 0.467812
vt 0.061435 0.469642
vt 0.079454 0.468780
vt 0.053499 0.458837
vt 0.062532 0.442900
vt 0.072643 0.446738
vt 0.263949 0.869933
vt 0.271060 0.879299
vt 0.251810 0.888777
vt 0.277418 0.903242
vt 0.069241 0.413672
vt 0.064417 0.397534
vt 0.073347 0.403991
vt 0.077015 0.432838
vt 0.068786 0.372330
vt 0.064789 0.343012
vt 0.087730 0.353384
vt 0.101031 0.357740
vt 0.428953 0.623080
vt 0.411644 0.627312
vt 0.412952 0.609778
vt 0.448473 0.561498
vt 0.455006 0.541278
vt 0.470541 0.558479
vt 0.447341 0.534530
vt 0.428779 0.495669
vt 0.395933 0.485722
vt 0.348925 0.482583
vt 0.373995 0.466362
vt 0.484357 0.280701
vt 0.478300 0.294937
vt 0.455231 0.295881
vt 0.471514 0.269613
vt 0.440011 0.288851
vt 0.456026 0.259005
vt 0.416193 0.295249
vt 0.429091 0.277703
vt 0.088896 0.616960
vt 0.067036 0.607854
vt 0.084467 0.596232
vt 0.094307 0.647328
vt 0.068505 0.656708
vt 0.071292 0.623686
vt 0.054468 0.647113
vt 0.061990 0.685590
vt 0.047856 0.675521
vt 0.055385 0.659788
vt 0.991358 0.450678
vt 0.049265 0.691980
vt 0.059451 0.706636
vt 0.044936 0.715891
vt 0.052006 0.722347
vt 0.090384 0.683103
vt 0.091660 0.713504
vt 0.076136 0.714975
vt 0.295116 0.291895
vt 0.290357 0.300139
vt 0.252113 0.283755
vt 0.231726 0.291597
vt 0.232799 0.282142
vt 0.273653 0.304206
vt 0.244170 0.300127
vt 0.274175 0.315624
vt 0.292905 0.342971
vt 0.275423 0.343793
vt 0.276605 0.328465
vt 0.262829 0.332500
vt 0.270229 0.354616
vt 0.286993 0.365410
vt 0.220867 0.312667
vt 0.163431 0.645159
vt 0.147808 0.651311
vt 0.146997 0.644651
vt 0.134423 0.654251
vt 0.125774 0.665590
vt 0.119460 0.655998
vt 0.131455 0.646833
vt 0.397039 0.224422
vt 0.394897 0.207131
vt 0.923470 0.095744
vt 0.921770 0.086984
vt 0.875428 0.063188
vt 0.868187 0.051088
vt 0.860331 0.047871
vt 0.808018 0.035740
vt 0.779646 0.048551
vt 0.760015 0.050787
vt 0.647664 0.749879
vt 0.640240 0.742427
vt 0.659385 0.753817
vt 0.689823 0.776367
vt 0.717523 0.741301
vt 0.730643 0.738108
vt 0.721886 0.749880
vt 0.722783 0.724190
vt 0.801895 0.679381
vt 0.764805 0.687761
vt 0.788439 0.674198
vt 0.807048 0.666939
vt 0.819245 0.657754
vt 0.829192 0.668575
vt 0.173809 0.024536
vt 0.162884 0.020130
vt 0.166413 0.017439
vt 0.154268 0.025665
vt 0.145494 0.014838
vt 0.150230 0.033759
vt 0.144095 0.040579
vt 0.146341 0.028719
vt 0.085122 0.075073
vt 0.088867 0.064285
vt 0.097055 0.067315
vt 0.048889 0.080951
vt 0.076629 0.062376
vt 0.430209 0.856462
vt 0.434159 0.883031
vt 0.415174 0.882609
vt 0.820841 0.246592
vt 0.846209 0.240816
vt 0.844764 0.252966
vt 0.829624 0.224524
vt 0.818468 0.212033
vt 0.847565 0.207580
vt 0.805760 0.149902
vt 0.788263 0.161768
vt 0.838972 0.130702
vt 0.775221 0.149805
vt 0.159439 0.911412
vt 0.175344 0.910125
vt 0.172173 0.919963
vt 0.739062 0.189711
vt 0.728139 0.171304
vt 0.720156 0.189695
vt 0.699922 0.163282
vt 0.684650 0.176756
vt 0.688271 0.165618
vt 0.698937 0.219079
vt 0.680121 0.189182
vt 0.694392 0.198880
vt 0.685188 0.185785
vt 0.651976 0.186927
vt 0.675363 0.180451
vt 0.651111 0.220344
vt 0.633880 0.199596
vt 0.064227 0.513002
vt 0.061069 0.525796
vt 0.038248 0.501627
vt 0.019635 0.485589
vt 0.046367 0.486666
vt 0.035508 0.471961
vt 0.274820 0.846358
vt 0.305965 0.845232
vt 0.325073 0.878938
vt 0.336624 0.872795
vt 0.342012 0.858185
vt 0.362130 0.857984
vt 0.355417 0.885174
vt 0.337397 0.883257
vt 0.355882 0.875777
vt 0.062150 0.380992
vt 0.059461 0.346338
vt 0.070597 0.338815
vt 0.076941 0.334388
vt 0.088821 0.340836
vt 0.105878 0.328216
vt 0.163330 0.331643
vt 0.126926 0.332637
vt 0.399564 0.608988
vt 0.409291 0.597249
vt 0.431261 0.561306
vt 0.684728 0.850982
vt 0.643939 0.853124
vt 0.664216 0.844483
vt 0.664428 0.859654
vt 0.618738 0.872400
vt 0.614295 0.859729
vt 0.599499 0.890702
vt 0.570279 0.910639
vt 0.583059 0.887546
vt 0.481484 0.658309
vt 0.481599 0.644617
vt 0.450751 0.646882
vt 0.447685 0.656381
vt 0.438764 0.679548
vt 0.430306 0.678250
vt 0.422192 0.682241
vt 0.431298 0.657346
vt 0.426787 0.698144
vt 0.409908 0.691326
vt 0.350880 0.722816
vt 0.369109 0.736001
vt 0.357168 0.742749
vt 0.343511 0.740360
vt 0.330047 0.776391
vt 0.320272 0.762466
vt 0.333978 0.765007
vt 0.140593 0.248282
vt 0.359362 0.768963
vt 0.361263 0.779001
vt 0.348295 0.773486
vt 0.349624 0.752657
vt 0.363753 0.751739
vt 0.371505 0.761446
vt 0.373395 0.754101
vt 0.379977 0.772336
vt 0.097455 0.241325
vt 0.102456 0.242304
vt 0.093434 0.257145
vt 0.090803 0.171422
vt 0.099727 0.179431
vt 0.091388 0.195589
vt 0.084582 0.190541
vt 0.084819 0.156026
vt 0.088334 0.157528
vt 0.085982 0.164659
vt 0.078171 0.158393
vt 0.072781 0.152908
vt 0.069919 0.159738
vt 0.067375 0.150412
vt 0.059961 0.153865
vt 0.060166 0.144352
vt 0.070361 0.143101
vt 0.075855 0.140324
vt 0.089683 0.151341
vt 0.099188 0.167258
vt 0.122717 0.199347
vt 0.103382 0.195223
vt 0.159674 0.182297
vt 0.150765 0.158994
vt 0.160709 0.150522
vt 0.177673 0.165200
vt 0.187777 0.153405
vt 0.174712 0.129691
vt 0.201160 0.145044
vt 0.225813 0.143981
vt 0.212254 0.118675
vt 0.224045 0.118550
vt 0.206417 0.099395
vt 0.193943 0.077327
vt 0.170816 0.094715
vt 0.159923 0.102463
vt 0.167318 0.084719
vt 0.151509 0.113072
vt 0.120003 0.095879
vt 0.133173 0.072630
vt 0.133466 0.096859
vt 0.079900 0.115295
vt 0.074310 0.110698
vt 0.088957 0.108636
vt 0.042359 0.123973
vt 0.043277 0.114438
vt 0.055418 0.110687
vt 0.033101 0.122609
vt 0.022831 0.119032
vt 0.010523 0.110814
vt 0.029013 0.100731
vt 0.790233 0.390857
vt 0.765192 0.366643
vt 0.796430 0.378107
vt 0.782781 0.366681
vt 0.754969 0.354918
vt 0.738673 0.340321
vt 0.765236 0.345492
vt 0.820355 0.336350
vt 0.833110 0.325320
vt 0.836284 0.340272
vt 0.805822 0.307072
vt 0.835573 0.312338
vt 0.775189 0.269539
vt 0.788691 0.266908
vt 0.785989 0.303194
vt 0.746213 0.246927
vt 0.754112 0.229779
vt 0.776532 0.252795
vt 0.748239 0.198807
vt 0.753941 0.185997
vt 0.759256 0.206419
vt 0.125781 0.881389
vt 0.139785 0.890375
vt 0.184025 0.896696
vt 0.175584 0.878969
vt 0.707345 0.212311
vt 0.142464 0.857438
vt 0.144800 0.850294
vt 0.152905 0.866179
vt 0.166456 0.835793
vt 0.011320 0.515491
vt 0.026188 0.521787
vt 0.164477 0.827076
vt 0.171930 0.818673
vt 0.018560 0.506371
vt 0.018907 0.474416
vt 0.017899 0.465207
vt 0.108460 0.815350
vt 0.114402 0.794831
vt 0.130602 0.792653
vt 0.259695 0.827335
vt 0.300897 0.832421
vt 0.278368 0.812348
vt 0.297797 0.820917
vt 0.316692 0.825652
vt 0.332460 0.815800
vt 0.338628 0.829517
vt 0.357553 0.827938
vt 0.359529 0.841552
vt 0.369902 0.868124
vt 0.338911 0.908127
vt 0.327251 0.907096
vt 0.338221 0.899871
vt 0.052656 0.337502
vt 0.047038 0.318040
vt 0.057059 0.332803
vt 0.061557 0.325230
vt 0.071132 0.327374
vt 0.092248 0.315738
vt 0.096150 0.306980
vt 0.110611 0.305767
vt 0.377265 0.635714
vt 0.349042 0.613659
vt 0.367419 0.589092
vt 0.389146 0.610978
vt 0.402034 0.585967
vt 0.422991 0.584794
vt 0.386602 0.584435
vt 0.390930 0.575162
vt 0.408320 0.546689
vt 0.405407 0.568650
vt 0.391798 0.554103
vt 0.390116 0.526787
vt 0.383225 0.543074
vt 0.371363 0.537026
vt 0.353685 0.538033
vt 0.367672 0.502736
vt 0.335740 0.495352
vt 0.305991 0.484358
vt 0.315593 0.515769
vt 0.296070 0.501971
vt 0.292049 0.556797
vt 0.282838 0.551971
vt 0.291552 0.530269
vt 0.275149 0.567189
vt 0.274921 0.548816
vt 0.276362 0.535482
vt 0.268377 0.513117
vt 0.267836 0.496955
vt 0.257841 0.492336
vt 0.264572 0.483298
vt 0.697161 0.852943
vt 0.692259 0.857756
vt 0.693997 0.863504
vt 0.664974 0.866339
vt 0.625762 0.889818
vt 0.608587 0.895578
vt 0.595873 0.909198
vt 0.578167 0.920640
vt 0.587837 0.926311
vt 0.475225 0.697185
vt 0.458154 0.698878
vt 0.457935 0.720841
vt 0.422267 0.760571
vt 0.407266 0.787948
vt 0.404814 0.757028
vt 0.390963 0.785325
vt 0.420184 0.793975
vt 0.051639 0.252545
vt 0.065788 0.257091
vt 0.031250 0.190323
vt 0.025304 0.176029
vt 0.005991 0.171388
vt 0.020105 0.151410
vt 0.764690 0.442720
vt 0.753968 0.435178
vt 0.760840 0.400041
vt 0.772932 0.421316
vt 0.781737 0.405498
vt 0.728759 0.364642
vt 0.740064 0.386948
vt 0.691971 0.331409
vt 0.678845 0.307829
vt 0.702124 0.331981
vt 0.674043 0.293769
vt 0.665774 0.301775
vt 0.665301 0.279454
vt 0.656276 0.291551
vt 0.652741 0.265812
vt 0.659305 0.262330
vt 0.654979 0.255799
vt 0.648879 0.246929
vt 0.843261 0.361601
vt 0.824032 0.364837
vt 0.821568 0.355139
vt 0.803465 0.358847
vt 0.804591 0.370452
vt 0.025936 0.890673
vt 0.042746 0.900530
vt 0.010725 0.895657
vt 0.059736 0.871913
vt 0.092847 0.873173
vt 0.060896 0.876704
vt 0.092576 0.867456
vt 0.110404 0.872063
vt 0.126649 0.860060
vt 0.143857 0.823324
vt 0.147334 0.803144
vt 0.111696 0.834301
vt 0.135019 0.801848
vt 0.073700 0.824072
vt 0.096853 0.809217
vt 0.309836 0.815458
vt 0.300952 0.794240
vt 0.327132 0.800919
vt 0.355195 0.814533
vt 0.374706 0.831755
vt 0.376793 0.850057
vt 0.387440 0.859501
vt 0.371750 0.880437
vt 0.788513 0.547896
vt 0.786328 0.556545
vt 0.774206 0.554666
vt 0.010015 0.298061
vt 0.020897 0.297955
vt 0.015301 0.306079
vt 0.038860 0.304207
vt 0.034989 0.316269
vt 0.056965 0.312803
vt 0.053274 0.301147
vt 0.065901 0.310394
vt 0.067798 0.319357
vt 0.055169 0.288572
vt 0.300979 0.629750
vt 0.283513 0.637570
vt 0.284347 0.627794
vt 0.319617 0.592052
vt 0.320683 0.628424
vt 0.374764 0.570300
vt 0.346111 0.585415
vt 0.333662 0.528827
vt 0.271072 0.588854
vt 0.279232 0.567436
vt 0.258157 0.587229
vt 0.267639 0.575885
vt 0.272256 0.563203
vt 0.272604 0.548029
vt 0.715969 0.961945
vt 0.723031 0.947389
vt 0.728162 0.958508
vt 0.272591 0.524996
vt 0.737441 0.950184
vt 0.261059 0.503345
vt 0.716289 0.876364
vt 0.702490 0.871482
vt 0.705065 0.856729
vt 0.698741 0.861071
vt 0.724981 0.905810
vt 0.706288 0.896381
vt 0.715590 0.898940
vt 0.563323 0.473327
vt 0.562057 0.486546
vt 0.559867 0.482579
vt 0.561141 0.453179
vt 0.569948 0.442938
vt 0.567124 0.463344
vt 0.569789 0.419417
vt 0.577630 0.437600
vt 0.584230 0.374220
vt 0.580894 0.386758
vt 0.567653 0.363763
vt 0.560805 0.352164
vt 0.572464 0.345872
vt 0.565702 0.338539
vt 0.573945 0.297128
vt 0.588170 0.288972
vt 0.578384 0.305562
vt 0.853755 0.407818
vt 0.858969 0.400219
vt 0.867419 0.427895
vt 0.839244 0.394149
vt 0.828851 0.387143
vt 0.801380 0.387074
vt 0.801358 0.377440
vt 0.040527 0.867940
vt 0.041425 0.876336
vt 0.058063 0.863453
vt 0.074836 0.862164
vt 0.096753 0.855528
vt 0.088028 0.847361
vt 0.121680 0.843127
vt 0.055371 0.846408
vt 0.081390 0.834180
vt 0.362561 0.784327
vt 0.367952 0.798903
vt 0.358333 0.794549
vt 0.376356 0.819937
vt 0.358764 0.806214
vt 0.409807 0.859816
vt 0.799990 0.512089
vt 0.801960 0.500607
vt 0.813942 0.514497
vt 0.803740 0.548356
vt 0.808409 0.528628
vt 0.792354 0.567906
vt 0.812858 0.548288
vt 0.825513 0.542255
vt 0.815626 0.575790
vt 0.830425 0.556802
vt 0.837124 0.568606
vt 0.826938 0.578497
vt 0.248633 0.596990
vt 0.244474 0.595639
vt 0.663920 0.962409
vt 0.678029 0.959366
vt 0.679530 0.965128
vt 0.705350 0.962552
vt 0.709698 0.948775
vt 0.720921 0.890013
vt 0.750782 0.918312
vt 0.764701 0.919458
vt 0.751956 0.921658
vt 0.563779 0.440658
vt 0.561342 0.427706
vt 0.563489 0.409100
vt 0.559928 0.376342
vt 0.552917 0.379833
vt 0.550355 0.350833
vt 0.541905 0.355987
vt 0.549325 0.330778
vt 0.849102 0.429045
vt 0.841081 0.457887
vt 0.829725 0.457742
vt 0.811309 0.422395
vt 0.804857 0.428185
vt 0.793162 0.407807
vt 0.779636 0.423308
vt 0.013780 0.839650
vt 0.022000 0.859071
vt 0.006120 0.858202
vt 0.038256 0.842317
vt 0.039164 0.854479
vt 0.799119 0.451817
vt 0.787378 0.441480
vt 0.804006 0.488099
vt 0.799315 0.475613
vt 0.807782 0.471859
vt 0.818441 0.487573
vt 0.821108 0.519597
vt 0.828468 0.517475
vt 0.837653 0.533193
vt 0.838244 0.551121
vt 0.616385 0.945906
vt 0.624453 0.953054
vt 0.611244 0.950530
vt 0.633582 0.957027
vt 0.621868 0.958833
vt 0.646881 0.959730
vt 0.661787 0.956468
vt 0.679143 0.953040
vt 0.694307 0.964263
vt 0.696649 0.945789
vt 0.713902 0.927054
vt 0.701907 0.928196
vt 0.705623 0.910248
vt 0.711412 0.905101
vt 0.700201 0.897693
vt 0.779402 0.912387
vt 0.777463 0.919680
vt 0.866857 0.556098
vt 0.853768 0.557171
vt 0.834804 0.485641
vt 0.830928 0.503289
vt 0.827370 0.485506
vt 0.820991 0.471367
vt 0.844986 0.490147
vt 0.838759 0.519504
vt 0.607023 0.926785
vt 0.604633 0.938542
vt 0.594352 0.929002
vt 0.645870 0.949914
vt 0.673475 0.948282
vt 0.681008 0.939037
vt 0.684442 0.923205
vt 0.685766 0.901113
vt 0.695076 0.911943
vt 0.677069 0.915599
vt 0.666127 0.902088
vt 0.667894 0.894590
vt 0.786462 0.898454
vt 0.796177 0.903279
vt 0.824561 0.914795
vt 0.811434 0.913127
vt 0.812112 0.902307
vt 0.886934 0.555550
vt 0.877981 0.570364
vt 0.860116 0.582108
vt 0.617923 0.925163
vt 0.632283 0.917281
vt 0.642595 0.940059
vt 0.674751 0.927696
vt 0.667857 0.921653
vt 0.653571 0.928108
vt 0.654487 0.909919
vt 0.642597 0.909684
vt 0.801319 0.919919
vt 0.823523 0.924127
vt 0.814610 0.925124
vt 0.544953 0.381812
vt 0.240416 0.607259
vt 0.233974 0.604401
vt 0.239669 0.622560
vt 0.257399 0.601425
vt 0.266954 0.621908
vt 0.256511 0.636097
vt 0.269065 0.602463
vt 0.339912 0.571747
vt 0.323720 0.573041
vt 0.306701 0.587173
vt 0.302245 0.553368
vt 0.289232 0.570602
vt 0.303675 0.605232
vt 0.247714 0.651436
vt 0.238538 0.638210
vt 0.240603 0.653698
vt 0.231832 0.638573
vt 0.225409 0.654817
vt 0.220659 0.637780
vt 0.030200 0.271351
vt 0.025673 0.287005
vt 0.014767 0.267606
vt 0.047306 0.301132
vt 0.038256 0.273155
vt 0.042872 0.888163
vt 0.847686 0.389946
vt 0.615055 0.260050
vt 0.627343 0.266533
vt 0.623517 0.254678
vt 0.631534 0.259867
vt 0.859885 0.376142
vt 0.865825 0.369047
vt 0.869988 0.381275
vt 0.844967 0.379460
vt 0.833970 0.373256
vt 0.644123 0.257435
vt 0.634245 0.250155
vt 0.641236 0.272703
vt 0.648648 0.302771
vt 0.633644 0.310952
vt 0.605981 0.308345
vt 0.595929 0.316795
vt 0.584203 0.316132
vt 0.592986 0.302925
vt 0.577060 0.352863
vt 0.590542 0.366991
vt 0.600042 0.374425
vt 0.610219 0.382455
vt 0.595353 0.383450
vt 0.618977 0.398615
vt 0.591421 0.402049
vt 0.593996 0.426632
vt 0.578533 0.405945
vt 0.600405 0.439720
vt 0.584642 0.455114
vt 0.910675 0.562260
vt 0.908068 0.573637
vt 0.897154 0.565437
vt 0.649462 0.890049
vt 0.673612 0.882447
vt 0.669740 0.875994
vt 0.601253 0.914740
vt 0.913594 0.728148
vt 0.882042 0.703241
vt 0.906663 0.711402
vt 0.929678 0.729738
vt 0.927193 0.739368
vt 0.455649 0.770403
vt 0.434314 0.761002
vt 0.457345 0.756384
vt 0.751501 0.501133
vt 0.717910 0.469801
vt 0.732476 0.468294
vt 0.711847 0.446968
vt 0.719510 0.399845
vt 0.734750 0.408917
vt 0.725737 0.435398
vt 0.718343 0.383660
vt 0.712415 0.369056
vt 0.702942 0.354436
vt 0.654144 0.317569
vt 0.665860 0.323889
vt 0.647086 0.324185
vt 0.627191 0.359134
vt 0.606695 0.331396
vt 0.601565 0.353994
vt 0.643210 0.423171
vt 0.629812 0.431644
vt 0.633235 0.399090
vt 0.652095 0.400331
vt 0.666811 0.408868
vt 0.650601 0.437506
vt 0.680351 0.405253
vt 0.672309 0.425650
vt 0.688992 0.419004
vt 0.688674 0.428456
vt 0.694267 0.403333
vt 0.682375 0.387697
vt 0.690105 0.364617
vt 0.685029 0.348439
vt 0.691566 0.341060
vt 0.659038 0.338930
vt 0.662497 0.395397
vt 0.674006 0.395781
vt 0.647273 0.369074
vt 0.654286 0.355129
vt 0.667076 0.357955
vt 0.676822 0.376916
vt 0.639661 0.387330
vt 0.641048 0.377983
vt 0.665228 0.386545
vt 0.659627 0.446415
vt 0.671658 0.447665
vt 0.649452 0.447249
vt 0.640021 0.457252
vt 0.637937 0.444047
vt 0.626263 0.449593
vt 0.627395 0.461834
vt 0.617177 0.457237
vt 0.608804 0.464024
vt 0.606645 0.455119
vt 0.611411 0.433646
vt 0.580125 0.470757
vt 0.878291 0.609243
vt 0.868939 0.627700
vt 0.873184 0.603470
vt 0.894165 0.642380
vt 0.893064 0.654253
vt 0.881556 0.635255
vt 0.899393 0.664037
vt 0.910072 0.679019
vt 0.884793 0.687241
vt 0.878691 0.672929
vt 0.890629 0.702533
vt 0.949018 0.712249
vt 0.942569 0.734223
vt 0.969198 0.727289
vt 0.964349 0.740302
vt 0.683263 0.498559
vt 0.693128 0.481296
vt 0.697484 0.499391
vt 0.699219 0.469563
vt 0.710961 0.496663
vt 0.676379 0.460816
vt 0.695384 0.451366
vt 0.695610 0.442568
vt 0.673543 0.472785
vt 0.658338 0.455927
vt 0.642801 0.474591
vt 0.648050 0.460412
vt 0.617745 0.479584
vt 0.601498 0.487891
vt 0.591476 0.482168
vt 0.927100 0.588662
vt 0.912755 0.597515
vt 0.894869 0.604187
vt 0.899223 0.585354
vt 0.909216 0.624590
vt 0.890628 0.619147
vt 0.906322 0.645096
vt 0.921326 0.651188
vt 0.913274 0.661934
vt 0.930176 0.662379
vt 0.947120 0.646545
vt 0.952908 0.658368
vt 0.935504 0.648319
vt 0.973736 0.667936
vt 0.980402 0.680096
vt 0.979239 0.695048
vt 0.660592 0.500325
vt 0.659499 0.486434
vt 0.671024 0.500156
vt 0.647910 0.495706
vt 0.633174 0.500406
vt 0.634610 0.477316
vt 0.627945 0.479874
vt 0.962283 0.613193
vt 0.946864 0.595526
vt 0.937970 0.601055
vt 0.954489 0.624018
vt 0.948119 0.636280
vt 0.932033 0.634891
vt 0.964737 0.629625
vt 0.955318 0.633891
vt 0.962814 0.645076
vt 0.976685 0.641731
vt 0.955285 0.669950
vt 0.007757 0.888900
vt 0.340161 0.511005
vt 0.342878 0.539557
vt 0.311098 0.648843
vt 0.303288 0.647310
vt 0.139322 0.873643
vt 0.060586 0.894120
vt 0.060010 0.884269
vt 0.033475 0.914403
vt 0.016939 0.909708
vt 0.740546 0.278243
vt 0.749851 0.290253
vt 0.738619 0.307010
vt 0.747352 0.315650
vt 0.761287 0.320431
vt 0.740268 0.318835
vt 0.676980 0.264772
vt 0.678309 0.279391
vt 0.688402 0.298095
vt 0.712175 0.346694
vt 0.735063 0.351164
vt 0.759880 0.375363
vt 0.771321 0.392371
vt 0.758218 0.387455
vt 0.016668 0.130877
vt 0.027784 0.133348
vt 0.003830 0.145013
vt 0.028330 0.152823
vt 0.068863 0.195973
vt 0.055635 0.188445
vt 0.066932 0.190092
vt 0.048963 0.181757
vt 0.043982 0.165453
vt 0.044459 0.174102
vt 0.044738 0.148524
vt 0.036107 0.137228
vt 0.061492 0.126341
vt 0.068640 0.129306
vt 0.049489 0.131469
vt 0.059900 0.139001
vt 0.061957 0.181482
vt 0.064921 0.174409
vt 0.072905 0.181206
vt 0.056756 0.174643
vt 0.053078 0.169507
vt 0.060841 0.163079
vt 0.085944 0.172323
vt 0.081670 0.183800
vt 0.078588 0.146720
vt 0.096362 0.147867
vt 0.120425 0.164178
vt 0.113498 0.144758
vt 0.128451 0.147381
vt 0.100699 0.135741
vt 0.099315 0.114425
vt 0.086859 0.119182
vt 0.088150 0.131397
vt 0.080566 0.132168
vt 0.097464 0.109462
vt 0.149761 0.127628
vt 0.115625 0.176027
vt 0.723348 0.330073
vt 0.712262 0.316334
vt 0.707674 0.319043
vt 0.699090 0.297061
vt 0.745786 0.262272
vt 0.090808 0.886102
vt 0.061067 0.904625
vt 0.110203 0.879236
vt 0.047271 0.910116
vt 0.415405 0.731596
vt 0.422520 0.736328
vt 0.404002 0.745661
vt 0.443193 0.704079
vt 0.429297 0.533217
vt 0.038604 0.541996
vt 0.057213 0.534975
vt 0.155655 0.881890
vt 0.766345 0.178431
vt 0.764070 0.165579
vt 0.773730 0.190383
vt 0.789947 0.220818
vt 0.797588 0.247422
vt 0.015837 0.092595
vt 0.021928 0.082800
vt 0.784422 0.348986
vt 0.800314 0.350343
vt 0.799626 0.363672
vt 0.851535 0.330007
vt 0.874281 0.316901
vt 0.869192 0.341156
vt 0.853374 0.292687
vt 0.811683 0.264245
vt 0.805689 0.184046
vt 0.793010 0.205301
vt 0.047209 0.106693
vt 0.183542 0.079779
vt 0.297274 0.082945
vt 0.283297 0.094738
vt 0.294935 0.098734
vt 0.283322 0.110373
vt 0.272760 0.110093
vt 0.262354 0.117497
vt 0.239348 0.125134
vt 0.235101 0.148964
vt 0.183858 0.176698
vt 0.200552 0.180510
vt 0.178711 0.220200
vt 0.168759 0.222045
vt 0.176320 0.204823
vt 0.286805 0.790225
vt 0.275532 0.788196
vt 0.224781 0.782257
vt 0.221830 0.771147
vt 0.244793 0.775788
vt 0.255986 0.166951
vt 0.272533 0.161777
vt 0.256754 0.189891
vt 0.292329 0.149587
vt 0.295638 0.140665
vt 0.306193 0.155929
vt 0.324081 0.142203
vt 0.349712 0.124716
vt 0.317756 0.123658
vt 0.337605 0.105599
vt 0.406713 0.123677
vt 0.381648 0.101351
vt 0.393569 0.099253
vt 0.835845 0.077441
vt 0.852539 0.072237
vt 0.852740 0.081247
vt 0.866050 0.068962
vt 0.817728 0.060559
vt 0.827538 0.048052
vt 0.832053 0.063596
vt 0.806030 0.057489
vt 0.805660 0.048120
vt 0.775531 0.055468
vt 0.645470 0.737263
vt 0.633500 0.733549
vt 0.667437 0.750373
vt 0.682878 0.758235
vt 0.695480 0.754961
vt 0.705246 0.753547
vt 0.697732 0.758990
vt 0.705715 0.748369
vt 0.712416 0.735755
vt 0.728224 0.703130
vt 0.752848 0.699881
vt 0.733811 0.712110
vt 0.715978 0.696869
vt 0.761896 0.680986
vt 0.777494 0.667531
vt 0.792629 0.660831
vt 0.182990 0.025112
vt 0.190428 0.035238
vt 0.172100 0.036042
vt 0.166781 0.049042
vt 0.159232 0.032561
vt 0.159297 0.053815
vt 0.141677 0.053290
vt 0.116025 0.071731
vt 0.124113 0.052321
vt 0.127951 0.057615
vt 0.108656 0.060436
vt 0.099856 0.086620
vt 0.136622 0.063230
vt 0.123242 0.070377
vt 0.181908 0.049417
vt 0.178074 0.064889
vt 0.215606 0.042144
vt 0.209790 0.061443
vt 0.700786 0.689639
vt 0.735127 0.680702
vt 0.720420 0.680548
vt 0.697634 0.698730
vt 0.314641 0.087293
vt 0.314036 0.079074
vt 0.295177 0.128332
vt 0.306589 0.100619
vt 0.273305 0.134875
vt 0.260235 0.140442
vt 0.244333 0.165368
vt 0.211331 0.174258
vt 0.225093 0.179095
vt 0.209371 0.193442
vt 0.319050 0.110917
vt 0.344383 0.068081
vt 0.344681 0.093917
vt 0.377404 0.082211
vt 0.789548 0.081860
vt 0.815329 0.083206
vt 0.801257 0.093413
vt 0.815499 0.070181
vt 0.849280 0.065659
vt 0.842953 0.058378
vt 0.795026 0.067145
vt 0.783251 0.063177
vt 0.794792 0.054569
vt 0.648698 0.722375
vt 0.643247 0.729092
vt 0.637131 0.724611
vt 0.655779 0.733256
vt 0.672510 0.737838
vt 0.693068 0.735706
vt 0.703727 0.725418
vt 0.686132 0.718691
vt 0.708822 0.709488
vt 0.760420 0.073411
vt 0.771025 0.077702
vt 0.760111 0.086876
vt 0.765942 0.096060
vt 0.683296 0.745255
vt 0.319288 0.066820
vt 0.884956 0.064094
vt 0.892621 0.061455
vt 0.892173 0.067853
vt 0.872487 0.074760
vt 0.887711 0.072182
vt 0.866451 0.084679
vt 0.368947 0.128550
vt 0.369761 0.147513
vt 0.342868 0.158504
vt 0.321766 0.158323
vt 0.313761 0.167395
vt 0.294591 0.171563
vt 0.285286 0.162695
vt 0.279429 0.188542
vt 0.267771 0.190722
vt 0.231393 0.765050
vt 0.275182 0.752727
vt 0.308842 0.727998
vt 0.304908 0.717236
vt 0.300613 0.700701
vt 0.270071 0.690662
vt 0.293526 0.690417
vt 0.266801 0.682041
vt 0.246284 0.674794
vt 0.264103 0.674668
vt 0.299758 0.378923
vt 0.288115 0.375352
vt 0.227799 0.668751
vt 0.240616 0.668885
vt 0.180442 0.650609
vt 0.206154 0.664201
vt 0.199513 0.669652
vt 0.181839 0.647558
vt 0.173462 0.666431
vt 0.161855 0.657975
vt 0.149301 0.665470
vt 0.136210 0.675836
vt 0.124303 0.683105
vt 0.384939 0.221118
vt 0.395365 0.235405
vt 0.394844 0.170907
vt 0.414937 0.171184
vt 0.409360 0.183907
vt 0.415704 0.160265
vt 0.424569 0.163721
vt 0.422838 0.172453
vt 0.432423 0.159424
vt 0.430472 0.169469
vt 0.900047 0.076925
vt 0.438682 0.152305
vt 0.425415 0.128870
vt 0.443337 0.142226
vt 0.397008 0.144202
vt 0.385618 0.147722
vt 0.378642 0.137593
vt 0.375946 0.168189
vt 0.337705 0.175498
vt 0.324885 0.184447
vt 0.311185 0.196576
vt 0.187873 0.753206
vt 0.187228 0.770553
vt 0.172987 0.744557
vt 0.221384 0.747248
vt 0.202848 0.756828
vt 0.265594 0.738965
vt 0.269834 0.727326
vt 0.258646 0.723014
vt 0.222924 0.721558
vt 0.243923 0.709516
vt 0.185793 0.715697
vt 0.168121 0.715451
vt 0.150152 0.721007
vt 0.138457 0.703328
vt 0.151171 0.707732
vt 0.387011 0.167048
vt 0.385524 0.191367
vt 0.420401 0.150826
vt 0.341503 0.186831
vt 0.332915 0.196202
vt 0.167938 0.729280
vt 0.156752 0.739637
vt 0.238906 0.739206
vt 0.235965 0.747997
vt 0.370101 0.213878
vt 0.340622 0.206675
vt 0.379194 0.206559
vt 0.361912 0.183983
vt 0.152738 0.689521
vt 0.182566 0.689981
vt 0.260203 0.690427
vt 0.237413 0.692880
vt 0.238494 0.682026
vt 0.263224 0.700728
vt 0.255728 0.748099
vt 0.304675 0.353201
vt 0.316820 0.360417
vt 0.336811 0.361507
vt 0.322514 0.374102
vt 0.313243 0.381346
vt 0.328667 0.343522
vt 0.317429 0.318470
vt 0.334923 0.309243
vt 0.333698 0.334297
vt 0.100259 0.679716
vt 0.103512 0.644106
vt 0.365795 0.317595
vt 0.353175 0.338142
vt 0.350438 0.318860
vt 0.381575 0.310185
vt 0.411460 0.324925
vt 0.394206 0.337104
vt 0.386138 0.356761
vt 0.405709 0.363480
vt 0.402479 0.374161
vt 0.397089 0.388379
vt 0.377721 0.385865
vt 0.363302 0.396664
vt 0.374366 0.404656
vt 0.360058 0.412339
vt 0.351386 0.401956
vt 0.337238 0.408856
vt 0.331314 0.394026
vt 0.328471 0.384369
vt 0.336984 0.388890
vt 0.339024 0.374683
vt 0.353629 0.384857
vt 0.364511 0.361696
vt 0.367217 0.377788
vt 0.314316 0.392221
vt 0.296220 0.686238
vt 0.280790 0.679329
vt 0.312204 0.687318
vt 0.311598 0.693483
vt 0.334640 0.697984
vt 0.355408 0.704959
vt 0.385621 0.712378
vt 0.381279 0.724877
vt 0.350894 0.691962
vt 0.376788 0.690724
vt 0.399747 0.694211
vt 0.407112 0.679731
vt 0.401695 0.671737
vt 0.414757 0.662553
vt 0.414852 0.649847
vt 0.444267 0.414405
vt 0.453541 0.404154
vt 0.479261 0.403145
vt 0.499476 0.376915
vt 0.515291 0.350607
vt 0.504994 0.384630
vt 0.515362 0.330592
vt 0.517438 0.308776
vt 0.502950 0.331351
vt 0.501255 0.312593
vt 0.479953 0.328585
vt 0.477383 0.317764
vt 0.452379 0.340976
vt 0.444289 0.355211
vt 0.441182 0.336228
vt 0.431939 0.350333
vt 0.422878 0.364185
vt 0.418354 0.343187
vt 0.430019 0.377834
vt 0.428248 0.394926
vt 0.419562 0.378871
vt 0.431211 0.406339
vt 0.410435 0.404589
vt 0.429883 0.416826
vt 0.397362 0.415649
vt 0.396415 0.423504
vt 0.372375 0.416159
vt 0.372733 0.677282
vt 0.388649 0.682456
vt 0.404123 0.661596
vt 0.465925 0.382385
vt 0.457057 0.395328
vt 0.445414 0.388178
vt 0.476327 0.395044
vt 0.460024 0.354466
vt 0.467978 0.361619
vt 0.447946 0.368699
vt 0.370916 0.425119
vt 0.360571 0.421165
vt 0.441406 0.311420
vt 0.464376 0.305075
vt 0.476811 0.338952
vt 0.475061 0.349654
vt 0.467584 0.343625
vt 0.349358 0.421315
vt 0.392392 0.298778
vt 0.264470 0.778253
vt 0.262033 0.788670
vt 0.154471 0.193509
vt 0.632719 0.185007
vt 0.639508 0.166956
vt 0.669200 0.172721
vt 0.662404 0.158498
vt 0.678740 0.164305
vt 0.707540 0.141496
vt 0.688597 0.155012
vt 0.713857 0.160391
vt 0.708641 0.130938
vt 0.730383 0.119531
vt 0.742753 0.108782
vt 0.739791 0.126178
vt 0.838681 0.122633
vt 0.822794 0.153241
vt 0.831355 0.176210
vt 0.872355 0.276523
vt 0.885799 0.269930
vt 0.910065 0.290819
vt 0.888183 0.301241
vt 0.909958 0.309743
vt 0.100290 0.048086
vt 0.112283 0.042674
vt 0.104296 0.053729
vt 0.126786 0.031466
vt 0.138162 0.023766
vt 0.139276 0.035958
vt 0.140281 0.009808
vt 0.147776 0.007242
vt 0.834952 0.670087
vt 0.820262 0.679388
vt 0.805490 0.685256
vt 0.828538 0.673317
vt 0.785727 0.687725
vt 0.796918 0.700683
vt 0.774448 0.708118
vt 0.770314 0.693070
vt 0.756342 0.712466
vt 0.768867 0.734365
vt 0.739734 0.727050
vt 0.757596 0.738060
vt 0.750502 0.750763
vt 0.740826 0.757225
vt 0.710200 0.762825
vt 0.705420 0.792433
vt 0.701931 0.774651
vt 0.712753 0.775799
vt 0.719374 0.796025
vt 0.750791 0.799026
vt 0.729357 0.827024
vt 0.745448 0.841738
vt 0.759426 0.846805
vt 0.772445 0.853029
vt 0.758233 0.857788
vt 0.789001 0.833566
vt 0.820106 0.828811
vt 0.820846 0.841440
vt 0.831463 0.800972
vt 0.833695 0.822213
vt 0.835499 0.787239
vt 0.846006 0.796048
vt 0.829820 0.776698
vt 0.839847 0.774805
vt 0.849356 0.787617
vt 0.844392 0.763428
vt 0.848127 0.774471
vt 0.864096 0.747050
vt 0.858089 0.764511
vt 0.855778 0.755879
vt 0.468918 0.959672
vt 0.460600 0.985902
vt 0.452301 0.954132
vt 0.507706 0.925624
vt 0.519511 0.906857
vt 0.532275 0.937387
vt 0.538531 0.926820
vt 0.873594 0.175258
vt 0.866877 0.164387
vt 0.896388 0.172507
vt 0.871291 0.142852
vt 0.851360 0.132153
vt 0.868344 0.123615
vt 0.527331 0.984713
vt 0.521599 0.971271
vt 0.532520 0.960433
vt 0.505271 0.967307
vt 0.515549 0.957082
vt 0.488294 0.981866
vt 0.490467 0.966451
vt 0.496315 0.988189
vt 0.513336 0.987909
vt 0.520179 0.988482
vt 0.858804 0.770883
vt 0.865818 0.775209
vt 0.857940 0.779512
vt 0.837328 0.841952
vt 0.818910 0.849594
vt 0.797852 0.849396
vt 0.809922 0.858674
vt 0.785990 0.863650
vt 0.798845 0.857236
vt 0.692819 0.015295
vt 0.685806 0.001981
vt 0.717787 0.839084
vt 0.739520 0.854738
vt 0.702988 0.831163
vt 0.681207 0.822669
vt 0.686178 0.828842
vt 0.664167 0.823047
vt 0.687290 0.834293
vt 0.511513 0.575533
vt 0.517999 0.549546
vt 0.521671 0.533628
vt 0.524335 0.550243
vt 0.649791 0.066269
vt 0.634982 0.079185
vt 0.613424 0.086289
vt 0.617766 0.099688
vt 0.599009 0.109252
vt 0.594463 0.149341
vt 0.604159 0.153304
vt 0.604863 0.168326
vt 0.605472 0.186787
vt 0.611710 0.197393
vt 0.609564 0.177647
vt 0.622123 0.161196
vt 0.669113 0.121542
vt 0.681068 0.145501
vt 0.696442 0.134065
vt 0.684772 0.122670
vt 0.695253 0.104754
vt 0.713115 0.111589
vt 0.715074 0.073585
vt 0.727437 0.072057
vt 0.743184 0.090109
vt 0.886517 0.114399
vt 0.872959 0.112341
vt 0.853500 0.815996
vt 0.841267 0.833171
vt 0.744475 0.050801
vt 0.719905 0.043782
vt 0.723221 0.036238
vt 0.711454 0.030067
vt 0.518234 0.514569
vt 0.513392 0.532348
vt 0.507722 0.501650
vt 0.693967 0.036295
vt 0.699397 0.052804
vt 0.689011 0.070068
vt 0.675021 0.078391
vt 0.663255 0.067430
vt 0.658857 0.089354
vt 0.640186 0.105955
vt 0.638043 0.088263
vt 0.622211 0.109861
vt 0.621006 0.152387
vt 0.640440 0.129843
vt 0.648178 0.143639
vt 0.697003 0.086892
vt 0.712789 0.061780
vt 0.737700 0.067289
vt 0.751203 0.068354
vt 0.890661 0.103995
vt 0.905021 0.103482
vt 0.914853 0.115009
vt 0.907302 0.116067
vt 0.906725 0.095689
vt 0.911094 0.095576
vt 0.898217 0.096672
vt 0.746229 0.057283
vt 0.844743 0.845077
vt 0.853686 0.832106
vt 0.663645 0.025805
vt 0.714694 0.843163
vt 0.844204 0.165135
vt 0.866997 0.185532
vt 0.865758 0.206773
vt 0.891615 0.215183
vt 0.879637 0.245152
vt 0.862860 0.242792
vt 0.898353 0.238269
vt 0.899362 0.256778
vt 0.491282 0.909926
vt 0.472727 0.883210
vt 0.498185 0.884108
vt 0.438553 0.908454
vt 0.454800 0.883001
vt 0.444531 0.928478
vt 0.448454 0.941631
vt 0.416246 0.928460
vt 0.420566 0.953932
vt 0.415512 0.941792
vt 0.411778 0.954480
vt 0.120388 0.023016
vt 0.126350 0.009700
vt 0.133053 0.007213
vt 0.850644 0.669413
vt 0.836215 0.674869
vt 0.830565 0.682027
vt 0.822144 0.686632
vt 0.815129 0.702137
vt 0.803395 0.727265
vt 0.789510 0.728899
vt 0.762796 0.753407
vt 0.748945 0.783082
vt 0.733435 0.781978
vt 0.744570 0.772605
vt 0.761218 0.791375
vt 0.778484 0.755685
vt 0.798088 0.741765
vt 0.822869 0.737434
vt 0.827891 0.714604
vt 0.837400 0.702581
vt 0.836895 0.683858
vt 0.847805 0.686256
vt 0.854763 0.689782
vt 0.851815 0.711588
vt 0.846022 0.711375
vt 0.845967 0.698085
vt 0.841851 0.722038
vt 0.834880 0.733949
vt 0.831151 0.753183
vt 0.818139 0.768170
vt 0.780044 0.801090
vt 0.783438 0.813397
vt 0.768209 0.813353
vt 0.773908 0.832742
vt 0.752919 0.830230
vt 0.785621 0.854356
vt 0.805600 0.808620
vt 0.836323 0.763226
vt 0.843251 0.747914
vt 0.855668 0.743080
vt 0.431914 0.982969
vt 0.866913 0.679260
vt 0.860668 0.677488
vt 0.861221 0.704533
vt 0.801596 0.792023
vt 0.798986 0.769296
vt 0.967881 0.413788
vt 0.976203 0.427614
vt 0.950335 0.402832
vt 0.041952 0.656835
vt 0.048095 0.637535
vt 0.043399 0.567737
vt 0.054526 0.554565
vt 0.067285 0.583803
vt 0.443182 0.438983
vt 0.420136 0.435864
vt 0.398840 0.431668
vt 0.259257 0.905179
vt 0.243119 0.897997
vt 0.601278 0.022682
vt 0.628799 0.014323
vt 0.577878 0.526311
vt 0.558469 0.536207
vt 0.556836 0.549824
vt 0.545380 0.543408
vt 0.557445 0.566925
vt 0.510984 0.636164
vt 0.518334 0.623947
vt 0.519850 0.612503
vt 0.522213 0.665832
vt 0.512515 0.667576
vt 0.523325 0.635949
vt 0.529414 0.648262
vt 0.600745 0.630331
vt 0.590616 0.625938
vt 0.607864 0.610059
vt 0.617864 0.630709
vt 0.627172 0.602369
vt 0.636985 0.609128
vt 0.650795 0.619803
vt 0.642756 0.587625
vt 0.667033 0.608747
vt 0.664258 0.571850
vt 0.675762 0.602462
vt 0.686222 0.609058
vt 0.682106 0.619725
vt 0.624421 0.640384
vt 0.613095 0.642024
vt 0.634892 0.629840
vt 0.605429 0.649070
vt 0.592391 0.637883
vt 0.586348 0.655585
vt 0.573306 0.648432
vt 0.568050 0.632731
vt 0.559927 0.644536
vt 0.591927 0.663039
vt 0.617009 0.658948
vt 0.607643 0.663540
vt 0.622423 0.653673
vt 0.651038 0.635371
vt 0.669331 0.627412
vt 0.708297 0.617783
vt 0.594943 0.678483
vt 0.602360 0.669538
vt 0.568618 0.684899
vt 0.549854 0.683552
vt 0.568827 0.668737
vt 0.529087 0.624110
vt 0.573214 0.679651
vt 0.582956 0.685789
vt 0.694755 0.591077
vt 0.673506 0.565121
vt 0.656058 0.556614
vt 0.640642 0.538848
vt 0.569698 0.012085
vt 0.584409 0.025901
vt 0.572366 0.551275
vt 0.594468 0.572802
vt 0.588853 0.605611
vt 0.572842 0.585518
vt 0.581432 0.616295
vt 0.600658 0.591845
vt 0.619676 0.587634
vt 0.633826 0.583768
vt 0.654180 0.573316
vt 0.629971 0.549447
vt 0.647166 0.550980
vt 0.617217 0.541500
vt 0.598934 0.543765
vt 0.635248 0.572531
vt 0.629040 0.571003
vt 0.644770 0.573783
vt 0.637880 0.803898
vt 0.133585 0.296957
vt 0.882202 0.434424
vt 0.881295 0.419646
vt 0.609769 0.844385
vt 0.624238 0.825507
vt 0.626799 0.843075
vt 0.611261 0.804746
vt 0.635890 0.816181
vt 0.949518 0.283760
vt 0.963892 0.273611
vt 0.978304 0.249815
vt 0.965323 0.239001
vt 0.495054 0.574431
vt 0.492127 0.563639
vt 0.496918 0.615812
vt 0.222362 0.407401
vt 0.234984 0.388390
vt 0.184200 0.420008
vt 0.179973 0.454273
vt 0.165469 0.466195
vt 0.187895 0.478546
vt 0.164690 0.477874
vt 0.191103 0.458680
vt 0.191781 0.470930
vt 0.196432 0.434096
vt 0.229774 0.416559
vt 0.967772 0.226292
vt 0.973330 0.233954
vt 0.956036 0.240227
vt 0.944301 0.250331
vt 0.947764 0.272840
vt 0.938206 0.263862
vt 0.936861 0.271358
vt 0.500403 0.627445
vt 0.485881 0.616374
vt 0.866108 0.839847
vt 0.858225 0.845464
vt 0.854886 0.855509
vt 0.847007 0.851085
vt 0.650011 0.669812
vt 0.637931 0.681249
vt 0.631429 0.682009
vt 0.631939 0.700476
vt 0.623362 0.704933
vt 0.640020 0.708640
vt 0.646580 0.687832
vt 0.837311 0.892104
vt 0.840950 0.869879
vt 0.950307 0.133384
vt 0.950714 0.140626
vt 0.268176 0.467974
vt 0.241892 0.327486
vt 0.849095 0.676545
vt 0.552527 0.579253
vt 0.525097 0.567150
vt 0.377153 0.369393
vt 0.339470 0.688068
vt 0.418677 0.570612
vt 0.431083 0.323612
vt 0.422133 0.309908
vt 0.343859 0.394842
vt 0.096173 0.211023
vt 0.106732 0.212999
vt 0.702805 0.431360
vt 0.714324 0.427400
vt 0.008141 0.283986
vt 0.001708 0.261864
vt 0.339623 0.436213
vt 0.341504 0.459026
vt 0.172907 0.249592
vt 0.021261 0.755482
vt 0.034955 0.756712
vt 0.656732 0.692330
vt 0.248675 0.317452
vt 0.234626 0.305379
vt 0.308501 0.898599
vt 0.082247 0.449963
vt 0.098144 0.447844
vt 0.485087 0.670487
vt 0.574363 0.654842
vt 0.558068 0.656281
vt 0.527230 0.700419
vt 0.890167 0.957498
vt 0.870689 0.855456
vt 0.578617 0.880407
vt 0.595592 0.861051
vt 0.188202 0.862879
vt 0.596376 0.945319
vt 0.697399 0.876692
vt 0.699282 0.884946
vt 0.484872 0.335154
vt 0.487370 0.343211
vt 0.704780 0.892721
vt 0.706667 0.886960
vt 0.854026 0.672932
vt 0.054192 0.158182
vt 0.002236 0.185708
vt 0.311075 0.785049
vt 0.296800 0.791774
vt 0.543158 0.959760
vt 0.533783 0.988928
vt 0.502590 0.936621
vt 0.799631 0.398770
vt 0.177183 0.120587
vt 0.517377 0.729838
vt 0.486354 0.079650
vt 0.754137 0.808411
vt 0.160470 0.551574
vt 0.193456 0.560678
vt 0.954354 0.176831
vt 0.949059 0.179457
vt 0.239792 0.465093
vt 0.961210 0.131219
vt 0.959407 0.135932
vt 0.954186 0.122787
vt 0.558380 0.747705
vt 0.539845 0.816078
vt 0.552641 0.855268
vt 0.364060 0.057365
vt 0.270304 0.007379
vt 0.925556 0.928063
vt 0.336517 0.024401
vt 0.267900 0.455676
vt 0.499602 0.717616
vt 0.507303 0.715922
vt 0.276100 0.461144
vt 0.255045 0.412763
vt 0.253162 0.420032
vt 0.572983 0.764363
vt 0.559145 0.847253
vt 0.942898 0.225843
vt 0.869239 0.486529
vt 0.572321 0.858791
vt 0.890680 0.506540
vt 0.875383 0.507118
vt 0.906232 0.496536
vt 0.901801 0.506449
vt 0.353822 0.064268
vt 0.882565 0.935426
vt 0.873987 0.957123
vt 0.332731 0.059427
vt 0.291165 0.034813
vt 0.113261 0.579055
vt 0.939860 0.900110
vt 0.969712 0.934075
vt 0.377040 0.036115
vt 0.426573 0.020424
vt 0.442382 0.011293
vt 0.513976 0.053435
vt 0.588171 0.856320
vt 0.600570 0.853316
vt 0.263726 0.387319
vt 0.962995 0.182539
vt 0.915832 0.506585
vt 0.324001 0.056577
vt 0.187983 0.568084
vt 0.937407 0.883041
vt 0.963175 0.883468
vt 0.383445 0.011340
vt 0.863940 0.891493
vt 0.210675 0.583020
vt 0.201025 0.576428
vt 0.220995 0.554423
vt 0.218036 0.560579
vt 0.248493 0.556603
vt 0.245886 0.565316
vt 0.244399 0.581398
vt 0.665082 0.652820
vt 0.903859 0.823224
vt 0.971733 0.806101
vt 0.969453 0.817908
vt 0.948687 0.846116
vt 0.477840 0.721717
vt 0.474529 0.720668
vt 0.408867 0.044595
vt 0.459120 0.010388
vt 0.488420 0.013949
vt 0.509520 0.016231
vt 0.711088 0.547883
vt 0.699741 0.540890
vt 0.531558 0.024806
vt 0.572878 0.041827
vt 0.537881 0.201146
vt 0.518400 0.199532
vt 0.552313 0.196758
vt 0.228189 0.368447
vt 0.241262 0.373431
vt 0.479373 0.626571
vt 0.985953 0.274309
vt 0.995887 0.325800
vt 0.650655 0.829785
vt 0.639381 0.836450
vt 0.936726 0.507322
vt 0.035418 0.736578
vt 0.970825 0.506324
vt 0.994832 0.499251
vt 0.067165 0.777850
vt 0.075992 0.754915
vt 0.169447 0.529717
vt 0.258431 0.516490
vt 0.556597 0.717490
vt 0.725798 0.627265
vt 0.723423 0.622633
vt 0.923721 0.814355
vt 0.761080 0.627140
vt 0.763822 0.606877
vt 0.684027 0.552026
vt 0.707830 0.628398
vt 0.701091 0.609918
vt 0.716507 0.595473
vt 0.672676 0.522003
vt 0.662538 0.516838
vt 0.586993 0.042925
vt 0.583201 0.071906
vt 0.647298 0.511795
vt 0.567503 0.194463
vt 0.575992 0.201868
vt 0.562750 0.201535
vt 0.173659 0.349325
vt 0.176810 0.338323
vt 0.429544 0.633546
vt 0.029649 0.634456
vt 0.033436 0.560200
vt 0.899246 0.374695
vt 0.928269 0.386483
vt 0.937126 0.397294
vt 0.084060 0.730767
vt 0.233618 0.258626
vt 0.923349 0.069290
vt 0.902631 0.066805
vt 0.409274 0.239969
vt 0.404698 0.204449
vt 0.121525 0.297152
vt 0.544178 0.723904
vt 0.537442 0.719779
vt 0.506643 0.636053
vt 0.532793 0.505169
vt 0.602314 0.041537
vt 0.582937 0.202870
vt 0.243710 0.881150
vt 0.294022 0.908570
vt 0.402754 0.644706
vt 0.440240 0.587126
vt 0.437930 0.520624
vt 0.447534 0.510168
vt 0.420666 0.512614
vt 0.495165 0.270896
vt 0.479755 0.256959
vt 0.076657 0.684133
vt 0.414582 0.188763
vt 0.110762 0.666041
vt 0.916362 0.083097
vt 0.907779 0.070167
vt 0.841042 0.053476
vt 0.864057 0.256266
vt 0.858975 0.268777
vt 0.844690 0.265079
vt 0.045545 0.068968
vt 0.913224 0.347177
vt 0.927012 0.339861
vt 0.892342 0.325272
vt 0.829086 0.285449
vt 0.021723 0.458222
vt 0.030368 0.452177
vt 0.020280 0.449475
vt 0.309371 0.908940
vt 0.323235 0.898729
vt 0.387651 0.647034
vt 0.391385 0.505561
vt 0.329822 0.473462
vt 0.564776 0.898053
vt 0.418015 0.715266
vt 0.150124 0.246588
vt 0.082669 0.222758
vt 0.127661 0.261279
vt 0.382172 0.783808
vt 0.082016 0.261372
vt 0.161471 0.076050
vt 0.108001 0.100294
vt 0.065315 0.108150
vt 0.742333 0.328800
vt 0.730926 0.316649
vt 0.777255 0.378456
vt 0.813807 0.280937
vt 0.140760 0.903055
vt 0.120695 0.898656
vt 0.123175 0.889876
vt 0.107311 0.895860
vt 0.091930 0.900932
vt 0.157542 0.803649
vt 0.358343 0.895179
vt 0.329630 0.648160
vt 0.375076 0.527700
vt 0.355021 0.550316
vt 0.695457 0.869390
vt 0.492049 0.679235
vt 0.438258 0.734732
vt 0.670095 0.318608
vt 0.662876 0.243282
vt 0.671620 0.252912
vt 0.124296 0.852068
vt 0.323360 0.784541
vt 0.798301 0.522612
vt 0.054766 0.275192
vt 0.082821 0.286964
vt 0.283172 0.597649
vt 0.263667 0.647203
vt 0.343114 0.557022
vt 0.288753 0.582682
vt 0.706613 0.967118
vt 0.253124 0.497220
vt 0.561956 0.316507
vt 0.733438 0.908637
vt 0.733107 0.912656
vt 0.562800 0.387942
vt 0.566870 0.397154
vt 0.004144 0.880154
vt 0.022904 0.878282
vt 0.865894 0.452701
vt 0.874354 0.433699
vt 0.853652 0.445676
vt 0.338942 0.781866
vt 0.021846 0.868663
vt 0.379644 0.797727
vt 0.386897 0.815584
vt 0.398956 0.823910
vt 0.389837 0.802558
vt 0.403069 0.836306
vt 0.405941 0.848398
vt 0.665877 0.966965
vt 0.649933 0.965583
vt 0.606390 0.958915
vt 0.621428 0.964677
vt 0.634448 0.963729
vt 0.558625 0.440254
vt 0.557279 0.430291
vt 0.742635 0.941503
vt 0.731011 0.920288
vt 0.732338 0.896529
vt 0.744547 0.906737
vt 0.556983 0.411883
vt 0.556629 0.395420
vt 0.860945 0.494331
vt 0.865756 0.467145
vt 0.852364 0.460413
vt 0.586094 0.935887
vt 0.721084 0.911139
vt 0.551696 0.406756
vt 0.847946 0.577707
vt 0.659718 0.948578
vt 0.870189 0.587033
vt 0.823224 0.898063
vt 0.754349 0.901274
vt 0.002373 0.868614
vt 0.229347 0.620128
vt 0.224445 0.618652
vt 0.837258 0.381212
vt 0.872159 0.391925
vt 0.862264 0.385682
vt 0.569125 0.486072
vt 0.551685 0.500018
vt 0.626156 0.896972
vt 0.866597 0.658619
vt 0.875429 0.657595
vt 0.869926 0.675779
vt 0.462762 0.740646
vt 0.448897 0.782885
vt 0.012116 0.246392
vt 0.013339 0.232600
vt 0.460180 0.793517
vt 0.980598 0.740553
vt 0.979642 0.754408
vt 0.963485 0.752779
vt 0.724243 0.489791
vt 0.725370 0.498991
vt 0.617271 0.369246
vt 0.623116 0.381945
vt 0.619409 0.389678
vt 0.662821 0.373689
vt 0.561450 0.500824
vt 0.574859 0.498596
vt 0.928092 0.577763
vt 0.940294 0.744803
vt 0.979441 0.710723
vt 0.963570 0.698150
vt 0.618301 0.495369
vt 0.584178 0.500536
vt 0.917453 0.641429
vt 0.971192 0.656711
vt 0.367377 0.909028
vt 0.035996 0.326269
vt 0.047968 0.153555
vt 0.070868 0.168074
vt 0.788344 0.328897
vt 0.690753 0.270790
vt 0.775137 0.325934
vt 0.890282 0.349719
vt 0.015820 0.069376
vt 0.113962 0.091078
vt 0.151757 0.066584
vt 0.258491 0.058736
vt 0.272290 0.062298
vt 0.235063 0.050601
vt 0.294402 0.065391
vt 0.246875 0.139815
vt 0.196092 0.207740
vt 0.189286 0.215130
vt 0.157812 0.236749
vt 0.238956 0.193824
vt 0.236008 0.181988
vt 0.283500 0.141549
vt 0.283482 0.150627
vt 0.273288 0.149407
vt 0.369887 0.108967
vt 0.379918 0.125303
vt 0.853367 0.089455
vt 0.824298 0.091130
vt 0.762476 0.061515
vt 0.758056 0.673372
vt 0.770630 0.065165
vt 0.767026 0.105419
vt 0.417357 0.137018
vt 0.392253 0.124650
vt 0.341110 0.168005
vt 0.206657 0.779904
vt 0.199250 0.766365
vt 0.297038 0.729087
vt 0.426297 0.174010
vt 0.909285 0.082909
vt 0.398560 0.137050
vt 0.241246 0.760039
vt 0.204762 0.739615
vt 0.251094 0.730079
vt 0.311255 0.334747
vt 0.328177 0.304008
vt 0.364140 0.306148
vt 0.323335 0.403072
vt 0.394016 0.397745
vt 0.487368 0.386734
vt 0.503663 0.350046
vt 0.491568 0.368096
vt 0.466829 0.330512
vt 0.447921 0.323708
vt 0.440284 0.405871
vt 0.437010 0.393342
vt 0.401987 0.654408
vt 0.481834 0.376765
vt 0.485899 0.350861
vt 0.864296 0.108318
vt 0.463518 0.866699
vt 0.412944 0.913775
vt 0.088827 0.054820
vt 0.472217 0.943825
vt 0.474089 0.994104
vt 0.490030 0.941094
vt 0.897315 0.185614
vt 0.483017 0.925057
vt 0.543858 0.943619
vt 0.893910 0.140299
vt 0.909386 0.141224
vt 0.927537 0.150631
vt 0.925456 0.140792
vt 0.859626 0.794572
vt 0.847075 0.821487
vt 0.700147 0.838928
vt 0.510167 0.560417
vt 0.527897 0.498088
vt 0.516019 0.496004
vt 0.658743 0.007632
vt 0.877910 0.100930
vt 0.914004 0.125372
vt 0.866880 0.810914
vt 0.860689 0.816315
vt 0.866319 0.782441
vt 0.859970 0.833997
vt 0.756481 0.056854
vt 0.415311 0.973964
vt 0.422786 0.968347
vt 0.507530 0.892762
vt 0.474277 0.905986
vt 0.757884 0.766510
vt 0.780637 0.779303
vt 0.846337 0.723477
vt 0.861801 0.724841
vt 0.852674 0.723885
vt 0.452970 0.995164
vt 0.423444 0.987397
vt 0.036235 0.645134
vt 0.043612 0.546304
vt 0.459549 0.242211
vt 0.595194 0.004782
vt 0.572664 0.509859
vt 0.541997 0.671179
vt 0.535460 0.660095
vt 0.511838 0.650761
vt 0.565076 0.623636
vt 0.682568 0.595943
vt 0.700023 0.599854
vt 0.584323 0.664790
vt 0.568606 0.689895
vt 0.628027 0.537684
vt 0.625440 0.512499
vt 0.598620 0.510623
vt 0.603676 0.531250
vt 0.615996 0.526967
vt 0.622372 0.562345
vt 0.140795 0.541417
vt 0.971966 0.078417
vt 0.186476 0.242040
vt 0.105091 0.555174
vt 0.935997 0.283054
vt 0.497809 0.583866
vt 0.983618 0.253557
vt 0.265688 0.378255
vt 0.247706 0.385324
vt 0.207018 0.415076
vt 0.500873 0.600438
vt 0.234573 0.584862
vt 0.219740 0.591390
s 1
usemtl Asteroid2d
f 83/1/1 85/2/2 84/3/3
f 3/4/4 2210/5/5 86/6/6
f 8/7/7 105/8/8 106/9/9
f 107/10/10 105/8/8 8/7/7
f 133/11/11 132/12/12 1721/13/13
f 17/14/14 144/15/15 1399/16/16
f 147/17/17 145/18/18 18/19/19
f 151/20/20 1691/21/21 150/22/22
f 153/23/23 154/24/24 19/25/25
f 154/24/24 155/26/26 19/25/25
f 155/26/26 156/27/27 19/25/25
f 20/28/28 161/29/29 159/30/30
f 168/31/31 169/32/32 22/33/33
f 169/34/32 170/35/34 22/36/33
f 181/37/35 178/38/36 179/39/37
f 180/40/38 181/37/35 179/39/37
f 627/41/39 188/42/40 23/43/41
f 191/44/42 189/45/43 190/46/44
f 198/47/45 195/48/46 24/49/47
f 199/50/48 200/51/49 201/52/50
f 25/53/51 202/54/52 203/55/53
f 26/56/54 204/57/55 205/58/56
f 209/59/57 206/60/58 26/56/54
f 205/58/56 207/61/59 26/56/54
f 29/62/60 215/63/61 216/64/62
f 218/65/63 1777/66/64 217/67/65
f 30/68/66 219/69/67 220/70/68
f 222/71/69 223/72/70 31/73/71
f 223/72/70 225/74/72 31/73/71
f 225/74/72 226/75/73 31/73/71
f 230/76/74 231/77/75 32/78/76
f 32/78/76 232/79/77 230/76/74
f 34/80/78 244/81/79 245/82/80
f 243/83/81 244/81/79 34/80/78
f 35/84/82 250/85/83 248/86/84
f 253/87/85 1581/88/86 1629/89/87
f 254/90/88 255/91/89 36/92/90
f 259/93/91 257/94/92 37/95/93
f 42/96/94 1014/97/95 268/98/96
f 268/98/96 789/99/97 42/96/94
f 43/100/98 270/101/99 269/102/100
f 274/103/101 275/104/102 276/105/103
f 276/105/103 277/106/104 274/103/101
f 288/107/105 289/108/106 47/109/107
f 291/110/108 292/111/109 47/109/107
f 47/109/107 289/108/106 291/110/108
f 293/112/110 294/113/111 48/114/112
f 296/115/113 297/116/114 48/117/112
f 297/118/114 293/119/110 48/120/112
f 300/121/115 301/122/116 49/123/117
f 299/124/118 300/121/115 49/123/117
f 301/125/116 302/126/119 49/127/117
f 50/128/120 1350/129/121 303/130/122
f 50/128/120 303/130/122 1575/131/123
f 304/132/124 305/133/125 306/134/126
f 304/132/124 306/134/126 1375/135/127
f 51/136/128 307/137/129 164/138/130
f 982/139/131 156/27/27 52/140/132
f 309/141/133 310/142/134 52/143/132
f 52/143/132 310/142/134 982/144/131
f 324/145/135 322/146/136 55/147/137
f 327/148/138 328/149/139 56/150/140
f 328/149/139 329/151/141 56/150/140
f 57/152/142 330/153/143 331/154/144
f 331/154/144 332/155/145 57/152/142
f 58/156/146 2031/157/147 1061/158/148
f 347/159/149 348/160/150 62/161/151
f 348/162/150 349/163/152 62/164/151
f 350/165/153 346/166/154 62/164/151
f 63/167/155 354/168/156 64/169/157
f 354/168/156 357/170/158 65/171/159
f 65/171/159 358/172/160 356/173/161
f 66/174/162 361/175/163 359/176/164
f 362/177/165 363/178/166 118/179/167
f 366/180/168 1772/181/169 67/182/170
f 68/183/171 370/184/172 369/185/173
f 37/186/93 258/187/174 378/188/175
f 368/189/176 64/190/157 70/191/177
f 64/190/157 1180/192/178 70/191/177
f 1180/192/178 117/193/179 70/191/177
f 70/191/177 364/194/180 368/189/176
f 382/195/181 383/196/182 71/197/183
f 72/198/184 387/199/185 385/200/186
f 384/201/187 387/199/185 72/198/184
f 390/202/188 1213/203/189 73/204/190
f 392/205/191 393/206/192 74/207/193
f 397/208/194 398/209/195 399/210/196
f 399/210/196 400/211/197 397/208/194
f 76/212/198 402/213/199 842/214/200
f 77/215/201 404/216/202 405/217/203
f 405/217/203 406/218/204 77/215/201
f 409/219/205 800/220/206 79/221/207
f 410/222/208 411/223/209 79/221/207
f 416/224/210 413/225/211 330/153/143
f 416/224/210 330/153/143 417/226/212
f 418/227/213 419/228/214 420/229/215
f 422/230/216 415/231/217 421/232/218
f 424/233/219 425/234/220 413/225/211
f 425/234/220 426/235/221 413/225/211
f 426/235/221 330/153/143 413/225/211
f 427/236/222 331/154/144 330/153/143
f 428/237/223 429/238/224 331/154/144
f 429/239/224 431/240/225 331/241/144
f 432/242/226 331/241/144 431/240/225
f 431/240/225 434/243/227 432/242/226
f 436/244/228 434/243/227 435/245/229
f 435/245/229 437/246/230 436/244/228
f 442/247/231 443/248/232 441/249/233
f 445/250/234 446/251/235 444/252/236
f 450/253/237 451/254/238 448/255/239
f 450/253/237 449/256/240 452/257/241
f 453/258/242 454/259/243 450/253/237
f 456/260/244 455/261/245 454/259/243
f 462/262/246 464/263/247 459/264/248
f 464/263/247 465/265/249 461/266/250
f 461/266/250 459/264/248 464/263/247
f 464/263/247 467/267/251 465/265/249
f 139/268/252 465/265/249 467/267/251
f 467/267/251 140/269/253 139/268/252
f 469/270/254 471/271/255 472/272/256
f 471/271/255 550/273/257 473/274/258
f 473/274/258 472/272/256 471/271/255
f 475/275/259 477/276/260 476/277/261
f 478/278/262 476/277/261 477/276/260
f 477/276/260 479/279/263 478/278/262
f 477/276/260 480/280/264 479/279/263
f 481/281/265 492/282/266 480/283/264
f 483/284/267 482/285/268 481/281/265
f 483/284/267 556/286/269 485/287/270
f 485/287/270 484/288/271 483/284/267
f 487/289/272 486/290/273 485/291/270
f 484/292/271 485/291/270 486/290/273
f 484/292/271 279/293/274 482/294/268
f 482/285/268 492/282/266 481/281/265
f 570/295/275 478/278/262 479/279/263
f 496/296/276 497/297/277 470/298/278
f 497/297/277 139/299/252 470/298/278
f 498/300/279 461/266/250 465/265/249
f 461/266/250 193/301/280 459/264/248
f 499/302/281 503/303/282 193/301/280
f 504/304/283 192/305/284 503/303/282
f 504/304/283 194/306/285 192/305/284
f 504/304/283 505/307/286 506/308/287
f 506/308/287 194/306/285 504/304/283
f 507/309/288 508/310/289 506/308/287
f 451/254/238 450/253/237 454/259/243
f 443/311/232 444/252/236 446/251/235
f 443/311/232 75/312/290 441/313/233
f 514/314/291 57/152/142 332/155/145
f 514/314/291 515/315/292 57/152/142
f 515/315/292 417/226/212 57/152/142
f 417/226/212 516/316/293 419/228/214
f 419/228/214 418/227/213 417/226/212
f 517/317/294 420/229/215 419/228/214
f 519/318/295 422/230/216 421/232/218
f 519/318/295 520/319/296 422/230/216
f 521/320/297 522/321/298 423/322/299
f 598/323/300 427/236/222 425/234/220
f 524/324/301 428/237/223 427/236/222
f 525/325/302 526/326/303 524/324/301
f 527/327/304 528/328/305 433/329/306
f 528/328/305 529/330/307 433/329/306
f 433/329/306 529/330/307 435/245/229
f 452/257/241 458/331/308 453/258/242
f 458/331/308 460/332/309 456/260/244
f 538/333/310 463/334/311 460/332/309
f 538/333/310 540/335/312 463/334/311
f 539/336/313 541/337/314 540/335/312
f 545/338/315 546/339/316 467/340/251
f 474/341/317 473/274/258 550/273/257
f 551/342/318 475/275/259 474/341/317
f 552/343/319 475/275/259 551/342/318
f 552/343/319 553/344/320 477/276/260
f 480/280/264 477/276/260 553/344/320
f 553/345/320 554/346/321 480/283/264
f 554/346/321 555/347/322 480/283/264
f 557/348/323 485/349/270 556/350/269
f 558/351/324 485/349/270 557/348/323
f 558/352/324 559/353/325 487/289/272
f 40/354/326 487/289/272 559/353/325
f 263/355/327 563/356/328 489/357/329
f 564/358/330 489/357/329 563/356/328
f 566/359/331 490/360/332 565/361/333
f 280/362/334 491/363/335 490/360/332
f 491/363/335 280/362/334 45/364/336
f 569/365/337 570/366/275 568/367/338
f 478/278/262 570/295/275 571/368/339
f 571/368/339 494/369/340 493/370/341
f 493/370/341 478/278/262 571/368/339
f 572/371/342 573/372/343 496/296/276
f 500/373/344 499/302/281 573/374/343
f 501/375/345 577/376/346 502/377/347
f 502/377/347 578/378/348 579/379/349
f 579/379/349 503/303/282 502/377/347
f 583/380/350 584/381/351 507/309/288
f 583/380/350 585/382/352 584/381/351
f 585/382/352 509/383/353 584/381/351
f 587/384/354 509/383/353 585/382/352
f 512/385/355 137/386/356 436/387/228
f 137/386/356 513/388/357 436/387/228
f 515/315/292 588/389/358 516/316/293
f 516/316/293 417/226/212 515/315/292
f 701/390/359 517/317/294 516/316/293
f 592/391/360 519/318/295 518/392/361
f 593/393/362 422/230/216 520/319/296
f 522/321/298 595/394/363 596/395/364
f 523/396/365 522/321/298 596/395/364
f 598/323/300 425/234/220 597/397/366
f 599/398/367 525/325/302 524/324/301
f 721/399/368 601/400/369 525/325/302
f 601/401/369 602/402/370 526/403/303
f 605/404/371 528/328/305 527/327/304
f 609/405/372 438/406/373 530/407/374
f 438/406/373 609/405/372 531/408/375
f 610/409/376 440/410/377 531/411/375
f 533/412/378 612/413/379 534/414/380
f 536/415/381 447/416/382 534/414/380
f 613/417/383 537/418/384 536/419/381
f 614/420/385 537/418/384 613/417/383
f 538/333/310 458/331/308 615/421/386
f 2292/422/387 539/336/313 538/333/310
f 539/336/313 540/335/312 538/333/310
f 616/423/388 617/424/389 539/336/313
f 620/425/390 544/426/391 543/427/392
f 620/425/390 621/428/393 544/426/391
f 622/429/394 623/430/395 547/431/396
f 554/346/321 553/345/320 627/41/39
f 556/350/269 629/432/397 557/348/323
f 630/433/398 631/434/399 558/351/324
f 559/435/325 558/351/324 631/434/399
f 631/434/399 632/436/400 559/435/325
f 264/437/401 559/435/325 632/436/400
f 632/436/400 560/438/402 264/437/401
f 633/439/403 635/440/404 634/441/405
f 634/441/405 562/442/406 633/439/403
f 563/356/328 562/442/406 634/441/405
f 638/443/407 563/356/328 637/444/408
f 638/443/407 639/445/409 564/358/330
f 564/358/330 563/356/328 638/443/407
f 564/358/330 639/445/409 565/361/333
f 643/446/410 568/367/338 642/447/411
f 644/448/412 645/449/413 494/369/340
f 494/369/340 571/368/339 644/448/412
f 494/369/340 645/449/413 572/371/342
f 572/371/342 574/450/414 573/372/343
f 574/450/414 500/451/344 573/372/343
f 645/449/413 695/452/415 646/453/416
f 645/454/413 644/455/412 647/456/417
f 648/457/418 647/456/417 644/455/412
f 650/458/419 649/459/420 648/457/418
f 652/460/421 650/458/419 640/461/422
f 652/460/421 651/462/423 650/458/419
f 652/460/421 639/445/409 638/443/407
f 653/463/424 281/464/425 654/465/426
f 638/443/407 655/466/427 653/463/424
f 638/443/407 637/444/408 655/466/427
f 281/464/425 653/463/424 655/466/427
f 636/467/428 635/440/404 658/468/429
f 662/469/430 661/470/431 660/471/432
f 667/472/433 668/473/434 669/474/435
f 670/475/436 671/476/437 667/472/433
f 666/477/438 671/476/437 672/478/439
f 809/479/440 678/480/441 287/481/442
f 284/482/443 287/481/442 678/480/441
f 678/480/441 680/483/444 284/482/443
f 679/484/445 284/482/443 680/483/444
f 684/485/446 683/486/447 682/487/448
f 688/488/449 687/489/450 686/490/451
f 688/488/449 689/491/452 690/492/453
f 687/489/450 691/493/454 654/465/426
f 692/494/455 651/462/423 691/493/454
f 693/495/456 649/459/420 692/494/455
f 647/456/417 649/459/420 693/495/456
f 575/496/457 646/453/416 695/452/415
f 576/497/458 697/498/459 698/499/460
f 699/500/461 700/501/462 577/376/346
f 577/376/346 700/501/462 578/378/348
f 578/378/348 701/502/359 580/503/463
f 580/503/463 588/504/358 581/505/464
f 581/505/464 582/506/465 579/379/349
f 581/505/464 702/507/466 582/506/465
f 585/382/352 583/380/350 586/508/467
f 702/507/466 703/509/468 586/508/467
f 703/509/468 704/510/469 586/508/467
f 138/511/470 137/386/356 512/385/355
f 512/385/355 510/512/471 138/511/470
f 703/509/468 138/513/470 704/510/469
f 703/509/468 515/514/292 514/515/291
f 705/516/472 590/517/473 589/518/474
f 710/519/475 593/393/362 520/319/296
f 595/394/363 713/520/476 714/521/477
f 715/522/478 523/396/365 714/521/477
f 717/523/479 718/524/480 719/525/481
f 719/525/481 720/526/482 600/527/483
f 600/527/483 599/398/367 719/525/481
f 720/526/482 722/528/484 721/399/368
f 401/529/485 76/212/198 325/530/486
f 723/531/487 724/532/488 55/147/137
f 726/533/489 727/534/490 321/535/491
f 728/536/492 241/537/493 239/538/494
f 728/536/492 242/539/495 241/537/493
f 732/540/496 238/541/497 731/542/498
f 732/540/496 733/543/499 238/541/497
f 732/540/496 734/544/500 733/543/499
f 735/545/501 733/543/499 734/544/500
f 734/544/500 737/546/502 735/545/501
f 738/547/503 735/545/501 737/546/502
f 738/547/503 739/548/504 740/549/505
f 746/550/506 862/551/507 748/552/508
f 748/552/508 747/553/509 746/550/506
f 748/552/508 750/554/510 749/555/511
f 750/554/510 751/556/512 749/555/511
f 755/557/513 758/558/514 757/559/515
f 759/560/516 757/559/515 758/558/514
f 758/558/514 761/561/517 759/560/516
f 763/562/518 759/560/516 762/563/519
f 762/563/519 764/564/520 763/562/518
f 765/565/521 769/566/522 767/567/523
f 768/568/524 767/567/523 769/566/522
f 769/566/522 770/569/525 768/568/524
f 771/570/526 768/568/524 770/569/525
f 622/429/394 771/570/526 772/571/527
f 774/572/528 622/429/394 775/573/529
f 778/574/530 624/575/531 776/576/532
f 779/577/533 625/578/534 778/574/530
f 780/579/535 625/580/534 779/581/533
f 780/579/535 185/582/536 188/583/40
f 784/584/537 186/585/538 23/43/41
f 787/586/539 187/587/540 186/585/538
f 168/31/31 628/588/541 187/587/540
f 788/589/542 169/34/32 787/590/539
f 788/589/542 790/591/543 169/34/32
f 791/592/544 170/35/34 169/34/32
f 791/592/544 272/593/545 792/594/546
f 793/595/547 175/596/548 794/597/549
f 794/597/549 795/598/550 793/595/547
f 795/599/550 796/600/551 793/601/547
f 793/601/547 796/600/551 270/602/99
f 797/603/552 270/602/99 796/600/551
f 798/604/553 797/603/552 796/600/551
f 801/605/554 800/606/206 799/607/555
f 802/608/556 669/609/435 668/610/434
f 803/611/557 804/612/558 671/613/437
f 804/612/558 672/614/439 671/613/437
f 665/615/559 672/478/439 805/616/560
f 806/617/561 674/618/562 673/619/563
f 674/620/562 807/621/564 675/622/565
f 675/622/565 808/623/566 676/624/567
f 808/623/566 46/625/568 676/624/567
f 808/623/566 677/626/569 46/625/568
f 680/483/444 810/627/570 681/628/571
f 684/485/446 682/487/448 681/628/571
f 686/629/451 811/630/572 688/631/449
f 688/631/449 2252/632/573 812/633/574
f 693/495/456 689/491/452 813/634/575
f 693/495/456 815/635/576 695/636/415
f 815/635/576 696/637/577 695/636/415
f 696/638/577 328/149/139 697/639/459
f 327/148/138 589/518/474 700/640/462
f 700/641/462 589/642/474 701/390/359
f 817/643/578 819/644/579 329/151/141
f 819/644/579 706/645/580 326/646/581
f 326/646/581 56/150/140 819/644/579
f 821/647/582 707/648/583 591/649/584
f 821/647/582 822/650/585 707/648/583
f 709/651/586 825/652/587 826/653/588
f 712/654/589 827/655/590 828/656/591
f 715/522/478 835/657/592 716/658/593
f 718/524/480 717/523/479 835/657/592
f 718/524/480 837/659/594 720/526/482
f 841/660/595 842/214/200 402/213/199
f 725/661/596 723/531/487 842/214/200
f 846/662/597 847/663/598 729/664/599
f 847/663/598 848/665/600 729/664/599
f 848/665/600 849/666/601 850/667/602
f 851/668/603 730/669/604 850/667/602
f 851/668/603 852/670/605 731/542/498
f 734/544/500 853/671/606 854/672/607
f 736/673/608 734/544/500 854/672/607
f 854/672/607 968/674/609 736/673/608
f 858/675/610 741/676/611 740/677/505
f 858/675/610 860/678/612 743/679/613
f 743/679/613 861/680/614 745/681/615
f 862/551/507 746/550/506 745/681/615
f 862/551/507 863/682/616 750/554/510
f 750/554/510 748/552/508 862/551/507
f 865/683/617 867/684/618 753/685/619
f 754/686/620 753/685/619 867/684/618
f 868/687/621 754/686/620 867/684/618
f 869/688/622 870/689/623 760/690/624
f 761/561/517 760/690/624 870/689/623
f 870/689/623 872/691/625 761/561/517
f 873/692/626 762/693/519 872/694/625
f 873/692/626 764/695/520 762/693/519
f 873/692/626 874/696/627 875/697/628
f 773/698/629 878/699/630 880/700/631
f 880/700/631 775/573/529 773/698/629
f 775/573/529 880/700/631 881/701/632
f 777/702/633 774/572/528 775/573/529
f 778/574/530 776/576/532 777/702/633
f 882/703/634 781/704/635 779/577/533
f 883/705/636 782/706/637 781/704/635
f 886/707/638 784/584/537 783/708/639
f 888/709/640 889/710/641 785/711/642
f 891/712/643 893/713/644 788/589/542
f 789/99/97 788/589/542 893/713/644
f 789/99/97 268/98/96 790/591/543
f 271/714/645 171/715/646 273/716/647
f 271/714/645 894/717/648 895/718/649
f 895/718/649 172/719/650 271/714/645
f 896/720/651 173/721/652 175/722/548
f 898/723/653 899/724/654 265/725/655
f 669/609/435 802/608/556 906/726/656
f 906/726/656 908/727/657 669/609/435
f 799/607/555 906/726/656 802/608/556
f 799/607/555 904/728/658 906/726/656
f 902/729/659 904/728/658 799/607/555
f 796/600/551 266/730/660 900/731/661
f 900/731/661 902/729/659 796/600/551
f 795/598/550 794/597/549 266/732/660
f 794/597/549 174/733/662 265/734/655
f 175/596/548 174/733/662 794/597/549
f 909/735/663 803/611/557 670/736/436
f 1029/737/664 911/738/665 804/612/558
f 911/738/665 912/739/666 913/740/667
f 914/741/668 672/614/439 804/612/558
f 913/740/667 258/187/174 257/742/92
f 913/740/667 915/743/669 258/187/174
f 915/743/669 916/744/670 258/187/174
f 258/187/174 916/744/670 918/745/671
f 917/746/672 918/745/671 916/744/670
f 919/747/673 379/748/674 918/749/671
f 918/749/671 379/748/674 378/750/175
f 919/747/673 920/751/675 379/748/674
f 83/1/1 921/752/676 920/751/675
f 923/753/677 925/754/678 924/755/679
f 926/756/680 929/757/681 927/758/682
f 936/759/683 932/760/684 935/761/685
f 939/762/686 936/763/683 935/764/685
f 935/764/685 937/765/687 939/762/686
f 937/765/687 940/766/688 939/762/686
f 940/766/688 942/767/689 941/768/690
f 834/769/691 2119/770/692 835/657/592
f 836/771/693 945/772/694 838/773/695
f 945/772/694 840/774/696 838/773/695
f 946/775/697 947/776/698 945/772/694
f 947/776/698 948/777/699 840/774/696
f 948/777/699 950/778/700 949/779/701
f 950/780/700 843/781/702 949/782/701
f 725/661/596 843/781/702 951/783/703
f 844/784/704 952/785/705 845/786/706
f 952/785/705 953/787/707 237/788/708
f 400/789/197 956/790/709 234/791/710
f 958/792/711 228/793/712 957/794/713
f 232/79/77 959/795/714 228/793/712
f 229/796/715 959/797/714 961/798/716
f 961/798/716 235/799/717 229/796/715
f 961/798/716 847/663/598 846/662/597
f 846/662/597 235/799/717 961/798/716
f 961/798/716 962/800/718 847/663/598
f 848/665/600 963/801/719 849/666/601
f 964/802/720 851/668/603 849/666/601
f 965/803/721 852/670/605 851/668/603
f 968/674/609 854/672/607 853/671/606
f 859/804/722 970/805/723 972/806/724
f 861/680/614 743/679/613 860/678/612
f 974/807/725 975/808/726 864/809/727
f 865/683/617 864/809/727 975/808/726
f 976/810/728 865/683/617 975/808/726
f 978/811/729 979/812/730 34/80/78
f 979/812/730 980/813/731 981/814/732
f 981/814/732 34/80/78 979/812/730
f 981/814/732 243/83/81 34/80/78
f 984/815/733 987/816/734 988/817/735
f 988/817/735 985/818/736 984/815/733
f 985/818/736 988/817/735 990/819/737
f 990/819/737 989/820/738 985/818/736
f 990/819/737 113/821/739 991/822/740
f 993/823/741 992/824/742 113/825/739
f 995/826/743 996/827/744 994/828/745
f 996/827/744 997/829/746 994/828/745
f 1001/830/747 1000/831/748 998/832/749
f 190/46/44 884/833/750 883/705/636
f 1002/834/751 1003/835/752 884/836/750
f 1003/835/752 886/707/638 885/837/753
f 1004/838/754 1005/839/755 887/840/756
f 1005/841/755 1006/842/757 888/709/640
f 889/710/641 888/709/640 1006/842/757
f 1006/842/757 890/843/758 889/710/641
f 890/843/758 41/844/759 892/845/760
f 1007/846/761 267/847/762 890/843/758
f 1008/848/763 267/847/762 1007/846/761
f 1009/849/764 1010/850/765 212/851/766
f 1010/850/765 25/53/51 213/852/767
f 1012/853/768 1011/854/769 202/54/52
f 1014/97/95 42/96/94 1013/855/770
f 1013/856/770 1015/857/771 1014/858/95
f 1016/859/772 1017/860/773 172/861/650
f 1016/859/772 172/861/650 895/862/649
f 1018/863/774 1019/864/775 896/720/651
f 899/724/654 898/723/653 1022/865/776
f 901/866/777 899/724/654 1022/865/776
f 1027/867/778 1028/868/779 909/735/663
f 1028/868/779 910/869/780 803/611/557
f 803/611/557 909/735/663 1028/868/779
f 1032/870/781 913/740/667 912/739/666
f 915/743/669 913/740/667 1032/870/781
f 915/743/669 1034/871/782 916/744/670
f 917/746/672 916/744/670 1034/871/782
f 1034/871/782 1036/872/783 917/746/672
f 1037/873/784 918/749/671 1036/874/783
f 1038/875/785 919/747/673 1037/873/784
f 85/2/2 83/1/1 920/751/675
f 84/3/3 85/2/2 47/109/107
f 85/2/2 1039/876/786 47/109/107
f 1047/877/787 1046/878/788 1045/879/789
f 1046/878/788 1047/877/787 1049/880/790
f 1056/881/791 1055/882/792 1057/883/793
f 1057/883/793 1058/884/794 1056/881/791
f 1058/884/794 1062/885/795 1059/886/796
f 1062/887/795 1063/888/797 1061/889/148
f 1063/888/797 1066/890/798 1065/891/799
f 1067/892/800 1069/893/801 1068/894/802
f 1078/895/803 1076/896/804 1075/897/805
f 1076/896/804 1081/898/806 1079/899/807
f 1084/900/808 1083/901/809 1080/902/810
f 1099/903/811 1097/904/812 1094/905/813
f 1099/903/811 1100/906/814 1097/904/812
f 1101/907/815 1100/906/814 1099/903/811
f 1101/907/815 1102/908/816 1100/906/814
f 1107/909/817 1106/910/818 300/121/115
f 300/121/115 2017/911/819 1107/909/817
f 300/121/115 1106/910/818 1109/912/820
f 1109/912/820 301/122/116 300/121/115
f 1109/913/820 1110/914/821 301/915/116
f 1110/916/821 1111/917/822 301/125/116
f 1110/916/821 1112/918/823 1111/917/822
f 1115/919/824 4/920/825 1114/921/826
f 295/922/827 1116/923/828 88/924/829
f 88/924/829 1116/923/828 89/925/830
f 1118/926/831 1117/927/832 1116/923/828
f 1116/923/828 294/113/111 1118/926/831
f 1119/928/833 1118/926/831 294/113/111
f 1119/928/833 950/778/700 1120/929/834
f 1123/930/835 951/783/703 1122/931/836
f 1124/932/837 1125/933/838 954/934/839
f 955/935/840 953/787/707 954/934/839
f 397/208/194 1129/936/841 398/209/195
f 1129/936/841 1130/937/842 958/792/711
f 166/938/843 32/78/76 167/939/844
f 1133/940/845 1135/941/846 167/939/844
f 1137/942/847 165/943/848 1136/944/849
f 961/798/716 959/797/714 960/945/850
f 962/800/718 1140/946/851 848/665/600
f 963/801/719 848/665/600 1140/946/851
f 1141/947/852 964/802/720 963/801/719
f 1142/948/853 966/949/854 964/802/720
f 965/803/721 966/949/854 1143/950/855
f 969/951/856 968/674/609 967/952/857
f 972/806/724 971/953/858 1146/954/859
f 1146/954/859 860/678/612 972/806/724
f 975/808/726 974/807/725 1147/955/860
f 1155/956/861 155/957/26 154/958/24
f 1155/956/861 1156/959/862 155/957/26
f 1157/960/863 156/961/27 155/957/26
f 1158/962/864 249/963/865 311/964/866
f 249/965/865 248/86/84 1159/966/867
f 1160/967/868 248/86/84 1161/968/869
f 1161/968/869 250/85/83 1163/969/870
f 1164/970/871 1165/971/872 1162/972/873
f 1168/973/874 1166/974/875 1165/971/872
f 1175/975/876 1173/976/877 1174/977/878
f 1174/977/878 381/978/879 1175/975/876
f 1179/979/880 355/980/881 1178/981/882
f 1180/192/178 64/190/157 1179/982/880
f 1179/982/880 362/177/165 1180/192/178
f 127/983/883 363/984/166 1181/985/884
f 127/983/883 1177/986/885 1176/987/886
f 1176/987/886 13/988/887 127/983/883
f 1182/989/888 359/176/164 126/990/889
f 126/990/889 13/988/887 1182/989/888
f 114/991/890 10/992/891 1183/993/892
f 1185/994/893 119/995/894 123/996/895
f 123/996/895 371/997/896 1185/994/893
f 1189/998/897 1186/999/898 1188/1000/899
f 1188/1000/899 1190/1001/900 1189/998/897
f 1191/1002/901 1192/1003/902 2/1004/903
f 342/1005/904 1193/1006/905 2/1004/903
f 1193/1006/905 82/1007/906 2/1004/903
f 1734/1008/907 1195/1009/908 1186/999/898
f 1195/1009/908 1196/1010/909 1185/994/893
f 121/1011/910 68/183/171 122/1012/911
f 365/1013/912 1198/1014/913 1199/1015/914
f 1199/1015/914 1200/1016/915 365/1013/912
f 1199/1015/914 1201/1017/916 1200/1016/915
f 1199/1015/914 1202/1018/917 1201/1017/916
f 1202/1018/917 393/206/192 1203/1019/918
f 1204/1020/919 1203/1019/918 393/206/192
f 393/206/192 1205/1021/920 1204/1020/919
f 1206/1022/921 1204/1020/919 1205/1021/920
f 1205/1021/920 1207/1023/922 1206/1022/921
f 1207/1023/922 1208/1024/923 222/71/69
f 1207/1023/922 392/205/191 1210/1025/924
f 1212/1026/925 1211/1027/926 1210/1025/924
f 1212/1026/925 388/1028/927 1213/203/189
f 1216/1029/928 1217/1030/929 1215/1031/930
f 1224/1032/931 1222/1033/932 1221/1034/933
f 1228/1035/934 1229/1036/935 1226/1037/936
f 1228/1035/934 1230/1038/937 1229/1036/935
f 1231/1039/938 1232/1040/939 197/1041/940
f 1232/1042/939 1234/1043/941 197/1044/940
f 1234/1043/941 1235/1045/942 197/1044/940
f 1236/1046/943 1235/1045/942 1234/1043/941
f 1238/1047/944 1237/1048/945 1236/1046/943
f 1243/1049/946 1242/1050/947 1241/1051/948
f 1245/1052/949 1244/1053/950 1242/1050/947
f 1249/1054/951 1247/1055/952 1246/1056/953
f 1253/1057/954 1251/1058/955 1250/1059/956
f 1255/1060/957 1256/1061/958 1254/1062/959
f 1260/1063/960 1110/914/821 1257/1064/961
f 1112/1065/823 1110/914/821 1262/1066/962
f 88/924/829 1112/918/823 1262/1067/962
f 1262/1067/962 295/922/827 88/924/829
f 1264/1068/963 1265/1069/964 1263/1070/965
f 1265/1069/964 1266/1071/966 296/115/113
f 297/116/114 296/115/113 1266/1071/966
f 1266/1072/966 1267/1073/967 297/118/114
f 1266/1071/966 1268/1074/968 1269/1075/969
f 1269/1076/969 1267/1073/967 1266/1072/966
f 1125/933/838 1124/932/837 1269/1076/969
f 1270/1077/970 1126/1078/971 955/935/840
f 1271/1079/972 1128/1080/973 1127/1081/974
f 1128/1082/973 1131/1083/975 1129/936/841
f 1129/936/841 397/208/194 1128/1082/973
f 1272/1084/976 1273/1085/977 1131/1083/975
f 1132/1086/978 1276/1087/979 1277/1088/980
f 1133/940/845 1132/1086/978 1277/1088/980
f 1277/1088/980 1278/1089/981 1134/1090/982
f 1134/1090/982 1133/940/845 1277/1088/980
f 1135/941/846 1279/1091/983 1136/944/849
f 1282/1092/984 1140/1093/851 1138/1094/985
f 1282/1095/984 1283/1096/986 1284/1097/987
f 1284/1097/987 1140/946/851 1282/1095/984
f 1285/1098/988 1141/947/852 963/801/719
f 1286/1099/989 1142/948/853 1141/947/852
f 1288/1100/990 1142/948/853 1286/1099/989
f 1288/1100/990 1289/1101/991 1143/950/855
f 967/952/857 1143/950/855 1289/1101/991
f 1289/1101/991 1290/1102/992 967/952/857
f 1144/1103/993 1291/1104/994 1292/1105/995
f 1145/1106/996 100/1107/997 971/953/858
f 1146/954/859 971/953/858 100/1107/997
f 99/1108/998 1146/954/859 100/1107/997
f 100/1107/997 1293/1109/999 1295/1110/1000
f 1296/1111/1001 1294/1112/1002 1297/1113/1003
f 1299/1114/1004 1297/1113/1003 1298/1115/1005
f 1302/1116/1006 1301/1117/1007 1151/1118/1008
f 1152/1119/1009 1154/1120/1010 980/813/731
f 1304/1121/1011 149/1122/1012 1154/1120/1010
f 1305/1123/1013 1306/1124/1014 148/1125/1015
f 1306/1124/1014 1308/1126/1016 1309/1127/1017
f 1309/1127/1017 1310/1128/1018 147/17/17
f 145/18/18 1311/1129/1019 146/1130/1020
f 146/1130/1020 1313/1131/1021 1155/1132/861
f 1313/1133/1021 1314/1134/1022 1155/956/861
f 1314/1134/1022 1315/1135/1023 1156/959/862
f 1157/960/863 1156/959/862 1316/1136/1024
f 1317/1137/1025 1318/1138/1026 1158/962/864
f 1319/1139/1027 247/1140/1028 1158/962/864
f 1319/1139/1027 1320/1141/1029 247/1140/1028
f 1322/1142/1030 246/1143/1031 35/84/82
f 1322/1142/1030 1323/1144/1032 246/1143/1031
f 1327/1145/1033 1330/1146/1034 1328/1147/1035
f 361/175/163 1328/1147/1035 1330/1146/1034
f 1330/1146/1034 1184/1148/1036 361/175/163
f 1330/1146/1034 1327/1145/1033 1331/1149/1037
f 1331/1150/1037 387/199/185 1330/1151/1034
f 348/160/150 385/200/186 1331/1150/1037
f 1331/1150/1037 385/200/186 387/199/185
f 348/160/150 386/1152/1038 385/200/186
f 347/159/149 1332/1153/1039 386/1152/1038
f 1333/1154/1040 1334/1155/1041 1332/1153/1039
f 1333/1156/1040 1336/1157/1042 1337/1158/1043
f 1337/1158/1043 1335/1159/1044 1333/1156/1040
f 1337/1158/1043 1723/1160/1045 1335/1159/1044
f 134/1161/1046 133/11/11 95/1162/1047
f 1339/1163/1048 1341/1164/1049 1340/1165/1050
f 1343/1166/1051 1341/1164/1049 1342/1167/1052
f 1346/1168/1053 1344/1169/1054 1345/1170/1055
f 1346/1168/1053 1345/1170/1055 1347/1171/1056
f 1348/1172/1057 303/1173/122 1347/1171/1056
f 1576/1174/1058 1352/1175/1059 1351/1176/1060
f 1353/1177/1061 1351/1176/1060 1352/1175/1059
f 1352/1175/1059 1354/1178/1062 1353/1177/1061
f 1355/1179/1063 1353/1180/1061 1354/1181/1062
f 1360/1182/1064 1358/1183/1065 1359/1184/1066
f 1358/1183/1065 1360/1182/1064 1362/1185/1067
f 1362/1185/1067 1361/1186/1068 1358/1183/1065
f 1362/1185/1067 1363/1187/1069 1361/1186/1068
f 1366/1188/1070 1270/1189/970 1268/1074/968
f 1367/1190/1071 1271/1079/972 1126/1191/971
f 1271/1079/972 1274/1192/1072 1272/1193/976
f 1275/1194/1073 1274/1195/1072 1369/1196/1074
f 91/1197/1075 1277/1088/980 1276/1087/979
f 91/1197/1075 1278/1089/981 1277/1088/980
f 1278/1089/981 91/1197/1075 1371/1198/1076
f 1371/1198/1076 1134/1090/982 1278/1089/981
f 1373/1199/1077 1135/941/846 1134/1090/982
f 1374/1200/1078 1375/135/127 1280/1201/1079
f 1280/1201/1079 1279/1091/983 1374/1200/1078
f 1280/1201/1079 1375/135/127 306/134/126
f 304/1202/124 1377/1203/1080 305/1204/125
f 1377/1205/1080 162/1206/1081 305/1207/125
f 162/1206/1081 1379/1208/1082 1378/1209/1083
f 1379/1208/1082 1283/1096/986 1378/1209/1083
f 1378/1209/1083 1283/1096/986 1282/1095/984
f 1381/1210/1084 1382/1211/1085 160/1212/1086
f 160/1212/1086 1287/1213/1087 1381/1210/1084
f 1382/1211/1085 1383/1214/1088 20/28/28
f 1388/1215/1089 1385/1216/1090 1387/1217/1091
f 1391/1218/1092 1392/1219/1093 1388/1215/1089
f 1395/1220/1094 1292/1105/995 1393/1221/1095
f 144/15/15 1304/1121/1011 1400/1222/1096
f 144/15/15 17/14/14 1304/1121/1011
f 17/14/14 1305/1123/1013 148/1125/1015
f 1403/1223/1097 1308/1126/1016 1307/1224/1098
f 1404/1225/1099 1405/1226/1100 1308/1126/1016
f 1406/1227/1101 1309/1127/1017 1308/1126/1016
f 1310/1128/1018 1309/1127/1017 1407/1228/1102
f 1409/1229/1103 1489/1230/1104 1311/1231/1019
f 1311/1129/1019 145/18/18 1409/1232/1103
f 1489/1230/1104 1312/1233/1105 1311/1231/1019
f 1313/1131/1021 146/1130/1020 1312/1234/1105
f 1490/1235/1106 1411/1236/1107 1410/1237/1108
f 1411/1236/1107 314/1238/1109 1410/1237/1108
f 1415/1239/1110 1595/1240/1111 1414/1241/1112
f 1417/1242/1113 1418/1243/1114 1415/1244/1110
f 1420/1245/1115 1423/1246/1116 1421/1247/1117
f 1423/1246/1116 1425/1248/1118 1424/1249/1119
f 1431/1250/1120 373/1251/1121 1432/1252/1122
f 1432/1252/1122 1435/1253/1123 1433/1254/1124
f 1436/1255/1125 1433/1254/1124 1435/1253/1123
f 1443/1256/1126 1442/1257/1127 1441/1258/1128
f 1446/1259/1129 1449/1260/1130 1444/1261/1131
f 405/217/203 1448/1262/1132 1446/1259/1129
f 1451/1263/1133 1453/1264/1134 1452/1265/1135
f 1456/1266/1136 1360/1182/1064 1455/1267/1137
f 1458/1268/1138 1459/1269/1139 1360/1182/1064
f 1460/1270/1140 1459/1269/1139 1461/1271/1141
f 1367/1190/1071 1365/1272/1142 1460/1270/1140
f 1461/1271/1141 1459/1269/1139 1462/1273/1143
f 1462/1273/1143 1368/1274/1144 1461/1271/1141
f 1465/1275/1145 1466/1276/1146 1370/1277/1147
f 1372/1278/1148 1371/1198/1076 91/1197/1075
f 91/1197/1075 90/1279/1149 1372/1278/1148
f 1473/1280/1150 1375/135/127 1374/1200/1078
f 1473/1281/1150 1472/1282/1151 1474/1283/1152
f 1475/1284/1153 304/1202/124 1376/1285/1154
f 1475/1284/1153 163/1286/1155 1377/1203/1080
f 1377/1203/1080 304/1202/124 1475/1284/1153
f 1475/1284/1153 308/1287/1156 163/1286/1155
f 1476/1288/1157 51/1289/128 308/1287/1156
f 1477/1290/1158 51/1289/128 1476/1288/1157
f 1478/1291/1159 1479/1292/1160 1477/1290/1158
f 1404/1225/1099 1485/1293/1161 1484/1294/1162
f 1486/1295/1163 1487/1296/1164 1406/1297/1101
f 1408/1298/1165 1488/1299/1166 1409/1229/1103
f 1488/1299/1166 1489/1230/1104 1409/1229/1103
f 1413/1300/1167 1411/1236/1107 1490/1235/1106
f 1419/1301/1168 1493/1302/1169 1420/1303/1115
f 1423/1246/1116 1422/1304/1170 1496/1305/1171
f 1425/1248/1118 1423/1246/1116 1496/1305/1171
f 1496/1305/1171 1497/1306/1172 1425/1248/1118
f 1498/1307/1173 1499/1308/1174 1435/1253/1123
f 1437/1309/1175 1435/1253/1123 1499/1308/1174
f 8/1310/7 1440/1311/1176 1437/1309/1175
f 406/218/204 405/217/203 1447/1312/1177
f 1501/1313/1178 1502/1314/1179 406/218/204
f 406/218/204 1502/1314/1179 1503/1315/1180
f 1503/1315/1180 77/215/201 406/218/204
f 1505/1316/1181 1504/1317/1182 1503/1315/1180
f 1504/1317/1182 1505/1316/1181 1465/1318/1145
f 1465/1319/1145 1506/1320/1183 1504/1321/1182
f 1506/1320/1183 1465/1319/1145 1464/1322/1184
f 1464/1322/1184 1463/1323/1185 1506/1320/1183
f 1505/1316/1181 1467/1324/1186 1468/1325/1187
f 1471/1326/1188 1470/1327/1189 1507/1328/1190
f 1471/1326/1188 1508/1329/1191 1474/1283/1152
f 1474/1283/1152 1508/1329/1191 1509/1330/1192
f 1509/1330/1192 1475/1284/1153 1474/1283/1152
f 1509/1330/1192 1510/1331/1193 1476/1288/1157
f 1511/1332/1194 1512/1333/1195 1477/1290/1158
f 1478/1291/1159 1477/1290/1158 1512/1333/1195
f 183/1334/1196 1515/1335/1197 1480/1336/1198
f 1515/1335/1197 1516/1337/1199 1482/1338/1200
f 1517/1339/1201 1518/1340/1202 1486/1295/1163
f 1518/1340/1202 1519/1341/1203 1487/1296/1164
f 1487/1296/1164 1486/1295/1163 1518/1340/1202
f 1487/1296/1164 1519/1341/1203 1407/1342/1102
f 1520/1343/1204 1488/1299/1166 1408/1298/1165
f 1521/1344/1205 1522/1345/1206 1523/1346/1207
f 1491/1347/1208 1523/1346/1207 1492/1348/1209
f 1525/1349/1210 1494/1350/1211 1493/1302/1169
f 1529/1351/1212 1530/1352/1213 105/8/8
f 1511/1332/1194 105/8/8 1530/1352/1213
f 1534/1353/1214 1533/1354/1215 1535/1355/1216
f 1535/1355/1216 1502/1314/1179 1534/1353/1214
f 1535/1355/1216 1536/1356/1217 1502/1314/1179
f 1536/1356/1217 1503/1315/1180 1502/1314/1179
f 1507/1328/1190 1503/1315/1180 1536/1356/1217
f 1535/1355/1216 1509/1330/1192 1508/1329/1191
f 1534/1353/1214 1501/1313/1178 1532/1357/1218
f 106/9/9 1531/1358/1219 1532/1357/1218
f 1537/1359/1220 1514/1360/1221 1513/1361/1222
f 1537/1359/1220 183/1334/1196 1514/1360/1221
f 1515/1335/1197 1538/1362/1223 1516/1337/1199
f 1518/1340/1202 1517/1339/1201 1538/1362/1223
f 1540/1363/1224 1541/1364/1225 1519/1341/1203
f 1541/1364/1225 1520/1343/1204 1519/1341/1203
f 1542/1365/1226 380/1366/1227 1524/1367/1228
f 380/1366/1227 1523/1346/1207 1524/1367/1228
f 1542/1365/1226 1543/1368/1229 380/1366/1227
f 1546/1369/1230 380/1366/1227 1543/1368/1229
f 1525/1370/1210 380/1366/1227 1546/1369/1230
f 1546/1371/1230 1547/1372/1231 1525/1349/1210
f 1528/1373/1232 1548/1374/1233 1550/1375/1234
f 1529/1351/1212 1528/1376/1232 1549/1377/1235
f 1529/1351/1212 1537/1378/1220 1530/1352/1213
f 1551/1379/1236 183/1334/1196 1537/1359/1220
f 1551/1379/1236 1549/1380/1235 182/1381/1237
f 1544/1382/1238 1541/1364/1225 1540/1363/1224
f 1544/1382/1238 1542/1365/1226 1541/1364/1225
f 1545/1383/1239 1552/1384/1240 1547/1385/1231
f 1547/1385/1231 1546/1369/1230 1545/1383/1239
f 1550/1386/1234 1547/1385/1231 1552/1384/1240
f 1526/1387/1241 1547/1372/1231 1548/1374/1233
f 1548/1374/1233 1528/1373/1232 107/1388/10
f 107/1388/10 1527/1389/1242 1548/1374/1233
f 1526/1387/1241 1525/1349/1210 1547/1372/1231
f 1458/1268/1138 1456/1266/1136 1463/1323/1185
f 1458/1268/1138 1462/1273/1143 1459/1269/1139
f 1437/1309/1175 107/1390/10 8/1310/7
f 1485/1293/1161 1553/1391/1243 1483/1392/1244
f 1555/1393/1245 1553/1391/1243 1556/1394/1246
f 1556/1394/1246 1558/1395/1247 1386/1396/1248
f 1557/1397/1249 1558/1395/1247 1556/1394/1246
f 1399/16/16 1394/1398/1250 1560/1399/1251
f 1394/1398/1250 1393/1221/1095 1391/1218/1092
f 1391/1218/1092 1560/1399/1251 1394/1398/1250
f 1391/1218/1092 1559/1400/1252 1560/1399/1251
f 143/1401/1253 1401/1402/1254 1305/1123/1013
f 1559/1400/1252 1391/1218/1092 1390/1403/1255
f 1386/1396/1248 1561/1404/1256 1562/1405/1257
f 1562/1405/1257 1555/1393/1245 1386/1396/1248
f 1562/1405/1257 1563/1406/1258 1564/1407/1259
f 1564/1407/1259 1555/1393/1245 1562/1405/1257
f 1564/1407/1259 164/1408/130 307/1409/129
f 1563/1410/1258 21/1411/1260 164/1412/130
f 1380/1413/1261 1379/1208/1082 21/1411/1260
f 1383/1214/1088 1382/1211/1085 1561/1414/1256
f 1362/1185/1067 1459/1269/1139 1460/1270/1140
f 1459/1269/1139 1362/1185/1067 1360/1182/1064
f 1359/1184/1066 1455/1267/1137 1360/1182/1064
f 1455/1267/1137 1359/1184/1066 1356/1415/1262
f 1449/1260/1130 1448/1262/1132 1450/1416/1263
f 1569/1417/1264 179/39/37 178/38/36
f 178/38/36 1442/1257/1127 1569/1417/1264
f 1569/1417/1264 1570/1418/1265 179/39/37
f 1571/1419/1266 1572/1420/1267 1570/1418/1265
f 1573/1421/1268 1574/1422/1269 1571/1423/1266
f 1567/1424/1270 1576/1174/1058 1575/131/123
f 1354/1178/1062 1352/1175/1059 1565/1425/1271
f 303/1173/122 1577/1426/1272 1574/1427/1269
f 1577/1426/1272 1578/1428/1273 1572/1420/1267
f 1578/1428/1273 1570/1418/1265 1572/1420/1267
f 1570/1418/1265 1578/1428/1273 1344/1169/1054
f 1344/1169/1054 1579/1429/1274 1570/1418/1265
f 1579/1429/1274 1580/1430/1275 180/40/38
f 1580/1430/1275 1581/88/86 181/37/35
f 1581/88/86 1582/1431/1276 181/37/35
f 1583/1432/1277 1439/1433/1278 1584/1434/1279
f 1584/1434/1279 1441/1258/1128 1442/1257/1127
f 1434/1435/1280 1586/1436/1281 1432/1252/1122
f 1431/1250/1120 1432/1252/1122 1586/1436/1281
f 1587/1437/1282 1588/1438/1283 1430/1439/1284
f 1588/1438/1283 1589/1440/1285 1430/1439/1284
f 1590/1441/1286 1426/1442/1287 1427/1443/1288
f 1591/1444/1289 1592/1445/1290 1424/1249/1119
f 1595/1446/1111 1596/1447/1291 318/1448/1292
f 319/1449/1293 1317/1137/1025 315/1450/1294
f 1317/1137/1025 316/1451/1295 315/1450/1294
f 1321/1452/1296 1319/1139/1027 1318/1138/1026
f 1606/1453/1297 1322/1454/1030 1605/1455/1298
f 1606/1453/1297 1607/1456/1299 1324/1457/1300
f 1608/1458/1301 1326/1459/1302 1324/1460/1300
f 1611/1461/1303 349/163/152 348/162/150
f 1617/1462/1304 351/1463/1305 349/163/152
f 1617/1462/1304 1618/1464/1306 351/1463/1305
f 350/165/153 351/1463/1305 1618/1464/1306
f 1620/1465/1307 5/1466/1308 1619/1467/1309
f 1620/1465/1307 1621/1468/1310 5/1466/1308
f 95/1162/1047 1621/1468/1310 1622/1469/1311
f 1622/1469/1311 1623/1470/1312 95/1162/1047
f 1342/1167/1052 1579/1429/1274 1344/1169/1054
f 1578/1428/1273 1345/1170/1055 1344/1169/1054
f 1578/1428/1273 1577/1426/1272 1345/1170/1055
f 1577/1426/1272 303/1173/122 1348/1172/1057
f 1628/1471/1313 1580/1430/1275 1579/1429/1274
f 1625/1472/1314 1627/1473/1315 1628/1471/1313
f 1581/88/86 1580/1430/1275 1629/89/87
f 1629/89/87 1646/1474/1316 252/1475/1317
f 252/1475/1317 1585/1476/1318 1433/1254/1124
f 253/87/85 252/1475/1317 1433/1254/1124
f 1585/1476/1318 1434/1435/1280 1433/1254/1124
f 1586/1436/1281 1434/1435/1280 1585/1476/1318
f 340/1477/1319 60/1478/1320 1589/1440/1285
f 1633/1479/1321 1649/1480/1322 340/1477/1319
f 340/1477/1319 1637/1481/1323 1634/1482/1324
f 1637/1481/1323 335/1483/1325 1635/1484/1326
f 335/1483/1325 1638/1485/1327 1635/1484/1326
f 1639/1486/1328 1635/1484/1326 1638/1485/1327
f 1640/1487/1329 334/1488/1330 1621/1468/1310
f 1640/1487/1329 1621/1468/1310 1620/1465/1307
f 1641/1489/1331 1642/1490/1332 1623/1470/1312
f 1624/1491/1333 1623/1470/1312 1642/1490/1332
f 1642/1490/1332 1643/1492/1334 1625/1472/1314
f 1642/1490/1332 1625/1472/1314 1624/1491/1333
f 1627/1473/1315 1625/1472/1314 1643/1492/1334
f 1643/1492/1334 1646/1474/1316 1629/89/87
f 1649/1480/1322 1650/1493/1335 1637/1481/1323
f 336/1494/1336 1637/1481/1323 1650/1493/1335
f 1645/1495/1337 1646/1474/1316 1644/1496/1338
f 1644/1496/1338 1643/1492/1334 1653/1497/1339
f 1641/1489/1331 1654/1498/1340 1653/1497/1339
f 1648/1499/1341 1647/1500/1342 1651/1501/1343
f 1636/1502/1344 1635/1484/1326 1656/1503/1345
f 1636/1502/1344 1657/1504/1346 1634/1482/1324
f 1657/1504/1346 1659/1505/1347 339/1506/1348
f 339/1506/1348 1634/1482/1324 1657/1504/1346
f 339/1506/1348 60/1478/1320 1634/1482/1324
f 337/1507/1349 1659/1505/1347 1660/1508/1350
f 1660/1508/1350 1661/1509/1351 337/1507/1349
f 1661/1509/1351 1662/1510/1352 1663/1511/1353
f 1591/1444/1289 338/1512/1354 1661/1509/1351
f 1663/1511/1353 1662/1510/1352 1592/1445/1290
f 1592/1445/1290 1591/1444/1289 1663/1511/1353
f 1593/1513/1355 1592/1445/1290 1662/1510/1352
f 1598/1514/1356 1599/1515/1357 319/1516/1293
f 1668/1517/1358 1669/1518/1359 1601/1519/1360
f 1670/1520/1361 1671/1521/1362 1603/1522/1363
f 1603/1522/1363 1602/1523/1364 1670/1520/1361
f 1603/1522/1363 1671/1521/1362 1604/1524/1365
f 1672/1525/1366 1607/1456/1299 1605/1455/1298
f 1607/1456/1299 1606/1453/1297 1605/1455/1298
f 1672/1525/1366 1673/1526/1367 1607/1456/1299
f 1673/1526/1367 1613/1527/1368 1612/1528/1369
f 1676/1529/1370 1677/1530/1371 1675/1531/1372
f 1677/1530/1371 1616/1532/1373 1615/1533/1374
f 1679/1534/1375 1680/1535/1376 1616/1532/1373
f 1617/1462/1304 1616/1532/1373 1680/1535/1376
f 1680/1535/1376 1618/1464/1306 1617/1462/1304
f 1680/1535/1376 1655/1536/1377 1618/1464/1306
f 1680/1535/1376 1679/1534/1375 1656/1503/1345
f 1656/1503/1345 1655/1536/1377 1680/1535/1376
f 1679/1534/1375 1678/1537/1378 1658/1538/1379
f 1681/1539/1380 1659/1505/1347 1682/1540/1381
f 1682/1540/1381 1659/1505/1347 1657/1504/1346
f 1685/1541/1382 1687/1542/1383 1662/1510/1352
f 1664/1543/1384 1662/1510/1352 1687/1542/1383
f 1688/1544/1385 1691/21/21 1690/1545/1386
f 1690/1545/1386 1666/1546/1387 1597/1547/1388
f 152/1548/1389 1668/1517/1358 1667/1549/1390
f 1693/1550/1391 1669/1518/1359 1668/1517/1358
f 1694/1551/1392 1695/1552/1393 1693/1550/1391
f 1695/1552/1393 1671/1521/1362 1670/1520/1361
f 221/1553/1394 220/70/68 1671/1521/1362
f 1697/1554/1395 1699/1555/1396 1696/1556/1397
f 1701/1557/1398 1676/1558/1370 1675/1559/1372
f 1700/1560/1399 1702/1561/1400 1701/1562/1398
f 1702/1561/1400 1678/1537/1378 1676/1529/1370
f 1702/1561/1400 1703/1563/1401 1681/1539/1380
f 1681/1539/1380 1678/1537/1378 1702/1561/1400
f 1703/1563/1401 1704/1564/1402 1683/1565/1403
f 1683/1565/1403 1681/1539/1380 1703/1563/1401
f 1683/1565/1403 1704/1564/1402 1684/1566/1404
f 1686/1567/1405 150/22/22 1687/1568/1383
f 1689/1569/1406 1687/1568/1383 150/22/22
f 150/22/22 1691/21/21 1689/1569/1406
f 1705/1570/1407 151/20/20 150/22/22
f 1706/1571/1408 1707/1572/1409 151/20/20
f 1705/1570/1407 1704/1573/1402 1708/1574/1410
f 1704/1573/1402 1709/1575/1411 1708/1574/1410
f 1704/1573/1402 1703/1576/1401 1709/1575/1411
f 1709/1575/1411 1699/1555/1396 1697/1554/1395
f 219/69/67 30/68/66 1698/1577/1412
f 346/166/154 350/165/153 1619/1467/1309
f 60/1478/1320 338/1512/1354 1590/1441/1286
f 1582/1431/1276 1581/88/86 253/87/85
f 1355/1179/1063 1354/1181/1062 1452/1578/1135
f 1304/1121/1011 1303/1579/1413 1400/1222/1096
f 1303/1579/1413 1301/1117/1007 1398/1580/1414
f 1395/1220/1094 1293/1109/999 1292/1105/995
f 1392/1219/1093 1289/1581/991 1388/1215/1089
f 1289/1581/991 161/1582/29 1388/1215/1089
f 1385/1216/1090 1388/1215/1089 161/1582/29
f 1379/1208/1082 162/1206/1081 21/1411/1260
f 1710/1583/1415 1361/1186/1068 1363/1187/1069
f 1713/1584/1416 1356/1415/1262 1357/1585/1417
f 1353/1180/1061 1714/1586/1418 1351/1587/1060
f 1714/1588/1418 1715/1589/1419 1351/1590/1060
f 1350/1591/121 1715/1589/1419 1349/1592/1420
f 1350/1591/121 50/1593/120 1351/1590/1060
f 1346/1168/1053 1716/1594/1421 1717/1595/1422
f 1717/1595/1422 1718/1596/1423 1343/1166/1051
f 1343/1166/1051 1346/1168/1053 1717/1595/1422
f 1341/1164/1049 1343/1166/1051 1718/1596/1423
f 132/12/12 1338/1597/1424 1720/1598/1425
f 1721/13/13 1234/1043/941 131/1599/1426
f 1722/1600/1427 15/1601/1428 131/1599/1426
f 1723/1160/1045 1337/1158/1043 1722/1600/1427
f 1722/1600/1427 1337/1158/1043 15/1601/1428
f 1723/1602/1045 1724/1603/1429 1335/1604/1044
f 1724/1603/1429 1334/1155/1041 1335/1604/1044
f 1724/1603/1429 1725/1605/1430 1334/1155/1041
f 1725/1605/1430 1332/1153/1039 1334/1155/1041
f 72/198/184 372/1606/1431 384/201/187
f 1726/1607/1432 1727/1608/1433 372/1606/1431
f 1726/1607/1432 72/198/184 1728/1609/1434
f 1730/1610/1435 1729/1611/1436 386/1152/1038
f 386/1152/1038 1731/1612/1437 1730/1610/1435
f 1725/1605/1430 1724/1603/1429 80/1613/1438
f 1724/1603/1429 1723/1602/1045 1230/1038/937
f 1231/1039/938 1230/1038/937 1723/1602/1045
f 1723/1602/1045 1232/1040/939 1231/1039/938
f 1227/1614/1439 1733/1615/1440 81/1616/1441
f 1/1617/1442 81/1616/1441 1733/1615/1440
f 1731/1612/1437 1/1617/1442 1193/1006/905
f 345/1618/1443 1727/1608/1433 1726/1607/1432
f 344/1619/1444 14/1620/1445 345/1618/1443
f 61/1621/1446 1735/1622/1447 343/1623/1448
f 1187/1624/1449 128/1625/1450 14/1620/1445
f 1734/1008/907 1194/1626/1451 82/1007/906
f 1196/1010/909 1195/1009/908 1737/1627/1452
f 1737/1627/1452 1738/1628/1453 1196/1010/909
f 1738/1628/1453 1739/1629/1454 391/1630/1455
f 391/1630/1455 1198/1014/913 1738/1628/1453
f 1739/1629/1454 73/204/190 391/1630/1455
f 1739/1629/1454 1740/1631/1456 73/204/190
f 1740/1631/1456 1219/1632/1457 73/204/190
f 1223/1633/1458 1741/1634/1459 1742/1635/1460
f 1223/1633/1458 1220/1636/1461 1219/1632/1457
f 1733/1615/1440 1224/1032/931 1223/1633/1458
f 1740/1631/1456 1739/1629/1454 1737/1627/1452
f 390/202/188 73/204/190 1219/1632/1457
f 1198/1014/913 389/1637/1462 1199/1015/914
f 1202/1018/917 1199/1015/914 389/1637/1462
f 1738/1628/1453 1737/1627/1452 1739/1629/1454
f 370/184/172 120/1638/1463 1738/1628/1453
f 1721/13/13 1236/1046/943 1234/1043/941
f 1238/1047/944 1720/1598/1425 1239/1639/1464
f 1241/1640/948 1719/1641/1465 1243/1642/946
f 1246/1056/953 1349/1592/1420 1715/1589/1419
f 1715/1589/1419 1249/1054/951 1246/1056/953
f 1714/1588/1418 1252/1643/1466 1715/1589/1419
f 1713/1584/1416 1712/1644/1467 1253/1645/954
f 1260/1063/960 1712/1644/1467 1711/1646/1468
f 1253/1645/954 1353/1180/1061 1713/1584/1416
f 1252/1647/1466 1714/1586/1418 1353/1180/1061
f 1333/1156/1040 346/166/154 1336/1157/1042
f 1331/1149/1037 1327/1145/1033 1326/1459/1302
f 1328/1147/1035 361/175/163 66/174/162
f 1171/1648/1469 1329/1649/1470 360/1650/1471
f 251/1651/1472 246/1143/1031 1323/1144/1032
f 1314/1134/1022 1313/1133/1021 314/1238/1109
f 1148/1652/1473 1147/955/860 1296/1111/1001
f 1124/932/837 1123/930/835 1267/1073/967
f 1119/1653/833 293/119/110 1121/1654/1474
f 293/119/110 297/118/114 1267/1073/967
f 1263/1070/965 1262/1066/962 1261/1655/1475
f 1744/1656/1476 1256/1061/958 1258/1657/1477
f 1108/1658/1478 1254/1062/959 1256/1061/958
f 1745/1659/1479 1250/1059/956 1254/1062/959
f 1250/1059/956 1745/1659/1479 1746/1660/1480
f 1235/1045/942 1236/1046/943 1237/1048/945
f 198/47/45 1235/1661/942 1082/1662/1481
f 1085/1663/1482 1084/1664/808 1082/1665/1481
f 1240/1666/1483 1089/1667/1484 1747/1668/1485
f 1244/1053/950 1091/1669/1486 1089/1667/1484
f 1746/1660/1480 1099/903/811 1098/1670/1487
f 1108/1658/1478 1103/1671/1488 1104/1672/1489
f 196/1673/1490 1226/1037/936 1229/1036/935
f 1209/1674/1491 1210/1025/924 1211/1027/926
f 225/74/72 1761/1675/1492 226/75/73
f 1763/1676/1493 1762/1677/1494 1764/1678/1495
f 1764/1678/1495 227/1679/1496 1763/1676/1493
f 227/1679/1496 1764/1678/1495 1766/1680/1497
f 1766/1680/1497 224/1681/1498 31/73/71
f 1768/1682/1499 1204/1020/919 224/1681/1498
f 1770/1683/1500 1201/1017/916 1203/1019/918
f 1770/1683/1500 1772/181/169 366/180/168
f 366/180/168 1200/1016/915 1770/1683/1500
f 1770/1683/1500 1200/1016/915 1201/1017/916
f 1770/1683/1500 1771/1684/1501 1772/181/169
f 1775/1685/1502 353/1686/1503 367/1687/1504
f 353/1686/1503 368/189/176 67/182/170
f 1775/1688/1502 1774/1689/1505 354/168/156
f 354/168/156 63/167/155 1775/1688/1502
f 1780/1690/1506 1779/1691/1507 1778/1692/1508
f 1783/1693/1509 1784/1694/1510 1781/1695/1511
f 1787/1696/1512 1791/1697/1513 1789/1698/1514
f 1792/1699/1515 1789/1698/1514 1791/1697/1513
f 1796/1700/1516 1794/1701/1517 1797/1702/1518
f 1853/1703/1519 1801/1704/1520 1804/1705/1521
f 1806/1706/1522 1810/1707/1523 1805/1708/1524
f 1028/868/779 1027/867/778 1807/1709/1525
f 1813/1710/1526 1031/1711/1527 1812/1712/1528
f 1813/1710/1526 1814/1713/1529 1033/1714/1530
f 1033/1714/1530 1032/870/781 1813/1710/1526
f 1815/1715/1531 1036/872/783 1034/871/782
f 1817/1716/1532 1036/874/783 1815/1717/1531
f 1038/875/785 210/1718/1533 1818/1719/1534
f 1819/1720/1535 1044/1721/1536 1043/1722/1537
f 1044/1721/1536 1819/1720/1535 1820/1723/1538
f 1820/1723/1538 1047/877/787 1044/1721/1536
f 1821/1724/1539 1047/877/787 1820/1723/1538
f 1821/1724/1539 1049/880/790 1047/877/787
f 1824/1725/1540 1053/1726/1541 1050/1727/1542
f 1055/882/792 1831/1728/1543 1825/1729/1544
f 1057/883/793 1055/882/792 1825/1729/1544
f 1825/1729/1544 1826/1730/1545 1057/883/793
f 1826/1730/1545 1827/1731/1546 1057/883/793
f 1057/883/793 1827/1731/1546 1058/884/794
f 1062/887/795 1058/1732/794 1827/1733/1546
f 1827/1733/1546 1828/1734/1547 1062/887/795
f 1828/1734/1547 1830/1735/1548 1064/1736/1549
f 1830/1735/1548 1754/1737/1550 1067/892/800
f 1069/893/801 1067/892/800 1754/1737/1550
f 1754/1737/1550 1753/1738/1551 1069/893/801
f 1073/1739/1552 1072/1740/1553 1071/1741/1554
f 1078/895/803 1075/897/805 1074/1742/1555
f 1078/895/803 1748/1743/1556 195/48/46
f 1751/1744/1557 1217/1030/929 1750/1745/1558
f 1830/1735/1548 1829/1746/1559 1755/1747/1560
f 1827/1733/1546 1826/1748/1545 1756/1749/1561
f 1831/1728/1543 1760/1750/1562 1758/1751/1563
f 1758/1751/1563 1760/1750/1562 1759/1752/1564
f 1831/1728/1543 1832/1753/1565 1760/1750/1562
f 1834/1754/1566 1761/1675/1492 1833/1755/1567
f 1793/1756/1568 1762/1677/1494 1835/1757/1569
f 1793/1756/1568 1764/1678/1495 1762/1677/1494
f 1836/1758/1570 1765/1759/1571 1766/1680/1497
f 1837/1760/1572 1768/1682/1499 1765/1759/1571
f 1769/1761/1573 1838/1762/1574 1839/1763/1575
f 1839/1763/1575 1771/1684/1501 1769/1761/1573
f 1783/1693/1509 1838/1762/1574 1837/1760/1572
f 1797/1702/1518 1795/1764/1576 1834/1754/1566
f 1833/1755/1567 208/1765/1577 1800/1766/1578
f 1801/1704/1520 1800/1766/1578 208/1765/1577
f 208/1765/1577 1803/1767/1579 1801/1704/1520
f 1840/1768/1580 1841/1769/1581 1803/1770/1579
f 1842/1771/1582 1806/1706/1522 1841/1769/1581
f 1806/1706/1522 1842/1771/1582 1812/1712/1528
f 1809/1772/1583 1812/1712/1528 1811/1773/1584
f 1843/1774/1585 1844/1775/1586 1035/1776/1587
f 1845/1777/1588 1816/1778/1589 1846/1779/1590
f 1847/1780/1591 1817/1716/1532 1816/1778/1589
f 1850/1781/1592 210/1718/1533 1847/1780/1591
f 1848/1782/1593 1821/1724/1539 1820/1723/1538
f 1822/1783/1594 1849/1784/1595 1823/1785/1596
f 1831/1728/1543 1824/1725/1540 1823/1785/1596
f 1831/1728/1543 1055/882/792 1824/1725/1540
f 1849/1784/1595 1850/1781/1592 204/57/55
f 204/57/55 26/56/54 1849/1784/1595
f 1845/1786/1588 1851/1787/1597 205/1788/56
f 1851/1787/1597 1840/1768/1580 207/1789/59
f 207/1789/59 205/1788/56 1851/1787/1597
f 1840/1768/1580 1843/1774/1585 1841/1769/1581
f 1850/1781/1592 1847/1780/1591 204/57/55
f 1819/1720/1535 210/1718/1533 27/1790/1598
f 1850/1781/1592 27/1790/1598 210/1718/1533
f 1842/1771/1582 1841/1769/1581 1843/1774/1585
f 1833/1755/1567 209/1791/57 208/1765/1577
f 1758/1751/1563 1825/1729/1544 1831/1728/1543
f 1026/1792/1599 907/1793/1600 1025/1794/1601
f 1808/1795/1602 176/1796/1603 177/1797/1604
f 1799/1798/1605 1857/1799/1606 1796/1700/1516
f 1857/1799/1606 1858/1800/1607 1792/1699/1515
f 1858/1800/1607 1859/1801/1608 1792/1699/1515
f 1789/1698/1514 1792/1699/1515 1859/1801/1608
f 1859/1801/1608 1861/1802/1609 1789/1698/1514
f 1861/1802/1609 1862/1803/1610 1785/1804/1611
f 1863/1805/1612 1784/1694/1510 1785/1804/1611
f 1864/1806/1613 1781/1695/1511 1784/1694/1510
f 1865/1807/1614 1778/1692/1508 1779/1691/1507
f 217/67/65 1777/66/64 1865/1807/1614
f 218/65/63 1866/1808/1615 357/170/158
f 65/171/159 29/62/60 358/172/160
f 1868/1809/1616 356/173/161 358/172/160
f 1869/1810/1617 1870/1811/1618 382/195/181
f 1870/1811/1618 1924/1812/1619 1871/1813/1620
f 1924/1812/1619 1872/1814/1621 1871/1813/1620
f 1872/1814/1621 1875/1815/1622 1874/1816/1623
f 1011/854/769 1874/1817/1623 1875/1818/1622
f 1875/1815/1622 202/1819/52 1011/1820/769
f 202/1819/52 1875/1815/1622 274/103/101
f 1877/1821/1624 203/1822/53 1876/1823/1625
f 1877/1821/1624 1013/856/770 28/1824/1626
f 1876/1823/1625 1878/1825/1627 1877/1821/1624
f 1879/1826/1628 1015/857/771 1013/856/770
f 278/1827/1629 1880/1828/1630 1016/859/772
f 1016/859/772 1015/857/771 278/1827/1629
f 1880/1828/1630 1017/860/773 1016/859/772
f 1880/1828/1630 1881/1829/1631 1017/860/773
f 1881/1830/1631 1018/863/774 1017/1831/773
f 1881/1830/1631 1019/864/775 1018/863/774
f 1883/1832/1632 1021/1833/1633 1020/1834/1634
f 1884/1835/1635 1885/1836/1636 1021/1833/1633
f 1021/1833/1633 1885/1836/1636 1022/1837/776
f 1886/1838/1637 1023/1839/1638 1885/1836/1636
f 1887/1840/1639 176/1796/1603 1025/1794/1601
f 1887/1841/1639 177/1842/1604 176/1843/1603
f 1889/1844/1640 1890/1845/1641 1856/1846/1642
f 1890/1845/1641 1891/1847/1643 1856/1846/1642
f 1893/1848/1644 1895/1849/1645 1861/1802/1609
f 1862/1803/1610 1861/1802/1609 1895/1849/1645
f 1895/1849/1645 1896/1850/1646 1862/1803/1610
f 1897/1851/1647 1863/1852/1612 1896/1853/1646
f 1900/1854/1648 1865/1807/1614 1898/1855/1649
f 1904/1856/1650 1905/1857/1651 215/63/61
f 1906/1858/1652 1905/1857/1651 1904/1856/1650
f 1911/1859/1653 1908/1860/1654 1906/1858/1652
f 1911/1859/1653 276/105/103 275/104/102
f 1912/1861/1655 1913/1862/1656 276/105/103
f 1916/1863/1657 1917/1864/1658 1914/1865/1659
f 1891/1847/1643 1919/1866/1660 1882/1867/1661
f 1891/1847/1643 1890/1845/1641 1919/1866/1660
f 1885/1836/1636 1884/1835/1635 1888/1868/1662
f 1888/1868/1662 1887/1841/1639 1885/1836/1636
f 1895/1849/1645 1894/1869/1663 1920/1870/1664
f 1916/1863/1657 1915/1871/1665 1920/1872/1664
f 1896/1850/1646 1895/1849/1645 1920/1870/1664
f 1915/1871/1665 1912/1861/1655 1897/1851/1647
f 1900/1854/1648 1909/1873/1666 1902/1874/1667
f 1911/1859/1653 1909/1873/1666 1900/1854/1648
f 1917/1875/1658 1916/1876/1657 1920/1870/1664
f 1918/1877/1668 1917/1875/1658 1892/1878/1669
f 44/1879/1670 1917/1864/1658 1880/1828/1630
f 1921/1880/1671 1914/1865/1659 44/1879/1670
f 1878/1825/1627 277/106/104 1921/1880/1671
f 1878/1825/1627 44/1879/1670 1879/1826/1628
f 1878/1825/1627 1876/1823/1625 277/106/104
f 1876/1823/1625 274/103/101 277/106/104
f 1873/1881/1672 1910/1882/1673 1922/1883/1674
f 1910/1882/1673 1873/1881/1672 1923/1884/1675
f 1923/1884/1675 1908/1860/1654 1910/1882/1673
f 1923/1884/1675 199/50/48 1905/1857/1651
f 1924/1812/1619 199/50/48 1923/1884/1675
f 1923/1884/1675 1873/1881/1672 1924/1812/1619
f 1924/1812/1619 1870/1811/1618 199/50/48
f 1870/1811/1618 1869/1810/1617 200/51/49
f 1904/1856/1650 1903/1885/1676 1909/1873/1666
f 1886/1838/1637 1885/1836/1636 1887/1841/1639
f 1011/854/769 1009/849/764 1927/1886/1677
f 1928/1887/1678 1931/1888/1679 1926/1889/1680
f 1928/1887/1678 1926/1889/1680 1925/1890/1681
f 1931/1888/1679 1928/1887/1678 1930/1891/1682
f 1933/1892/1683 1934/1893/1684 1932/1894/1685
f 1936/1895/1686 995/826/743 1937/1896/1687
f 1938/1897/1688 7/1898/1689 1935/1899/1690
f 1939/1900/1691 112/1901/1692 1940/1902/1693
f 1940/1902/1693 104/1903/1694 1938/1897/1688
f 1941/1904/1695 1942/1905/1696 104/1903/1694
f 1942/1905/1696 1945/1906/1697 1943/1907/1698
f 108/1908/1699 1943/1907/1698 1946/1909/1700
f 1946/1909/1700 1948/1910/1701 108/1908/1699
f 1949/1911/1702 108/1908/1699 1948/1910/1701
f 1948/1910/1701 1950/1912/1703 1949/1911/1702
f 1953/1913/1704 1955/1914/1705 1954/1915/1706
f 1956/1916/1707 1931/1888/1679 109/1917/1708
f 103/1918/1709 1944/1919/1710 109/1917/1708
f 1957/1920/1711 1925/1890/1681 1955/1914/1705
f 1952/1921/1712 1872/1814/1621 1957/1922/1711
f 1952/1921/1712 1950/1923/1703 96/1924/1713
f 1952/1921/1712 96/1924/1713 1871/1813/1620
f 1871/1813/1620 1872/1814/1621 1952/1921/1712
f 6/1925/1714 124/1926/1715 1175/975/876
f 124/1926/1715 12/1927/1716 1172/1928/1717
f 1172/1928/1717 1173/976/877 1175/975/876
f 98/1929/1718 125/1930/1719 124/1926/1715
f 125/1930/1719 1169/1931/1720 12/1927/1716
f 1959/1932/1721 1166/974/875 1169/1931/1720
f 1960/1933/1722 1167/1934/1723 1959/1932/1721
f 1962/1935/1724 1162/972/873 1165/971/872
f 1962/1936/1724 1963/1937/1725 1160/1938/868
f 1160/967/868 1162/972/873 1962/1935/1724
f 1967/1939/1726 1968/1940/1727 309/141/133
f 309/141/133 1159/1941/867 1967/1939/1726
f 1972/1942/1728 310/142/134 1968/1940/1727
f 1972/1942/1728 1973/1943/1729 310/142/134
f 1971/1944/1730 1974/1945/1731 1972/1942/1728
f 1975/1946/1732 1976/1947/1733 1974/1945/1731
f 1980/1948/1734 1983/1949/1735 1981/1950/1736
f 1982/1951/1737 1985/1952/1738 1984/1953/1739
f 1987/1954/1740 1990/1955/1741 1988/1956/1742
f 1990/1955/1741 1993/1957/1743 1992/1958/1744
f 1995/1959/1745 1994/1960/1746 1992/1958/1744
f 1994/1960/1746 1995/1959/1745 1997/1961/1747
f 1997/1961/1747 1996/1962/1748 1994/1960/1746
f 1997/1963/1747 1958/1964/1749 98/1929/1718
f 1961/1965/1750 1960/1933/1722 1958/1964/1749
f 1999/1966/1751 1964/1967/1752 1989/1968/1753
f 1999/1966/1751 1965/1969/1754 1964/1967/1752
f 1983/1949/1735 1980/1948/1734 93/1970/1755
f 2001/1971/1756 1999/1966/1751 1986/1972/1757
f 98/1973/1718 97/1974/1758 1996/1962/1748
f 1945/1906/1697 1942/1905/1696 1988/1956/1742
f 1941/1904/1695 1940/1902/1693 1985/1952/1738
f 1940/1902/1693 112/1901/1692 1984/1953/1739
f 110/1975/1759 988/817/735 1979/1976/1760
f 1973/1943/1729 1972/1942/1728 1974/1945/1731
f 982/144/131 310/142/134 1973/1943/1729
f 1979/1976/1760 988/817/735 987/816/734
f 313/1977/1761 92/1978/1762 94/1979/1763
f 1959/1932/1721 1958/1964/1749 1960/1933/1722
f 124/1926/1715 6/1925/1714 98/1929/1718
f 1950/1912/1703 1948/1910/1701 96/1980/1713
f 97/1974/1758 96/1980/1713 1948/1910/1701
f 993/1981/741 113/821/739 1939/1900/1691
f 995/826/743 993/823/741 1937/1896/1687
f 890/843/758 1006/842/757 1007/846/761
f 1776/1982/1764 1774/1689/1505 1773/1983/1765
f 366/180/168 365/1013/912 1200/1016/915
f 1197/1984/1766 365/1013/912 67/182/170
f 1184/1148/1036 359/176/164 361/175/163
f 363/984/166 127/983/883 126/990/889
f 1182/989/888 1174/977/878 1173/976/877
f 1176/987/886 1174/977/878 1182/989/888
f 1173/976/877 66/174/162 1182/989/888
f 360/1650/1471 66/174/162 1173/976/877
f 2005/1985/1767 2006/1986/1768 1118/926/831
f 2007/1987/1769 2006/1986/1768 2008/1988/1770
f 2007/1987/1769 1117/927/832 1118/926/831
f 2009/1989/1771 4/920/825 1117/927/832
f 2011/1990/1772 1115/919/824 2010/1991/1773
f 2011/1990/1772 1113/1992/1774 1115/919/824
f 2012/1993/1775 298/1994/1776 49/127/117
f 298/1994/1776 2014/1995/1777 299/1996/118
f 2016/1997/1778 2017/911/819 300/121/115
f 300/121/115 299/124/118 2016/1997/1778
f 2017/911/819 2018/1998/1779 1107/909/817
f 1101/907/815 1103/1671/1488 1105/1999/1780
f 1090/2000/1781 2021/2001/1782 2023/2002/1783
f 2023/2002/1783 1088/2003/1784 1090/2000/1781
f 2023/2002/1783 1086/2004/1785 1088/2003/1784
f 2027/2005/1786 2028/2006/1787 1077/2007/1788
f 2029/2008/1789 2030/2009/1790 1072/1740/1553
f 1072/1740/1553 2028/2006/1787 2029/2008/1789
f 1070/2010/1791 1072/1740/1553 2030/2009/1790
f 2295/2011/1792 58/2012/146 1065/891/799
f 1059/886/796 1061/158/148 2032/2013/1793
f 2033/2014/1794 2034/2015/1795 1056/881/791
f 1056/881/791 1060/2016/1796 2033/2014/1794
f 1054/2017/1797 1056/881/791 2034/2015/1795
f 2036/2018/1798 1054/2017/1797 2034/2015/1795
f 1054/2017/1797 2036/2018/1798 2037/2019/1799
f 2037/2019/1799 1052/2020/1800 1054/2017/1797
f 1051/2021/1801 2037/2019/1799 2038/2022/1802
f 2038/2022/1802 1048/2023/1803 1051/2021/1801
f 1048/2023/1803 2038/2022/1802 2039/2024/1804
f 1048/2023/1803 2039/2024/1804 2040/2025/1805
f 1045/879/789 1046/878/788 2041/2026/1806
f 1041/2027/1807 1045/879/789 2041/2026/1806
f 290/2028/1808 1040/2029/1809 1042/2030/1810
f 2044/2031/1811 2175/2032/1812 288/107/105
f 289/108/106 288/107/105 407/2033/1813
f 2045/2034/1814 289/108/106 407/2033/1813
f 2046/2035/1815 2049/2036/1816 2047/2037/1817
f 2056/2038/1818 2055/2039/1819 2054/2040/1820
f 2057/2041/1821 2058/2042/1822 2055/2039/1819
f 2061/2043/1823 2060/2044/1824 2057/2041/1821
f 2061/2043/1823 2063/2045/1825 2064/2046/1826
f 2064/2046/1826 2062/2047/1827 2061/2043/1823
f 2064/2046/1826 2066/2048/1828 2065/2049/1829
f 2070/2050/1830 2067/2051/1831 2069/2052/1832
f 2074/2053/1833 2076/2054/1834 2077/2055/1835
f 2081/2056/1836 2083/2057/1837 2082/2058/1838
f 2083/2057/1837 2085/2059/1839 2082/2058/1838
f 2087/2060/1840 2089/2061/1841 376/2062/1842
f 2089/2061/1841 2088/2063/1843 376/2062/1842
f 2090/2064/1844 2091/2065/1845 2088/2063/1843
f 375/2066/1846 2096/2067/1847 2095/2068/1848
f 2096/2067/1847 2098/2069/1849 2097/2070/1850
f 2098/2069/1849 2072/2071/1851 2075/2072/1852
f 2098/2069/1849 2096/2067/1847 2070/2073/1830
f 2067/2074/1831 2070/2073/1830 2096/2067/1847
f 2096/2067/1847 2068/2075/1853 2067/2074/1831
f 2068/2076/1853 375/2077/1846 2099/2078/1854
f 2099/2078/1854 2065/2049/1829 2068/2076/1853
f 2054/2040/1820 2103/2079/1855 2104/2080/1856
f 2104/2080/1856 2052/2081/1857 2054/2040/1820
f 2105/2082/1858 2051/2083/1859 2053/2084/1860
f 2051/2085/1859 254/90/88 2047/2086/1817
f 2048/2087/1861 2047/2037/1817 2106/2088/1862
f 2048/2087/1861 2108/2089/1863 291/110/108
f 2109/2090/1864 2110/2091/1865 923/2092/677
f 925/2093/678 923/2092/677 2110/2091/1865
f 926/756/680 925/754/678 2111/2094/1866
f 2112/2095/1867 2113/2096/1868 931/2097/1869
f 2116/2098/1870 2117/2099/1871 937/765/687
f 940/766/688 937/765/687 2117/2099/1871
f 943/2100/1872 2118/2101/1873 944/2102/1874
f 944/2102/1874 2118/2101/1873 2119/770/692
f 2120/2103/1875 946/775/697 836/771/693
f 836/771/693 2119/770/692 2120/2103/1875
f 2121/2104/1876 2122/2105/1877 946/775/697
f 947/776/698 946/775/697 2122/2105/1877
f 2004/2106/1878 2003/2107/1879 948/777/699
f 948/777/699 947/776/698 2004/2106/1878
f 2123/2108/1880 2122/2105/1877 2124/2109/1881
f 2123/2108/1880 2005/1985/1767 2004/2106/1878
f 2006/1986/1768 2005/1985/1767 2123/2108/1880
f 2126/2110/1882 2127/2111/1883 2008/1988/1770
f 2127/2111/1883 2009/1989/1771 2008/1988/1770
f 2128/2112/1884 2011/1990/1772 2010/1991/1773
f 2129/2113/1885 2130/2114/1886 2128/2112/1884
f 2130/2114/1886 2013/2115/1887 2012/1993/1775
f 2132/2116/1888 2133/2117/1889 2013/2115/1887
f 2014/1995/1777 298/1994/1776 2134/2118/1890
f 2135/2119/1891 2091/2065/1845 2015/2120/1892
f 2091/2065/1845 2090/2064/1844 2017/911/819
f 2138/2121/1893 2060/2044/1824 2062/2047/1827
f 2103/2079/1855 2054/2040/1820 2102/2122/1894
f 2139/2123/1895 2140/2124/1896 2104/2125/1856
f 2140/2124/1896 2105/2126/1858 2104/2125/1856
f 255/91/89 254/90/88 2051/2085/1859
f 2114/2127/1897 2106/2128/1862 2047/2129/1817
f 36/92/90 256/2130/1898 2142/2131/1899
f 2143/2132/1900 2145/2133/1901 2144/2134/1902
f 2145/2133/1901 2146/2135/1903 2144/2134/1902
f 2146/2135/1903 2148/2136/1904 2147/2137/1905
f 2149/2138/1906 2147/2137/1905 2148/2136/1904
f 2121/2104/1876 2118/2101/1873 2149/2138/1906
f 2149/2138/1906 2151/2139/1907 2121/2104/1876
f 2151/2139/1907 2124/2109/1881 2122/2105/1877
f 2122/2105/1877 2121/2104/1876 2151/2139/1907
f 2150/2140/1908 2125/2141/1909 2151/2139/1907
f 2150/2140/1908 2148/2136/1904 2126/2110/1882
f 2126/2110/1882 2130/2114/1886 2129/2113/1885
f 2145/2133/1901 2143/2132/1900 2131/2142/1910
f 2141/2143/1911 2152/2144/1912 2133/2117/1889
f 2152/2144/1912 2153/2145/1913 2134/2118/1890
f 2154/2146/1914 2135/2119/1891 2015/2120/1892
f 2155/2147/1915 2137/2148/1916 2136/2149/1917
f 2155/2147/1915 2157/2150/1918 2156/2151/1919
f 2155/2147/1915 2153/2152/1913 2157/2150/1918
f 2153/2145/1913 2152/2144/1912 2157/2153/1918
f 2140/2124/1896 2139/2123/1895 2157/2153/1918
f 2157/2153/1918 2152/2144/1912 2140/2124/1896
f 2139/2154/1895 2102/2122/1894 2156/2155/1919
f 2152/2144/1912 2141/2143/1911 2140/2124/1896
f 2148/2136/1904 2146/2135/1903 2126/2110/1882
f 2149/2138/1906 2117/2099/1871 2147/2137/1905
f 2117/2099/1871 2116/2098/1870 2147/2137/1905
f 2116/2098/1870 2115/2156/1920 2144/2134/1902
f 2108/2089/1863 2048/2087/1861 2107/2157/1921
f 2087/2060/1840 374/2158/1922 2089/2061/1841
f 2086/2159/1923 374/2158/1922 2087/2060/1840
f 2086/2159/1923 2158/2160/1924 1102/908/816
f 2085/2161/1839 2020/2162/1925 2019/2163/1926
f 2083/2164/1837 2022/2165/1927 2020/2162/1925
f 2159/2166/1928 2023/2167/1783 2021/2168/1782
f 2025/2169/1929 2024/2170/1930 2023/2167/1783
f 2161/2171/1931 2162/2172/1932 2026/2173/1933
f 2162/2172/1932 2163/2174/1934 2027/2175/1786
f 2028/2176/1787 2027/2175/1786 2163/2174/1934
f 2029/2008/1789 2028/2006/1787 2165/2177/1935
f 16/2178/1936 135/2179/1937 2030/2009/1790
f 2031/157/147 58/156/146 2295/2180/1792
f 2166/2181/1938 2167/2182/1939 1060/2016/1796
f 2167/2182/1939 2033/2014/1794 1060/2016/1796
f 2035/2183/1940 2169/2184/1941 2034/2015/1795
f 2036/2018/1798 2034/2015/1795 2169/2184/1941
f 2169/2184/1941 2170/2185/1942 2036/2018/1798
f 2170/2185/1942 2171/2186/1943 2036/2018/1798
f 2171/2186/1943 2038/2022/1802 2037/2019/1799
f 2172/2187/1944 2040/2025/1805 2039/2024/1804
f 2174/2188/1945 2043/2189/1946 2042/2190/1947
f 2043/2189/1946 2174/2188/1945 2175/2032/1812
f 2175/2032/1812 2044/2031/1811 2043/2189/1946
f 2174/2188/1945 2176/2191/1948 2175/2032/1812
f 2179/2192/1949 2038/2022/1802 2180/2193/1950
f 2182/2194/1951 2180/2193/1950 2170/2185/1942
f 2183/2195/1952 2182/2194/1951 2170/2185/1942
f 2169/2184/1941 2035/2183/1940 2183/2195/1952
f 2035/2183/1940 2167/2182/1939 2184/2196/1953
f 2168/2197/1954 2166/2181/1938 2185/2198/1955
f 333/2199/1956 2187/2200/1957 2185/2198/1955
f 2187/2200/1957 2188/2201/1958 2186/2202/1959
f 2186/2202/1959 2188/2201/1958 2184/2196/1953
f 2188/2201/1958 2190/2203/1960 2184/2196/1953
f 2190/2203/1960 2191/2204/1961 2183/2195/1952
f 2183/2195/1952 2184/2196/1953 2190/2203/1960
f 2182/2194/1951 2183/2195/1952 2191/2204/1961
f 2191/2204/1961 2192/2205/1962 2182/2194/1951
f 2192/2205/1962 2193/2206/1963 2180/2193/1950
f 2195/2207/1964 2196/2208/1965 2177/2209/1966
f 2177/2209/1966 2197/2210/1967 2198/2211/1968
f 2046/2035/1815 2045/2034/1814 2198/2211/1968
f 2056/2038/1818 2052/2081/1857 2050/2212/1969
f 2056/2038/1818 2196/2208/1965 2059/2213/1970
f 2059/2213/1970 2055/2039/1819 2056/2038/1818
f 2061/2043/1823 2057/2041/1821 2059/2213/1970
f 2063/2045/1825 2193/2206/1963 2199/2214/1971
f 2199/2214/1971 2064/2046/1826 2063/2045/1825
f 2199/2214/1971 2200/2215/1972 2066/2048/1828
f 2069/2052/1832 2066/2048/1828 2200/2215/1972
f 2200/2215/1972 2071/2216/1973 2069/2052/1832
f 136/2217/1974 2077/2055/1835 2076/2054/1834
f 2163/2174/1934 2162/2172/1932 2077/2055/1835
f 16/2218/1936 333/2199/1956 135/2219/1937
f 2202/2220/1975 2187/2200/1957 333/2199/1956
f 2194/2221/1976 2181/2222/1977 2193/2206/1963
f 2196/2208/1965 2195/2207/1964 2194/2221/1976
f 950/778/700 948/777/699 2003/2107/1879
f 1113/1992/1774 302/126/119 1111/917/822
f 1076/896/804 195/48/46 1081/898/806
f 58/2012/146 1061/889/148 1063/888/797
f 189/45/43 1000/2223/748 1002/2224/751
f 189/45/43 878/699/630 879/2225/1978
f 879/2225/1978 1000/2223/748 189/45/43
f 879/2226/1978 998/832/749 1000/831/748
f 997/829/746 996/827/744 998/832/749
f 994/828/745 997/829/746 2203/2227/1979
f 871/2228/1980 989/2229/738 991/2230/740
f 869/2231/622 868/687/621 986/2232/1981
f 874/696/627 872/694/625 871/2228/1980
f 874/696/627 873/692/626 872/694/625
f 189/45/43 880/700/631 878/699/630
f 881/701/632 189/45/43 191/44/42
f 986/2232/1981 244/81/79 983/2233/1982
f 957/794/713 229/2234/715 235/2235/717
f 235/799/717 234/791/710 956/790/709
f 2204/2236/1983 938/2237/1984 939/762/686
f 2206/2238/1985 2207/2239/1986 936/759/683
f 2207/2239/1986 2208/2240/1987 934/2241/1988
f 2208/2240/1987 2209/2242/1989 934/2241/1988
f 927/758/682 86/6/6 2210/5/5
f 2213/2243/1990 924/755/679 2211/2244/1991
f 2211/2244/1991 924/755/679 928/2245/1992
f 2214/2246/1993 37/95/93 378/2247/175
f 2214/2246/1993 2212/2248/1994 2217/2249/1995
f 2223/2250/1996 2221/2251/1997 2226/2252/1998
f 2226/2252/1998 2225/2253/1999 2223/2250/1996
f 2225/2253/1999 2227/2254/2000 2228/2255/2001
f 2238/2256/2002 2228/2255/2001 2229/2257/2003
f 2230/2258/2004 2238/2256/2002 2229/2257/2003
f 2229/2257/2003 2231/2259/2005 2230/2258/2004
f 2232/2260/2006 2230/2258/2004 2231/2259/2005
f 2236/2261/2007 2237/2262/2008 2230/2258/2004
f 2230/2258/2004 2232/2260/2006 2236/2261/2007
f 2240/2263/2009 2241/2264/2010 2225/2253/1999
f 2225/2253/1999 2239/2265/2011 2240/2263/2009
f 2241/2264/2010 2242/2266/2012 2223/2250/1996
f 2223/2250/1996 2225/2253/1999 2241/2264/2010
f 2224/2267/2013 2223/2250/1996 2242/2266/2012
f 2242/2266/2012 2243/2268/2014 2224/2267/2013
f 2243/2268/2014 261/2269/2015 2224/2267/2013
f 2224/2267/2013 261/2269/2015 2219/2270/2016
f 262/2271/2017 2219/2270/2016 261/2269/2015
f 2243/2268/2014 2242/2266/2012 2245/2272/2018
f 2248/2273/2019 2246/2274/2020 2242/2266/2012
f 2241/2264/2010 2240/2263/2009 2249/2275/2021
f 810/627/570 2249/2275/2021 2240/2263/2009
f 2240/2263/2009 2239/2265/2011 810/627/570
f 2239/2265/2011 2250/2276/2022 810/627/570
f 2239/2265/2011 2238/2256/2002 2250/2276/2022
f 2238/2256/2002 2230/2258/2004 2250/2276/2022
f 2230/2258/2004 2237/2262/2008 2251/2277/2023
f 2252/632/573 688/631/449 811/630/572
f 2252/632/573 817/643/578 816/2278/2024
f 2250/2276/2022 681/628/571 810/627/570
f 809/479/440 677/626/569 2246/2274/2020
f 677/626/569 2254/2279/2025 2247/2280/2026
f 2256/2281/2027 2257/2282/2028 38/2283/2029
f 2217/2249/1995 2218/2284/2030 262/2271/2017
f 2254/2279/2025 677/626/569 808/623/566
f 2256/2281/2027 2255/2285/2031 2253/2286/2032
f 2234/2287/2033 822/650/585 821/647/582
f 2231/2259/2005 825/652/587 823/2288/2034
f 2231/2259/2005 2259/2289/2035 825/652/587
f 2261/2290/2036 826/653/588 825/652/587
f 2264/2291/2037 830/2292/2038 828/656/591
f 2264/2291/2037 828/656/591 827/655/590
f 2206/2238/1985 2267/2293/2039 2207/2239/1986
f 2267/2293/2039 2209/2242/1989 2208/2240/1987
f 2208/2240/1987 2207/2239/1986 2267/2293/2039
f 2278/2294/2040 2269/2295/2041 2268/2296/2042
f 2269/2295/2041 2222/2297/2043 3/4/4
f 2269/2295/2041 2221/2251/1997 2222/2297/2043
f 2226/2252/1998 2270/2298/2044 2271/2299/2045
f 2271/2299/2045 2227/2254/2000 2226/2252/1998
f 2227/2254/2000 2272/2300/2046 2229/2257/2003
f 2274/2301/2047 2259/2289/2035 2231/2259/2005
f 2276/2302/2048 2261/2290/2036 2260/2303/2049
f 2277/2304/2050 2278/2294/2040 2266/2305/2051
f 2278/2294/2040 2267/2293/2039 2266/2305/2051
f 2268/2296/2042 2267/2293/2039 2278/2294/2040
f 2272/2300/2046 2227/2254/2000 2271/2299/2045
f 2275/2306/2052 142/2307/2053 2276/2302/2048
f 2273/2308/2054 2229/2257/2003 2272/2300/2046
f 2212/2248/1994 2211/2244/1991 2218/2284/2030
f 922/2309/2055 378/750/175 921/752/676
f 266/730/660 265/725/655 899/724/654
f 265/734/655 174/733/662 173/2310/652
f 410/222/208 668/473/434 667/472/433
f 557/348/323 629/432/397 630/433/398
f 623/430/395 622/429/394 774/572/528
f 771/570/526 622/429/394 621/428/393
f 619/2311/2056 618/2312/2057 768/568/524
f 618/2313/2057 766/2314/2058 767/2315/523
f 767/567/523 768/568/524 618/2312/2057
f 616/423/388 2279/2316/2059 763/2317/518
f 757/559/515 759/560/516 2280/2318/2060
f 2280/2318/2060 2282/2319/2061 757/559/515
f 2282/2319/2061 756/2320/2062 755/557/513
f 755/557/513 757/559/515 2282/2319/2061
f 2282/2319/2061 2283/2321/2063 756/2320/2062
f 752/2322/2064 751/556/512 756/2323/2062
f 2285/2324/2065 746/550/506 747/553/509
f 2288/2325/2066 738/547/503 2287/2326/2067
f 2290/2327/2068 239/538/494 733/543/499
f 2291/2328/2069 240/2329/2070 2290/2327/2068
f 603/2330/2071 602/402/370 323/2331/2072
f 606/2332/2073 604/2333/2074 2291/2328/2069
f 2291/2328/2069 607/2334/2075 606/2332/2073
f 608/2335/2076 530/407/374 529/330/307
f 608/2335/2076 2288/2325/2066 2287/2326/2067
f 2287/2326/2067 609/405/372 608/2335/2076
f 2284/2336/2077 534/414/380 612/413/379
f 2284/2336/2077 752/2337/2064 2283/2321/2063
f 613/2338/383 2283/2321/2063 2282/2319/2061
f 2282/2319/2061 614/2339/385 613/2338/383
f 614/2339/385 2282/2319/2061 2281/2340/2078
f 2281/2340/2078 615/2341/386 614/2339/385
f 2281/2340/2078 2292/2342/387 615/2341/386
f 2279/2316/2059 616/423/388 2292/422/387
f 611/2343/2079 744/2344/2080 2285/2324/2065
f 685/2345/2081 686/490/451 687/489/450
f 683/2346/447 282/2347/2082 2293/2348/2083
f 2293/2349/2083 2294/2350/2084 679/484/445
f 285/2351/2085 679/484/445 2294/2350/2084
f 661/2352/431 286/2353/2086 285/2351/2085
f 661/2352/431 2294/2350/2084 657/2354/2087
f 659/2355/2088 657/2354/2087 2294/2350/2084
f 2294/2350/2084 2293/2349/2083 659/2355/2088
f 655/466/427 657/2356/2087 659/2357/2088
f 646/453/416 572/371/342 645/449/413
f 628/588/541 168/31/31 22/33/33
f 511/2358/2089 396/2359/2090 510/512/471
f 432/242/226 332/2360/145 331/241/144
f 213/852/767 25/53/51 28/2361/1626
f 2295/2180/1792 59/2362/2091 2031/157/147
f 87/2363/2092 3/4/4 86/6/6 930/2364/2093
f 2/1004/903 82/1007/906 1194/1626/1451
f 667/472/433 671/476/437 666/477/438
f 102/2365/2094 7/1898/1689 1938/1897/1688 104/1903/1694
f 4/920/825 88/924/829 89/925/830
f 94/1979/1763 92/1978/1762 93/1970/1755
f 5/1466/1308 1621/1468/1310 95/1162/1047
f 5/1466/1308 95/1162/1047 1337/1158/1043
f 6/1925/1714 96/1924/1713 97/2366/1758
f 101/2367/2095 99/1108/998 100/1107/997
f 7/1898/1689 102/2365/2094 103/1918/1709
f 1949/1911/1702 109/1917/1708 1944/1919/1710 108/1908/1699
f 111/2368/2096 112/1901/1692 9/2369/2097 110/1975/1759
f 109/1917/1708 1949/1911/1702 1951/2370/2098
f 121/1011/910 119/995/894 120/1638/1463 370/184/172
f 9/2369/2097 112/1901/1692 113/821/739
f 114/991/890 116/2371/2099 11/2372/2100
f 10/992/891 117/193/179 118/179/167
f 122/1012/911 11/2372/2100 116/2371/2099 123/996/895
f 131/1599/1426 15/1601/1428 133/11/11 1721/13/13
f 11/2372/2100 122/1012/911 70/191/177
f 70/191/177 117/193/179 11/2372/2100
f 13/988/887 126/990/889 127/983/883
f 14/1620/1445 128/1625/1450 1727/1608/1433
f 130/2373/2101 129/2374/2102 1655/1536/1377
f 164/1412/130 21/1411/1260 163/2375/1155 51/2376/128
f 133/11/11 134/1161/1046 132/12/12
f 15/1601/1428 1337/1158/1043 133/11/11
f 18/19/19 145/18/18 146/1130/1020
f 18/19/19 148/1125/1015 147/17/17
f 156/27/27 157/2377/2103 19/25/25
f 19/25/25 158/2378/2104 153/23/23
f 20/28/28 159/30/30 160/1212/1086
f 21/1411/1260 162/1206/1081 163/2375/1155
f 627/41/39 23/43/41 186/585/538 187/587/540
f 166/938/843 167/939/844 165/943/848
f 22/36/33 170/35/34 629/2379/397
f 171/715/646 172/719/650 175/596/548
f 175/596/548 173/2310/652 174/733/662
f 179/39/37 1579/1429/1274 180/40/38
f 182/1381/1237 1515/1335/1197 183/1334/1196
f 198/47/45 24/49/47 196/1673/1490 197/1041/940
f 23/43/41 185/2380/536 184/2381/2105
f 208/2382/1577 209/59/57 26/56/54 207/61/59
f 212/851/766 213/852/767 28/2361/1626 211/2383/2106
f 28/2361/1626 25/53/51 203/55/53
f 214/2384/2107 211/2383/2106 28/2361/1626 42/96/94
f 232/79/77 32/78/76 166/938/843 233/2385/2108
f 30/68/66 221/1553/1394 1699/1555/1396
f 31/73/71 224/1681/1498 222/71/69
f 31/73/71 226/75/73 227/1679/1496
f 228/793/712 229/2234/715 957/794/713
f 237/788/708 33/2386/2109 236/2387/2110 845/786/706
f 234/791/710 235/799/717 33/2386/2109
f 238/541/497 239/538/494 241/537/493 242/539/495
f 247/2388/1028 35/84/82 248/86/84 249/965/865
f 250/85/83 35/84/82 246/1143/1031 251/1651/1472
f 261/2269/2015 39/2389/2111 260/2390/2112 262/2271/2017
f 253/87/85 1629/89/87 252/1475/1317
f 36/92/90 2115/2156/1920 254/90/88
f 36/92/90 255/91/89 256/2130/1898
f 37/95/93 257/94/92 258/2391/174
f 41/844/759 214/2384/2107 42/96/94 789/99/97
f 40/354/326 264/2392/401 263/355/327
f 41/844/759 267/847/762 214/2384/2107
f 170/35/34 43/100/98 269/102/100 629/2379/397
f 285/2351/2085 286/2353/2086 46/625/568 284/482/443
f 271/714/645 273/716/647 272/593/545
f 274/103/101 1922/1883/1674 275/104/102
f 276/105/103 1921/1880/1671 277/106/104
f 282/2347/2082 283/2393/2113 281/464/425
f 295/922/827 48/114/112 294/113/111 1116/923/828
f 46/625/568 287/481/442 284/482/443
f 47/109/107 290/2028/1808 288/107/105
f 309/2394/133 52/2395/132 156/961/27 311/964/866
f 48/117/112 295/2396/827 296/115/113
f 49/127/117 298/1994/1776 299/1996/118
f 50/128/120 1575/131/123 1576/1174/1058
f 51/136/128 1479/2397/1160 307/137/129
f 51/1289/128 163/1286/1155 308/1287/1156
f 317/2398/2114 54/2399/2115 315/1450/1294 316/1451/1295
f 53/2400/2116 312/2401/2117 313/1977/1761
f 314/1238/1109 1313/1133/1021 1410/1237/1108
f 319/1449/1293 315/1450/1294 54/2399/2115 318/2402/1292
f 602/402/370 55/147/137 321/535/491 323/2331/2072
f 54/2399/2115 320/2403/2118 318/2402/1292
f 338/1512/1354 60/1478/1320 337/1507/1349 1661/1509/1351
f 324/145/135 325/530/486 322/146/136
f 55/147/137 602/402/370 324/145/135
f 59/2362/2091 2295/2404/1792 333/2199/1956
f 336/1494/1336 334/1488/1330 335/1483/1325
f 350/165/153 62/164/151 349/163/152 351/1463/1305
f 60/1478/1320 339/1506/1348 337/1507/1349
f 343/1623/1448 341/2405/2119 342/1005/904
f 61/1621/1446 344/1619/1444 345/1618/1443
f 62/161/151 346/2406/154 347/159/149
f 65/171/159 355/980/881 64/169/157 354/168/156
f 352/2407/2120 353/2408/1503 63/167/155
f 64/169/157 352/2407/2120 63/167/155
f 355/980/881 65/171/159 356/173/161 71/197/183
f 2095/2068/1848 376/2409/1842 69/2410/2121 375/2066/1846
f 66/174/162 359/176/164 1182/989/888
f 67/182/170 365/1013/912 366/180/168
f 67/182/170 1772/181/169 367/1687/1504
f 67/182/170 368/189/176 364/194/180
f 372/1606/1431 1727/1608/1433 128/1625/1450
f 389/1637/1462 73/204/190 1213/203/189 388/1028/927
f 377/2411/2122 2081/2056/1836 2095/2068/1848
f 71/197/183 383/196/182 381/978/879
f 385/200/186 386/1152/1038 72/198/184
f 404/216/202 77/215/201 403/2412/2123 1453/1264/1134
f 74/207/193 393/206/192 394/2413/2124
f 75/312/290 443/311/232 395/2414/2125
f 76/212/198 842/214/200 723/531/487
f 418/227/213 415/231/217 414/2415/2126 416/224/210
f 78/2416/2127 2198/2211/1968 407/2033/1813
f 79/221/207 408/2417/2128 409/219/205
f 79/221/207 800/220/206 410/222/208
f 79/221/207 411/223/209 412/2418/2129
f 414/2415/2126 423/322/299 413/225/211
f 415/231/217 418/227/213 420/229/215 421/232/218
f 414/2415/2126 413/225/211 416/224/210
f 416/224/210 417/226/212 418/227/213
f 330/153/143 57/152/142 417/226/212
f 443/248/232 442/247/231 532/2419/2130 444/2420/236
f 424/233/219 413/225/211 423/322/299
f 425/234/220 427/236/222 426/235/221
f 426/235/221 427/236/222 330/153/143
f 427/236/222 428/237/223 331/154/144
f 429/239/224 430/2421/2131 431/240/225
f 431/240/225 433/329/306 434/243/227
f 438/2422/373 439/2423/2132 437/2424/230
f 439/2423/2132 396/2359/2090 511/2358/2089
f 439/2423/2132 441/249/233 396/2359/2090
f 447/2425/382 448/255/239 445/250/234 444/252/236
f 455/261/245 456/260/244 457/2426/2133 194/306/285
f 449/256/240 450/253/237 448/255/239
f 452/257/241 453/258/242 450/253/237
f 453/258/242 456/260/244 454/259/243
f 475/275/259 493/370/341 494/369/340 473/274/258
f 457/2426/2133 459/264/248 192/305/284
f 457/2426/2133 462/262/246 459/264/248
f 462/262/246 457/2426/2133 460/332/309
f 460/332/309 463/334/311 462/262/246
f 462/262/246 466/2427/2134 464/263/247
f 470/298/278 139/299/252 140/2428/253
f 140/2428/253 469/270/254 470/298/278
f 470/298/278 469/270/254 472/272/256
f 474/341/317 475/275/259 473/274/258
f 476/277/261 493/370/341 475/275/259
f 479/279/263 480/280/264 492/2429/266
f 483/284/267 484/288/271 482/285/268
f 487/289/272 40/354/326 486/290/273
f 40/354/326 489/357/329 488/2430/2135
f 40/354/326 263/355/327 489/357/329
f 488/2430/2135 486/290/273 40/354/326
f 488/2430/2135 489/357/329 490/360/332
f 486/290/273 488/2430/2135 491/363/335
f 491/363/335 484/292/271 486/290/273
f 492/2429/266 570/295/275 479/279/263
f 493/370/341 476/277/261 478/278/262
f 193/301/280 461/266/250 498/300/279 499/302/281
f 473/274/258 494/369/340 495/2431/2136
f 473/274/258 495/2431/2136 472/272/256
f 472/272/256 496/296/276 470/298/278
f 139/268/252 498/300/279 465/265/249
f 502/377/347 503/303/282 499/302/281 501/375/345
f 455/261/245 194/306/285 508/310/289 454/259/243
f 503/303/282 192/305/284 193/301/280
f 506/308/287 508/310/289 194/306/285
f 445/250/234 451/254/238 509/383/353 446/251/235
f 451/254/238 454/259/243 509/383/353
f 436/244/228 513/2432/357 432/242/226 434/243/227
f 451/254/238 445/250/234 448/255/239
f 443/311/232 446/251/235 395/2414/2125
f 446/251/235 509/383/353 395/2414/2125
f 395/2414/2125 509/383/353 510/2433/471
f 395/2414/2125 510/2433/471 75/312/290
f 510/2433/471 396/2434/2090 75/312/290
f 396/2434/2090 441/313/233 75/312/290
f 439/2423/2132 511/2358/2089 512/385/355
f 512/385/355 437/2424/230 439/2423/2132
f 421/232/218 420/229/215 518/392/361 519/318/295
f 432/242/226 514/2435/291 332/2360/145
f 517/317/294 518/392/361 420/229/215
f 415/231/217 422/230/216 521/320/297 414/2415/2126
f 593/393/362 521/320/297 422/230/216
f 423/322/299 523/396/365 425/234/220 424/233/219
f 521/320/297 423/322/299 414/2415/2126
f 423/322/299 522/321/298 523/396/365
f 430/2421/2131 429/239/224 526/403/303 527/327/304
f 598/323/300 524/324/301 427/236/222
f 524/324/301 526/326/303 428/237/223
f 428/237/223 526/326/303 429/238/224
f 438/406/373 435/245/229 529/330/307 530/407/374
f 430/2421/2131 527/327/304 433/329/306
f 433/329/306 431/240/225 430/2421/2131
f 435/245/229 434/243/227 433/329/306
f 610/409/376 532/2419/2130 442/247/231 440/410/377
f 438/406/373 437/246/230 435/245/229
f 438/406/373 440/2436/377 439/2437/2132
f 440/2436/377 438/406/373 531/408/375
f 440/410/377 441/249/233 439/2423/2132
f 440/410/377 442/247/231 441/249/233
f 448/255/239 447/2425/382 535/2438/2137 449/256/240
f 444/2420/236 532/2419/2130 533/412/378
f 533/412/378 447/416/382 444/2420/236
f 447/416/382 533/412/378 534/414/380
f 542/2439/2138 463/334/311 540/335/312 541/337/314
f 535/2440/2137 447/416/382 536/415/381
f 535/2438/2137 537/418/384 449/256/240
f 537/418/384 535/2438/2137 536/419/381
f 449/256/240 537/418/384 452/257/241
f 537/418/384 614/420/385 452/257/241
f 458/331/308 456/260/244 453/258/242
f 460/332/309 457/2426/2133 456/260/244
f 458/331/308 538/333/310 460/332/309
f 463/334/311 542/2439/2138 466/2427/2134 462/262/246
f 545/338/315 466/2441/2134 543/427/392 544/426/391
f 467/267/251 464/263/247 466/2427/2134
f 542/2439/2138 543/2442/392 466/2427/2134
f 467/340/251 546/339/316 468/2443/2139 140/2444/253
f 466/2441/2134 545/338/315 467/340/251
f 544/426/391 621/428/393 545/338/315
f 548/2445/2140 469/2446/254 468/2443/2139 546/339/316
f 545/338/315 547/431/396 546/339/316
f 469/270/254 140/2428/253 468/2447/2139
f 633/439/403 562/442/406 561/2448/2141 560/2449/402
f 471/271/255 469/270/254 549/2450/2142
f 471/271/255 549/2450/2142 550/273/257
f 474/341/317 550/273/257 625/580/534
f 474/341/317 625/580/534 626/2451/2143
f 626/2451/2143 551/342/318 474/341/317
f 475/275/259 552/343/319 477/276/260
f 555/347/322 481/281/265 480/283/264
f 555/347/322 483/284/267 481/281/265
f 483/284/267 555/347/322 556/286/269
f 558/351/324 487/2452/272 485/349/270
f 559/353/325 264/2392/401 40/354/326
f 560/2449/402 561/2448/2141 264/2392/401
f 563/356/328 263/355/327 561/2448/2141 562/442/406
f 561/2448/2141 263/355/327 264/2392/401
f 489/357/329 564/358/330 565/361/333 490/360/332
f 568/367/338 45/364/336 280/362/334 567/2453/2144
f 490/360/332 566/359/331 280/362/334
f 490/360/332 491/363/335 488/2430/2135
f 45/364/336 279/293/274 491/363/335
f 280/362/334 566/359/331 567/2453/2144
f 504/304/283 503/303/282 579/379/349 505/307/286
f 568/367/338 570/366/275 45/364/336
f 570/366/275 492/2454/266 279/293/274
f 570/366/275 279/293/274 45/364/336
f 279/293/274 492/2454/266 482/294/268
f 495/2431/2136 494/369/340 572/371/342
f 495/2431/2136 572/371/342 496/296/276
f 496/296/276 573/372/343 497/297/277
f 496/296/276 472/272/256 495/2431/2136
f 497/297/277 573/372/343 498/2455/279
f 498/2455/279 139/299/252 497/297/277
f 573/374/343 499/302/281 498/300/279
f 574/450/414 575/496/457 500/451/344
f 500/373/344 576/497/458 501/375/345
f 501/375/345 499/302/281 500/373/344
f 502/377/347 577/376/346 578/378/348
f 579/379/349 578/378/348 580/503/463
f 582/506/465 583/380/350 507/309/288 505/307/286
f 505/307/286 507/309/288 506/308/287
f 589/642/474 590/2456/473 517/317/294 701/390/359
f 586/508/467 587/384/354 585/382/352
f 587/384/354 510/2433/471 509/383/353
f 512/385/355 511/2358/2089 510/512/471
f 436/387/228 437/2424/230 512/385/355
f 514/2435/291 432/242/226 513/2432/357
f 516/316/293 517/317/294 419/228/214
f 526/403/303 602/402/370 603/2330/2071 527/327/304
f 590/2456/473 518/392/361 517/317/294
f 518/392/361 590/2456/473 591/2457/584
f 592/391/360 520/319/296 519/318/295
f 593/393/362 594/2458/2145 521/320/297
f 522/321/298 521/320/297 594/2458/2145
f 523/396/365 715/522/478 597/397/366
f 597/397/366 425/234/220 523/396/365
f 598/323/300 599/398/367 524/324/301
f 599/398/367 600/527/483 525/325/302
f 600/527/483 721/399/368 525/325/302
f 525/325/302 601/400/369 526/326/303
f 605/404/371 527/327/304 603/2330/2071 604/2333/2074
f 620/2459/390 541/337/314 617/424/389 619/2460/2056
f 604/2333/2074 606/2332/2073 605/404/371
f 605/404/371 607/2334/2075 528/328/305
f 528/328/305 607/2334/2075 529/330/307
f 531/408/375 609/405/372 610/2461/376
f 611/2462/2079 532/2419/2130 610/409/376
f 532/2419/2130 611/2462/2079 612/413/379
f 612/413/379 533/412/378 532/2419/2130
f 536/415/381 534/414/380 2284/2336/2077
f 614/420/385 615/421/386 458/331/308
f 458/331/308 452/257/241 614/420/385
f 615/421/386 2292/422/387 538/333/310
f 2292/422/387 616/423/388 539/336/313
f 539/336/313 617/424/389 541/337/314
f 188/583/40 553/344/320 552/343/319 551/342/318
f 541/337/314 620/2459/390 543/2442/392
f 543/2442/392 542/2439/2138 541/337/314
f 621/428/393 622/429/394 547/431/396
f 547/431/396 545/338/315 621/428/393
f 547/431/396 548/2445/2140 546/339/316
f 548/2445/2140 549/2463/2142 469/2446/254
f 548/2445/2140 547/431/396 623/430/395
f 549/2463/2142 548/2445/2140 624/575/531
f 624/2464/531 550/273/257 549/2450/2142
f 554/346/321 627/41/39 628/588/541 555/347/322
f 412/2418/2129 633/2465/403 560/438/402 408/2417/2128
f 555/347/322 628/588/541 22/33/33
f 557/348/323 630/433/398 558/351/324
f 632/436/400 408/2417/2128 560/438/402
f 637/444/408 563/356/328 634/441/405 636/467/428
f 634/441/405 635/440/404 636/467/428
f 641/2466/2146 567/2453/2144 566/359/331 640/461/422
f 565/361/333 639/445/409 640/461/422
f 640/461/422 566/359/331 565/361/333
f 569/365/337 643/446/410 571/2467/339 570/366/275
f 567/2453/2144 641/2466/2146 642/447/411
f 642/447/411 568/367/338 567/2453/2144
f 643/446/410 569/365/337 568/367/338
f 642/447/411 648/457/418 644/455/412 643/446/410
f 572/371/342 646/453/416 574/450/414
f 574/450/414 646/453/416 575/496/457
f 576/2468/458 500/451/344 575/496/457
f 648/457/418 641/2466/2146 640/461/422 650/458/419
f 648/457/418 649/459/420 647/456/417
f 651/462/423 652/460/421 653/463/424 654/465/426
f 648/457/418 642/447/411 641/2466/2146
f 650/458/419 651/462/423 649/459/420
f 638/443/407 653/463/424 652/460/421
f 652/460/421 640/461/422 639/445/409
f 636/467/428 656/2469/2147 655/466/427 637/444/408
f 656/2469/2147 657/2356/2087 655/466/427
f 656/2469/2147 636/467/428 658/468/429 657/2356/2087
f 658/2470/429 635/2471/404 660/471/432 661/470/431
f 412/2418/2129 660/471/432 635/2471/404 633/2465/403
f 411/223/209 662/469/430 660/471/432 412/2418/2129
f 665/615/559 663/2472/2148 664/2473/2149 411/223/209
f 411/223/209 664/2473/2149 662/469/430
f 667/472/433 666/477/438 411/223/209 410/222/208
f 665/615/559 411/223/209 666/477/438
f 675/2474/565 676/2475/567 664/2473/2149 674/618/562
f 669/474/435 670/475/436 667/472/433
f 666/477/438 672/478/439 665/615/559
f 673/619/563 663/2472/2148 665/615/559
f 663/2472/2148 673/619/563 674/618/562
f 674/618/562 664/2473/2149 663/2472/2148
f 681/628/571 682/487/448 679/484/445 680/483/444
f 676/2475/567 46/2476/568 664/2473/2149
f 46/625/568 677/626/569 287/481/442
f 677/626/569 809/479/440 287/481/442
f 283/2393/2113 687/489/450 654/465/426 281/464/425
f 682/487/448 683/486/447 679/484/445
f 684/485/446 685/2477/2081 683/486/447
f 684/485/446 686/629/451 685/2477/2081
f 688/488/449 812/2478/574 689/491/452
f 688/488/449 690/492/453 687/489/450
f 689/491/452 692/494/455 691/493/454 690/492/453
f 654/465/426 691/493/454 651/462/423
f 691/493/454 687/489/450 690/492/453
f 696/637/577 576/2479/458 575/2480/457 695/636/415
f 692/494/455 649/459/420 651/462/423
f 692/494/455 689/491/452 693/495/456
f 647/456/417 693/495/456 694/2481/2150
f 694/2481/2150 645/454/413 647/456/417
f 694/2481/2150 695/636/415 645/454/413
f 501/375/345 698/499/460 699/500/461 577/376/346
f 698/499/460 501/375/345 576/497/458
f 698/499/460 697/498/459 699/500/461
f 586/508/467 583/380/350 582/506/465 702/507/466
f 578/378/348 700/501/462 701/502/359
f 580/503/463 581/505/464 579/379/349
f 582/506/465 505/307/286 579/379/349
f 587/384/354 704/510/469 138/513/470 510/2433/471
f 586/508/467 704/510/469 587/384/354
f 137/2482/356 703/509/468 514/515/291 513/2483/357
f 703/509/468 137/2482/356 138/513/470
f 588/504/358 515/514/292 702/507/466 581/505/464
f 703/509/468 702/507/466 515/514/292
f 516/316/293 588/389/358 580/2484/463 701/390/359
f 706/645/580 591/649/584 590/517/473 705/516/472
f 518/392/361 591/2457/584 707/2485/583 592/391/360
f 520/319/296 708/2486/2151 709/2487/586 710/519/475
f 592/2488/360 707/648/583 708/2489/2151
f 708/2486/2151 520/319/296 592/391/360
f 597/397/366 716/658/593 717/523/479 598/323/300
f 710/519/475 711/2490/2152 593/393/362
f 711/2490/2152 594/2458/2145 593/393/362
f 594/2458/2145 711/2490/2152 712/654/589
f 594/2458/2145 712/654/589 595/394/363
f 712/654/589 829/2491/2153 595/394/363
f 595/394/363 522/321/298 594/2458/2145
f 595/394/363 829/2491/2153 713/520/476
f 714/521/477 596/395/364 595/394/363
f 714/521/477 713/520/476 715/522/478
f 714/521/477 523/396/365 596/395/364
f 716/658/593 597/397/366 715/522/478
f 598/323/300 717/523/479 719/525/481 599/398/367
f 325/2492/486 324/2493/135 721/399/368 722/528/484
f 719/525/481 718/524/480 720/526/482
f 600/527/483 720/526/482 721/399/368
f 324/2493/135 601/400/369 721/399/368
f 55/147/137 322/146/136 76/212/198 723/531/487
f 325/2492/486 722/528/484 401/2494/485
f 325/530/486 76/212/198 322/146/136
f 321/535/491 55/147/137 724/532/488 726/533/489
f 723/531/487 725/661/596 724/532/488
f 239/538/494 727/534/490 726/533/489 728/536/492
f 762/563/519 759/560/516 761/561/517 872/691/625
f 728/536/492 729/664/599 242/539/495
f 242/539/495 729/664/599 730/669/604
f 730/669/604 238/541/497 242/539/495
f 730/669/604 731/542/498 238/541/497
f 734/544/500 736/673/608 737/546/502
f 738/547/503 737/546/502 739/548/504
f 740/549/505 741/2495/611 738/547/503
f 741/2495/611 742/2496/2154 2287/2326/2067
f 742/2497/2154 741/676/611 743/679/613
f 744/2344/2080 742/2497/2154 745/681/615
f 745/681/615 746/550/506 744/2344/2080
f 748/552/508 749/555/511 747/553/509
f 750/554/510 864/809/727 751/556/512
f 751/556/512 752/2322/2064 749/555/511
f 751/556/512 753/685/619 754/686/620
f 755/557/513 756/2320/2062 754/2498/620
f 754/2498/620 868/2499/621 755/557/513
f 758/558/514 760/690/624 761/561/517
f 763/2317/518 764/2500/520 765/2501/521 766/2314/2058
f 550/2502/257 624/575/531 778/574/530 625/578/534
f 770/569/525 772/571/527 771/570/526
f 772/571/527 770/569/525 773/698/629
f 772/571/527 775/573/529 622/429/394
f 774/572/528 776/576/532 623/430/395
f 776/576/532 774/572/528 777/702/633
f 184/2381/2105 185/2380/536 782/2503/637 783/708/639
f 780/579/535 626/2451/2143 625/580/534
f 780/579/535 188/583/40 626/2451/2143
f 188/583/40 551/342/318 626/2451/2143
f 185/2380/536 23/43/41 188/42/40
f 780/2504/535 779/577/533 781/704/635
f 780/2504/535 781/704/635 185/2505/536
f 781/704/635 782/706/637 185/2505/536
f 23/43/41 184/2381/2105 783/708/639 784/584/537
f 786/2506/2155 186/585/538 784/584/537 785/2507/642
f 170/35/34 791/592/544 792/594/546 43/100/98
f 786/2506/2155 787/586/539 186/585/538
f 787/586/539 169/32/32 168/31/31
f 787/586/539 168/31/31 187/587/540
f 187/587/540 628/588/541 627/41/39
f 627/41/39 553/345/320 188/42/40
f 788/589/542 789/99/97 790/591/543
f 790/591/543 791/592/544 169/34/32
f 790/591/543 272/593/545 791/592/544
f 678/480/441 809/479/440 2248/2273/2019 2249/2275/2021
f 792/594/546 272/593/545 273/716/647
f 792/594/546 793/595/547 43/100/98
f 270/101/99 43/100/98 793/595/547
f 797/603/552 798/604/553 799/607/555
f 799/607/555 800/606/206 797/603/552
f 668/473/434 410/222/208 801/2508/554
f 669/609/435 908/727/657 670/736/436
f 670/736/436 803/611/557 671/613/437
f 805/616/560 672/478/439 914/2509/668
f 805/616/560 673/619/563 665/615/559
f 673/619/563 805/616/560 806/617/561
f 674/620/562 806/2510/561 807/621/564
f 675/622/565 2253/2286/2032 808/623/566
f 680/483/444 678/480/441 2249/2275/2021 810/627/570
f 2251/2277/2023 811/630/572 684/485/446 681/628/571
f 815/2511/576 814/2512/2156 328/149/139 696/638/577
f 811/630/572 686/629/451 684/485/446
f 813/634/575 814/2513/2156 815/635/576
f 813/634/575 689/491/452 812/2478/574
f 813/634/575 815/635/576 693/495/456
f 695/636/415 694/2481/2150 693/495/456
f 696/638/577 697/639/459 576/2514/458
f 697/639/459 328/149/139 327/148/138
f 327/148/138 699/2515/461 697/639/459
f 327/148/138 700/640/462 699/2515/461
f 327/148/138 326/646/581 589/518/474
f 327/148/138 56/150/140 326/646/581
f 814/2512/2156 329/151/141 328/149/139
f 707/648/583 822/650/585 824/2516/2157 708/2489/2151
f 814/2512/2156 816/2278/2024 329/151/141
f 816/2278/2024 814/2512/2156 813/2517/575
f 816/2278/2024 817/643/578 329/151/141
f 817/643/578 818/2518/2158 819/644/579
f 819/644/579 56/150/140 329/151/141
f 326/646/581 706/645/580 705/516/472
f 819/644/579 820/2519/2159 706/645/580
f 706/645/580 821/647/582 591/649/584
f 822/650/585 823/2288/2034 824/2516/2157
f 825/652/587 709/651/586 824/2516/2157 823/2288/2034
f 824/2516/2157 709/651/586 708/2489/2151
f 710/2520/475 709/651/586 826/653/588 711/2521/2152
f 829/2491/2153 831/2522/2160 833/2523/2161 713/520/476
f 711/2521/2152 826/653/588 827/2524/590
f 827/655/590 712/654/589 711/2490/2152
f 828/656/591 829/2491/2153 712/654/589
f 829/2491/2153 830/2292/2038 831/2522/2160
f 401/2494/485 837/659/594 838/773/695 839/2525/2162
f 834/769/691 715/522/478 713/520/476
f 715/522/478 834/769/691 835/657/592
f 835/657/592 717/523/479 716/658/593
f 718/524/480 836/771/693 837/659/594
f 722/528/484 720/526/482 837/659/594 401/2494/485
f 840/774/696 402/2526/199 839/2525/2162 838/773/695
f 839/2525/2162 402/2526/199 76/2527/198
f 839/2525/2162 76/2527/198 401/2494/485
f 724/532/488 844/784/704 845/786/706 726/533/489
f 842/214/200 843/781/702 725/661/596
f 844/784/704 724/532/488 725/661/596
f 728/536/492 726/533/489 845/786/706 236/2387/2110
f 740/549/505 739/548/504 855/2528/2163 856/2529/2164
f 236/2387/2110 846/662/597 729/664/599
f 236/2387/2110 729/664/599 728/536/492
f 729/664/599 848/665/600 850/667/602
f 850/667/602 730/669/604 729/664/599
f 851/668/603 731/542/498 730/669/604
f 852/670/605 732/540/496 731/542/498
f 732/540/496 852/670/605 853/671/606
f 853/671/606 734/544/500 732/540/496
f 736/673/608 855/2528/2163 739/548/504
f 739/548/504 737/546/502 736/673/608
f 760/690/624 758/558/514 868/2499/621 869/688/622
f 857/2530/2165 858/675/610 740/677/505
f 858/675/610 857/2530/2165 859/804/722
f 858/675/610 743/679/613 741/676/611
f 743/679/613 745/681/615 742/2497/2154
f 753/685/619 751/556/512 864/809/727
f 864/809/727 865/683/617 753/685/619
f 867/684/618 245/82/80 868/687/621
f 758/558/514 755/557/513 868/2499/621
f 764/695/520 873/692/626 875/697/628 876/2531/2166
f 870/2532/623 871/2228/1980 872/694/625
f 765/565/521 764/2533/520 876/2534/2166 769/566/522
f 770/569/525 769/566/522 878/699/630 773/698/629
f 876/2534/2166 877/2535/2167 769/566/522
f 877/2535/2167 878/699/630 769/566/522
f 191/44/42 882/703/634 778/574/530 777/702/633
f 878/699/630 877/2535/2167 879/2225/1978
f 773/698/629 775/573/529 772/571/527
f 881/701/632 777/702/633 775/573/529
f 783/708/639 782/2503/637 884/836/750 885/837/753
f 882/703/634 779/577/533 778/574/530
f 882/703/634 883/705/636 781/704/635
f 883/705/636 884/833/750 782/706/637
f 784/584/537 887/840/756 888/2536/640 785/2507/642
f 885/837/753 886/707/638 783/708/639
f 886/707/638 887/840/756 784/584/537
f 891/712/643 786/2537/2155 785/711/642 889/710/641
f 786/2537/2155 891/712/643 788/589/542 787/590/539
f 889/710/641 890/843/758 891/712/643
f 271/714/645 272/593/545 790/591/543 894/717/648
f 891/712/643 892/845/760 893/713/644
f 893/713/644 41/844/759 789/99/97
f 790/591/543 268/98/96 894/717/648
f 793/595/547 273/716/647 171/715/646 175/596/548
f 902/729/659 903/2538/2168 905/2539/2169 904/728/658
f 273/716/647 793/595/547 792/594/546
f 271/714/645 172/719/650 171/715/646
f 896/720/651 175/722/548 172/2540/650
f 896/720/651 897/2541/2170 173/721/652
f 173/2310/652 898/2542/653 265/734/655
f 900/731/661 266/730/660 899/724/654
f 900/731/661 899/724/654 901/866/777
f 901/866/777 902/729/659 900/731/661
f 902/729/659 901/866/777 903/2538/2168
f 908/727/657 906/726/656 907/1793/1600 1026/1792/1599
f 906/726/656 904/728/658 907/1793/1600
f 801/605/554 799/607/555 802/608/556 668/610/434
f 902/729/659 799/607/555 798/604/553
f 796/600/551 795/599/550 266/730/660
f 266/732/660 794/597/549 265/734/655
f 902/729/659 798/604/553 796/600/551
f 804/612/558 911/738/665 913/740/667 914/741/668
f 908/727/657 909/735/663 670/736/436
f 803/611/557 910/869/780 804/612/558
f 910/869/780 1029/737/664 804/612/558
f 259/93/91 806/2510/561 914/2543/668 257/94/92
f 914/2509/668 806/617/561 805/616/560
f 379/748/674 920/751/675 921/752/676 378/750/175
f 806/2510/561 259/93/91 807/621/564
f 257/94/92 914/2543/668 913/2544/667
f 918/745/671 378/188/175 258/187/174
f 921/2545/676 923/753/677 924/755/679 2213/2243/1990
f 921/752/676 2109/2090/1864 923/2092/677
f 928/2245/1992 924/755/679 926/756/680 927/758/682
f 925/754/678 926/756/680 924/755/679
f 930/2364/2093 86/6/6 927/758/682 929/757/681
f 831/2522/2160 941/768/690 942/767/689 833/2523/2161
f 931/2097/1869 2113/2096/1868 932/760/684
f 932/760/684 934/2241/1988 931/2097/1869
f 932/760/684 933/2546/2171 935/761/685
f 939/762/686 940/766/688 941/768/690
f 941/768/690 832/2547/2172 939/762/686
f 833/2523/2161 942/767/689 944/2102/1874 713/520/476
f 942/767/689 943/2100/1872 944/2102/1874
f 949/779/701 841/2548/595 840/774/696 948/777/699
f 944/2102/1874 834/769/691 713/520/476
f 834/769/691 944/2102/1874 2119/770/692
f 835/657/592 2119/770/692 836/771/693
f 836/771/693 718/524/480 835/657/592
f 838/773/695 837/659/594 836/771/693
f 836/771/693 946/775/697 945/772/694
f 945/772/694 947/776/698 840/774/696
f 842/214/200 841/660/595 949/782/701 843/781/702
f 841/2548/595 402/2526/199 840/774/696
f 952/785/705 844/784/704 725/661/596 951/783/703
f 234/791/710 33/2386/2109 953/787/707 400/789/197
f 845/786/706 952/785/705 237/788/708
f 952/785/705 954/934/839 953/787/707
f 953/787/707 33/2386/2109 237/788/708
f 953/787/707 955/935/840 400/789/197
f 856/2529/2164 855/2528/2163 968/674/609 969/951/856
f 400/211/197 399/210/196 956/2549/709
f 957/794/713 235/2235/717 956/2549/709
f 956/2549/709 958/792/711 957/794/713
f 958/792/711 230/76/74 228/793/712
f 228/793/712 230/76/74 232/79/77
f 959/795/714 229/2234/715 228/793/712
f 959/795/714 232/79/77 960/2550/850
f 846/662/597 33/2386/2109 235/799/717
f 846/662/597 236/2387/2110 33/2386/2109
f 847/663/598 962/800/718 848/665/600
f 849/666/601 963/801/719 964/802/720
f 849/666/601 851/668/603 850/667/602
f 964/802/720 965/803/721 851/668/603
f 964/802/720 966/949/854 965/803/721
f 853/671/606 852/670/605 967/952/857
f 968/674/609 855/2528/2163 736/673/608
f 856/2551/2164 970/805/723 857/2530/2165 740/677/505
f 858/675/610 859/804/722 972/806/724 860/678/612
f 970/805/723 856/2551/2164 971/953/858
f 970/805/723 859/804/722 857/2530/2165
f 862/551/507 861/680/614 973/2552/2173 863/682/616
f 861/680/614 860/678/612 973/2552/2173
f 861/680/614 862/551/507 745/681/615
f 863/682/616 974/807/725 864/809/727 750/554/510
f 863/682/616 973/2552/2173 974/807/725
f 158/2378/2104 19/25/25 243/83/81 981/814/732
f 865/683/617 976/810/728 977/2553/2174
f 977/2553/2174 866/2554/2175 865/683/617
f 866/2554/2175 867/684/618 865/683/617
f 866/2554/2175 977/2553/2174 978/811/729
f 978/811/729 245/82/80 866/2554/2175
f 245/82/80 867/684/618 866/2554/2175
f 245/82/80 978/811/729 34/80/78
f 978/811/729 1149/2555/2176 979/812/730
f 982/139/131 983/2233/1982 243/83/81 157/2377/2103
f 243/83/81 19/25/25 157/2377/2103
f 983/2556/1982 984/815/733 985/818/736 986/2557/1981
f 983/2233/1982 244/81/79 243/83/81
f 887/840/756 1003/835/752 1001/830/747 999/2558/2177
f 990/819/737 991/822/740 989/820/738
f 990/819/737 9/2369/2097 113/821/739
f 113/825/739 992/824/742 991/2230/740
f 993/823/741 994/828/745 992/824/742
f 993/823/741 995/826/743 994/828/745
f 996/827/744 995/826/743 1004/838/754
f 996/827/744 1001/830/747 998/832/749
f 1001/830/747 1002/834/751 1000/831/748
f 1002/834/751 1001/830/747 1003/835/752
f 190/46/44 189/45/43 1002/2224/751
f 190/46/44 1002/2224/751 884/833/750
f 884/836/750 1003/835/752 885/837/753
f 211/2383/2106 267/847/762 1008/848/763 212/851/766
f 1003/835/752 887/840/756 886/707/638
f 999/2558/2177 1004/838/754 887/840/756
f 887/840/756 1005/839/755 888/2536/640
f 1005/841/755 1933/1892/1683 1006/842/757
f 892/845/760 891/712/643 890/843/758
f 890/843/758 267/847/762 41/844/759
f 1011/854/769 1012/853/768 1010/850/765 1009/849/764
f 211/2383/2106 214/2384/2107 267/847/762
f 212/851/766 1010/850/765 213/852/767
f 1016/859/772 895/862/649 1014/858/95 1015/857/771
f 1010/850/765 1012/853/768 25/53/51
f 1012/853/768 202/54/52 25/53/51
f 28/2361/1626 1013/855/770 42/96/94
f 1022/1837/776 898/2559/653 1020/1834/1634 1021/1833/1633
f 1017/860/773 896/2560/651 172/861/650
f 1017/1831/773 1018/863/774 896/720/651
f 896/720/651 1019/864/775 897/2541/2170
f 897/2541/2170 1020/1834/1634 898/2559/653
f 898/2559/653 173/721/652 897/2541/2170
f 1025/1794/1601 907/1793/1600 904/728/658 905/2539/2169
f 1023/2561/1638 903/2538/2168 901/866/777
f 1023/2561/1638 1024/2562/2178 903/2538/2168
f 1024/2562/2178 905/2539/2169 903/2538/2168
f 911/738/665 1030/2563/2179 1031/1711/1527 912/739/666
f 1026/1792/1599 1027/867/778 909/735/663
f 909/735/663 908/727/657 1026/1792/1599
f 1030/2563/2179 911/738/665 1029/737/664
f 290/2028/1808 47/109/107 1039/876/786 1040/2029/1809
f 912/739/666 1031/1711/1527 1032/870/781
f 1032/870/781 1033/1714/1530 915/743/669
f 915/743/669 1035/1776/1587 1034/871/782
f 917/746/672 1036/872/783 918/745/671
f 1037/873/784 919/747/673 918/749/671
f 919/747/673 85/2/2 920/751/675
f 47/109/107 292/111/109 84/3/3
f 85/2/2 919/747/673 1039/876/786
f 1043/1722/1537 1044/1721/1536 1041/2027/1807 1040/2029/1809
f 1040/2029/1809 1041/2027/1807 1042/2030/1810
f 1040/2029/1809 1039/876/786 1043/1722/1537
f 1048/2023/1803 1046/878/788 1049/880/790 1050/1727/1542
f 1041/2027/1807 1044/1721/1536 1045/879/789
f 1045/879/789 1044/1721/1536 1047/877/787
f 1054/2017/1797 1052/2020/1800 1055/882/792 1056/881/791
f 1050/1727/1542 1051/2021/1801 1048/2023/1803
f 1050/1727/1542 1053/1726/1541 1051/2021/1801
f 1052/2020/1800 1053/1726/1541 1055/882/792
f 1068/894/802 1065/891/799 1066/890/798 1067/892/800
f 1058/884/794 1060/2016/1796 1056/881/791
f 1059/886/796 1060/2016/1796 1058/884/794
f 1059/886/796 1062/885/795 1061/158/148
f 1063/888/797 1064/1736/1549 1066/890/798
f 1065/891/799 58/2012/146 1063/888/797
f 1071/1741/1554 1070/2010/1791 1069/893/801 1753/1738/1551
f 1068/894/802 1069/893/801 1070/2010/1791
f 1070/2010/1791 2030/2009/1790 1068/894/802
f 1077/2007/1788 1074/1742/1555 1075/897/805 1076/896/804
f 1070/2010/1791 1071/1741/1554 1072/1740/1553
f 1072/1740/1553 1073/1739/1552 1074/1742/1555
f 1074/1742/1555 2028/2006/1787 1072/1740/1553
f 1095/2564/2180 1092/2565/2181 1093/2566/2182 1094/905/813
f 1076/896/804 1078/895/803 195/48/46
f 1079/899/807 1081/898/806 1080/2567/810
f 1080/2567/810 1081/898/806 1082/1662/1481
f 1085/2568/1482 1086/2004/1785 1084/2569/808
f 1086/2004/1785 1085/2568/1482 1087/2570/2183
f 1087/2570/2183 1088/2003/1784 1086/2004/1785
f 1088/2003/1784 1087/2570/2183 1089/1667/1484
f 1089/1667/1484 1090/2000/1781 1088/2003/1784
f 1090/2000/1781 1089/1667/1484 1091/1669/1486
f 1091/1669/1486 1092/2565/2181 1090/2000/1781
f 1091/1669/1486 1093/2566/2182 1092/2565/2181
f 1098/1670/1487 1099/903/811 1094/905/813 1093/2566/2182
f 1093/2566/2182 1091/1669/1486 1096/2571/2184
f 1105/1999/1780 1103/1671/1488 1106/910/818 1107/909/817
f 1745/1659/1479 1103/1671/1488 1101/907/815
f 1103/1671/1488 1745/1659/1479 1104/1672/1489
f 4/920/825 1115/919/824 1112/918/823 88/924/829
f 1106/910/818 1103/1671/1488 1108/1658/1478
f 1111/917/822 302/126/119 301/125/116
f 1111/917/822 1112/918/823 1113/1992/1774
f 1113/1992/1774 1112/918/823 1115/919/824
f 89/925/830 1116/923/828 1117/927/832 4/920/825
f 950/780/700 1119/1653/833 1121/1654/1474 843/781/702
f 843/781/702 1121/1654/1474 1122/931/836 951/783/703
f 954/934/839 952/785/705 1123/930/835 1124/932/837
f 1123/930/835 952/785/705 951/783/703
f 400/789/197 955/935/840 1126/1078/971 1127/2572/974
f 1125/933/838 955/935/840 954/934/839
f 230/76/74 958/792/711 1130/937/842 231/77/75
f 1127/2572/974 397/2573/194 400/789/197
f 1127/2572/974 1128/2574/973 397/2573/194
f 398/209/195 1129/936/841 958/792/711
f 399/210/196 398/209/195 958/792/711
f 958/792/711 956/2549/709 399/210/196
f 1133/940/845 167/939/844 1130/937/842 1132/1086/978
f 1129/936/841 1131/1083/975 1130/937/842
f 231/77/75 1130/937/842 167/939/844 32/78/76
f 1140/1093/851 962/2575/718 233/2385/2108 1139/2576/2185
f 167/939/844 1135/941/846 1136/944/849
f 1136/944/849 165/943/848 167/939/844
f 165/943/848 1137/942/847 1138/1094/985
f 1138/1094/985 1139/2576/2185 165/943/848
f 1139/2576/2185 166/938/843 165/943/848
f 965/803/721 1143/950/855 967/952/857 852/670/605
f 962/2575/718 960/2550/850 233/2385/2108
f 960/2550/850 232/79/77 233/2385/2108
f 961/798/716 960/945/850 962/800/718
f 1141/947/852 1142/948/853 964/802/720
f 856/2551/2164 969/2577/856 1145/1106/996 971/953/858
f 967/952/857 968/674/609 853/671/606
f 967/952/857 1290/1102/992 969/951/856
f 1144/1103/993 1145/1106/996 969/2577/856
f 979/812/730 1150/2578/2186 1151/1118/1008 980/813/731
f 971/953/858 972/806/724 970/805/723
f 1146/954/859 973/2552/2173 860/678/612
f 973/2552/2173 1146/954/859 99/1108/998
f 99/1108/998 1147/955/860 973/2552/2173
f 1147/955/860 974/807/725 973/2552/2173
f 1147/955/860 99/1108/998 101/2367/2095
f 1147/955/860 976/810/728 975/808/726
f 976/810/728 1147/955/860 1148/1652/1473
f 1148/1652/1473 977/2553/2174 976/810/728
f 977/2553/2174 1148/1652/1473 1149/2555/2176
f 1150/2578/2186 979/812/730 1149/2555/2176
f 146/1130/1020 153/23/23 149/1122/1012 18/19/19
f 980/813/731 1151/1118/1008 1152/1119/1009
f 980/813/731 1153/2579/2187 981/814/732
f 1153/2579/2187 158/2378/2104 981/814/732
f 980/813/731 1154/1120/1010 1153/2579/2187
f 1153/2579/2187 153/23/23 158/2378/2104
f 1153/2579/2187 1154/1120/1010 153/23/23
f 1154/1120/1010 149/1122/1012 153/23/23
f 1155/1132/861 154/24/24 153/23/23 146/1130/1020
f 1162/972/873 1161/968/869 1163/969/870 1164/970/871
f 1156/959/862 1157/960/863 155/957/26
f 1157/960/863 1158/962/864 311/964/866
f 1157/960/863 311/964/866 156/961/27
f 311/964/866 249/963/865 1159/2580/867
f 1159/966/867 248/86/84 1160/967/868
f 1159/2580/867 309/2394/133 311/964/866
f 248/86/84 250/85/83 1161/968/869
f 1161/968/869 1162/972/873 1160/967/868
f 1169/1931/1720 1166/974/875 1170/2581/2188 12/1927/1716
f 1165/971/872 1166/974/875 1167/1934/1723
f 1165/971/872 1164/970/871 1168/973/874
f 1166/974/875 1168/973/874 1170/2581/2188
f 360/1650/1471 1173/976/877 1172/1928/1717 1171/1648/1469
f 12/1927/1716 1170/2581/2188 1171/1648/1469
f 1171/1648/1469 1172/1928/1717 12/1927/1716
f 71/197/183 381/978/879 1178/981/882 355/980/881
f 1174/977/878 1176/987/886 381/978/879
f 1176/987/886 1177/986/885 381/978/879
f 1177/986/885 1178/981/882 381/978/879
f 118/179/167 117/193/179 1180/192/178 362/177/165
f 1179/982/880 64/190/157 355/2582/881
f 117/193/179 114/991/890 11/2372/2100
f 123/996/895 116/2371/2099 115/2583/2189 371/997/896
f 1179/982/880 1181/2584/884 362/177/165
f 1181/985/884 1179/979/880 1178/981/882
f 127/983/883 1181/985/884 1177/986/885
f 1176/987/886 1182/989/888 13/988/887
f 126/990/889 359/176/164 1183/2585/892
f 1183/2585/892 363/984/166 126/990/889
f 1183/993/892 118/179/167 363/178/166
f 118/179/167 1183/993/892 10/992/891
f 1183/993/892 1184/2586/1036 114/991/890
f 1184/2586/1036 115/2583/2189 114/991/890
f 116/2371/2099 114/991/890 115/2583/2189
f 1187/1624/1449 1185/994/893 371/997/896 128/1625/1450
f 119/995/894 122/1012/911 123/996/895
f 1188/1000/899 1186/999/898 1185/994/893 1187/1624/1449
f 1189/998/897 1190/1001/900 1191/1002/901 1194/1626/1451
f 1186/999/898 1189/998/897 1194/1626/1451 1734/1008/907
f 1190/1001/900 1192/1003/902 1191/1002/901
f 1214/2587/2190 1211/1027/926 1212/1026/925 1213/203/189
f 1186/999/898 1195/1009/908 1185/994/893
f 1185/994/893 1196/1010/909 119/995/894
f 122/1012/911 68/183/171 70/191/177
f 121/1011/910 370/184/172 68/183/171
f 370/184/172 1197/1984/1766 369/185/173
f 370/184/172 365/1013/912 1197/1984/1766
f 365/1013/912 370/184/172 1198/1014/913
f 1201/1017/916 1202/1018/917 1203/1019/918
f 393/206/192 392/205/191 1205/1021/920
f 222/71/69 224/1681/1498 1206/1022/921
f 1206/1022/921 1207/1023/922 222/71/69
f 1207/1023/922 1209/1674/1491 1208/1024/923
f 1207/1023/922 1210/1025/924 1209/1674/1491
f 1218/2588/2191 1216/1029/928 1219/1632/1457 1220/1636/1461
f 1216/1029/928 1215/1031/930 390/202/188
f 1223/1633/1458 1224/1032/931 1221/1034/933 1220/1636/1461
f 1220/1636/1461 1221/1034/933 1218/2588/2191
f 197/1041/940 1229/1036/935 1230/1038/937 1231/1039/938
f 1222/1033/932 1226/1037/936 1225/2589/2192
f 1226/1037/936 1222/1033/932 1227/1614/1439
f 1228/1035/934 1226/1037/936 81/1616/1441
f 1747/2590/1485 1238/1047/944 1239/1639/1464 1240/2591/1483
f 197/1041/940 196/1673/1490 1229/1036/935
f 1232/1042/939 1233/2592/2193 1234/1043/941
f 1238/1047/944 1747/2590/1485 1237/1048/945
f 1248/2593/2194 1245/1052/949 1246/1056/953 1247/1055/952
f 1240/2591/1483 1239/1639/1464 1241/1640/948
f 1241/1051/948 1242/1050/947 1240/1666/1483
f 1252/1643/1466 1253/1057/954 1250/1059/956 1249/1054/951
f 1249/1054/951 1250/1059/956 1247/1055/952
f 1258/2594/1477 1256/2595/958 1259/2596/2195 1257/1064/961
f 1254/1062/959 1251/1058/955 1253/1057/954
f 1255/2597/957 1254/2598/959 1712/1644/1467
f 1255/2597/957 1259/2596/2195 1256/2595/958
f 1125/2599/838 1269/1075/969 1268/1074/968 1270/1189/970
f 1257/1064/961 1259/2596/2195 1260/1063/960
f 1110/914/821 1260/1063/960 1261/1655/1475
f 1261/1655/1475 1262/1066/962 1110/914/821
f 1262/1066/962 1263/1070/965 295/2396/827
f 1263/1070/965 296/115/113 295/2396/827
f 1263/1070/965 1265/1069/964 296/115/113
f 1269/1076/969 1124/932/837 1267/1073/967
f 1132/1086/978 1131/1083/975 1273/1085/977 1275/1194/1073
f 1125/933/838 1270/1077/970 955/935/840
f 1126/1191/971 1271/1079/972 1127/1081/974
f 1273/1085/977 1274/1195/1072 1275/1194/1073
f 1280/1201/1079 1137/942/847 1136/944/849 1279/1091/983
f 1132/1086/978 1130/937/842 1131/1083/975
f 1135/941/846 1133/940/845 1134/1090/982
f 306/134/126 1281/2600/2196 1137/942/847 1280/1201/1079
f 159/30/30 1288/1100/990 1286/1099/989 1287/1213/1087
f 1281/2600/2196 1138/1094/985 1137/942/847
f 1138/1094/985 1140/1093/851 1139/2576/2185
f 1284/1097/987 963/801/719 1140/946/851
f 1284/1097/987 1285/1098/988 963/801/719
f 1285/1098/988 1286/1099/989 1141/947/852
f 1286/1099/989 1285/1098/988 1287/1213/1087
f 1142/948/853 1288/1100/990 1143/950/855 966/949/854
f 1294/1112/1002 100/1107/997 1295/1110/1000 1297/1113/1003
f 1144/1103/993 969/2577/856 1290/2601/992
f 1290/2601/992 1392/1219/1093 1144/1103/993
f 1144/1103/993 1392/1219/1093 1291/1104/994
f 1292/1105/995 1145/1106/996 1144/1103/993
f 1145/1106/996 1292/1105/995 1293/1109/999
f 1145/1106/996 1293/1109/999 100/1107/997
f 100/1107/997 1294/1112/1002 101/2367/2095
f 1300/2602/2197 1299/1114/1004 1298/1115/1005 1302/1116/1006
f 1297/1113/1003 1395/1220/1094 1298/1115/1005
f 1298/1115/1005 1396/2603/2198 1302/1116/1006
f 18/19/19 149/1122/1012 1304/1121/1011 148/1125/1015
f 1300/2602/2197 1302/1116/1006 1151/1118/1008
f 1301/1117/1007 1303/1579/1413 1151/1118/1008
f 1303/1579/1413 1152/1119/1009 1151/1118/1008
f 1152/1119/1009 1303/1579/1413 1304/1121/1011
f 1152/1119/1009 1304/1121/1011 1154/1120/1010
f 316/1451/1295 1316/1136/1024 1315/1135/1023 1412/2604/2199
f 1306/1124/1014 147/17/17 148/1125/1015
f 1306/1124/1014 1307/1224/1098 1308/1126/1016
f 1306/1124/1014 1309/1127/1017 147/17/17
f 147/17/17 1310/1128/1018 145/18/18
f 146/1130/1020 1311/1129/1019 1312/1234/1105
f 1314/1134/1022 1156/959/862 1155/956/861
f 1156/959/862 1315/1135/1023 1316/1136/1024
f 1158/962/864 1316/1136/1024 316/1451/1295 1317/1137/1025
f 247/2388/1028 1320/2605/1029 1322/1142/1030 35/84/82
f 1316/1136/1024 1158/962/864 1157/960/863
f 1318/1138/1026 1319/1139/1027 1158/962/864
f 1158/962/864 247/1140/1028 249/963/865
f 1319/1139/1027 1321/1452/1296 1320/1141/1029
f 115/2583/2189 1184/2586/1036 1330/1151/1034 384/201/187
f 1325/2606/2200 251/1651/1472 1323/1144/1032
f 1325/2606/2200 1323/1144/1032 1326/1459/1302
f 1326/1459/1302 1327/1145/1033 1325/2606/2200
f 1327/1145/1033 1328/1147/1035 1329/1649/1470
f 1338/1597/1424 134/1161/1046 95/1162/1047 1623/1470/1312
f 1330/1151/1034 387/199/185 384/201/187
f 348/160/150 347/159/149 386/1152/1038
f 347/159/149 1333/1154/1040 1332/1153/1039
f 1333/1154/1040 347/159/149 346/2406/154
f 1333/1154/1040 1335/1604/1044 1334/1155/1041
f 95/1162/1047 133/11/11 1337/1158/1043
f 1346/1168/1053 1343/1166/1051 1342/1167/1052 1344/1169/1054
f 1338/1597/1424 132/12/12 134/1161/1046
f 1339/1163/1048 1340/1165/1050 1338/1597/1424
f 1339/1163/1048 1626/2607/2201 1341/1164/1049
f 1350/2608/121 1349/2609/1420 1347/1171/1056 303/1173/122
f 1347/1171/1056 1716/1594/1421 1346/1168/1053
f 1265/1069/964 1363/1187/1069 1364/2610/2202 1266/1071/966
f 50/128/120 1576/1174/1058 1351/1176/1060
f 1356/1415/1262 1359/1184/1066 1357/1585/1417
f 1362/1185/1067 1364/2610/2202 1363/1187/1069
f 1132/1086/978 1275/1194/1073 1369/1196/1074 1276/1087/979
f 1364/2610/2202 1362/1185/1067 1460/1270/1140
f 1266/1071/966 1364/2610/2202 1365/1272/1142
f 1365/1272/1142 1268/1074/968 1266/1071/966
f 1268/1074/968 1365/1272/1142 1366/1188/1070
f 1366/1188/1070 1126/1191/971 1270/1189/970
f 1126/1191/971 1366/1188/1070 1367/1190/1071
f 1272/1193/976 1128/1080/973 1271/1079/972
f 1272/1084/976 1274/1195/1072 1273/1085/977
f 1272/1084/976 1131/1083/975 1128/1082/973
f 1271/1079/972 1368/1274/1144 1274/1192/1072
f 1274/1195/1072 1462/2611/1143 1369/1196/1074
f 90/1279/1149 91/1197/1075 1276/1087/979 1369/1196/1074
f 1279/1091/983 1135/941/846 1373/1199/1077 1374/1200/1078
f 1371/1198/1076 1374/1200/1078 1373/1199/1077
f 1371/1198/1076 1373/1199/1077 1134/1090/982
f 1380/1413/1261 1381/1210/1084 1283/1096/986 1379/1208/1082
f 304/1202/124 1375/2612/127 1376/1285/1154
f 305/1207/125 162/1206/1081 1378/1209/1083
f 1284/1097/987 1283/1096/986 1381/1210/1084 1285/1098/988
f 1383/1214/1088 1384/2613/2203 1385/2614/1090 20/28/28
f 1381/1210/1084 1380/1413/1261 1382/1211/1085
f 1381/1210/1084 1287/1213/1087 1285/1098/988
f 160/1212/1086 1382/1211/1085 20/28/28
f 160/1212/1086 159/30/30 1287/1213/1087
f 1389/2615/2204 1390/1403/1255 1388/1215/1089 1387/1217/1091
f 1384/2616/2203 1386/1396/1248 1385/1216/1090
f 1385/1216/1090 1558/1395/1247 1387/1217/1091
f 1397/2617/2205 1396/2603/2198 1395/1220/1094 1394/1398/1250
f 1390/1403/1255 1391/1218/1092 1388/1215/1089
f 1391/1218/1092 1393/1221/1095 1291/1104/994
f 1394/1398/1250 1395/1220/1094 1393/1221/1095
f 1396/2603/2198 1397/2617/2205 1398/1580/1414 1301/1117/1007
f 144/15/15 1398/1580/1414 1397/2617/2205 1399/16/16
f 1400/1222/1096 1303/1579/1413 1398/1580/1414
f 1305/1123/1013 1401/1402/1254 1307/1224/1098 1306/1124/1014
f 1398/1580/1414 144/15/15 1400/1222/1096
f 1304/1121/1011 17/14/14 148/1125/1015
f 17/14/14 143/1401/1253 1305/1123/1013
f 1401/1402/1254 1402/2618/2206 1307/1224/1098
f 1389/2615/2204 1403/1223/1097 1307/1224/1098 1402/2618/2206
f 317/2398/2114 1411/1236/1107 320/2403/2118 54/2399/2115
f 1403/1223/1097 1404/1225/1099 1308/1126/1016
f 1308/1126/1016 1405/1226/1100 1406/1227/1101
f 1406/1227/1101 1407/1228/1102 1309/1127/1017
f 1407/1342/1102 1408/1298/1165 1310/2619/1018
f 1310/2619/1018 1408/1298/1165 1409/1229/1103
f 1409/1232/1103 145/18/18 1310/1128/1018
f 1312/1234/1105 1410/2620/1108 1313/1131/1021
f 1411/1236/1107 317/2398/2114 1412/2604/2199
f 1439/1433/1278 1436/1255/1125 1438/2621/2207 1441/1258/1128
f 1411/1236/1107 1413/1300/1167 320/2403/2118
f 320/2403/2118 1413/1300/1167 1414/1241/1112
f 1414/1241/1112 318/2402/1292 320/2403/2118
f 1414/1241/1112 1413/1300/1167 1415/1239/1110
f 1416/2622/2208 1417/2623/1113 1415/1239/1110
f 1417/2623/1113 1416/2622/2208 1419/1301/1168
f 1421/1247/1117 1417/1242/1113 1420/1245/1115
f 1425/1248/1118 1426/1442/1287 1424/1249/1119
f 1425/1248/1118 1497/1306/1172 1427/1443/1288
f 1429/2624/2209 373/1251/1121 1428/2625/2210
f 373/1251/1121 1429/2624/2209 1432/1252/1122
f 1433/1254/1124 1434/1435/1280 1432/1252/1122
f 1436/1255/1125 1435/1253/1123 1437/1309/1175
f 1452/1578/1135 1453/2626/1134 1454/2627/2211 1355/1179/1063
f 1438/2621/2207 1436/1255/1125 1440/1311/1176
f 1438/2621/2207 1443/1256/1126 1441/1258/1128
f 1443/2628/1126 1444/1261/1131 1442/2629/1127
f 1444/1261/1131 1443/2628/1126 1445/2630/2212
f 1445/2630/2212 1446/1259/1129 1444/1261/1131
f 1446/1259/1129 1445/2630/2212 1447/1312/1177
f 1446/1259/1129 1448/1262/1132 1449/1260/1130
f 1446/1259/1129 1447/1312/1177 405/217/203
f 1448/1262/1132 405/217/203 404/216/202
f 404/216/202 1451/1263/1133 1448/1262/1132
f 1462/2611/1143 1464/2631/1184 1370/1277/1147 1369/1196/1074
f 1451/1263/1133 404/216/202 1453/1264/1134
f 1454/2627/2211 1456/1266/1136 1455/1267/1137
f 1456/1266/1136 1454/2627/2211 1457/2632/2213
f 1456/1266/1136 1458/1268/1138 1360/1182/1064
f 1461/1271/1141 1367/1190/1071 1460/1270/1140
f 1461/1271/1141 1368/1274/1144 1367/1190/1071
f 1368/1274/1144 1271/1079/972 1367/1190/1071
f 1462/1273/1143 1463/1323/1185 1464/1322/1184
f 1462/1273/1143 1274/1192/1072 1368/1274/1144
f 1464/2631/1184 1465/1275/1145 1370/1277/1147
f 1372/1278/1148 90/1279/1149 1466/1276/1146 1468/2633/1187
f 90/1279/1149 1369/1196/1074 1370/1277/1147
f 1370/1277/1147 1466/1276/1146 90/1279/1149
f 1465/1275/1145 1468/2633/1187 1466/1276/1146
f 1371/1198/1076 1372/1278/1148 1469/2634/2214 1470/2635/1189
f 1468/2633/1187 1469/2634/2214 1372/1278/1148
f 1469/2634/2214 1468/2633/1187 1467/2636/1186
f 1469/2634/2214 1467/2636/1186 1470/2635/1189
f 1374/1200/1078 1371/1198/1076 1470/2635/1189 1471/2637/1188
f 1375/2612/127 1473/1281/1150 1474/1283/1152 1376/1285/1154
f 1471/2637/1188 1472/2638/1151 1374/1200/1078
f 1472/2638/1151 1473/1280/1150 1374/1200/1078
f 1486/1295/1163 1405/2639/1100 1404/2640/1099 1517/1339/1201
f 1477/1290/1158 1479/1292/1160 51/1289/128
f 1479/2397/1160 1480/1336/1198 1481/2641/2215
f 1481/2641/2215 307/137/129 1479/2397/1160
f 1481/2641/2215 1482/1338/1200 1483/2642/1244
f 1483/2642/1244 1482/1338/1200 1484/2643/1162
f 1484/1294/1162 1485/1293/1161 1483/1392/1244
f 1496/1305/1171 1422/1304/1170 1493/2644/1169 1494/2645/1211
f 1405/2639/1100 1486/1295/1163 1406/1297/1101
f 1406/1297/1101 1487/1296/1164 1407/1342/1102
f 1489/1230/1104 1410/2646/1108 1312/1233/1105
f 1489/1230/1104 1490/2647/1106 1410/2646/1108
f 1491/2648/1208 1415/1239/1110 1413/1300/1167
f 1491/2648/1208 1416/2622/2208 1415/1239/1110
f 1416/2622/2208 1491/2648/1208 1492/2649/1209
f 1492/2649/1209 1419/1301/1168 1416/2622/2208
f 1419/1301/1168 1420/1303/1115 1417/2623/1113
f 1420/1245/1115 1493/2644/1169 1422/1304/1170
f 1422/1304/1170 1423/1246/1116 1420/1245/1115
f 1501/1313/1178 406/218/204 1447/1312/1177 1445/2630/2212
f 1496/1305/1171 1495/2650/2216 1497/1306/1172
f 1497/1306/1172 1527/2651/1242 1428/2625/2210
f 1428/2625/2210 1427/1443/1288 1497/1306/1172
f 1428/2625/2210 1527/2651/1242 1429/2624/2209
f 1498/1307/1173 1432/1252/1122 1429/2624/2209
f 1435/1253/1123 1432/1252/1122 1498/1307/1173
f 1437/1309/1175 1440/1311/1176 1436/1255/1125
f 1440/2652/1176 1443/2628/1126 1438/2653/2207
f 1443/2628/1126 1440/2652/1176 1532/1357/1218
f 1532/1357/1218 1500/2654/2217 1443/2628/1126
f 1500/2654/2217 1445/2630/2212 1443/2628/1126
f 1445/2630/2212 1500/2654/2217 1501/1313/1178
f 1531/1358/1219 1511/1332/1194 1476/1288/1157 1510/1331/1193
f 1503/1315/1180 1504/1317/1182 403/2412/2123
f 1465/1318/1145 1505/1316/1181 1468/1325/1187
f 1505/1316/1181 1507/1328/1190 1467/1324/1186
f 1507/1328/1190 1470/1327/1189 1467/1324/1186
f 1471/1326/1188 1474/1283/1152 1472/1282/1151
f 1474/1283/1152 1475/1284/1153 1376/1285/1154
f 1509/1330/1192 308/1287/1156 1475/1284/1153
f 1509/1330/1192 1476/1288/1157 308/1287/1156
f 1479/2397/1160 1478/2655/1159 1513/1361/1222 1514/1360/1221
f 1511/1332/1194 1477/1290/1158 1476/1288/1157
f 1480/1336/1198 1479/2397/1160 1514/1360/1221 183/1334/1196
f 1413/2656/1167 1521/1344/1205 1523/1346/1207 1491/1347/1208
f 1480/1336/1198 1515/1335/1197 1482/1338/1200
f 1482/1338/1200 1481/2641/2215 1480/1336/1198
f 1516/1337/1199 1484/2643/1162 1482/1338/1200
f 1484/2643/1162 1516/1337/1199 1517/1339/1201
f 1407/1342/1102 1519/1341/1203 1520/1343/1204
f 1520/1343/1204 1408/1298/1165 1407/1342/1102
f 1488/1299/1166 1521/1344/1205 1489/1230/1104
f 1521/1344/1205 1488/1299/1166 1522/1345/1206
f 1521/1344/1205 1490/2647/1106 1489/1230/1104
f 1494/2645/1211 1526/2657/1241 1495/2650/2216 1496/1305/1171
f 1521/1344/1205 1413/2656/1167 1490/2647/1106
f 1523/1346/1207 1522/1345/1206 1524/1367/1228
f 1492/2649/1209 1525/1349/1210 1493/1302/1169
f 1493/1302/1169 1419/1301/1168 1492/2649/1209
f 1429/2624/2209 1527/2651/1242 1499/1308/1174 1498/1307/1173
f 1495/2650/2216 1526/2657/1241 1527/2651/1242
f 1527/2651/1242 1497/1306/1172 1495/2650/2216
f 106/9/9 105/8/8 1511/1332/1194 1531/1358/1219
f 1499/1308/1174 107/1390/10 1437/1309/1175
f 107/10/10 1528/1376/1232 1529/1351/1212
f 107/10/10 1529/1351/1212 105/8/8
f 1530/1352/1213 1512/1333/1195 1511/1332/1194
f 1507/1328/1190 1536/1356/1217 1508/1329/1191 1471/1326/1188
f 1531/1358/1219 1533/1354/1215 1532/1357/1218
f 1533/1354/1215 1534/1353/1214 1532/1357/1218
f 1533/1354/1215 1531/1358/1219 1510/1331/1193
f 1535/1355/1216 1508/1329/1191 1536/1356/1217
f 1507/1328/1190 1505/1316/1181 1503/1315/1180
f 1509/1330/1192 1535/1355/1216 1533/1354/1215 1510/1331/1193
f 1478/1291/1159 1512/1333/1195 1530/1352/1213 1513/2658/1222
f 1534/1353/1214 1502/1314/1179 1501/1313/1178
f 1532/1357/1218 1501/1313/1178 1500/2654/2217
f 106/9/9 1532/1357/1218 1440/2652/1176
f 1440/2652/1176 8/7/7 106/9/9
f 1545/1383/1239 1543/1368/1229 1542/1365/1226 1544/1382/1238
f 1530/1352/1213 1537/1378/1220 1513/2658/1222
f 1516/1337/1199 1538/1362/1223 1517/1339/1201
f 1538/1362/1223 1539/2659/2218 1518/1340/1202
f 1518/1340/1202 1539/2659/2218 1540/1363/1224
f 1540/1363/1224 1519/1341/1203 1518/1340/1202
f 1520/1343/1204 1522/1345/1206 1488/1299/1166
f 1522/1345/1206 1520/1343/1204 1542/1365/1226
f 1542/1365/1226 1524/1367/1228 1522/1345/1206
f 1537/1378/1220 1529/1351/1212 1549/1377/1235 1551/2660/1236
f 1543/1368/1229 1545/1383/1239 1546/1369/1230
f 1547/1372/1231 1550/1375/1234 1548/1374/1233
f 1550/1375/1234 1549/2661/1235 1528/1373/1232
f 1552/1384/1240 1544/1382/1238 1540/1363/1224 1539/2659/2218
f 1551/1379/1236 182/1381/1237 183/1334/1196
f 1552/1384/1240 1545/1383/1239 1544/1382/1238
f 182/1381/1237 1552/1384/1240 1539/2659/2218 1538/1362/1223
f 1541/1364/1225 1542/1365/1226 1520/1343/1204
f 1549/1380/1235 1550/1386/1234 1552/1384/1240 182/1381/1237
f 1538/1362/1223 1515/1335/1197 182/1381/1237
f 1506/1320/1183 1463/1323/1185 1456/1266/1136 1457/2632/2213
f 1548/1374/1233 1527/1389/1242 1526/1387/1241
f 107/1390/10 1499/1308/1174 1527/2651/1242
f 1526/1387/1241 1494/1350/1211 1525/1349/1210
f 1525/1349/1210 1492/2649/1209 380/2662/1227
f 1492/1348/1209 1523/1346/1207 380/1366/1227
f 1463/1323/1185 1462/1273/1143 1458/1268/1138
f 1504/1321/1182 1506/1320/1183 1457/2632/2213 403/2663/2123
f 1389/2615/2204 1402/2618/2206 1559/1400/1252 1390/1403/1255
f 403/2412/2123 77/215/201 1503/1315/1180
f 1517/1339/1201 1404/2640/1099 1484/2643/1162
f 1483/1392/1244 1553/1391/1243 1554/2664/2219
f 1554/2664/2219 1481/2665/2215 1483/1392/1244
f 1404/1225/1099 1403/1223/1097 1485/1293/1161
f 1555/1393/1245 1554/2664/2219 1553/1391/1243
f 1485/1293/1161 1556/1394/1246 1553/1391/1243
f 1556/1394/1246 1485/1293/1161 1403/1223/1097
f 1557/1397/1249 1556/1394/1246 1403/1223/1097
f 1403/1223/1097 1389/2615/2204 1557/1397/1249
f 1386/1396/1248 1555/1393/1245 1556/1394/1246
f 1557/1397/1249 1389/2615/2204 1558/1395/1247
f 17/14/14 1399/16/16 1560/1399/1251 143/1401/1253
f 1402/2618/2206 1401/1402/1254 1559/1400/1252
f 1559/1400/1252 1401/1402/1254 143/1401/1253
f 143/1401/1253 1560/1399/1251 1559/1400/1252
f 1554/2664/2219 1564/1407/1259 307/1409/129 1481/2665/2215
f 1399/16/16 1397/2617/2205 1394/1398/1250
f 1387/1217/1091 1558/1395/1247 1389/2615/2204
f 1386/1396/1248 1384/2616/2203 1561/1404/1256
f 1562/1405/1257 1561/1404/1256 1563/1406/1258
f 1564/1407/1259 1554/2664/2219 1555/1393/1245
f 1564/1407/1259 1563/1406/1258 164/1408/130
f 1453/2626/1134 403/2663/2123 1457/2632/2213 1454/2627/2211
f 1563/1410/1258 1380/1413/1261 21/1411/1260
f 1380/1413/1261 1563/1410/1258 1561/1414/1256
f 1561/1414/1256 1382/1211/1085 1380/1413/1261
f 1383/1214/1088 1561/1414/1256 1384/2613/2203
f 1558/1395/1247 1385/1216/1090 1386/1396/1248
f 1365/1272/1142 1367/1190/1071 1366/1188/1070
f 1460/1270/1140 1365/1272/1142 1364/2610/2202
f 1355/1179/1063 1454/2627/2211 1455/1267/1137 1356/1415/1262
f 1450/1416/1263 1448/1262/1132 1566/2666/2220 1567/1424/1270
f 1451/1263/1133 1354/1178/1062 1565/1425/1271
f 1451/1263/1133 1565/1425/1271 1566/2666/2220
f 1566/2666/2220 1448/1262/1132 1451/1263/1133
f 1444/1261/1131 1449/1260/1130 1569/2667/1264 1442/2629/1127
f 1567/1424/1270 1573/1421/1268 1450/1416/1263
f 1449/1260/1130 1450/1416/1263 1568/2668/2221
f 1449/1260/1130 1568/2668/2221 1569/2667/1264
f 1565/1425/1271 1576/1174/1058 1567/1424/1270 1566/2666/2220
f 1569/1417/1264 1571/1419/1266 1570/1418/1265
f 1571/1423/1266 1569/2667/1264 1568/2668/2221
f 1568/2668/2221 1573/1421/1268 1571/1423/1266
f 1573/1421/1268 1568/2668/2221 1450/1416/1263
f 1567/1424/1270 1575/131/123 1573/1421/1268
f 1574/1422/1269 1573/1421/1268 1575/131/123 303/130/122
f 1565/1425/1271 1352/1175/1059 1576/1174/1058
f 1584/1434/1279 181/37/35 1582/1431/1276 1583/1432/1277
f 1574/1427/1269 1577/1426/1272 1572/1420/1267
f 1572/1420/1267 1571/1419/1266 1574/1427/1269
f 1579/1429/1274 179/39/37 1570/1418/1265
f 180/40/38 1580/1430/1275 181/37/35
f 181/37/35 1584/1434/1279 1442/1257/1127 178/38/36
f 1584/1434/1279 1439/1433/1278 1441/1258/1128
f 1436/1255/1125 1439/1433/1278 1583/1432/1277 1433/1254/1124
f 1430/1439/1284 1431/1250/1120 1586/1436/1281 1587/1437/1282
f 60/1478/1320 1590/1441/1286 1430/1439/1284 1589/1440/1285
f 1430/1439/1284 373/1251/1121 1431/1250/1120
f 1594/2669/2222 1421/1247/1117 1592/1445/1290 1593/1513/1355
f 1590/1441/1286 373/1251/1121 1430/1439/1284
f 1590/1441/1286 1427/1443/1288 373/1251/1121
f 1427/1443/1288 1426/1442/1287 1425/1248/1118
f 1427/1443/1288 1428/2625/2210 373/1251/1121
f 1590/1441/1286 338/1512/1354 1426/1442/1287
f 1426/1442/1287 1591/1444/1289 1424/1249/1119
f 1592/1445/1290 1423/1246/1116 1424/1249/1119
f 1421/1247/1117 1423/1246/1116 1592/1445/1290
f 319/1516/1293 318/1448/1292 1596/1447/1291 1597/1547/1388
f 1594/2669/2222 1418/1243/1114 1417/1242/1113
f 1594/2669/2222 1417/1242/1113 1421/1247/1117
f 1418/1243/1114 1595/2670/1111 1415/1244/1110
f 1318/1138/1026 1317/1137/1025 1599/2671/1357 1321/1452/1296
f 319/1449/1293 1599/2671/1357 1317/1137/1025
f 1321/2672/1296 1600/2673/2223 1602/1523/1364 1320/2674/1029
f 1599/1515/1357 1600/2673/2223 1321/2672/1296
f 1600/2673/2223 1599/1515/1357 1601/1519/1360
f 1320/2674/1029 1602/1523/1364 1603/1522/1363 1322/1454/1030
f 1323/1144/1032 1322/1142/1030 1606/2675/1297 1324/1460/1300
f 1603/1522/1363 1604/1524/1365 1322/1454/1030
f 1604/1524/1365 1605/1455/1298 1322/1454/1030
f 1609/2676/2224 1331/1149/1037 1326/1459/1302 1608/1458/1301
f 1324/1460/1300 1326/1459/1302 1323/1144/1032
f 348/160/150 1331/1150/1037 1610/2677/2225 1611/2678/1303
f 1609/2676/2224 1610/2679/2225 1331/1149/1037
f 1612/1528/1369 349/2680/152 1611/2681/1303 1610/2682/2225
f 1617/1462/1304 1614/2683/2226 1615/1533/1374 1616/1532/1373
f 349/2680/152 1612/1528/1369 1613/1527/1368
f 1613/2684/1368 1614/2683/2226 349/163/152
f 1614/2683/2226 1613/2684/1368 1615/1533/1374
f 1623/1470/1312 1624/1491/1333 1339/1163/1048 1338/1597/1424
f 1614/2683/2226 1617/1462/1304 349/163/152
f 1618/1464/1306 1619/1467/1309 350/165/153
f 129/2374/2102 1620/1465/1307 1619/1467/1309
f 1345/1170/1055 1577/1426/1272 1348/1172/1057 1347/1171/1056
f 1624/1491/1333 1625/1472/1314 1339/1163/1048
f 1339/1163/1048 1625/1472/1314 1626/2607/2201
f 1626/2607/2201 1579/1429/1274 1342/1167/1052
f 1342/1167/1052 1341/1164/1049 1626/2607/2201
f 1628/1471/1313 1579/1429/1274 1626/2607/2201 1625/1472/1314
f 1629/89/87 1580/1430/1275 1628/1471/1313 1627/1473/1315
f 1634/1482/1324 1637/1481/1323 1635/1484/1326 1636/1502/1344
f 1627/1473/1315 1643/1492/1334 1629/89/87
f 253/87/85 1433/1254/1124 1583/1432/1277
f 1585/1476/1318 1587/1437/1282 1586/1436/1281
f 1587/1437/1282 1585/1476/1318 1630/2685/2227
f 1630/2685/2227 1588/1438/1283 1587/1437/1282
f 1588/1438/1283 1630/2685/2227 1631/2686/2228
f 1631/2686/2228 1632/2687/2229 1588/1438/1283
f 1632/2687/2229 1633/1479/1321 1589/1440/1285
f 1632/2687/2229 1589/1440/1285 1588/1438/1283
f 1633/1479/1321 340/1477/1319 1589/1440/1285
f 340/1477/1319 1634/1482/1324 60/1478/1320
f 1645/1495/1337 1647/1500/1342 1630/2685/2227 1646/1474/1316
f 340/1477/1319 1649/1480/1322 1637/1481/1323
f 1637/1481/1323 336/1494/1336 335/1483/1325
f 335/1483/1325 1640/1487/1329 1638/1485/1327
f 1622/1469/1311 1641/1489/1331 1623/1470/1312
f 1646/1474/1316 1630/2685/2227 1585/1476/1318
f 1646/1474/1316 1585/1476/1318 252/1475/1317
f 1631/2686/2228 1630/2685/2227 1647/1500/1342 1648/1499/1341
f 1645/1495/1337 1652/2688/2230 1651/1501/1343 1647/1500/1342
f 1648/1499/1341 1649/1480/1322 1632/2687/2229
f 1648/1499/1341 1632/2687/2229 1631/2686/2228
f 1649/1480/1322 1633/1479/1321 1632/2687/2229
f 1649/1480/1322 1648/1499/1341 1650/1493/1335
f 1650/1493/1335 1651/1501/1343 336/1494/1336
f 1652/2688/2230 1654/1498/1340 1651/1501/1343
f 1650/1493/1335 1648/1499/1341 1651/1501/1343
f 1653/1497/1339 1654/1498/1340 1652/2688/2230
f 1644/1496/1338 1653/1497/1339 1652/2688/2230 1645/1495/1337
f 334/1488/1330 1654/1498/1340 1641/1489/1331 1622/1469/1311
f 1644/1496/1338 1646/1474/1316 1643/1492/1334
f 1653/1497/1339 1643/1492/1334 1642/1490/1332
f 1653/1497/1339 1642/1490/1332 1641/1489/1331
f 1651/1501/1343 1654/1498/1340 334/1488/1330 336/1494/1336
f 1622/1469/1311 1621/1468/1310 334/1488/1330
f 1640/1487/1329 1620/1465/1307 129/2374/2102 1638/1485/1327
f 1640/1487/1329 335/1483/1325 334/1488/1330
f 1638/1485/1327 129/2374/2102 130/2373/2101 1639/1486/1328
f 1639/1486/1328 1655/1536/1377 1656/1503/1345 1635/1484/1326
f 130/2373/2101 1655/1536/1377 1639/1486/1328
f 1418/1243/1114 1594/2669/2222 1596/2689/1291 1595/2670/1111
f 1636/1502/1344 1658/1538/1379 1657/1504/1346
f 1659/1505/1347 337/1507/1349 339/1506/1348
f 1663/1511/1353 1591/1444/1289 1661/1509/1351
f 1662/1510/1352 1664/1543/1384 1593/1513/1355
f 1593/1513/1355 1664/1543/1384 1594/2669/2222
f 1594/2669/2222 1664/1543/1384 1665/2690/2231
f 1665/2690/2231 1596/2689/1291 1594/2669/2222
f 1596/1447/1291 1665/2691/2231 1688/1544/1385
f 1602/1523/1364 1600/2673/2223 1669/1518/1359 1670/1520/1361
f 1596/1447/1291 1688/1544/1385 1597/1547/1388
f 1597/1547/1388 1666/1546/1387 1598/1514/1356
f 1598/1514/1356 319/1516/1293 1597/1547/1388
f 1666/1546/1387 1667/1549/1390 1598/1514/1356
f 1598/1514/1356 1601/1519/1360 1599/1515/1357
f 1601/1519/1360 1598/1514/1356 1667/1549/1390
f 1601/1519/1360 1669/1518/1359 1600/2673/2223
f 1605/1455/1298 1604/1524/1365 1671/1521/1362 220/70/68
f 1672/1525/1366 1605/1455/1298 220/70/68 219/69/67
f 1324/1457/1300 1607/1456/1299 1673/1526/1367 1608/2692/1301
f 1608/2692/1301 1673/1526/1367 1612/1528/1369 1610/2682/2225
f 1616/1532/1373 1677/1530/1371 1678/1537/1378 1679/1534/1375
f 1613/1527/1368 1673/1526/1367 1672/1525/1366
f 1672/1525/1366 1615/2693/1374 1613/1527/1368
f 1615/2693/1374 1672/1525/1366 1674/2694/2232
f 1674/2694/2232 1675/1559/1372 1615/2693/1374
f 1675/1531/1372 1677/1530/1371 1615/1533/1374
f 1676/1529/1370 1678/1537/1378 1677/1530/1371
f 1656/1503/1345 1679/1534/1375 1658/1538/1379 1636/1502/1344
f 1618/1464/1306 1655/1536/1377 129/2374/2102
f 1681/1539/1380 1682/1540/1381 1658/1538/1379 1678/1537/1378
f 1660/1508/1350 1659/1505/1347 1681/1539/1380 1683/1565/1403
f 1682/1540/1381 1657/1504/1346 1658/1538/1379
f 1660/1508/1350 1684/1566/1404 1685/1541/1382 1661/1509/1351
f 1683/1565/1403 1684/1566/1404 1660/1508/1350
f 1667/1549/1390 1666/1546/1387 1691/21/21 152/1548/1389
f 1685/1541/1382 1662/1510/1352 1661/1509/1351
f 1685/1541/1382 1686/2695/1405 1687/1542/1383
f 1687/1542/1383 1688/2696/1385 1665/2690/2231
f 1687/1542/1383 1665/2690/2231 1664/1543/1384
f 1688/1544/1385 1687/1568/1383 1689/1569/1406
f 1690/1545/1386 1597/1547/1388 1688/1544/1385
f 1690/1545/1386 1691/21/21 1666/1546/1387
f 1670/1520/1361 1669/1518/1359 1693/1550/1391 1695/1552/1393
f 1667/1549/1390 1668/1517/1358 1601/1519/1360
f 152/1548/1389 1692/2697/2233 1693/1550/1391
f 152/1548/1389 1693/1550/1391 1668/1517/1358
f 1692/2697/2233 1694/1551/1392 1693/1550/1391
f 1700/2698/1399 1701/1557/1398 1698/1577/1412 1699/1555/1396
f 1694/1551/1392 221/1553/1394 1695/1552/1393
f 1695/1552/1393 221/1553/1394 1671/1521/1362
f 221/1553/1394 30/68/66 220/70/68
f 221/1553/1394 1694/1551/1392 1696/1556/1397
f 1696/1556/1397 1699/1555/1396 221/1553/1394
f 1699/1555/1396 1698/1577/1412 30/68/66
f 1698/1577/1412 1701/1557/1398 1674/2694/2232 219/69/67
f 1708/1574/1410 1706/1571/1408 151/20/20 1705/1570/1407
f 1701/1557/1398 1675/1559/1372 1674/2694/2232
f 1701/1562/1398 1702/1561/1400 1676/1529/1370
f 1702/1561/1400 1700/1560/1399 1703/1563/1401
f 1684/1566/1404 1704/1564/1402 1686/2695/1405
f 1686/2695/1405 1685/1541/1382 1684/1566/1404
f 1686/1567/1405 1705/1570/1407 150/22/22
f 1689/1569/1406 1691/21/21 1688/1544/1385
f 1708/1574/1410 1709/1575/1411 1697/1554/1395 1706/1571/1408
f 1694/1551/1392 1692/2697/2233 1707/1572/1409 1696/1556/1397
f 1709/1575/1411 1703/1576/1401 1700/2698/1399
f 1697/1554/1395 1696/1556/1397 1706/1571/1408
f 1696/1556/1397 1707/1572/1409 1706/1571/1408
f 1692/2697/2233 152/1548/1389 1707/1572/1409
f 1336/1157/1042 346/166/154 1619/1467/1309 5/1466/1308
f 152/1548/1389 151/20/20 1707/1572/1409
f 1709/1575/1411 1700/2698/1399 1699/1555/1396
f 1705/1570/1407 1686/1567/1405 1704/1573/1402
f 219/69/67 1674/2694/2232 1672/1525/1366
f 152/1548/1389 1691/21/21 151/20/20
f 1619/1467/1309 1618/1464/1306 129/2374/2102
f 314/1238/1109 1411/1236/1107 1412/2604/2199 1315/1135/1023
f 1610/2679/2225 1609/2676/2224 1608/1458/1301
f 1591/1444/1289 1426/1442/1287 338/1512/1354
f 1583/1432/1277 1582/1431/1276 253/87/85
f 1354/1178/1062 1451/1263/1133 1452/1265/1135
f 1595/1240/1111 318/2402/1292 1414/1241/1112
f 159/30/30 161/29/29 1289/1101/991 1288/1100/990
f 1412/2604/2199 317/2398/2114 316/1451/1295
f 1315/1135/1023 1314/1134/1022 314/1238/1109
f 1301/1117/1007 1302/1116/1006 1396/2603/2198
f 1395/1220/1094 1297/1113/1003 1295/1110/1000
f 1395/1220/1094 1295/1110/1000 1293/1109/999
f 1292/1105/995 1291/1104/994 1393/1221/1095
f 1291/1104/994 1392/1219/1093 1391/1218/1092
f 1392/1219/1093 1290/2601/992 1289/1581/991
f 306/134/126 305/133/125 1378/2699/1083 1281/2600/2196
f 1396/2603/2198 1298/1115/1005 1395/1220/1094
f 1385/2614/1090 161/29/29 20/28/28
f 1281/2700/2196 1378/1209/1083 1282/1095/984
f 1282/1092/984 1138/1094/985 1281/2600/2196
f 1263/1070/965 1710/1583/1415 1363/1187/1069 1264/1068/963
f 1377/1205/1080 163/2375/1155 162/1206/1081
f 1363/1187/1069 1265/1069/964 1264/1068/963
f 1711/1646/1468 1712/1644/1467 1358/1183/1065 1361/1186/1068
f 1359/1184/1066 1358/1183/1065 1712/1644/1467 1357/1585/1417
f 1340/1165/1050 1341/1164/1049 1718/1596/1423 1719/1641/1465
f 1712/1644/1467 1713/1584/1416 1357/1585/1417
f 1713/1584/1416 1353/1180/1061 1356/1415/1262
f 1353/1180/1061 1355/1179/1063 1356/1415/1262
f 1715/1589/1419 1350/1591/121 1351/1590/1060
f 1716/1594/1421 1347/1171/1056 1349/2609/1420
f 1717/1595/1422 1243/1642/946 1718/1596/1423
f 371/997/896 115/2583/2189 384/201/187 372/1606/1431
f 1720/1598/1425 1338/1597/1424 1340/1165/1050
f 132/12/12 1720/1598/1425 1721/13/13
f 131/1599/1426 1234/1043/941 1233/2592/2193
f 1233/2592/2193 1722/1600/1427 131/1599/1426
f 1722/1600/1427 1233/2592/2193 1232/1042/939
f 1232/1042/939 1723/1160/1045 1722/1600/1427
f 1332/1153/1039 1725/1605/1430 386/1152/1038
f 72/198/184 386/1152/1038 1729/1611/1436
f 80/1613/1438 1724/1603/1429 1230/1038/937 1228/1035/934
f 372/1606/1431 72/198/184 1726/1607/1432
f 372/1606/1431 128/1625/1450 371/997/896
f 1728/1609/1434 72/198/184 1729/1611/1436
f 1730/1610/1435 1731/1612/1437 1732/2701/2234
f 386/1152/1038 80/1613/1438 1731/1612/1437
f 80/1613/1438 386/1152/1038 1725/1605/1430
f 1734/1008/907 1/1617/1442 1733/1615/1440 1742/1635/1460
f 81/1616/1441 80/1613/1438 1228/1035/934
f 82/1007/906 1193/1006/905 1/1617/1442 1734/1008/907
f 61/1621/1446 1728/1609/1434 1729/1611/1436 1735/1622/1447
f 1193/1006/905 1732/2701/2234 1731/1612/1437
f 1730/1610/1435 1732/2701/2234 341/2405/2119
f 1729/1611/1436 1730/1610/1435 1735/1622/1447
f 345/1618/1443 1726/1607/1432 1728/1609/1434 61/1621/1446
f 342/1005/904 341/2405/2119 1732/2701/2234 1193/1006/905
f 1727/1608/1433 345/1618/1443 14/1620/1445
f 344/1619/1444 1736/2702/2235 14/1620/1445
f 1736/2702/2235 1188/1000/899 1187/1624/1449
f 1736/2702/2235 1187/1624/1449 14/1620/1445
f 1736/2702/2235 344/1619/1444 343/1623/1448
f 343/1623/1448 1192/1003/902 1736/2702/2235
f 344/1619/1444 61/1621/1446 343/1623/1448
f 343/1623/1448 1735/1622/1447 341/2405/2119
f 341/2405/2119 1735/1622/1447 1730/1610/1435
f 1188/1000/899 1736/2702/2235 1192/1003/902 1190/1001/900
f 343/1623/1448 342/1005/904 1192/1003/902
f 120/1638/1463 119/995/894 1196/1010/909 1738/1628/1453
f 1734/1008/907 1742/1635/1460 1195/1009/908
f 1195/1009/908 1741/1634/1459 1737/1627/1452
f 1222/1033/932 1224/1032/931 1733/1615/1440 1227/1614/1439
f 1740/1631/1456 1741/1634/1459 1219/1632/1457
f 1740/1631/1456 1737/1627/1452 1741/1634/1459
f 1742/1635/1460 1741/1634/1459 1195/1009/908
f 1733/1615/1440 1223/1633/1458 1742/1635/1460
f 1223/1633/1458 1219/1632/1457 1741/1634/1459
f 390/202/188 1219/1632/1457 1216/1029/928
f 389/1637/1462 1198/1014/913 391/1630/1455 73/204/190
f 388/1028/927 394/2413/2124 1202/1018/917 389/1637/1462
f 1212/1026/925 74/207/193 394/2413/2124 388/1028/927
f 1210/1025/924 392/205/191 74/207/193 1212/1026/925
f 1236/1046/943 1721/13/13 1720/1598/1425 1238/1047/944
f 1738/1628/1453 1198/1014/913 370/184/172
f 1227/1614/1439 81/1616/1441 1226/1037/936
f 1242/1050/947 1243/1049/946 1743/2703/2236 1245/1052/949
f 1719/1641/1465 1241/1640/948 1239/1639/1464
f 1243/1642/946 1717/1595/1422 1743/2704/2236
f 1361/1186/1068 1710/1583/1415 1260/1063/960 1711/1646/1468
f 1743/2703/2236 1246/1056/953 1245/1052/949
f 1246/1056/953 1743/2703/2236 1716/2705/1421
f 1715/1589/1419 1252/1643/1466 1249/1054/951
f 1253/1645/954 1252/1647/1466 1353/1180/1061
f 1253/1645/954 1712/1644/1467 1254/2598/959
f 1712/1644/1467 1259/2596/2195 1255/2597/957
f 1712/1644/1467 1260/1063/960 1259/2596/2195
f 1260/1063/960 1710/1583/1415 1261/1655/1475
f 1710/1583/1415 1263/1070/965 1261/1655/1475
f 1340/1165/1050 1719/1641/1465 1239/1639/1464 1720/1598/1425
f 1246/1056/953 1716/2705/1421 1349/1592/1420
f 1743/2704/2236 1717/1595/1422 1716/1594/1421
f 1243/1642/946 1719/1641/1465 1718/1596/1423
f 1164/970/871 1163/969/870 251/1651/1472 1168/973/874
f 1337/1158/1043 1336/1157/1042 5/1466/1308
f 1328/1147/1035 66/174/162 360/1650/1471
f 360/1650/1471 1329/1649/1470 1328/1147/1035
f 1329/1649/1470 1171/1648/1469 1170/2581/2188
f 1329/1649/1470 251/1651/1472 1325/2606/2200
f 1329/1649/1470 1325/2606/2200 1327/1145/1033
f 251/1651/1472 1329/1649/1470 1168/973/874
f 1150/2578/2186 1299/1114/1004 1300/2602/2197 1151/1118/1008
f 1163/969/870 250/85/83 251/1651/1472
f 1329/1649/1470 1170/2581/2188 1168/973/874
f 101/2367/2095 1294/1112/1002 1296/1111/1001 1147/955/860
f 1299/1114/1004 1150/2578/2186 1149/2555/2176
f 1299/1114/1004 1149/2555/2176 1296/1111/1001
f 1296/1111/1001 1149/2555/2176 1148/1652/1473
f 1296/1111/1001 1297/1113/1003 1299/1114/1004
f 1109/913/820 1258/2594/1477 1257/1064/961 1110/914/821
f 1267/1073/967 1123/930/835 1122/931/836
f 1267/1073/967 1122/931/836 1121/1654/1474
f 1121/1654/1474 293/119/110 1267/1073/967
f 1104/1672/1489 1745/1659/1479 1254/1062/959 1108/1658/1478
f 1744/1656/1476 1258/1657/1477 1106/910/818
f 1744/1656/1476 1108/1658/1478 1256/1061/958
f 1093/2566/2182 1096/2571/2184 1248/2593/2194 1098/1670/1487
f 1254/1062/959 1250/1059/956 1251/1058/955
f 1746/1660/1480 1098/1670/1487 1247/1055/952
f 1746/1660/1480 1247/1055/952 1250/1059/956
f 1098/1670/1487 1248/2593/2194 1247/1055/952
f 1245/1052/949 1248/2593/2194 1096/2571/2184 1244/1053/950
f 198/47/45 1082/1662/1481 1081/898/806 195/48/46
f 1244/1053/950 1240/1666/1483 1242/1050/947
f 1240/1666/1483 1244/1053/950 1089/1667/1484
f 1237/2706/945 1747/1668/1485 1087/2570/2183
f 1085/1663/1482 1235/1045/942 1237/1048/945
f 1235/1045/942 1085/1663/1482 1082/1665/1481
f 1101/907/815 1099/903/811 1746/1660/1480 1745/1659/1479
f 1082/1662/1481 1084/2707/808 1080/2567/810
f 1237/2706/945 1087/2570/2183 1085/2568/1482
f 1747/1668/1485 1089/1667/1484 1087/2570/2183
f 1244/1053/950 1096/2571/2184 1091/1669/1486
f 24/49/47 1225/2589/2192 1226/1037/936 196/1673/1490
f 1744/1656/1476 1106/910/818 1108/1658/1478
f 1258/1657/1477 1109/912/820 1106/910/818
f 1235/1661/942 198/47/45 197/1041/940
f 1221/1034/933 1222/1033/932 1748/1743/1556 1218/2588/2191
f 1222/1033/932 1225/2589/2192 1748/1743/1556
f 1216/1029/928 1749/2708/2237 1750/1745/1558 1217/1030/929
f 1218/2588/2191 1748/1743/1556 1749/2708/2237
f 1213/203/189 1217/1030/929 1751/1744/1557 1752/2709/2238
f 1749/2708/2237 1216/1029/928 1218/2588/2191
f 1211/1027/926 1214/2587/2190 1755/1747/1560 1209/1674/1491
f 1217/1030/929 1213/203/189 1215/1031/930
f 1752/2709/2238 1751/1744/1557 1753/1738/1551
f 1752/2709/2238 1214/2587/2190 1213/203/189
f 1752/2709/2238 1754/1737/1550 1755/1747/1560
f 1752/2709/2238 1755/1747/1560 1214/2587/2190
f 222/71/69 1208/1024/923 1756/1749/1561 223/72/70
f 1209/1674/1491 1755/1747/1560 1208/1024/923
f 81/1616/1441 1/1617/1442 1731/1612/1437 80/1613/1438
f 1758/2710/1563 1759/2711/1564 223/72/70 1757/2712/2239
f 1762/1677/1494 1763/1676/1493 226/75/73 1761/1675/1492
f 1759/2711/1564 225/74/72 223/72/70
f 1759/2711/1564 1760/2713/1562 225/74/72
f 225/74/72 1760/2713/1562 1761/1675/1492
f 224/1681/1498 1766/1680/1497 1765/1759/1571 1767/2714/2240
f 1763/1676/1493 227/1679/1496 226/75/73
f 227/1679/1496 1766/1680/1497 31/73/71
f 1839/1763/1575 1773/2715/1765 1772/181/169 1771/1684/1501
f 1767/2714/2240 1768/1682/1499 224/1681/1498
f 224/1681/1498 1204/1020/919 1206/1022/921
f 1204/1020/919 1769/1761/1573 1203/1019/918
f 1769/1761/1573 1770/1683/1500 1203/1019/918
f 1770/1683/1500 1769/1761/1573 1771/1684/1501
f 1774/2716/1505 1775/1685/1502 367/1687/1504 1773/2715/1765
f 1773/2715/1765 367/1687/1504 1772/181/169
f 357/170/158 354/168/156 1776/1982/1764 1777/66/64
f 367/1687/1504 353/1686/1503 67/182/170
f 353/1686/1503 352/2717/2120 368/189/176
f 1775/1688/1502 63/167/155 353/2408/1503
f 1781/1695/1511 1780/2718/1506 1782/2719/2241 1783/1693/1509
f 354/168/156 1774/1689/1505 1776/1982/1764
f 1776/1982/1764 1773/1983/1765 1778/1692/1508
f 1773/1983/1765 1780/1690/1506 1778/1692/1508
f 1790/2720/2242 1791/1697/1513 1787/1696/1512 1786/2721/2243
f 1784/1694/1510 1786/2721/2243 1785/1804/1611
f 1786/2721/2243 1787/1696/1512 1785/1804/1611
f 1786/2721/2243 1784/1694/1510 1788/2722/2244
f 1794/1701/1517 1792/1699/1515 1791/1697/1513 1793/1756/1568
f 1796/1700/1516 1797/1702/1518 1798/2723/2245 1799/1798/1605
f 1794/1701/1517 1795/1764/1576 1797/1702/1518
f 910/869/780 1028/868/779 1807/1709/1525 1810/1707/1523
f 1797/1702/1518 1800/1766/1578 1798/2723/2245
f 1798/2723/2245 1800/1766/1578 1801/1704/1520
f 1801/1704/1520 1802/2724/2246 1798/2723/2245
f 1801/1704/1520 1803/1767/1579 1804/1705/1521
f 1805/1708/1524 1853/2725/1519 1804/2726/1521
f 1804/2726/1521 1806/1706/1522 1805/1708/1524
f 1807/1709/1525 1808/1795/1602 1805/1708/1524
f 1805/1708/1524 1810/1707/1523 1807/1709/1525
f 1807/1709/1525 1027/867/778 1808/1795/1602
f 1029/737/664 910/869/780 1810/1707/1523 1809/1772/1583
f 1811/1773/1584 1030/2563/2179 1029/737/664 1809/1772/1583
f 1037/873/784 1817/1716/1532 210/1718/1533 1038/875/785
f 1030/2563/2179 1811/1773/1584 1812/1712/1528
f 1812/1712/1528 1031/1711/1527 1030/2563/2179
f 1813/1710/1526 1032/870/781 1031/1711/1527
f 1033/1714/1530 1814/1713/1529 1035/1776/1587
f 1035/1776/1587 915/743/669 1033/1714/1530
f 1035/1776/1587 1844/1775/1586 1815/1715/1531
f 1815/1715/1531 1034/871/782 1035/1776/1587
f 1844/1775/1586 1816/2727/1589 1815/1715/1531
f 1815/1717/1531 1816/1778/1589 1817/1716/1532
f 1817/1716/1532 1037/873/784 1036/874/783
f 1823/1785/1596 1824/1725/1540 1050/1727/1542 1049/880/790
f 1038/875/785 1818/1719/1534 1039/876/786
f 1038/875/785 1039/876/786 919/747/673
f 1818/1719/1534 1043/1722/1537 1039/876/786
f 1049/880/790 1821/1724/1539 1822/1783/1594
f 1062/887/795 1828/1734/1547 1064/1736/1549 1063/888/797
f 1824/1725/1540 1055/882/792 1053/1726/1541
f 1825/1729/1544 1757/2728/2239 1826/1730/1545
f 1749/2708/2237 1748/1743/1556 1074/1742/1555 1073/1739/1552
f 1064/1736/1549 1830/1735/1548 1067/892/800
f 1067/892/800 1066/890/798 1064/1736/1549
f 1753/1738/1551 1751/1744/1557 1071/1741/1554
f 1071/1741/1554 1751/1744/1557 1750/1745/1558
f 1750/1745/1558 1073/1739/1552 1071/1741/1554
f 1755/1747/1560 1829/1746/1559 1756/1749/1561 1208/1024/923
f 1748/1743/1556 1078/895/803 1074/1742/1555
f 1073/1739/1552 1750/1745/1558 1749/2708/2237
f 1754/1737/1550 1752/2709/2238 1753/1738/1551
f 1830/1735/1548 1828/1734/1547 1829/1746/1559
f 1830/1735/1548 1755/1747/1560 1754/1737/1550
f 1829/1746/1559 1828/1734/1547 1827/1733/1546
f 1829/1746/1559 1827/1733/1546 1756/1749/1561
f 1756/1749/1561 1826/1748/1545 1757/2712/2239 223/72/70
f 209/59/57 1760/1750/1562 1832/1753/1565 206/60/58
f 1757/2728/2239 1825/1729/1544 1758/1751/1563
f 1760/2713/1562 209/1791/57 1833/1755/1567 1761/1675/1492
f 1761/1675/1492 1834/1754/1566 1835/1757/1569 1762/1677/1494
f 1793/1756/1568 1835/1757/1569 1795/1764/1576 1794/1701/1517
f 1835/1757/1569 1834/1754/1566 1795/1764/1576
f 1766/1680/1497 1764/1678/1495 1790/2720/2242 1836/1758/1570
f 1793/1756/1568 1790/2720/2242 1764/1678/1495
f 1790/2720/2242 1793/1756/1568 1791/1697/1513
f 1790/2720/2242 1788/2722/2244 1836/1758/1570
f 1765/1759/1571 1836/1758/1570 1788/2722/2244 1837/1760/1572
f 1204/1020/919 1768/1682/1499 1838/1762/1574 1769/1761/1573
f 1765/1759/1571 1768/1682/1499 1767/2714/2240
f 1837/1760/1572 1838/1762/1574 1768/1682/1499
f 1784/1694/1510 1783/1693/1509 1837/1760/1572 1788/2722/2244
f 1839/1763/1575 1838/1762/1574 1782/2719/2241
f 1839/1763/1575 1782/2719/2241 1780/2718/1506
f 1780/2718/1506 1773/2715/1765 1839/1763/1575
f 1838/1762/1574 1783/1693/1509 1782/2719/2241
f 1814/1713/1529 1842/1771/1582 1843/1774/1585 1035/1776/1587
f 1788/2722/2244 1790/2720/2242 1786/2721/2243
f 1834/1754/1566 1800/1766/1578 1797/1702/1518
f 1800/1766/1578 1834/1754/1566 1833/1755/1567
f 1841/1769/1581 1804/2726/1521 1803/1770/1579
f 1806/1706/1522 1804/2726/1521 1841/1769/1581
f 1812/1712/1528 1809/1772/1583 1806/1706/1522
f 1809/1772/1583 1810/1707/1523 1806/1706/1522
f 1842/1771/1582 1813/1710/1526 1812/1712/1528
f 1842/1771/1582 1814/1713/1529 1813/1710/1526
f 206/60/58 1832/1753/1565 1823/1785/1596 1849/1784/1595
f 1844/1775/1586 1846/2729/1590 1816/2727/1589
f 1816/1778/1589 1845/1777/1588 1847/1780/1591
f 1847/1780/1591 210/1718/1533 1817/1716/1532
f 210/1718/1533 1819/1720/1535 1818/1719/1534
f 1818/1719/1534 1819/1720/1535 1043/1722/1537
f 1820/1723/1538 1819/1720/1535 27/1790/1598
f 27/1790/1598 1848/1782/1593 1820/1723/1538
f 1848/1782/1593 1822/1783/1594 1821/1724/1539
f 1822/1783/1594 1823/1785/1596 1049/880/790
f 1831/1728/1543 1823/1785/1596 1832/1753/1565
f 208/2730/1577 207/1789/59 1840/1768/1580 1803/1770/1579
f 1849/1784/1595 26/56/54 206/60/58
f 204/57/55 1845/1777/1588 205/58/56
f 204/57/55 1847/1780/1591 1845/1777/1588
f 1845/1786/1588 1846/2729/1590 1851/1787/1597
f 1851/1787/1597 1844/1775/1586 1840/1768/1580
f 1844/1775/1586 1851/1787/1597 1846/2729/1590
f 1844/1775/1586 1843/1774/1585 1840/1768/1580
f 1796/1700/1516 1857/1799/1606 1792/1699/1515 1794/1701/1517
f 1850/1781/1592 1848/1782/1593 27/1790/1598
f 1848/1782/1593 1850/1781/1592 1849/1784/1595
f 1849/1784/1595 1822/1783/1594 1848/1782/1593
f 1026/1792/1599 1808/1795/1602 1027/867/778
f 1808/1795/1602 1026/1792/1599 176/1796/1603
f 177/1797/1604 1805/1708/1524 1808/1795/1602
f 1853/2725/1519 1805/1708/1524 177/1797/1604
f 1853/1703/1519 1852/2731/2247 1855/2732/2248
f 1853/1703/1519 1855/2732/2248 1802/2724/2246
f 1802/2724/2246 1801/1704/1520 1853/1703/1519
f 1802/2724/2246 1799/1798/1605 1798/2723/2245
f 1799/1798/1605 1802/2724/2246 1856/1846/1642
f 1789/1698/1514 1861/1802/1609 1785/1804/1611 1787/1696/1512
f 1858/1800/1607 1860/2733/2249 1859/1801/1608
f 1780/1690/1506 1781/2734/1511 1864/2735/1613 1779/1691/1507
f 1862/1803/1610 1863/1805/1612 1785/1804/1611
f 1863/1805/1612 1864/1806/1613 1784/1694/1510
f 1778/1692/1508 1865/1807/1614 1777/66/64 1776/1982/1764
f 356/173/161 1868/1809/1616 382/195/181 71/197/183
f 1777/66/64 218/65/63 357/170/158
f 357/170/158 1866/1808/1615 65/171/159
f 29/62/60 216/64/62 358/172/160
f 358/172/160 1867/2736/2250 1868/1809/1616
f 1879/1826/1628 1013/856/770 1877/1821/1624 1878/1825/1627
f 1868/1809/1616 1869/1810/1617 382/195/181
f 1870/1811/1618 383/196/182 382/195/181
f 1871/1813/1620 96/1924/1713 1870/1811/1618
f 1924/1812/1619 1873/1881/1672 1872/1814/1621
f 1874/1816/1623 1957/1922/1711 1872/1814/1621
f 202/1819/52 274/103/101 203/1822/53
f 274/103/101 1876/1823/1625 203/1822/53
f 1877/1821/1624 28/1824/1626 203/1822/53
f 1020/1834/1634 897/2541/2170 1019/864/775 1883/1832/1632
f 1879/1826/1628 278/1827/1629 1015/857/771
f 1019/864/775 1882/1867/1661 1883/1832/1632
f 901/2737/777 1022/1837/776 1885/1836/1636 1023/1839/1638
f 1023/2561/1638 1886/2738/1637 1887/1840/1639 1024/2562/2178
f 177/1842/1604 1887/1841/1639 1888/1868/1662 1852/2731/2247
f 1887/1840/1639 905/2539/2169 1024/2562/2178
f 905/2539/2169 1887/1840/1639 1025/1794/1601
f 176/1796/1603 1026/1792/1599 1025/1794/1601
f 1856/1846/1642 1802/2724/2246 1854/2739/2251 1889/1844/1640
f 1852/2731/2247 1853/1703/1519 177/1842/1604
f 1852/2731/2247 1888/1868/1662 1854/2739/2251
f 1854/2739/2251 1855/2732/2248 1852/2731/2247
f 1860/2733/2249 1858/1800/1607 1891/1847/1643 1892/1878/1669
f 1802/2724/2246 1855/2732/2248 1854/2739/2251
f 1856/1846/1642 1891/1847/1643 1857/1799/1606
f 1857/1799/1606 1799/1798/1605 1856/1846/1642
f 1857/1799/1606 1891/1847/1643 1858/1800/1607
f 1860/2733/2249 1893/1848/1644 1861/1802/1609 1859/1801/1608
f 1860/2733/2249 1892/1878/1669 1893/1848/1644
f 1893/1848/1644 1894/1869/1663 1895/1849/1645
f 217/67/65 1901/2740/2252 1903/1885/1676 218/65/63
f 1896/1850/1646 1863/1805/1612 1862/1803/1610
f 1897/1851/1647 1898/1855/1649 1864/2735/1613
f 1897/1851/1647 1864/2735/1613 1863/1852/1612
f 1897/1851/1647 1899/2741/2253 1898/1855/1649
f 1898/1855/1649 1779/1691/1507 1864/2735/1613
f 1898/1855/1649 1865/1807/1614 1779/1691/1507
f 1901/2740/2252 1865/1807/1614 1902/1874/1667
f 1901/2740/2252 217/67/65 1865/1807/1614
f 1901/2740/2252 1902/1874/1667 1903/1885/1676
f 1904/1856/1650 1866/1808/1615 218/65/63 1903/1885/1676
f 215/63/61 29/62/60 1866/1808/1615 1904/1856/1650
f 201/52/50 216/64/62 215/63/61 1905/1857/1651
f 29/62/60 65/171/159 1866/1808/1615
f 1912/1861/1655 276/105/103 1911/1859/1653 1899/2741/2253
f 1904/1856/1650 1907/2742/2254 1906/1858/1652
f 1907/2742/2254 1904/1856/1650 1909/1873/1666
f 1907/2742/2254 1911/1859/1653 1906/1858/1652
f 1907/2742/2254 1909/1873/1666 1911/1859/1653
f 1911/1859/1653 1910/1882/1673 1908/1860/1654
f 1911/1859/1653 275/104/102 1910/1882/1673
f 1921/1880/1671 276/105/103 1913/1862/1656 1914/1865/1659
f 1916/1863/1657 1914/1865/1659 1913/1862/1656 1915/1871/1665
f 1912/1861/1655 1915/1871/1665 1913/1862/1656
f 1019/864/775 1881/1830/1631 1918/1877/1668 1882/1867/1661
f 1914/1865/1659 1917/1864/1658 44/1879/1670
f 1917/1875/1658 1918/1877/1668 1881/1830/1631
f 1918/1877/1668 1892/1878/1669 1882/1867/1661
f 1889/1844/1640 1883/1832/1632 1919/1866/1660 1890/1845/1641
f 1892/1878/1669 1891/1847/1643 1882/1867/1661
f 1882/1867/1661 1919/1866/1660 1883/1832/1632
f 1883/1832/1632 1889/1844/1640 1884/1835/1635 1021/1833/1633
f 1888/1868/1662 1884/1835/1635 1889/1844/1640 1854/2739/2251
f 1920/1870/1664 1894/1869/1663 1892/1878/1669 1917/1875/1658
f 1867/2736/2250 200/51/49 1869/1810/1617 1868/1809/1616
f 1894/1869/1663 1893/1848/1644 1892/1878/1669
f 1920/1872/1664 1915/1871/1665 1896/1853/1646
f 1896/1853/1646 1915/1871/1665 1897/1851/1647
f 1897/1851/1647 1912/1861/1655 1899/2741/2253
f 1899/2741/2253 1911/1859/1653 1900/1854/1648
f 1900/1854/1648 1898/1855/1649 1899/2741/2253
f 1902/1874/1667 1865/1807/1614 1900/1854/1648
f 1909/1873/1666 1903/1885/1676 1902/1874/1667
f 1880/1828/1630 1917/1864/1658 1881/1829/1631
f 44/1879/1670 1880/1828/1630 278/1827/1629
f 1921/1880/1671 44/1879/1670 1878/1825/1627
f 274/103/101 1875/1815/1622 1922/1883/1674
f 1922/1883/1674 1910/1882/1673 275/104/102
f 1908/1860/1654 1923/1884/1675 1906/1858/1652
f 1906/1858/1652 1923/1884/1675 1905/1857/1651
f 1905/1857/1651 199/50/48 201/52/50
f 199/50/48 1870/1811/1618 200/51/49
f 216/64/62 201/52/50 200/51/49 1867/2736/2250
f 1872/1814/1621 1873/1881/1672 1922/1883/1674 1875/1815/1622
f 1867/2736/2250 358/172/160 216/64/62
f 1925/1890/1681 1011/854/769 1927/1886/1677 1928/1887/1678
f 1879/1826/1628 44/1879/1670 278/1827/1629
f 1874/1817/1623 1925/1890/1681 1957/1920/1711
f 1011/854/769 1925/1890/1681 1874/1817/1623
f 1930/1891/1682 1928/1887/1678 1927/1886/1677 1929/2743/2255
f 1929/2743/2255 1927/1886/1677 1009/849/764 212/851/766
f 1932/1894/1685 1934/1893/1684 1935/1899/1690 7/1898/1689
f 1929/2743/2255 1932/1894/1685 1930/1891/1682
f 1929/2743/2255 1008/848/763 1932/1894/1685
f 1008/848/763 1933/1892/1683 1932/1894/1685
f 1008/848/763 1929/2743/2255 212/851/766
f 1008/848/763 1007/846/761 1933/1892/1683
f 1007/846/761 1006/842/757 1933/1892/1683
f 1935/1899/1690 1936/2744/1686 1937/2745/1687 1938/1897/1688
f 1933/1892/1683 1936/2744/1686 1934/1893/1684
f 1933/1892/1683 1005/841/755 1936/2744/1686
f 1936/1895/1686 1004/838/754 995/826/743
f 1936/2744/1686 1935/1899/1690 1934/1893/1684
f 1004/838/754 1936/1895/1686 1005/839/755
f 1004/838/754 999/2558/2177 996/827/744
f 999/2558/2177 1001/830/747 996/827/744
f 1939/1900/1691 1938/1897/1688 1937/2745/1687 993/1981/741
f 1953/1913/1704 1951/2370/2098 1950/1912/1703 1952/2746/1712
f 1938/1897/1688 1939/1900/1691 1940/1902/1693
f 1940/1902/1693 1941/1904/1695 104/1903/1694
f 104/1903/1694 1942/1905/1696 102/2365/2094
f 102/2365/2094 1942/1905/1696 1943/1907/1698
f 1943/1907/1698 1944/1919/1710 102/2365/2094
f 1943/1907/1698 1945/1906/1697 1946/1909/1700
f 1945/1906/1697 1947/2747/2256 1946/1909/1700
f 1946/1909/1700 1996/1962/1748 1948/1910/1701
f 1950/1912/1703 1951/2370/2098 1949/1911/1702
f 1954/1915/1706 1956/1916/1707 109/1917/1708 1951/2370/2098
f 1951/2370/2098 1953/1913/1704 1954/1915/1706
f 1955/1914/1705 1956/1916/1707 1954/1915/1706
f 1956/1916/1707 1955/1914/1705 1926/1889/1680
f 1926/1889/1680 1931/1888/1679 1956/1916/1707
f 1932/1894/1685 7/1898/1689 1931/1888/1679 1930/1891/1682
f 109/1917/1708 1931/1888/1679 103/1918/1709
f 103/1918/1709 1931/1888/1679 7/1898/1689
f 1952/2746/1712 1957/1920/1711 1955/1914/1705 1953/1913/1704
f 1944/1919/1710 1943/1907/1698 108/1908/1699
f 103/1918/1709 102/2365/2094 1944/1919/1710
f 1955/1914/1705 1925/1890/1681 1926/1889/1680
f 1169/1931/1720 125/1930/1719 1958/1964/1749 1959/1932/1721
f 96/1924/1713 6/1925/1714 383/196/182
f 383/196/182 1870/1811/1618 96/1924/1713
f 383/196/182 6/1925/1714 1175/975/876
f 1175/975/876 381/978/879 383/196/182
f 1175/975/876 124/1926/1715 1172/1928/1717
f 124/1926/1715 125/1930/1719 12/1927/1716
f 98/1929/1718 1958/1964/1749 125/1930/1719
f 1159/1941/867 1160/1938/868 1966/2748/2257 1967/1939/1726
f 1959/1932/1721 1167/1934/1723 1166/974/875
f 1167/1934/1723 1960/1933/1722 1961/1965/1750
f 1167/1934/1723 1962/1935/1724 1165/971/872
f 1963/1937/1725 1964/1967/1752 1965/1969/1754
f 1963/1937/1725 1965/1969/1754 1160/1938/868
f 1965/1969/1754 1966/2748/2257 1160/1938/868
f 1970/2749/2258 1968/1940/1727 1967/1939/1726 1969/2750/2259
f 1972/1942/1728 1968/1940/1727 1970/2749/2258 1971/1944/1730
f 1968/1940/1727 310/142/134 309/141/133
f 1974/1945/1731 1971/1944/1730 53/2400/2116 1975/1946/1732
f 1979/1976/1760 1976/1947/1733 1977/2751/2260 1978/2752/2261
f 1975/1946/1732 1977/2751/2260 1976/1947/1733
f 1987/1954/1740 1985/1952/1738 1982/1951/1737 1986/1972/1757
f 1977/2751/2260 1975/1946/1732 313/1977/1761
f 1977/2751/2260 1980/1948/1734 1978/2752/2261
f 1980/1948/1734 1981/1950/1736 1978/2752/2261
f 1980/1948/1734 1977/2751/2260 94/1979/1763
f 1981/1950/1736 1982/1951/1737 111/2368/2096
f 1981/1950/1736 1983/1949/1735 1982/1951/1737
f 1985/1952/1738 1940/1902/1693 1984/1953/1739
f 1985/1952/1738 1987/1954/1740 1988/1956/1742 1941/1904/1695
f 1962/1936/1724 1995/1959/1745 1993/1957/1743 1998/2753/2262
f 1987/1954/1740 1991/2754/2263 1990/1955/1741
f 1992/1958/1744 1947/2747/2256 1990/1955/1741
f 1992/1958/1744 1994/1960/1746 1947/2747/2256
f 1994/1960/1746 1996/1962/1748 1946/1909/1700
f 1997/1961/1747 98/1973/1718 1996/1962/1748
f 98/1929/1718 6/1925/1714 97/2366/1758
f 1997/1963/1747 1995/2755/1745 1961/1965/1750
f 1997/1963/1747 1961/1965/1750 1958/1964/1749
f 1167/1934/1723 1961/1965/1750 1995/2755/1745 1962/1935/1724
f 1966/2748/2257 1965/1969/1754 1999/1966/1751 2000/2756/2264
f 1998/2753/2262 1989/1968/1753 1963/1937/1725
f 1998/2753/2262 1963/1937/1725 1962/1936/1724
f 1989/1968/1753 1998/2753/2262 1991/2754/2263
f 1989/1968/1753 1964/1967/1752 1963/1937/1725
f 1967/1939/1726 1966/2748/2257 2000/2756/2264 1969/2750/2259
f 92/1978/1762 1969/2750/2259 2000/2756/2264 2001/1971/1756
f 312/2401/2117 2002/2757/2265 92/1978/1762 313/1977/1761
f 1969/2750/2259 92/1978/1762 2002/2757/2265
f 2002/2757/2265 1970/2749/2258 1969/2750/2259
f 2002/2757/2265 312/2401/2117 1970/2749/2258
f 1986/1972/1757 1983/1949/1735 93/1970/1755 2001/1971/1756
f 2001/1971/1756 93/1970/1755 92/1978/1762
f 2001/1971/1756 2000/2756/2264 1999/1966/1751
f 93/1970/1755 1980/1948/1734 94/1979/1763
f 1990/1955/1741 1991/2754/2263 1998/2753/2262 1993/1957/1743
f 1986/1972/1757 1982/1951/1737 1983/1949/1735
f 1986/1972/1757 1999/1966/1751 1989/1968/1753
f 1989/1968/1753 1987/1954/1740 1986/1972/1757
f 1991/2754/2263 1987/1954/1740 1989/1968/1753
f 1988/1956/1742 1990/1955/1741 1947/2747/2256 1945/1906/1697
f 1993/1957/1743 1995/1959/1745 1992/1958/1744
f 97/1974/1758 1948/1910/1701 1996/1962/1748
f 1946/1909/1700 1947/2747/2256 1994/1960/1746
f 111/2368/2096 1982/1951/1737 1984/1953/1739 112/1901/1692
f 1988/1956/1742 1942/1905/1696 1941/1904/1695
f 984/815/733 1973/1943/1729 1974/1945/1731 987/816/734
f 111/2368/2096 1978/2752/2261 1981/1950/1736
f 1978/2752/2261 111/2368/2096 110/1975/1759
f 110/1975/1759 1979/1976/1760 1978/2752/2261
f 1976/1947/1733 1979/1976/1760 987/816/734
f 987/816/734 1974/1945/1731 1976/1947/1733
f 983/2556/1982 982/144/131 1973/1943/1729 984/815/733
f 982/139/131 157/2377/2103 156/27/27
f 312/2401/2117 53/2400/2116 1971/1944/1730 1970/2749/2258
f 1977/2751/2260 313/1977/1761 94/1979/1763
f 1975/1946/1732 53/2400/2116 313/1977/1761
f 195/48/46 1748/1743/1556 1225/2589/2192 24/49/47
f 1939/1900/1691 113/821/739 112/1901/1692
f 364/194/180 369/185/173 1197/1984/1766 67/182/170
f 1215/1031/930 1213/203/189 390/202/188
f 1207/1023/922 1205/1021/920 392/205/191
f 1202/1018/917 394/2413/2124 393/206/192
f 369/185/173 364/194/180 70/191/177 68/183/171
f 49/127/117 302/126/119 2011/1990/1772 2012/1993/1775
f 121/1011/910 122/1012/911 119/995/894
f 2/1004/903 1192/1003/902 342/1005/904
f 1191/1002/901 2/1004/903 1194/1626/1451
f 1184/1148/1036 1183/2585/892 359/176/164
f 363/178/166 362/177/165 1181/2584/884
f 1181/985/884 1178/981/882 1177/986/885
f 166/938/843 1139/2576/2185 233/2385/2108
f 950/778/700 2003/2107/1879 1120/929/834
f 2003/2107/1879 2004/2106/1878 2005/1985/1767
f 2003/2107/1879 2005/1985/1767 1120/929/834
f 1120/929/834 2005/1985/1767 1118/926/831
f 1118/926/831 1119/928/833 1120/929/834
f 2006/1986/1768 2007/1987/1769 1118/926/831
f 2008/1988/1770 2009/1989/1771 2007/1987/1769
f 2007/1987/1769 2009/1989/1771 1117/927/832
f 2009/1989/1771 1114/921/826 4/920/825
f 1114/921/826 2009/1989/1771 2010/1991/1773
f 2010/1991/1773 1115/919/824 1114/921/826
f 2011/1990/1772 302/126/119 1113/1992/1774
f 2016/1997/1778 299/124/118 2014/2758/1777 2015/2120/1892
f 2012/1993/1775 2013/2115/1887 298/1994/1776
f 2158/2160/1924 2019/2163/1926 1097/904/812 1102/908/816
f 2017/911/819 2090/2064/1844 2018/1998/1779
f 2018/1998/1779 1105/1999/1780 1107/909/817
f 1105/1999/1780 2018/1998/1779 374/2158/1922
f 1105/1999/1780 1102/908/816 1101/907/815
f 1102/908/816 1105/1999/1780 2086/2159/1923
f 1102/908/816 1097/904/812 1100/906/814
f 1094/905/813 1097/904/812 2019/2163/1926 1095/2564/2180
f 1084/900/808 1086/2759/1785 2024/2170/1930 1083/901/809
f 1095/2564/2180 2019/2163/1926 2020/2162/1925
f 1095/2564/2180 2021/2001/1782 1090/2000/1781
f 1095/2564/2180 1090/2000/1781 1092/2565/2181
f 2021/2001/1782 1095/2564/2180 2022/2165/1927
f 2023/2167/1783 2024/2170/1930 1086/2759/1785
f 1080/902/810 1083/901/809 2025/2169/1929 1079/2760/807
f 1083/901/809 2024/2170/1930 2025/2169/1929
f 1076/896/804 2026/2761/1933 2027/2005/1786 1077/2007/1788
f 1079/2760/807 2025/2169/1929 2026/2173/1933
f 1060/2016/1796 1059/886/796 2032/2013/1793 2166/2181/1938
f 2026/2761/1933 1076/896/804 1079/899/807
f 2028/2006/1787 1074/1742/1555 1077/2007/1788
f 2030/2009/1790 2295/2011/1792 1065/891/799
f 1065/891/799 1068/894/802 2030/2009/1790
f 2032/2013/1793 1061/158/148 2031/157/147
f 1053/1726/1541 1052/2020/1800 2037/2019/1799 1051/2021/1801
f 2033/2014/1794 2035/2183/1940 2034/2015/1795
f 1046/878/788 1048/2023/1803 2040/2025/1805 2041/2026/1806
f 1041/2027/1807 2041/2026/1806 2042/2190/1947 1042/2030/1810
f 2045/2034/1814 2046/2035/1815 2047/2037/1817 2048/2087/1861
f 1042/2030/1810 2042/2190/1947 2043/2189/1946
f 2043/2189/1946 290/2028/1808 1042/2030/1810
f 290/2028/1808 2043/2189/1946 2044/2031/1811
f 2044/2031/1811 288/107/105 290/2028/1808
f 288/107/105 2175/2032/1812 407/2033/1813
f 2051/2083/1859 2047/2037/1817 2049/2036/1816 2050/2212/1969
f 2078/2762/2266 2074/2053/1833 2077/2055/1835 2162/2172/1932
f 2050/2212/1969 2052/2081/1857 2053/2084/1860
f 2054/2040/1820 2052/2081/1857 2056/2038/1818
f 2057/2041/1821 2055/2039/1819 2059/2213/1970
f 2061/2043/1823 2062/2047/1827 2060/2044/1824
f 2064/2046/1826 2065/2049/1829 2062/2047/1827
f 2065/2049/1829 2066/2048/1828 2067/2051/1831
f 2067/2051/1831 2068/2076/1853 2065/2049/1829
f 2067/2051/1831 2066/2048/1828 2069/2052/1832
f 2069/2052/1832 2071/2216/1973 2070/2050/1830
f 2070/2073/1830 2073/2763/2267 2072/2071/1851
f 2076/2054/1834 2074/2053/1833 2075/2072/1852
f 2079/2764/2268 2075/2072/1852 2074/2053/1833 2078/2762/2266
f 2086/2159/1923 2084/2765/2269 2085/2161/1839 2158/2160/1924
f 2078/2762/2266 2080/2766/2270 2079/2764/2268
f 377/2411/2122 2097/2070/1850 2079/2764/2268
f 2079/2764/2268 2080/2766/2270 377/2411/2122
f 2082/2058/1838 2095/2068/1848 2081/2056/1836
f 2082/2058/1838 2085/2059/1839 2084/2767/2269
f 2084/2767/2269 2095/2068/1848 2082/2058/1838
f 2087/2060/1840 376/2062/1842 2084/2765/2269 2086/2159/1923
f 2136/2149/1917 2092/2768/2271 2088/2063/1843 2091/2065/1845
f 2089/2061/1841 2090/2064/1844 2088/2063/1843
f 2090/2064/1844 2089/2061/1841 374/2158/1922
f 374/2158/1922 2018/1998/1779 2090/2064/1844
f 2097/2070/1850 2098/2069/1849 2075/2072/1852 2079/2764/2268
f 2092/2768/2271 2093/2769/2272 376/2062/1842
f 2092/2768/2271 376/2062/1842 2088/2063/1843
f 2093/2769/2272 69/2770/2121 376/2062/1842
f 2093/2769/2272 2100/2771/2273 69/2770/2121
f 2097/2070/1850 2095/2068/1848 2096/2067/1847
f 2097/2070/1850 377/2411/2122 2095/2068/1848
f 2055/2039/1819 2058/2042/1822 2102/2122/1894 2054/2040/1820
f 2075/2072/1852 2072/2071/1851 2076/2054/1834
f 2098/2069/1849 2070/2073/1830 2072/2071/1851
f 2099/2078/1854 2062/2047/1827 2065/2049/1829
f 2062/2047/1827 2099/2078/1854 2100/2772/2273
f 2060/2044/1824 2058/2042/1822 2057/2041/1821
f 2058/2042/1822 2060/2044/1824 2101/2773/2274
f 84/3/3 292/111/109 2109/2090/1864 83/1/1
f 2104/2080/1856 2053/2084/1860 2052/2081/1857
f 2053/2084/1860 2051/2083/1859 2050/2212/1969
f 2106/2088/1862 2107/2157/1921 2048/2087/1861
f 2048/2087/1861 291/110/108 289/108/106
f 289/108/106 2045/2034/1814 2048/2087/1861
f 291/110/108 2109/2090/1864 292/111/109
f 2108/2089/1863 2111/2774/1866 925/2093/678 2110/2091/1865
f 2109/2090/1864 921/752/676 83/1/1
f 2110/2091/1865 2109/2090/1864 291/110/108
f 929/757/681 926/756/680 2111/2094/1866 2107/2775/1921
f 2112/2095/1867 929/757/681 2107/2775/1921 2106/2128/1862
f 929/757/681 2112/2095/1867 931/2097/1869 930/2364/2093
f 2115/2776/1920 933/2546/2171 2114/2127/1897 254/2777/88
f 2112/2095/1867 2106/2128/1862 2113/2096/1868
f 2113/2096/1868 2114/2127/1897 933/2546/2171
f 933/2546/2171 932/760/684 2113/2096/1868
f 933/2778/2171 2116/2098/1870 937/765/687 935/764/685
f 933/2778/2171 2115/2156/1920 2116/2098/1870
f 2118/2101/1873 940/766/688 2117/2099/1871 2149/2138/1906
f 2004/2106/1878 947/776/698 2122/2105/1877 2123/2108/1880
f 940/766/688 2118/2101/1873 943/2100/1872
f 943/2100/1872 942/767/689 940/766/688
f 2119/770/692 2118/2101/1873 2120/2103/1875
f 2120/2103/1875 2121/2104/1876 946/775/697
f 2151/2139/1907 2125/2141/1909 2006/1986/1768 2124/2109/1881
f 2124/2109/1881 2006/1986/1768 2123/2108/1880
f 2015/2120/1892 2091/2065/1845 2017/911/819 2016/1997/1778
f 2125/2141/1909 2008/1988/1770 2006/1986/1768
f 2125/2141/1909 2126/2110/1882 2008/1988/1770
f 2127/2111/1883 2010/1991/1773 2009/1989/1771
f 2127/2111/1883 2126/2110/1882 2129/2113/1885
f 2127/2111/1883 2128/2112/1884 2010/1991/1773
f 2128/2112/1884 2127/2111/1883 2129/2113/1885
f 2128/2112/1884 2012/1993/1775 2011/1990/1772
f 2128/2112/1884 2130/2114/1886 2012/1993/1775
f 2130/2114/1886 2131/2142/1910 2132/2116/1888
f 2130/2114/1886 2132/2116/1888 2013/2115/1887
f 2013/2115/1887 2133/2117/1889 2134/2118/1890
f 2134/2118/1890 298/1994/1776 2013/2115/1887
f 2134/2779/1890 2015/2120/1892 2014/2758/1777
f 2051/2085/1859 2105/2126/1858 256/2130/1898 255/91/89
f 2135/2119/1891 2136/2149/1917 2091/2065/1845
f 2136/2149/1917 2094/2780/2275 2092/2768/2271
f 2094/2780/2275 2093/2769/2272 2092/2768/2271
f 2136/2149/1917 2137/2148/1916 2094/2780/2275
f 2094/2781/2275 2137/2782/1916 2100/2772/2273
f 2100/2771/2273 2093/2769/2272 2094/2780/2275
f 2099/2078/1854 69/2783/2121 2100/2772/2273
f 2100/2772/2273 2138/2121/1893 2062/2047/1827
f 2138/2121/1893 2100/2772/2273 2137/2782/1916
f 2138/2121/1893 2101/2773/2274 2060/2044/1824
f 2101/2773/2274 2102/2122/1894 2058/2042/1822
f 2102/2122/1894 2139/2154/1895 2103/2079/1855
f 2103/2079/1855 2139/2154/1895 2104/2080/1856
f 2104/2080/1856 2105/2082/1858 2053/2084/1860
f 2140/2124/1896 256/2130/1898 2105/2126/1858
f 2142/2131/1899 256/2130/1898 2140/2124/1896 2141/2143/1911
f 254/2777/88 2114/2127/1897 2047/2129/1817
f 2114/2127/1897 2113/2096/1868 2106/2128/1862
f 2144/2134/1902 36/92/90 2142/2131/1899 2143/2132/1900
f 2144/2134/1902 2146/2135/1903 2147/2137/1905 2116/2098/1870
f 2131/2142/1910 2130/2114/1886 2146/2135/1903 2145/2133/1901
f 2149/2138/1906 2148/2136/1904 2151/2139/1907
f 2121/2104/1876 2120/2103/1875 2118/2101/1873
f 2150/2140/1908 2126/2110/1882 2125/2141/1909
f 2126/2110/1882 2146/2135/1903 2130/2114/1886
f 2141/2143/1911 2131/2142/1910 2143/2132/1900 2142/2131/1899
f 2015/2120/1892 2134/2779/1890 2153/2152/1913 2154/2146/1914
f 2131/2142/1910 2141/2143/1911 2132/2116/1888
f 2132/2116/1888 2141/2143/1911 2133/2117/1889
f 2152/2144/1912 2134/2118/1890 2133/2117/1889
f 2156/2155/1919 2102/2122/1894 2101/2773/2274 2138/2121/1893
f 2154/2146/1914 2155/2147/1915 2135/2119/1891
f 2155/2147/1915 2136/2149/1917 2135/2119/1891
f 2155/2784/1915 2156/2155/1919 2137/2782/1916
f 2137/2782/1916 2156/2155/1919 2138/2121/1893
f 2157/2153/1918 2139/2123/1895 2156/2785/1919
f 2155/2147/1915 2154/2146/1914 2153/2152/1913
f 2150/2140/1908 2151/2139/1907 2148/2136/1904
f 2144/2134/1902 2115/2156/1920 36/92/90
f 2165/2786/1935 2028/2176/1787 2163/2174/1934 2164/2787/2276
f 2111/2774/1866 2108/2089/1863 2107/2157/1921
f 2110/2091/1865 291/110/108 2108/2089/1863
f 2099/2078/1854 375/2077/1846 69/2783/2121
f 2068/2075/1853 2096/2067/1847 375/2066/1846
f 2086/2159/1923 1105/1999/1780 374/2158/1922
f 2158/2160/1924 2085/2161/1839 2019/2163/1926
f 2020/2162/1925 2085/2161/1839 2083/2164/1837
f 2020/2162/1925 2022/2165/1927 1095/2564/2180
f 2022/2788/1927 2159/2166/1928 2021/2168/1782
f 2159/2166/1928 2160/2789/2277 2023/2167/1783
f 2160/2789/2277 2025/2169/1929 2023/2167/1783
f 2025/2169/1929 2160/2789/2277 2161/2171/1931
f 2161/2171/1931 2026/2173/1933 2025/2169/1929
f 2162/2172/1932 2027/2175/1786 2026/2173/1933
f 2030/2009/1790 2029/2008/1789 2165/2177/1935 16/2178/1936
f 2041/2026/1806 2040/2025/1805 2173/2790/2278 2042/2190/1947
f 2030/2009/1790 135/2179/1937 2295/2011/1792
f 2031/157/147 59/2362/2091 2166/2181/1938
f 2166/2181/1938 2032/2013/1793 2031/157/147
f 2166/2181/1938 2168/2197/1954 2167/2182/1939
f 2167/2182/1939 2035/2183/1940 2033/2014/1794
f 2036/2018/1798 2171/2186/1943 2037/2019/1799
f 2038/2022/1802 2171/2186/1943 2180/2193/1950
f 2038/2022/1802 2172/2187/1944 2039/2024/1804
f 2172/2187/1944 2038/2022/1802 2179/2192/1949
f 2172/2187/1944 2173/2790/2278 2040/2025/1805
f 2176/2191/1948 2174/2188/1945 2042/2190/1947 2173/2790/2278
f 2177/2209/1966 78/2416/2127 2175/2032/1812 2176/2191/1948
f 78/2416/2127 407/2033/1813 2175/2032/1812
f 2184/2196/1953 2168/2197/1954 2185/2198/1955 2186/2202/1959
f 2176/2191/1948 2173/2790/2278 2178/2791/2279
f 2173/2790/2278 2179/2192/1949 2178/2791/2279
f 2179/2192/1949 2173/2790/2278 2172/2187/1944
f 2179/2192/1949 2180/2193/1950 2181/2222/1977
f 2180/2193/1950 2171/2186/1943 2170/2185/1942
f 2170/2185/1942 2169/2184/1941 2183/2195/1952
f 2183/2195/1952 2035/2183/1940 2184/2196/1953
f 2184/2196/1953 2167/2182/1939 2168/2197/1954
f 2049/2036/1816 2046/2035/1815 2198/2211/1968 2197/2210/1967
f 2185/2198/1955 2166/2181/1938 59/2362/2091
f 2185/2198/1955 59/2362/2091 333/2199/1956
f 2185/2198/1955 2187/2200/1957 2186/2202/1959
f 2188/2201/1958 2189/2792/2280 2190/2203/1960
f 2190/2203/1960 2189/2792/2280 2191/2204/1961
f 2182/2194/1951 2192/2205/1962 2180/2193/1950
f 2193/2206/1963 2181/2222/1977 2180/2193/1950
f 2181/2222/1977 2178/2791/2279 2179/2192/1949
f 2178/2791/2279 2181/2222/1977 2194/2221/1976
f 2194/2221/1976 2195/2207/1964 2178/2791/2279
f 2195/2207/1964 2176/2191/1948 2178/2791/2279
f 2195/2207/1964 2177/2209/1966 2176/2191/1948
f 2177/2209/1966 2198/2211/1968 78/2416/2127
f 2045/2034/1814 407/2033/1813 2198/2211/1968
f 2050/2212/1969 2049/2036/1816 2197/2210/1967 2056/2038/1818
f 2202/2220/1975 2073/2793/2267 2201/2794/2281 2187/2200/1957
f 2194/2221/1976 2061/2043/1823 2059/2213/1970
f 2194/2221/1976 2063/2045/1825 2061/2043/1823
f 2063/2045/1825 2194/2221/1976 2193/2206/1963
f 2199/2214/1971 2066/2048/1828 2064/2046/1826
f 2199/2214/1971 2192/2205/1962 2200/2215/1972
f 2071/2216/1973 2201/2794/2281 2073/2793/2267
f 2073/2793/2267 2070/2050/1830 2071/2216/1973
f 2080/2766/2270 2159/2166/1928 2081/2056/1836 377/2411/2122
f 2076/2054/1834 2072/2071/1851 2073/2763/2267
f 2073/2763/2267 2202/2795/1975 2076/2054/1834
f 136/2217/1974 2164/2787/2276 2077/2055/1835
f 2164/2787/2276 2163/2174/1934 2077/2055/1835
f 2162/2172/1932 2161/2171/1931 2080/2766/2270
f 2080/2766/2270 2078/2762/2266 2162/2172/1932
f 2080/2766/2270 2161/2171/1931 2160/2789/2277
f 2160/2789/2277 2159/2166/1928 2080/2766/2270
f 2202/2795/1975 16/2796/1936 136/2217/1974 2076/2054/1834
f 135/2219/1937 333/2199/1956 2295/2404/1792
f 16/2218/1936 2202/2220/1975 333/2199/1956
f 2200/2215/1972 2189/2792/2280 2201/2794/2281 2071/2216/1973
f 2187/2200/1957 2201/2794/2281 2189/2792/2280 2188/2201/1958
f 2177/2209/1966 2196/2208/1965 2056/2038/1818 2197/2210/1967
f 2189/2792/2280 2200/2215/1972 2192/2205/1962
f 2192/2205/1962 2191/2204/1961 2189/2792/2280
f 2199/2214/1971 2193/2206/1963 2192/2205/1962
f 2059/2213/1970 2196/2208/1965 2194/2221/1976
f 16/2796/1936 2165/2786/1935 2164/2787/2276 136/2217/1974
f 2083/2057/1837 2081/2056/1836 2159/2166/1928 2022/2788/1927
f 877/2797/2167 2203/2227/1979 997/829/746 879/2226/1978
f 2095/2068/1848 2084/2767/2269 376/2409/1842
f 1119/928/833 294/113/111 293/112/110
f 879/2226/1978 997/829/746 998/832/749
f 994/828/745 2203/2227/1979 875/697/628 992/824/742
f 869/2798/622 989/2229/738 871/2228/1980 870/2532/623
f 992/824/742 875/697/628 874/696/627
f 874/696/627 991/2230/740 992/824/742
f 991/2230/740 874/696/627 871/2228/1980
f 245/82/80 244/81/79 986/2232/1981 868/687/621
f 989/820/738 869/2799/622 986/2557/1981
f 986/2557/1981 985/818/736 989/820/738
f 876/2531/2166 875/697/628 2203/2227/1979 877/2797/2167
f 110/1975/1759 9/2369/2097 990/819/737 988/817/735
f 189/45/43 881/701/632 880/700/631
f 934/2241/1988 2209/2242/1989 930/2364/2093 931/2097/1869
f 1149/2555/2176 978/811/729 977/2553/2174
f 832/2547/2172 2204/2236/1983 939/762/686
f 941/768/690 831/2522/2160 832/2547/2172
f 2204/2236/1983 2205/2800/2282 938/2237/1984
f 938/2801/1984 2206/2238/1985 936/759/683
f 936/763/683 939/762/686 938/2237/1984
f 936/759/683 2207/2239/1986 934/2241/1988
f 934/2241/1988 932/760/684 936/759/683
f 2209/2242/1989 87/2363/2092 930/2364/2093
f 2218/2284/2030 2211/2244/1991 928/2245/1992 2210/5/5
f 2210/5/5 928/2245/1992 927/758/682
f 2215/2802/2283 37/95/93 2214/2246/1993 2216/2803/2284
f 2211/2244/1991 2212/2248/1994 2213/2243/1990
f 2213/2243/1990 2214/2246/1993 922/2804/2055
f 922/2804/2055 2214/2246/1993 378/2247/175
f 922/2804/2055 921/2545/676 2213/2243/1990
f 37/95/93 2215/2802/2283 2257/2282/2028
f 2257/2282/2028 259/93/91 37/95/93
f 2220/2805/2285 2219/2270/2016 2218/2284/2030 2210/5/5
f 2216/2803/2284 2214/2246/1993 2217/2249/1995
f 2212/2248/1994 2218/2284/2030 2217/2249/1995
f 2219/2270/2016 262/2271/2017 2218/2284/2030
f 2236/2261/2007 2233/2806/2286 2234/2287/2033 2235/2807/2287
f 2221/2251/1997 2224/2267/2013 2220/2805/2285
f 2220/2805/2285 3/4/4 2222/2297/2043
f 2220/2805/2285 2222/2297/2043 2221/2251/1997
f 2223/2250/1996 2224/2267/2013 2221/2251/1997
f 2225/2253/1999 2226/2252/1998 2227/2254/2000
f 2228/2255/2001 2239/2265/2011 2225/2253/1999
f 2231/2259/2005 2233/2806/2286 2232/2260/2006
f 818/2518/2158 2236/2261/2007 2235/2807/2287 820/2519/2159
f 2235/2807/2287 2234/2287/2033 821/647/582
f 821/647/582 706/645/580 2235/2807/2287
f 39/2389/2111 261/2269/2015 2243/2268/2014 2244/2808/2288
f 820/2519/2159 819/644/579 818/2518/2158
f 820/2519/2159 2235/2807/2287 706/645/580
f 2236/2261/2007 818/2518/2158 2237/2262/2008
f 2236/2261/2007 2232/2260/2006 2233/2806/2286
f 2239/2265/2011 2228/2255/2001 2238/2256/2002
f 2219/2270/2016 2220/2805/2285 2224/2267/2013
f 2249/2275/2021 2248/2273/2019 2242/2266/2012 2241/2264/2010
f 2244/2808/2288 38/2283/2029 39/2389/2111
f 2244/2808/2288 2243/2268/2014 2245/2272/2018
f 2245/2272/2018 2242/2266/2012 2246/2274/2020
f 2246/2274/2020 2247/2280/2026 2245/2272/2018
f 2252/632/573 2237/2262/2008 818/2518/2158 817/643/578
f 2250/2276/2022 2230/2258/2004 2251/2277/2023
f 2237/2262/2008 2252/632/573 811/630/572
f 38/2283/2029 2244/2808/2288 2254/2279/2025 2255/2285/2031
f 811/630/572 2251/2277/2023 2237/2262/2008
f 2250/2276/2022 2251/2277/2023 681/628/571
f 2248/2273/2019 809/479/440 2246/2274/2020
f 2246/2274/2020 677/626/569 2247/2280/2026
f 2247/2280/2026 2254/2279/2025 2244/2808/2288 2245/2272/2018
f 2257/2282/2028 2215/2802/2283 260/2390/2112 38/2283/2029
f 2255/2285/2031 2256/2281/2027 38/2283/2029
f 262/2271/2017 260/2390/2112 2216/2803/2284 2217/2249/1995
f 2215/2802/2283 2216/2803/2284 260/2390/2112
f 807/621/564 2258/2809/2289 2253/2286/2032 675/622/565
f 2256/2281/2027 2258/2809/2289 2257/2282/2028
f 2258/2809/2289 2256/2281/2027 2253/2286/2032
f 2253/2286/2032 2254/2279/2025 808/623/566
f 2253/2286/2032 2255/2285/2031 2254/2279/2025
f 2258/2809/2289 807/621/564 259/93/91
f 259/93/91 2257/2282/2028 2258/2809/2289
f 825/652/587 2259/2289/2035 2260/2303/2049 2261/2290/2036
f 38/2283/2029 260/2390/2112 39/2389/2111
f 2234/2287/2033 2233/2806/2286 823/2288/2034
f 2234/2287/2033 823/2288/2034 822/650/585
f 2233/2806/2286 2231/2259/2005 823/2288/2034
f 2262/2810/2290 2264/2811/2037 827/2524/590 2261/2290/2036
f 2261/2290/2036 827/2524/590 826/653/588
f 2205/2800/2282 2204/2236/1983 830/2292/2038 2264/2291/2037
f 2205/2812/2282 2265/2813/2291 2206/2238/1985 938/2801/1984
f 830/2292/2038 829/2491/2153 828/656/591
f 2205/2812/2282 2264/2811/2037 2263/2814/2292
f 2266/2305/2051 2267/2293/2039 2206/2238/1985 2265/2813/2291
f 3/4/4 87/2363/2092 2209/2242/1989 2268/2296/2042
f 2267/2293/2039 2268/2296/2042 2209/2242/1989
f 2221/2251/1997 2269/2295/2041 2270/2298/2044 2226/2252/1998
f 2268/2296/2042 2269/2295/2041 3/4/4
f 2265/2813/2291 2263/2814/2292 2277/2304/2050 2266/2305/2051
f 2229/2257/2003 2228/2255/2001 2227/2254/2000
f 2229/2257/2003 2273/2308/2054 2274/2301/2047
f 2273/2308/2054 2259/2289/2035 2274/2301/2047
f 2274/2301/2047 2231/2259/2005 2229/2257/2003
f 2273/2308/2054 2260/2303/2049 2259/2289/2035
f 2260/2303/2049 2273/2308/2054 2275/2306/2052
f 2275/2306/2052 2276/2302/2048 2260/2303/2049
f 2276/2302/2048 2262/2810/2290 2261/2290/2036
f 2262/2810/2290 2276/2302/2048 2277/2304/2050
f 2262/2810/2290 2277/2304/2050 2263/2814/2292
f 142/2307/2053 2275/2306/2052 2272/2300/2046 2271/2299/2045
f 2263/2814/2292 2265/2813/2291 2205/2812/2282
f 2263/2814/2292 2264/2811/2037 2262/2810/2290
f 2278/2294/2040 2270/2298/2044 2269/2295/2041
f 2271/2299/2045 2270/2298/2044 142/2307/2053
f 141/2815/2293 142/2307/2053 2270/2298/2044 2278/2294/2040
f 2275/2306/2052 2273/2308/2054 2272/2300/2046
f 830/2292/2038 2204/2236/1983 832/2547/2172 831/2522/2160
f 141/2815/2293 2278/2294/2040 2277/2304/2050
f 2276/2302/2048 142/2307/2053 141/2815/2293
f 141/2815/2293 2277/2304/2050 2276/2302/2048
f 3/4/4 2220/2805/2285 2210/5/5
f 2214/2246/1993 2213/2243/1990 2212/2248/1994
f 268/98/96 1014/97/95 895/718/649 894/717/648
f 190/46/44 883/705/636 882/703/634 191/44/42
f 41/844/759 893/713/644 892/845/760
f 812/633/574 2252/632/573 816/2278/2024 813/2517/575
f 777/702/633 881/701/632 191/44/42
f 632/436/400 631/434/399 630/433/398 409/219/205
f 801/2508/554 410/222/208 800/220/206
f 409/219/205 797/2816/552 800/220/206
f 797/603/552 269/2817/100 270/602/99
f 629/2379/397 556/2818/269 22/36/33
f 22/33/33 556/286/269 555/347/322
f 629/432/397 269/2819/100 630/433/398
f 409/219/205 630/433/398 269/2819/100 797/2816/552
f 632/436/400 409/219/205 408/2417/2128
f 548/2445/2140 623/430/395 776/576/532 624/575/531
f 619/2311/2056 771/570/526 621/428/393 620/425/390
f 2280/2318/2060 759/560/516 763/562/518 2279/2820/2059
f 771/570/526 619/2311/2056 768/568/524
f 619/2460/2056 617/424/389 618/2313/2057
f 618/2313/2057 617/424/389 766/2314/2058
f 766/2314/2058 765/2501/521 767/2315/523
f 766/2314/2058 616/423/388 763/2317/518
f 749/555/511 752/2322/2064 2284/2821/2077 747/553/509
f 2280/2318/2060 2281/2340/2078 2282/2319/2061
f 756/2320/2062 751/2822/512 754/2498/620
f 321/535/491 727/534/490 240/2329/2070 323/2331/2072
f 2285/2324/2065 744/2344/2080 746/550/506
f 611/2343/2079 742/2497/2154 744/2344/2080
f 742/2496/2154 611/2823/2079 2286/2824/2294
f 2286/2824/2294 2287/2326/2067 742/2496/2154
f 2287/2326/2067 738/547/503 741/2495/611
f 2288/2325/2066 735/545/501 738/547/503
f 735/545/501 2288/2325/2066 2289/2825/2295
f 2289/2825/2295 733/543/499 735/545/501
f 733/543/499 2289/2825/2295 2290/2327/2068
f 2290/2327/2068 240/2329/2070 239/538/494
f 2291/2328/2069 604/2333/2074 240/2329/2070
f 604/2333/2074 603/2330/2071 323/2331/2072 240/2329/2070
f 727/534/490 239/538/494 240/2329/2070
f 536/415/381 2284/2336/2077 2283/2321/2063 613/2338/383
f 602/402/370 601/401/369 324/145/135
f 606/2332/2073 607/2334/2075 605/404/371
f 2290/2327/2068 529/330/307 607/2334/2075
f 529/330/307 2290/2327/2068 2289/2825/2295
f 2289/2825/2295 608/2335/2076 529/330/307
f 608/2335/2076 2289/2825/2295 2288/2325/2066
f 608/2335/2076 609/405/372 530/407/374
f 2286/2824/2294 610/2461/376 609/405/372
f 610/2461/376 2286/2824/2294 611/2823/2079
f 2285/2324/2065 612/2826/379 611/2343/2079
f 612/2826/379 2285/2324/2065 747/553/509
f 2279/2820/2059 2292/2342/387 2281/2340/2078 2280/2318/2060
f 281/464/425 655/466/427 659/2357/2088 282/2347/2082
f 752/2337/2064 756/2320/2062 2283/2321/2063
f 612/2826/379 747/553/509 2284/2821/2077
f 609/405/372 2287/2326/2067 2286/2824/2294
f 607/2334/2075 2291/2328/2069 2290/2327/2068
f 616/423/388 766/2314/2058 617/424/389
f 733/543/499 239/538/494 238/541/497
f 705/516/472 589/518/474 326/646/581
f 283/2393/2113 683/2346/447 685/2345/2081
f 283/2393/2113 685/2345/2081 687/489/450
f 2293/2349/2083 679/484/445 683/486/447
f 2294/2350/2084 661/2352/431 285/2351/2085
f 284/482/443 679/484/445 285/2351/2085
f 286/2827/2086 661/470/431 662/469/430
f 657/2828/2087 658/2470/429 661/470/431
f 659/2357/2088 2293/2348/2083 282/2347/2082
f 286/2827/2086 662/469/430 664/2473/2149 46/2476/568
f 683/2346/447 283/2393/2113 282/2347/2082
f 454/259/243 508/310/289 584/381/351 509/383/353
f 644/455/412 571/2467/339 643/446/410
f 412/2418/2129 408/2417/2128 79/221/207
f 508/310/289 507/309/288 584/381/351
f 484/292/271 491/363/335 279/293/274
f 193/301/280 192/305/284 459/264/248
f 457/2426/2133 192/305/284 194/306/285
f 64/190/157 368/189/176 352/2717/2120
f 117/193/179 10/992/891 114/991/890
