# Blender 4.4.3
# www.blender.org
mtllib lod3.mtl
o Asteroid_2d_LOD3
v 0.240546 0.818142 -0.065679
v 0.190298 0.791680 -0.037771
v -0.736764 -0.148164 -0.430225
v 0.178674 -0.450588 -0.787695
v 0.555817 0.577441 -0.012789
v -0.294482 0.369182 0.806836
v 1.056190 -0.076942 0.060404
v -0.078946 0.205385 0.862395
v 0.037060 0.776461 0.516627
v 0.176541 0.802890 0.099794
v 0.524378 0.661309 -0.118256
v -0.058462 0.593046 -0.542768
v 0.658201 -0.134025 0.650970
v 0.887760 -0.390078 0.179667
v -0.916682 0.096233 0.502396
v 0.214735 0.747505 -0.267925
v -0.596293 0.414416 0.611132
v -0.795523 0.382879 -0.337787
v -0.704115 0.296965 -0.463401
v -0.702218 0.387806 0.603908
v -0.441102 0.468000 -0.227215
v 0.622714 -0.336544 -0.203786
v 0.464901 -0.677851 -0.278239
v 0.248453 -0.085054 0.901424
v 0.313244 0.552293 0.790924
v -0.326399 -0.231342 -0.720108
v -1.011423 0.106378 -0.392070
v -0.905310 -0.069414 -0.320472
v -0.864221 0.103063 0.205845
v -0.786622 0.287021 0.639425
v -1.006205 0.205662 0.386996
v -0.732998 0.004752 0.301303
v -1.052447 -0.109947 -0.135355
v -0.687444 0.079850 -0.586057
v 0.374095 -0.473543 -0.744692
v 0.178424 -0.221539 -0.778955
v 1.005350 -0.301889 0.176576
v 0.398425 0.262654 0.881406
v 0.769892 0.158420 0.592392
v 0.261658 -0.802590 -0.341855
v -0.650239 -0.407941 0.071602
v -0.207888 -0.800702 0.077482
v -0.121652 0.609713 -0.569063
v 0.635132 0.244546 0.156073
v -0.195207 0.686352 0.329315
v -0.161359 0.713850 0.398816
v -0.203763 0.669702 0.386950
v 0.132766 0.783280 0.531952
v -0.147646 0.702680 0.178216
v -0.069268 0.772202 0.193743
v -0.136368 0.715174 0.514953
v 0.290986 0.810166 0.140737
v -0.003948 0.749853 -0.143622
v 0.166626 -0.817276 -0.449099
v 1.043264 -0.030467 -0.380939
v -0.448677 0.065359 -0.508697
v -1.061106 0.076050 0.122966
v 0.345867 0.807433 -0.088556
v 0.168570 0.831790 -0.064522
v -0.870847 0.085934 -0.541455
v -0.790851 0.141568 -0.527847
v -0.802325 -0.077395 -0.543851
v -0.646147 -0.153924 -0.501436
v 0.269947 -0.469147 -0.778227
v 0.840770 -0.099745 -0.311660
v 0.803001 -0.127261 -0.267978
v 0.191183 0.270736 0.793689
v 0.156923 0.318925 0.810968
v 0.123448 0.249946 0.795211
v -0.133642 0.650359 0.664010
v -0.087091 0.646827 0.699565
v 0.157904 -0.486431 0.467087
v 0.253733 -0.352296 0.423482
v 0.194107 -0.406289 0.527732
v -0.195494 0.421141 0.818054
v 0.966691 0.044538 0.141609
v -0.175364 0.563574 0.726204
v 0.013666 0.156446 0.856176
v -0.064492 0.117924 0.860891
v 0.061627 0.839952 0.211325
v 0.043774 0.824697 0.157204
v 0.135057 0.836518 0.103908
v 0.550397 0.536683 0.061525
v 0.551542 0.477505 0.122732
v 0.589998 0.599083 -0.143823
v 0.683652 0.494460 -0.204627
v -0.206548 -0.793337 0.116039
v -0.537506 -0.352250 0.344037
v -0.474331 -0.279001 0.310536
v -0.546306 -0.176290 -0.262213
v -0.591765 -0.199521 -0.198797
v 0.580296 -0.176985 0.576524
v 0.709229 -0.096928 0.620775
v 0.468411 0.192975 0.430164
v 0.592125 -0.041319 0.763613
v 0.518590 0.191453 0.851978
v 0.438673 0.030110 0.871584
v 0.639601 -0.347181 0.130582
v 0.901364 -0.367253 0.086577
v 0.952943 -0.358954 0.143793
v 0.701633 -0.322465 -0.045279
v 0.654596 -0.338070 -0.103620
v -0.907619 0.154382 0.560730
v -0.954395 0.118939 0.464555
v -0.979985 0.268854 0.408467
v -0.937468 0.310389 0.454897
v -0.977926 0.299213 0.337005
v -1.002581 0.252245 0.371549
v -1.123442 0.288853 0.097137
v 1.079538 0.224694 -0.360347
v 1.053703 0.219520 -0.180700
v 0.841070 -0.176278 0.358512
v -0.718395 0.001003 0.598880
v -0.671384 -0.019864 0.542868
v -0.804528 0.039736 0.602893
v -0.822203 0.001325 0.560716
v -0.375224 0.065819 0.552556
v -0.501227 0.070770 0.540156
v -0.437707 0.044536 0.470644
v -0.343893 -0.443501 0.380365
v -0.480443 -0.446429 0.355179
v 0.354568 0.716251 -0.248259
v -0.358978 0.551482 0.555191
v -0.620275 0.462183 0.578192
v -0.666843 0.397575 -0.332697
v -0.821339 0.403166 -0.256910
v -0.705964 0.398475 -0.277633
v -0.816887 0.292909 -0.486532
v -0.585119 0.366435 0.689358
v -0.242347 0.563147 0.426027
v -0.263084 0.572674 0.350584
v -0.405175 0.539613 -0.351744
v -0.375505 0.473547 -0.110357
v -0.567337 0.440877 -0.291390
v -0.500176 0.363199 -0.154084
v 0.588813 -0.550839 -0.157480
v 0.553190 -0.469571 -0.246765
v 0.615924 -0.451569 -0.148482
v 0.646102 -0.411292 -0.082140
v 0.431250 -0.678846 -0.395547
v 0.308868 -0.722873 -0.017352
v 0.329592 -0.782367 -0.146423
v 0.129622 -0.097922 0.917122
v 0.359946 0.442731 0.831224
v 0.266955 0.626796 0.726328
v 0.968797 0.216428 -0.105748
v -0.439012 -0.145963 -0.715855
v -0.226719 -0.131876 -0.755876
v -1.049974 0.172757 -0.327131
v -1.059551 0.022861 -0.310210
v -0.899558 -0.051853 -0.353193
v -0.998740 0.228349 0.311381
v -0.735484 0.316893 0.634713
v -0.886030 0.230662 0.591586
v -1.011102 0.133280 0.350822
v -1.069780 0.155358 0.266898
v -0.945314 0.191799 0.443493
v -0.602736 0.487926 0.545789
v -0.636547 0.478107 0.456250
v -0.654560 0.462671 0.528030
v -0.783280 0.369264 0.400760
v -0.783374 0.024254 0.370471
v -0.760758 0.055360 0.278675
v -0.934551 -0.183461 -0.072063
v -0.790853 -0.101984 -0.025699
v -0.992861 -0.183978 -0.117337
v -1.030913 -0.152260 -0.202727
v -0.652728 0.133064 -0.558664
v -0.755165 0.055641 -0.564385
v 0.426230 -0.552578 -0.684796
v 0.494115 -0.468226 -0.696006
v 0.086098 -0.172437 -0.751535
v 0.146980 -0.121717 -0.741089
v 0.238102 -0.165364 -0.752356
v 0.363218 -0.225727 -0.745999
v 0.986849 0.221909 -0.471544
v 0.919970 -0.336163 0.057679
v 0.945491 -0.338809 0.261073
v 1.033273 -0.272800 0.077952
v 0.241032 0.243113 0.806878
v 0.206866 0.202432 0.797781
v 0.770554 0.062429 0.683641
v 0.696718 0.185326 0.711958
v 0.765639 0.122199 0.640911
v 0.614653 0.244180 0.722501
v 0.232232 -0.824408 -0.213410
v 0.155936 -0.838905 -0.152608
v 0.144006 -0.816726 -0.287302
v -0.591485 -0.494541 0.107610
v -0.640393 -0.419634 0.153806
v -0.168730 -0.815750 -0.005430
v -0.099110 0.522948 -0.598053
v 0.604929 0.372741 -0.084116
v 0.582082 0.346962 -0.034991
v 0.636420 0.223798 0.217528
v 0.256626 0.780630 -0.013714
v 0.232057 0.771637 0.016608
v 0.221666 0.783400 0.085369
v 0.454982 0.660304 0.068470
v 0.401212 0.726508 0.146663
v 0.363805 0.730121 0.248522
v 0.408295 0.642870 0.260082
v 0.473184 0.627008 0.176665
v -0.119968 0.742010 0.296171
v -0.163307 0.666684 0.261633
v -0.247056 0.643339 0.315043
v -0.196360 0.660509 0.486371
v 0.092318 0.808252 0.466634
v 0.020443 0.759337 0.380719
v -0.086671 0.770642 0.221038
v -0.127059 0.695361 0.117954
v -0.173486 0.640692 0.121636
v -0.052204 0.736435 0.147394
v 0.208191 0.827749 0.136853
v 0.869101 0.084648 0.096988
v 0.229073 -0.072036 -0.585246
v 0.097972 0.060318 -0.506969
v 0.095512 0.251129 -0.363581
v -0.957966 0.153900 -0.443356
v -0.907909 0.144229 -0.493567
v 0.790872 0.053080 0.385219
v -0.036947 0.753764 0.527120
v -0.171502 0.666162 0.590608
v 0.145121 0.846204 0.274937
v 0.206943 0.821212 0.401490
v 0.340562 0.787717 0.135764
v -0.092205 0.695113 -0.113180
v -0.000486 0.737208 -0.040415
v -0.227288 0.551754 -0.108209
v -0.205228 0.574589 -0.152607
v 0.544315 -0.503381 -0.357275
v 0.509185 -0.540717 -0.303203
v 0.491493 -0.603302 -0.368383
v 0.147027 -0.812401 -0.371249
v 0.943659 -0.076253 -0.504179
v 1.087742 0.048796 -0.416113
v -0.602991 0.028959 -0.611989
v -1.068043 0.134995 0.240496
v -1.067283 0.045102 0.008205
v -1.028053 0.039571 0.041140
v -0.191413 -0.725510 -0.096371
v -0.244657 -0.607053 -0.068682
v -0.211862 -0.775410 -0.010604
v -0.292016 -0.705513 0.078590
v -0.353010 -0.656666 0.098122
v -0.318948 -0.654714 0.046122
v -0.307303 -0.578255 -0.021460
v -0.194176 -0.640397 -0.143903
v -0.137407 -0.734657 -0.169868
v -0.111897 -0.804325 -0.127650
v -0.058928 -0.852703 -0.081542
v -0.116312 -0.844927 -0.000630
v -0.084499 -0.846895 0.053161
v -0.171567 -0.821074 0.102327
v -0.102696 -0.835931 0.099019
v -0.130689 -0.817634 0.122226
v -0.019562 -0.745241 0.225840
v -0.092853 -0.759355 0.177874
v -0.077702 -0.722799 0.243201
v -0.073766 -0.689345 0.277923
v -0.101755 -0.672334 0.227998
v -0.110320 -0.621642 0.275754
v -0.099720 -0.556736 0.351957
v -0.167201 -0.491293 0.414483
v -0.173995 -0.519827 0.339240
v -0.258077 -0.436131 0.437505
v -0.254242 -0.492212 0.345213
v -0.316212 -0.467894 0.330126
v -0.317825 -0.431133 0.398971
v -0.270162 -0.421836 0.436529
v -0.361634 -0.386221 0.376861
v -0.451707 -0.389434 0.357151
v -0.374572 -0.301351 0.326155
v -0.509396 -0.204869 0.300559
v -0.601337 -0.275698 0.336322
v -0.628187 -0.196955 0.340819
v -0.648140 -0.157590 0.363915
v -0.649376 -0.169888 0.338658
v -0.700204 -0.132473 0.370046
v -0.745253 -0.097383 0.438999
v -0.771135 -0.056054 0.475003
v -0.923683 0.075176 0.436294
v -0.808824 0.075245 0.299595
v -0.964688 0.105202 0.281685
v -0.823112 0.087953 0.185184
v -0.790599 -0.021480 0.447634
v -0.624346 -0.238664 0.331394
v -0.580610 -0.422675 0.331874
v -0.497554 -0.500844 0.319804
v -0.384094 -0.541441 0.297114
v -0.327853 -0.556125 0.290478
v -0.147960 -0.621896 0.238738
v -0.131895 -0.736913 0.152390
v -0.131481 -0.779763 0.145033
v -0.340029 -0.450536 -0.100746
v -0.259258 -0.481349 -0.162603
v -0.173378 -0.519957 -0.285501
v -0.156243 -0.643269 -0.200731
v 0.077577 -0.841771 -0.207294
v 0.000833 -0.852128 -0.054913
v 0.018108 -0.832677 0.022878
v -0.010419 -0.806083 0.127579
v 0.016623 -0.776296 0.161081
v -0.047756 -0.722843 0.260186
v -0.074914 -0.591368 0.411983
v -0.125843 -0.514959 0.508398
v -0.179989 -0.467611 0.499076
v -0.267633 -0.361860 0.440070
v -0.292292 -0.240545 0.364244
v -0.385617 -0.185373 0.307097
v -0.449745 -0.189670 0.291959
v -0.618149 -0.126604 0.358309
v -0.741677 -0.075073 0.488505
v -0.792377 -0.040410 0.537835
v -0.863763 0.023734 0.517980
v -0.895354 0.055822 0.473092
v -0.902010 0.085102 0.085907
v -0.843744 0.070483 0.091904
v -0.768357 0.035898 0.147137
v -0.687616 -0.025562 0.236020
v -0.691811 -0.060266 0.296048
v -0.756073 -0.045974 0.371452
v -0.626417 -0.291724 0.330587
v -0.642978 -0.329572 0.300801
v -0.621221 -0.409864 0.288545
v -0.572381 -0.483586 0.284375
v -0.450982 -0.559568 0.236106
v -0.275748 -0.671601 0.183484
v -0.269052 -0.636094 0.225570
v -0.242095 -0.546474 0.299596
v -0.191786 -0.619878 0.224257
v -0.170126 -0.734806 0.136350
v -0.311755 -0.681113 0.143002
v -0.474077 -0.567551 0.117887
v -0.468867 -0.548734 0.072906
v -0.482267 -0.474313 0.002510
v -0.087246 -0.710511 -0.279893
v -0.031838 -0.745005 -0.294393
v 0.066474 -0.845015 -0.125388
v 0.189348 -0.750029 0.045245
v -0.047283 -0.669018 0.318130
v -0.105647 -0.426481 0.601265
v -0.209861 -0.307227 0.510495
v -0.232784 -0.200139 0.440371
v -0.310563 -0.155026 0.368972
v -0.485108 -0.071546 0.350715
v -0.533988 -0.132190 0.322295
v -0.696625 -0.078395 0.473973
v -1.011732 0.113449 0.263563
v -0.991283 -0.007823 -0.009971
v -0.870815 0.025210 0.010975
v -0.778933 -0.024749 0.022525
v -0.656800 -0.097163 0.154539
v -0.644279 -0.105877 0.220744
v -0.657646 -0.139893 0.286815
v -0.648630 -0.244345 0.301782
v -0.648821 -0.206187 0.216038
v -0.656493 -0.165423 0.108762
v -0.678599 -0.120515 0.072485
v -0.754141 -0.102239 -0.008274
v -0.835602 -0.041022 -0.024407
v -0.983377 -0.077987 -0.047279
v -1.036340 -0.000238 -0.020934
v -1.032951 -0.069344 -0.066528
v -1.064012 0.020225 -0.060381
v -1.094313 0.079831 -0.034201
v -1.150035 0.129411 0.041760
v -1.147455 0.136116 0.101387
v -1.180851 0.185116 0.066995
v -1.176612 0.181599 -0.004766
v -1.083199 0.095094 -0.217471
v -1.073362 -0.056886 -0.214520
v -0.876703 -0.277409 -0.103024
v -0.838185 -0.232146 -0.057286
v -0.762929 -0.287528 -0.019363
v -0.713481 -0.318532 0.025898
v -0.679040 -0.250318 0.096904
v -0.723962 -0.196011 0.018012
v -0.664489 -0.368056 0.183176
v -0.606671 -0.466274 0.239857
v -0.546529 -0.502016 0.215130
v -0.456031 -0.584149 0.163319
v -0.238192 -0.739270 0.139494
v -0.595447 -0.452298 0.027178
v -0.414370 -0.374346 -0.103142
v -0.331886 -0.317915 -0.232080
v -0.182370 -0.427983 -0.412137
v -0.123411 -0.579333 -0.369102
v -0.016210 -0.745116 -0.347176
v 0.211308 -0.824702 -0.482163
v 0.275794 -0.799884 -0.446260
v 0.372414 -0.770786 -0.272290
v 0.419422 -0.742857 -0.216773
v 0.521381 -0.638954 -0.051419
v 0.422154 -0.633394 0.011299
v 0.262082 -0.699078 0.072937
v 0.347223 -0.608907 0.108125
v 0.163650 -0.727812 0.105843
v 0.240073 -0.601246 0.166402
v 0.155264 -0.666025 0.153804
v 0.207481 -0.536697 0.256700
v 0.050162 -0.651822 0.281531
v 0.018238 -0.627789 0.347074
v 0.047010 -0.581010 0.433783
v -0.042674 -0.608926 0.424503
v 0.001430 -0.584252 0.520038
v 0.053964 -0.544847 0.588912
v -0.001021 -0.532505 0.608475
v 0.000101 -0.460479 0.661090
v -0.050741 -0.400972 0.678502
v -0.131660 -0.376605 0.610249
v -0.081057 -0.258380 0.749164
v -0.167844 -0.107047 0.742665
v -0.176503 -0.271633 0.611252
v -0.190612 -0.143451 0.668295
v -0.212516 -0.143692 0.521087
v -0.240377 -0.057790 0.530267
v -0.271808 -0.080271 0.451221
v -0.324561 0.031996 0.522289
v -0.406538 0.016419 0.444472
v -0.560877 -0.043808 0.387419
v -0.627237 -0.036793 0.451901
v -0.602781 0.069429 0.625565
v -0.674083 0.096882 0.662895
v -0.726353 0.164253 0.687402
v -0.864560 0.147824 0.603899
v -1.020447 0.202254 0.346450
v -1.104179 0.154681 0.196773
v -1.125031 0.106236 0.112991
v -1.149031 0.191044 -0.093909
v -1.098002 0.152070 -0.208540
v -0.991815 -0.193193 -0.197683
v -0.918437 -0.270885 -0.160835
v -0.671598 -0.323677 0.124076
v -0.683979 -0.375530 0.045651
v -0.640239 -0.407090 0.014179
v -0.525823 -0.389624 -0.040948
v -0.455581 -0.287435 -0.137038
v -0.304191 -0.277983 -0.356716
v -0.249279 -0.327504 -0.411066
v -0.263223 -0.310653 -0.498766
v -0.115408 -0.573874 -0.536589
v -0.063995 -0.699436 -0.366135
v 0.007153 -0.756606 -0.516428
v 0.075600 -0.820868 -0.460705
v 0.090219 -0.809607 -0.542476
v 0.157544 -0.830226 -0.526776
v 0.225268 -0.799911 -0.533277
v 0.335191 -0.768393 -0.359207
v 0.522302 -0.641984 -0.161645
v 0.605902 -0.562261 -0.035163
v 0.531273 -0.599832 -0.007031
v 0.471792 -0.556282 0.045261
v 0.308319 -0.463181 0.184124
v 0.167387 -0.543462 0.336359
v 0.128611 -0.537029 0.393201
v 0.065516 -0.554895 0.509336
v 0.055611 -0.459640 0.667869
v 0.076379 -0.384879 0.750950
v 0.031879 -0.308379 0.805246
v -0.032373 -0.132967 0.854067
v -0.127464 -0.111080 0.786806
v -0.233255 0.001525 0.704122
v -0.252060 -0.010130 0.653832
v -0.303508 0.038769 0.636759
v -0.515404 0.019936 0.455063
v -0.537496 0.075190 0.602002
v -0.537908 0.121182 0.670014
v -0.551100 0.224160 0.725154
v -0.713363 0.201387 0.687902
v -0.818790 0.218241 0.645660
v -0.931839 0.250636 0.529224
v -0.912347 0.303537 0.520862
v -0.957118 0.317874 0.280075
v -1.018235 0.228805 0.203424
v -1.043883 0.233662 0.159350
v -1.086920 0.184150 0.202373
v -1.144236 0.240555 0.129750
v -1.175048 0.246546 -0.012207
v -1.151331 0.247370 -0.063883
v -1.119784 0.234300 -0.184062
v -1.085176 0.243763 -0.265458
v -1.039045 0.256373 -0.329600
v -0.964342 0.298414 -0.371400
v -0.926218 0.267415 -0.444507
v -0.874549 0.197919 -0.487951
v -0.897580 0.056876 -0.564204
v -0.856167 0.030164 -0.586260
v -0.737803 -0.021504 -0.614187
v -0.690199 -0.061145 -0.616129
v -0.848870 -0.017507 -0.573084
v -0.679600 -0.091014 -0.622673
v -0.610302 -0.107110 -0.651629
v -0.442751 -0.189620 -0.686745
v -0.443690 -0.213808 -0.635142
v -0.259069 -0.333528 -0.661370
v -0.431235 -0.223333 -0.575637
v -0.301771 -0.306260 -0.590736
v -0.214055 -0.391865 -0.595788
v 0.112012 -0.771717 -0.606720
v 0.189685 -0.776125 -0.586212
v 0.348725 -0.700459 -0.539002
v 0.446367 -0.628760 -0.503965
v 0.473942 -0.627991 -0.411100
v 0.496929 -0.623462 -0.231647
v 0.542095 -0.483449 -0.278283
v 0.622825 -0.531757 -0.078713
v 0.688012 -0.451568 0.012309
v 0.599874 -0.495461 0.053376
v 0.482327 -0.425702 0.104877
v 0.342258 -0.419660 0.199586
v 0.252589 -0.401814 0.328022
v 0.223787 -0.416689 0.359379
v 0.126078 -0.459380 0.569526
v 0.078007 -0.452745 0.659458
v 0.130661 -0.305029 0.812753
v 0.267102 -0.216614 0.793399
v 0.379689 -0.085811 0.845300
v 0.186296 -0.047417 0.922394
v 0.108818 -0.012823 0.919024
v 0.086498 0.078130 0.882525
v 0.035404 -0.090032 0.901116
v -0.087027 0.015059 0.843889
v -0.209368 0.172282 0.838220
v -0.172419 0.061803 0.801838
v -0.301203 0.178136 0.809345
v -0.310533 0.085960 0.720352
v -0.413566 0.087020 0.631053
v -0.429164 0.109965 0.680511
v -0.427641 0.195903 0.746250
v -0.597495 0.316253 0.708027
v -0.499679 0.396720 0.691005
v -0.536358 0.439836 0.643316
v -0.826204 0.333051 0.555653
v -0.863438 0.335163 0.511658
v -0.883250 0.339613 0.436754
v -0.926787 0.311768 0.358304
v -0.990930 0.285433 0.217789
v -1.034340 0.272685 0.137573
v -1.157081 0.270767 0.084627
v -0.978619 0.338953 -0.349700
v -0.886389 0.309044 -0.452194
v -0.711266 0.197948 -0.524710
v -0.648957 0.193479 -0.524147
v -0.663007 0.277279 -0.514900
v -0.541298 0.287909 -0.445375
v -0.604755 0.304140 -0.461814
v -0.515828 0.341125 -0.434448
v -0.552011 0.377528 -0.424876
v -0.393814 0.425952 -0.457306
v -0.409083 0.486363 -0.459029
v -0.434204 0.504407 -0.432969
v -0.300058 0.542284 -0.530978
v -0.309631 0.575754 -0.497772
v -0.197917 0.616462 -0.579569
v -0.199748 0.639758 -0.513784
v -0.162411 0.684261 -0.496743
v -0.121981 0.696943 -0.491807
v -0.089384 0.705142 -0.461127
v 0.029909 0.679763 -0.360774
v 0.087488 0.687936 -0.328650
v 0.113057 0.626781 -0.335677
v 0.263599 0.654152 -0.285772
v 0.364838 0.662453 -0.266836
v 0.243245 0.523500 -0.277594
v 0.368025 0.565862 -0.275073
v 0.452119 0.566616 -0.254050
v 0.269121 0.391291 -0.257603
v 0.453741 0.403278 -0.224003
v 0.404953 0.170846 -0.272335
v 0.410554 0.089346 -0.311083
v 0.354623 0.121113 -0.301996
v 0.572158 0.019786 -0.407123
v 0.418014 -0.008609 -0.446725
v 0.275202 0.022664 -0.452849
v 0.322482 -0.096021 -0.573291
v 0.518296 -0.090806 -0.536205
v 0.346366 -0.161431 -0.693378
v 0.514523 -0.149396 -0.627601
v 0.365430 -0.252305 -0.755725
v 0.213030 -0.297631 -0.765900
v 0.399157 -0.350025 -0.741624
v 0.204507 -0.492199 -0.776974
v 0.312685 -0.633470 -0.650572
v 0.203738 -0.672051 -0.666848
v 0.327619 -0.677435 -0.597069
v 0.510833 -0.531989 -0.519986
v 0.569113 -0.503253 -0.475127
v 0.591768 -0.470841 -0.436250
v 0.579338 -0.403491 -0.325759
v 0.627230 -0.304806 -0.257339
v 0.642481 -0.295267 -0.325261
v 0.679323 -0.237438 -0.305926
v 0.697956 -0.275582 -0.114464
v 0.706349 -0.407969 -0.001281
v 0.659432 -0.453844 0.051822
v 0.302956 -0.367371 0.319989
v 0.151702 -0.391342 0.699740
v 0.199812 -0.323827 0.736780
v 0.323366 -0.227859 0.730502
v 0.472282 -0.115032 0.763728
v 0.717690 0.063652 0.729620
v 0.677067 0.143140 0.755173
v 0.423989 0.340374 0.856942
v 0.342319 0.379374 0.863093
v 0.240354 0.447845 0.898148
v 0.212618 0.517623 0.880404
v 0.195364 0.613765 0.799449
v 0.154482 0.648172 0.763326
v 0.154167 0.582027 0.845418
v 0.027718 0.635854 0.754020
v 0.217249 0.705595 0.618041
v 0.073423 0.672850 0.632222
v -0.044299 0.720358 0.573316
v -0.089552 0.745748 0.385633
v -0.014867 0.804835 0.298286
v 0.004666 0.745769 0.423871
v 0.090833 0.830345 0.360074
v 0.136252 0.834104 0.414970
v 0.115527 0.819999 -0.004596
v 0.114583 0.819779 0.040814
v 0.173216 0.784179 -0.008028
v 0.080630 0.809175 0.069131
v -0.113971 0.673502 0.000350
v -0.155543 0.608545 -0.102839
v -0.208694 0.563294 -0.024167
v -0.356482 0.491644 -0.008344
v -0.335304 0.517051 -0.130886
v -0.295542 0.568342 -0.198599
v -0.260675 0.650516 -0.274383
v -0.182725 0.667292 -0.236438
v -0.120934 0.684030 -0.179872
v -0.150538 0.684040 -0.302346
v -0.037997 0.734347 -0.244588
v -0.059124 0.699455 -0.321153
v 0.014849 0.759214 -0.243868
v 0.073714 0.811415 -0.192779
v 0.152805 0.796821 -0.196439
v 0.284035 0.801108 -0.202130
v 0.213091 0.827935 -0.124339
v 0.319246 0.813118 -0.137145
v 0.374932 0.783838 -0.141193
v 0.456807 0.719802 -0.169511
v 0.518128 0.620708 -0.225313
v 0.456164 0.643999 -0.236655
v 0.559195 0.569687 -0.242043
v 0.608899 0.495993 -0.245628
v 0.571711 0.415300 -0.234261
v 0.630538 0.286365 -0.255724
v 0.747649 0.342713 -0.307435
v 0.721482 0.176964 -0.339667
v 0.598056 0.139792 -0.314196
v 0.682700 0.009649 -0.447084
v 0.628851 -0.115275 -0.603298
v 0.756900 -0.024726 -0.550552
v 0.584902 -0.218866 -0.668159
v 0.550790 -0.192810 -0.667729
v 0.578918 -0.271113 -0.697739
v 0.534181 -0.328339 -0.714215
v 0.517094 -0.363157 -0.708117
v 0.604148 -0.390465 -0.651944
v 0.456593 -0.557182 -0.662205
v 0.495347 -0.534770 -0.624136
v 0.657329 -0.363841 -0.476160
v 0.657280 -0.270149 -0.355867
v 0.724175 -0.201361 -0.303125
v 0.808747 -0.165665 -0.180335
v 0.791011 -0.231526 -0.069992
v 0.818306 -0.309981 0.001364
v 0.772163 -0.409124 0.052105
v 0.712002 -0.431880 0.050255
v 0.687393 -0.419460 0.076753
v 0.597562 -0.351847 0.122215
v 0.562519 -0.284875 0.257849
v 0.307770 -0.293879 0.442816
v 0.242366 -0.350280 0.577944
v 0.316510 -0.278783 0.571707
v 0.315862 -0.274235 0.641790
v 0.463716 -0.171831 0.689538
v 0.565018 -0.144901 0.671373
v 0.703036 -0.198831 0.527936
v 0.721542 -0.209518 0.484826
v 0.749143 -0.017237 0.675717
v 0.530369 0.293617 0.798273
v 0.427064 0.415660 0.776674
v 0.434036 0.408759 0.730243
v 0.387157 0.541631 0.683383
v 0.350888 0.617528 0.644071
v 0.268384 0.747733 0.501502
v 0.183410 0.780310 0.524592
v 0.260245 0.793244 0.367339
v 0.375557 0.777721 0.016289
v 0.412203 0.704288 0.056696
v 0.391257 0.777713 -0.113034
v 0.813647 0.375832 -0.284916
v 0.913618 0.345580 -0.311472
v 0.815429 0.346054 -0.314469
v 0.922587 0.276338 -0.417352
v 0.886150 0.318259 -0.359966
v 0.868946 0.228758 -0.431008
v 0.921407 0.205045 -0.472571
v 0.932041 0.110909 -0.528375
v 0.925568 -0.012182 -0.560313
v 0.841951 -0.072282 -0.579092
v 0.799217 -0.131654 -0.595694
v 0.732004 -0.226919 -0.641127
v 0.666055 -0.253912 -0.677842
v 0.647867 -0.371174 -0.623484
v 0.640229 -0.408771 -0.550577
v 0.722411 -0.265719 -0.468738
v 0.744220 -0.184669 -0.381517
v 0.860695 -0.145299 -0.157655
v 0.900995 -0.106568 -0.230945
v 0.889385 -0.202499 -0.061480
v 0.939566 -0.232636 -0.029510
v 1.020281 -0.269223 0.037307
v 0.796468 -0.418672 0.108714
v 0.727432 -0.412645 0.095354
v 0.761988 -0.413695 0.127768
v 0.787636 -0.369139 0.192149
v 0.724990 -0.293237 0.232623
v 0.818112 -0.317269 0.281468
v 0.659164 -0.277365 0.229866
v 0.564186 -0.226190 0.364278
v 0.392390 -0.270754 0.405542
v 0.436146 -0.211104 0.590531
v 0.505642 -0.189517 0.623681
v 0.688868 -0.223177 0.413021
v 0.794261 -0.274820 0.373239
v 0.806295 -0.242703 0.410726
v 0.771571 -0.211845 0.440987
v 0.749925 -0.175484 0.477682
v 0.736950 -0.151109 0.527147
v 0.708676 -0.145906 0.590780
v 0.775231 0.052954 0.653221
v 0.758692 0.166201 0.466390
v 0.745566 0.176131 0.461948
v 0.833450 0.152249 0.365963
v 0.780998 0.180402 0.391846
v 0.827423 0.164671 0.308138
v 0.880031 0.096041 0.204549
v 0.734231 0.170254 0.219078
v 0.945154 0.067969 0.128146
v 0.888332 0.086219 0.009148
v 0.967603 0.066237 0.047328
v 1.015093 0.068798 -0.019167
v 0.958946 0.094956 -0.015379
v 1.022422 0.033852 0.026379
v 1.071253 -0.000007 -0.046627
v 1.088820 0.151889 -0.162958
v 1.109881 0.140696 -0.228311
v 1.115834 0.074739 -0.179188
v 1.118489 0.016852 -0.206381
v 1.107203 0.105561 -0.362927
v 1.065019 0.093513 -0.474260
v 0.955748 -0.039900 -0.530468
v 0.829937 -0.139471 -0.569891
v 0.825500 -0.159727 -0.548479
v 0.776836 -0.222844 -0.580351
v 0.820590 -0.169064 -0.472550
v 0.907344 -0.088889 -0.389886
v 0.983962 -0.145486 -0.139133
v 1.031942 -0.202858 -0.042233
v 1.065286 -0.212975 0.091351
v 1.026894 -0.219934 0.191751
v 0.998019 -0.253510 0.281638
v 0.980130 -0.233822 0.327296
v 0.951273 -0.294855 0.328155
v 0.898576 -0.290715 0.371352
v 0.856150 -0.248520 0.403710
v 0.726569 -0.078933 0.531170
v 0.738696 -0.034937 0.593037
v 0.757693 0.124415 0.540642
v 0.762069 0.120850 0.472836
v 0.789047 0.130323 0.419353
v 0.868981 0.078277 0.288315
v 0.871574 0.105065 0.258461
v 1.072020 -0.058303 -0.251403
v 0.960896 -0.069194 -0.449443
v 1.009245 -0.057086 -0.351351
v 1.004840 -0.106972 -0.214059
v 1.045695 -0.118704 -0.137398
v 1.077494 -0.185850 -0.023533
v 0.929632 -0.238818 0.380205
v 0.829760 -0.216494 0.407066
v 0.731682 0.000413 0.513992
v 0.750356 0.043250 0.454828
v 0.906066 0.042196 0.231674
v 0.924947 0.063094 0.178491
v 1.034171 -0.087214 0.142271
v 1.087390 -0.143689 0.028071
v 1.086124 -0.054440 -0.078226
v 1.076797 -0.100281 -0.112125
v 0.964240 -0.210924 0.334811
v 0.783673 -0.181411 0.420043
v 0.754619 -0.137671 0.428337
v 0.743392 -0.027543 0.402531
v 0.758363 -0.047960 0.372583
v 0.826938 0.003572 0.323986
v 0.888621 -0.022747 0.264905
v 0.948475 -0.003762 0.203656
v 0.959824 -0.119473 0.262817
v 0.815459 -0.107567 0.335150
v 0.890066 -0.333327 0.307837
v 0.619053 -0.210533 0.384715
v 0.510174 -0.196889 0.466256
v 0.889369 -0.367489 0.227223
v 1.034882 0.127422 -0.497869
v 1.051714 0.149869 -0.466964
v 1.086996 0.195573 -0.391263
v 1.062247 0.240238 -0.389191
v 1.052546 0.213376 -0.449458
v 1.032605 0.242313 -0.418186
v 0.969615 0.175009 -0.492103
v 0.978117 0.249341 -0.414766
v 0.988024 0.290328 -0.367818
v 0.937143 0.341124 -0.250219
v 0.979277 0.272816 -0.185976
v 1.043668 0.178426 -0.121048
v 0.850547 0.099945 0.023105
v 0.770088 0.178189 0.019469
v 0.727377 0.181811 0.059839
v 0.805571 0.114696 0.135569
v 0.740173 0.194862 0.316951
v 0.729499 0.182809 0.438517
v 0.751907 0.178804 0.543093
v 0.689490 0.198898 0.594436
v 0.541657 0.296409 0.749709
v 0.371634 0.590691 0.578260
v 0.368451 0.642653 0.507347
v 0.361628 0.649901 0.450056
v 0.368031 0.690673 0.365293
v 0.396234 0.633728 0.370952
v 0.432859 0.563088 0.295731
v 0.491581 0.452570 0.247959
v 0.525184 0.531104 0.165793
v 0.592163 0.534791 -0.066777
v 0.651149 0.497990 -0.143670
v 0.711864 0.451547 -0.185291
v 0.834463 0.376023 -0.215137
v 0.830666 0.382863 -0.243203
v 0.819323 0.343169 -0.187249
v 0.818919 0.185505 -0.043564
v 0.602596 0.292109 0.175893
v 0.576663 0.329340 0.033057
v 0.592225 0.340094 0.189484
v 0.552197 0.422327 0.058607
v 0.569921 0.426968 -0.026456
v 0.687284 0.434564 -0.165456
v 0.734393 0.278791 -0.116601
v 0.718943 0.222128 -0.050445
v 0.621989 0.279301 -0.020585
v 0.634309 0.323677 -0.095685
v 0.704669 0.321137 -0.138017
v 0.572997 0.374022 0.172829
v 0.575070 0.281132 0.222915
v 0.622141 0.215568 0.252412
v 0.647493 0.197329 0.290315
v 0.609299 0.172799 0.378033
v 0.626052 0.171601 0.501338
v 0.576789 0.244353 0.659285
v 0.489728 0.312927 0.682954
v 0.426811 0.363685 0.651760
v 0.377754 0.434815 0.573709
v 0.388872 0.502311 0.416946
v 0.432832 0.458629 0.310664
v 0.531453 0.388503 0.227242
v 0.532092 0.234500 0.270850
v 0.573696 0.189028 0.322117
v 0.538974 0.215284 0.598239
v 0.426269 0.254599 0.558236
v 0.436077 0.297787 0.628660
v 0.377809 0.318135 0.556900
v 0.389954 0.270924 0.477981
v 0.369619 0.352299 0.410947
v 0.401198 0.354769 0.336043
v 0.457098 0.292980 0.289578
v 0.434195 0.213366 0.402039
v 0.412126 0.268079 0.370989
v 0.696783 -0.172391 -0.649872
v 0.783660 -0.073401 -0.583149
v 0.810033 0.021807 -0.543442
v 0.808083 0.093869 -0.485457
v 0.829401 0.274960 -0.364141
v 0.704706 0.416428 -0.277687
v 0.627258 0.538549 -0.214356
v 0.578209 0.591976 -0.218632
v 0.268833 0.812245 0.112001
v 0.303795 0.803524 0.053115
v 0.298338 0.809577 -0.020957
v 0.263154 0.781765 0.060134
v 0.183013 0.778196 0.041258
v 0.029458 0.763109 0.062999
v 0.084330 0.814782 -0.061636
v 0.130672 0.838861 -0.116496
v 0.060247 0.721342 -0.265124
v -0.010861 0.716730 -0.331546
v -0.036783 0.701332 -0.385895
v -0.093750 0.712387 -0.394651
v -0.197820 0.700141 -0.399315
v -0.239591 0.670265 -0.336826
v -0.402267 0.540776 -0.416403
v -0.609902 0.421288 -0.315935
v -0.577230 0.411859 -0.242718
v -0.607970 0.355780 -0.183266
v -0.444831 0.333627 0.020380
v -0.438070 0.385734 -0.122469
v -0.283622 0.565220 0.087086
v -0.191536 0.661329 0.172963
v -0.244274 0.630403 0.219178
v -0.306336 0.606737 0.253851
v -0.351254 0.561062 0.267841
v -0.419569 0.483700 0.171250
v -0.382855 0.437532 0.072823
v -0.488590 0.310733 0.086103
v -0.477300 0.302631 0.018383
v -0.634979 0.290461 0.104052
v -0.548841 0.299350 -0.039084
v -0.677151 0.299638 0.014796
v -0.667213 0.326346 -0.097534
v -0.861716 0.342671 0.048230
v -0.758867 0.381075 -0.133700
v -0.907104 0.388998 -0.090108
v -0.924186 0.394372 -0.217104
v -0.972703 0.384621 -0.104672
v -1.037701 0.355483 -0.060951
v -1.137147 0.305440 0.005268
v -1.101222 0.326941 0.036391
v -1.087667 0.320086 -0.059722
v -1.128529 0.311732 -0.120056
v -1.086852 0.338298 -0.138281
v -1.055171 0.338718 -0.196133
v -1.048003 0.335949 -0.266030
v -0.881331 0.360573 -0.409739
v -0.730660 0.271620 -0.512419
v -0.618083 0.322865 -0.445436
v -0.594075 0.412273 -0.371808
v -0.235796 0.654408 -0.458564
v -0.676208 0.391257 -0.216526
v -0.319167 0.542642 0.128827
v -1.007650 0.373910 -0.206450
v -0.943914 0.365705 -0.344731
v -0.850460 0.376307 -0.377274
v -0.828677 0.354924 -0.415716
v -0.698633 0.363398 -0.383450
v -0.895522 0.364910 -0.308958
v -1.005216 0.357448 0.002344
v -0.955463 0.314404 0.035047
v -0.917415 0.363826 -0.021620
v -0.747440 0.312643 0.088380
v -0.534985 0.322754 0.131083
v -0.479983 0.444954 0.203647
v -0.399696 0.526420 0.237313
v -0.231441 0.623579 0.542243
v -0.263674 0.619268 0.606524
v -0.251748 0.618403 0.645702
v -0.394617 0.546468 0.581765
v -0.443121 0.494186 0.639783
v -0.400385 0.535288 0.615322
v -0.748872 0.380282 0.519094
v -0.863405 0.342763 0.323109
v -0.899423 0.336342 0.230023
v -0.935305 0.314107 0.140340
v -1.008972 0.288201 0.139091
v -1.040390 0.306509 0.069993
v -0.896327 0.347679 0.031476
v -0.866973 0.323038 0.140665
v -0.760235 0.323501 0.158830
v -0.707684 0.346496 0.197590
v -0.550913 0.427952 0.232751
v -0.493148 0.460062 0.263240
v -0.423933 0.500594 0.325428
v -0.290321 0.528185 0.389920
v -0.282811 0.534064 0.467995
v -0.359881 0.504121 0.446746
v -0.482421 0.489071 0.401902
v -0.638304 0.443722 0.321408
v -0.741313 0.383518 0.307503
v -0.485713 0.518402 0.554194
v -0.354466 0.494148 0.678738
v -0.401580 0.425582 0.688460
v -0.356878 0.354835 0.781757
v -0.445544 0.294201 0.773504
v -0.403621 0.233420 0.774267
v -0.283410 0.245994 0.839809
v -0.139907 0.309835 0.834612
v -0.092382 0.426071 0.836446
v -0.154766 0.495132 0.798015
v -0.056901 0.485225 0.810153
v -0.272563 0.589057 0.659251
v -0.237930 0.517475 0.686117
v -0.293676 0.501854 0.677801
v -0.258264 0.473086 0.742087
v -0.339449 0.548084 0.649048
v 0.081472 0.570665 0.866499
v 0.123417 0.524370 0.904240
v 0.179954 0.425802 0.890983
v 0.289601 0.345387 0.864501
v 0.325420 0.238934 0.865914
v 0.279809 0.120311 0.872324
v 0.346475 0.068822 0.896177
v 0.184363 0.166828 0.811670
v 0.127863 0.191038 0.803979
v -0.002916 0.235051 0.852104
v -0.014260 0.305400 0.858372
v 0.076891 0.345181 0.846568
v 0.021511 0.414453 0.871034
v 0.087646 0.437863 0.900408
v 0.053994 0.507421 0.887650
v -0.014296 0.595350 0.786442
v -0.140763 0.566030 0.740989
v 0.175488 -0.608568 -0.710329
v 0.085394 -0.514485 -0.751641
v 0.164380 -0.386668 -0.788249
v 0.104536 -0.280804 -0.800159
v 0.024849 -0.214468 -0.776521
v 0.182622 -0.104868 -0.711029
v 0.225402 0.219677 -0.323398
v 0.155025 0.533236 -0.303291
v 0.029516 0.609568 -0.394802
v -0.013995 0.643562 -0.430546
v -0.080245 0.665048 -0.515440
v -0.245560 0.550474 -0.576911
v -0.292220 0.469302 -0.521580
v -0.411523 0.314367 -0.427610
v -0.450706 0.215575 -0.434680
v -0.500217 0.207101 -0.447906
v -0.502958 0.134429 -0.475205
v -0.477606 -0.045460 -0.669982
v -0.455576 -0.102774 -0.707411
v -0.374377 -0.076028 -0.716172
v -0.365990 -0.125564 -0.739382
v -0.305299 -0.060316 -0.738662
v -0.225998 -0.007585 -0.757038
v -0.173653 0.072064 -0.703519
v -0.157391 0.134869 -0.603955
v -0.257051 0.054412 -0.603149
v -0.105088 0.152271 -0.615950
v -0.147688 0.187875 -0.570988
v -0.078344 0.202721 -0.563623
v -0.135059 0.227488 -0.562287
v -0.072460 0.239808 -0.546865
v -0.079997 0.305648 -0.560212
v -0.039373 0.304874 -0.523560
v 0.009713 0.398782 -0.433820
v -0.038125 0.495590 -0.530816
v 0.007750 0.465173 -0.406342
v 0.077153 0.337682 -0.353181
v 0.105406 0.115682 -0.446422
v 0.188275 0.138358 -0.393859
v 0.166518 -0.003204 -0.521691
v 0.135926 -0.059925 -0.678135
v 0.079682 -0.033909 -0.713892
v 0.016941 0.097650 -0.621574
v 0.039354 0.144228 -0.476512
v 0.017999 0.180645 -0.476265
v -0.007060 0.263825 -0.485780
v -0.056621 0.167752 -0.582859
v -0.081961 0.115350 -0.705260
v -0.156636 0.044267 -0.759348
v -0.202434 -0.067829 -0.770727
v -0.544600 -0.100038 -0.691221
v -0.625660 -0.026317 -0.657148
v -0.695448 0.022199 -0.617734
v -0.743769 0.021324 -0.610391
v -0.556945 -0.144820 -0.665282
v -0.196595 -0.393501 -0.648339
v -0.133253 -0.494963 -0.625019
v -0.058134 -0.661996 -0.559826
v -0.006679 -0.692679 -0.609194
v 0.033283 -0.691670 -0.640391
v 0.088108 -0.714178 -0.644897
v -0.016534 -0.382646 -0.756934
v 0.030264 -0.343263 -0.784379
v -0.031889 -0.258896 -0.774116
v 0.031833 -0.061670 -0.753734
v -0.031116 0.098836 -0.697577
v -0.102569 -0.082743 -0.777524
v -0.160325 -0.212704 -0.742744
v -0.218979 -0.288920 -0.704467
v -0.103803 -0.230996 -0.763835
v -0.116005 -0.410804 -0.700746
v -0.114649 0.009899 -0.781445
v -0.046929 0.023731 -0.769501
v -0.098339 0.063875 -0.753694
v 0.168377 0.343831 -0.296644
v 0.048205 0.483602 -0.355746
v -0.018659 0.586965 -0.466333
v -0.178523 0.584625 -0.601020
v -0.272016 0.337820 -0.480035
v -0.403181 0.015225 -0.571758
v -0.343744 0.135987 -0.489662
v -0.353693 0.233996 -0.451546
v -0.172602 0.312817 -0.561233
v -0.196471 0.413004 -0.579719
v -0.170872 0.469019 -0.600508
v -0.080561 0.453892 -0.595763
v -0.125404 0.402312 -0.610615
v -0.147176 0.270010 -0.568827
v -0.231002 0.180005 -0.526890
v -0.254894 0.106033 -0.551388
v -0.340512 0.033020 -0.562533
v -0.349534 -0.021850 -0.652505
v -0.072553 0.378583 -0.585938
v -0.328835 -0.256841 -0.471063
v -0.469613 -0.194775 -0.476653
v -0.565138 -0.160059 -0.564802
v -0.957363 0.086228 -0.449172
v -0.957406 0.040326 -0.408755
v -0.912934 0.023870 -0.493436
v -0.865328 -0.032780 -0.528372
v -0.843379 -0.114126 -0.402800
v -0.840433 -0.191086 -0.301076
v -0.795164 -0.163791 -0.357727
v -0.872488 -0.165342 -0.305032
v -0.844762 -0.264837 -0.239527
v -0.710772 -0.258596 -0.211043
v -0.639545 -0.255452 -0.182157
v -0.678921 -0.319651 -0.075296
v -0.535770 -0.286507 -0.099734
v -0.625809 -0.357098 -0.035538
v -0.708642 -0.336975 -0.029989
v -0.779435 -0.300400 -0.157487
v -0.895512 -0.226147 -0.259377
v -0.939400 -0.105171 -0.266264
v -0.984524 -0.166074 -0.226317
v -0.949844 -0.248787 -0.211112
v -0.821575 -0.311330 -0.105475
v -0.742656 -0.321835 -0.037593
v -0.709250 -0.347952 0.002149
v -1.050733 -0.126811 -0.226463
v -0.994081 -0.033561 -0.321147
v -1.053825 -0.040194 -0.292193
v -1.022092 0.042892 -0.356293
v -0.492339 -0.247635 -0.183496
v -0.453719 -0.198673 -0.255990
v -0.446521 -0.182858 -0.347474
v -0.696271 -0.171687 -0.303965
v -0.657712 -0.191452 -0.255436
v -0.571259 -0.244463 -0.176986
v -0.623580 -0.152469 -0.357272
v -0.188895 -0.351590 0.534865
v -0.083951 -0.543358 0.533517
v -0.058607 -0.576822 0.515925
v -0.033313 -0.633663 0.369488
v 0.068408 -0.725212 0.153665
v 0.121178 -0.799019 -0.058848
v -0.092941 0.609701 -0.562976
vn -0.0862 0.5895 -0.8031
vn -0.2154 0.3648 -0.9058
vn -0.1632 0.5699 -0.8053
vn 0.7259 0.5650 0.3922
vn 0.8659 0.2946 0.4043
vn 0.8955 0.3298 0.2989
vn -0.2603 0.5265 0.8093
vn -0.4461 0.5470 0.7084
vn -0.4188 0.6449 0.6393
vn 0.7358 0.6746 0.0591
vn 0.5529 0.6286 -0.5470
vn 0.5671 0.6421 -0.5159
vn 0.7697 -0.4197 0.4810
vn 0.8418 -0.4386 0.3147
vn 0.3797 -0.7162 0.5856
vn 0.4327 -0.4694 0.7697
vn 0.5789 -0.1240 0.8059
vn 0.3533 -0.1977 0.9144
vn 0.4488 0.1124 0.8866
vn -0.8069 -0.2072 0.5531
vn -0.8530 -0.2927 0.4322
vn -0.7493 -0.4927 0.4424
vn 0.5024 0.8453 0.1818
vn 0.6832 0.6451 0.3422
vn 0.8350 0.5495 -0.0278
vn -0.4085 -0.8244 0.3919
vn 0.3210 -0.7459 0.5836
vn 0.0284 -0.6975 0.7160
vn -0.0564 -0.8506 0.5228
vn -0.2887 -0.9253 0.2459
vn 0.1923 -0.9308 0.3110
vn 0.2053 0.8300 -0.5186
vn 0.3347 0.5302 -0.7790
vn 0.0910 0.6084 -0.7884
vn -0.3464 0.8614 -0.3715
vn -0.6186 0.7646 -0.1807
vn -0.4965 0.8247 -0.2706
vn -0.0609 0.9615 -0.2680
vn -0.0718 0.9913 -0.1107
vn -0.0798 0.9968 -0.0050
vn -0.2618 0.9187 -0.2956
vn -0.4654 0.6900 0.5544
vn -0.4064 0.4553 0.7922
vn -0.2893 0.4319 0.8543
vn 0.9761 0.0886 0.1982
vn 0.9739 -0.0034 0.2270
vn 0.9852 0.0704 -0.1565
vn -0.5154 0.8196 0.2502
vn -0.5588 0.8196 0.1263
vn -0.5259 0.7432 0.4136
vn -0.4760 0.8417 0.2549
vn -0.2713 0.8305 0.4865
vn 0.8622 -0.4259 -0.2741
vn 0.8958 -0.2155 -0.3887
vn 0.8792 -0.3450 -0.3285
vn 0.2697 -0.3529 0.8959
vn -0.0263 -0.2752 0.9610
vn 0.2216 -0.5872 0.7785
vn -0.3241 -0.2322 -0.9171
vn -0.2438 0.0273 -0.9694
vn -0.2644 -0.4610 -0.8471
vn -0.8728 -0.1446 -0.4661
vn -0.8529 0.0370 -0.5208
vn -0.7668 -0.0675 -0.6384
vn -0.4899 0.7244 0.4850
vn -0.6749 0.2090 0.7077
vn -0.7466 -0.5805 0.3249
vn -0.8524 0.0655 0.5188
vn -0.9064 0.0285 0.4214
vn -0.3978 0.9133 -0.0880
vn -0.5764 0.7969 0.1808
vn -0.3701 0.9022 0.2214
vn -0.8775 -0.4084 0.2513
vn -0.6828 -0.6066 0.4072
vn -0.6555 -0.4227 0.6259
vn 0.1648 0.6291 -0.7597
vn -0.2575 0.2705 -0.9276
vn -0.1701 0.4543 -0.8745
vn -0.2410 0.3403 -0.9089
vn 0.4875 -0.3598 -0.7955
vn 0.3194 -0.5644 -0.7612
vn 0.2876 -0.2998 -0.9096
vn 0.2263 0.5146 -0.8270
vn 0.2043 0.4590 -0.8646
vn 0.1058 0.1964 -0.9748
vn 0.1866 0.4277 -0.8845
vn 0.3329 -0.6911 -0.6416
vn 0.3127 -0.5652 -0.7634
vn 0.1733 -0.6549 -0.7356
vn 0.8042 -0.5704 0.1671
vn 0.5332 -0.7742 0.3411
vn 0.5587 -0.8266 -0.0669
vn 0.0987 0.0583 0.9934
vn 0.0950 0.1097 0.9894
vn 0.6923 0.5764 0.4342
vn 0.8879 0.2969 0.3514
vn 0.9083 0.4162 0.0413
vn -0.6336 -0.7736 -0.0081
vn -0.7520 -0.5669 -0.3364
vn -0.5375 -0.8224 -0.1863
vn 0.7506 0.6222 0.2222
vn 0.8388 0.4615 0.2888
vn 0.7593 0.6292 0.1659
vn 0.7937 0.5193 0.3168
vn 0.7487 0.6483 0.1387
vn -0.6084 0.7864 -0.1067
vn -0.7237 0.6144 0.3141
vn -0.7996 0.5790 0.1591
vn -0.7803 0.6229 0.0561
vn -0.5883 0.8035 0.0913
vn -0.0018 0.8529 0.5221
vn 0.2489 0.8547 0.4555
vn -0.3013 0.9162 0.2641
vn -0.6049 0.7235 -0.3325
vn -0.5814 0.7909 -0.1907
vn -0.7067 0.6884 -0.1633
vn -0.7408 0.1729 -0.6491
vn -0.8334 0.5134 -0.2047
vn -0.5749 0.8101 -0.1150
vn -0.3805 0.8982 0.2199
vn 0.0690 0.9969 0.0390
vn 0.3731 0.9039 0.2092
vn 0.3201 0.9473 0.0089
vn 0.9022 -0.4305 -0.0259
vn 0.8835 -0.4673 0.0335
vn 0.8563 -0.4526 0.2489
vn 0.0053 -0.9914 0.1310
vn 0.0566 -0.9579 -0.2813
vn 0.2337 -0.9700 -0.0673
vn 0.8875 -0.3037 -0.3464
vn 0.7511 -0.6093 -0.2541
vn 0.6588 -0.6929 -0.2931
vn -0.6261 -0.6859 0.3709
vn -0.6835 -0.6751 0.2777
vn -0.2408 -0.9172 0.3175
vn -0.6544 -0.7232 0.2207
vn -0.7321 -0.6434 -0.2236
vn -0.6030 -0.7787 -0.1731
vn -0.5625 -0.6117 -0.5562
vn -0.7654 -0.4103 -0.4958
vn -0.5761 -0.5154 -0.6344
vn -0.7609 -0.4453 -0.4720
vn -0.5494 -0.7158 -0.4311
vn -0.7962 -0.3958 -0.4576
vn -0.2331 -0.9511 -0.2028
vn -0.3503 -0.9364 0.0203
vn -0.0308 -0.9858 0.1649
vn -0.3614 -0.8767 0.3176
vn -0.0229 -0.9293 0.3685
vn -0.6553 -0.5664 0.4998
vn -0.7039 -0.4824 0.5214
vn -0.6229 -0.5859 0.5184
vn -0.3543 -0.7712 0.5289
vn -0.5337 -0.8154 0.2242
vn -0.5253 -0.6746 0.5186
vn -0.3169 -0.7553 0.5737
vn -0.4683 -0.5162 0.7171
vn -0.0209 -0.7285 0.6848
vn -0.1066 -0.5320 0.8400
vn -0.4073 0.1857 0.8942
vn -0.1355 0.2031 0.9697
vn -0.2078 -0.2580 0.9435
vn -0.3338 0.3060 0.8916
vn -0.0718 0.1237 0.9897
vn 0.0376 0.2986 0.9536
vn 0.1202 -0.7101 0.6938
vn -0.6316 -0.7661 0.1191
vn -0.8083 -0.5498 0.2105
vn -0.7096 -0.6841 -0.1687
vn -0.6720 -0.7405 0.0079
vn -0.6788 -0.6119 -0.4060
vn -0.7529 -0.5906 -0.2905
vn -0.5648 -0.8249 0.0246
vn -0.2053 -0.9768 0.0614
vn -0.3709 -0.9004 -0.2274
vn -0.8253 -0.4152 -0.3826
vn -0.4941 -0.3237 0.8069
vn -0.2864 -0.6924 0.6622
vn -0.1083 -0.6948 0.7110
vn -0.0456 -0.5541 0.8312
vn -0.0574 -0.6242 0.7792
vn -0.4749 -0.6482 0.5953
vn -0.5409 -0.7766 0.3230
vn -0.7331 -0.4803 -0.4815
vn -0.8384 -0.4262 -0.3397
vn -0.8121 -0.3505 -0.4664
vn -0.7235 -0.5724 -0.3859
vn -0.1271 -0.9483 -0.2909
vn 0.1746 -0.9804 0.0912
vn 0.3170 -0.9207 0.2276
vn 0.2532 -0.8697 0.4236
vn -0.6236 -0.2389 0.7443
vn -0.7163 0.1096 0.6891
vn -0.6730 0.0734 0.7360
vn -0.3645 -0.2286 0.9027
vn -0.0581 -0.1332 0.9894
vn -0.0658 -0.2468 0.9668
vn 0.4661 -0.4422 0.7663
vn -0.1843 -0.8370 0.5152
vn -0.7153 -0.6988 0.0031
vn -0.7439 -0.6385 0.1973
vn -0.0503 -0.9148 0.4008
vn -0.4074 -0.8271 0.3872
vn -0.1629 -0.9862 0.0305
vn -0.4342 -0.8905 0.1359
vn -0.6613 -0.6993 0.2714
vn -0.8192 -0.5719 -0.0428
vn -0.6325 -0.7599 -0.1499
vn -0.9372 -0.2590 -0.2336
vn -0.9438 -0.0738 0.3221
vn -0.5583 -0.0738 0.8263
vn -0.6134 -0.1837 0.7681
vn -0.4069 -0.8245 0.3931
vn -0.0427 -0.6903 0.7222
vn -0.0739 -0.6785 0.7309
vn -0.3758 -0.6606 0.6499
vn -0.1933 -0.4139 0.8896
vn -0.4021 -0.3365 0.8515
vn -0.1903 -0.7250 0.6620
vn -0.5650 -0.8131 0.1404
vn -0.5466 -0.8058 -0.2277
vn -0.3638 -0.6040 -0.7091
vn -0.4822 -0.7170 -0.5034
vn -0.4768 -0.8144 -0.3307
vn -0.6814 -0.6356 0.3631
vn -0.7535 -0.5647 0.3366
vn -0.7340 -0.6323 0.2478
vn -0.7960 -0.1975 0.5721
vn -0.8797 -0.0050 0.4756
vn -0.8579 -0.0884 0.5061
vn -0.5662 -0.3714 0.7359
vn -0.0543 -0.5960 0.8012
vn -0.3498 -0.8931 0.2830
vn -0.1701 -0.8511 0.4967
vn -0.1303 -0.6344 0.7620
vn -0.1752 -0.6790 0.7129
vn -0.5889 -0.5808 0.5620
vn -0.8071 -0.3785 -0.4531
vn -0.9694 -0.2345 -0.0721
vn -0.9667 -0.2434 0.0794
vn -0.8746 -0.1845 0.4485
vn -0.9973 0.0517 0.0531
vn -0.8886 -0.3893 0.2426
vn -0.9415 0.0413 0.3345
vn -0.2622 -0.4186 0.8695
vn -0.5883 -0.1960 0.7846
vn -0.3775 -0.1535 0.9132
vn -0.5739 -0.6207 0.5341
vn -0.8050 -0.5919 -0.0407
vn -0.8500 -0.4417 0.2869
vn -0.9703 -0.1413 0.1961
vn -0.8357 -0.5435 -0.0796
vn -0.9403 -0.2849 -0.1863
vn -0.9300 -0.2157 -0.2975
vn -0.7301 -0.6181 -0.2914
vn -0.4919 -0.8702 0.0279
vn -0.7007 -0.6934 -0.1682
vn -0.5237 -0.6739 0.5211
vn -0.8578 -0.2479 0.4502
vn -0.7091 -0.0030 0.7051
vn -0.6244 -0.3530 0.6968
vn -0.9287 0.0750 0.3631
vn -0.8245 -0.2660 0.4994
vn -0.8232 -0.3854 0.4168
vn -0.7266 -0.6814 0.0881
vn -0.5839 -0.8115 0.0240
vn -0.5712 -0.7260 0.3829
vn -0.2691 -0.7294 0.6289
vn -0.1870 -0.5377 0.8222
vn -0.4927 -0.3711 0.7871
vn -0.6592 -0.7519 -0.0086
vn -0.8941 -0.4099 -0.1806
vn -0.8086 -0.3852 -0.4447
vn -0.7765 -0.6078 -0.1662
vn -0.5498 -0.8333 -0.0581
vn -0.1038 -0.9924 0.0667
vn -0.1495 -0.9548 -0.2569
vn 0.4265 -0.6599 0.6186
vn 0.4285 -0.7249 0.5393
vn 0.4331 -0.7786 0.4541
vn 0.4858 -0.4977 0.7185
vn 0.3933 -0.6802 0.6186
vn 0.4565 -0.5312 0.7137
vn 0.4178 -0.6196 0.6644
vn 0.6765 -0.5702 0.4661
vn 0.4357 -0.8718 0.2237
vn 0.5713 -0.7906 0.2205
vn 0.1254 -0.9387 0.3211
vn -0.1580 -0.9193 0.3605
vn 0.4274 -0.7754 0.4649
vn -0.2201 -0.7013 0.6781
vn -0.7310 -0.4255 0.5335
vn -0.5704 -0.4689 0.6744
vn -0.3023 -0.5091 0.8059
vn -0.6178 -0.4304 0.6580
vn -0.8869 -0.2468 0.3906
vn -0.7736 -0.3062 0.5548
vn -0.9081 -0.2986 0.2937
vn -0.8285 -0.4852 0.2798
vn -0.9300 -0.2339 0.2835
vn -0.6660 -0.4742 0.5758
vn 0.3022 -0.6734 0.6747
vn 0.2178 -0.3741 0.9015
vn 0.4932 -0.7152 0.4951
vn 0.3832 -0.7846 0.4874
vn -0.0193 -0.5235 0.8518
vn -0.4477 -0.4622 0.7655
vn -0.2738 -0.2032 0.9401
vn -0.6256 -0.2290 0.7458
vn -0.8477 0.0519 0.5280
vn -0.9157 0.3715 0.1534
vn -0.8709 0.4743 0.1284
vn -0.8408 -0.1143 0.5292
vn -0.9279 0.3230 -0.1864
vn -0.9415 -0.1817 -0.2837
vn -0.9800 -0.1193 -0.1591
vn -0.9800 -0.1849 -0.0737
vn -0.7149 -0.5701 -0.4047
vn -0.6108 -0.7126 -0.3452
vn -0.4498 -0.8851 0.1197
vn -0.9702 -0.1736 0.1692
vn -0.8526 -0.5205 0.0462
vn -0.8108 -0.5852 0.0143
vn -0.4881 -0.6847 -0.5412
vn -0.2924 -0.5375 -0.7910
vn -0.3617 -0.9315 0.0393
vn -0.3702 -0.8455 -0.3849
vn 0.5075 -0.8536 -0.1178
vn 0.2515 -0.9668 -0.0450
vn 0.5301 -0.8275 -0.1849
vn 0.7608 -0.6264 -0.1696
vn 0.7030 -0.6789 0.2120
vn 0.5407 -0.7744 0.3284
vn 0.3988 -0.6669 0.6295
vn 0.3581 -0.4974 0.7902
vn 0.5719 -0.4911 0.6571
vn 0.6718 -0.6189 0.4071
vn 0.4675 -0.7253 0.5053
vn -0.2590 -0.6011 0.7560
vn 0.1735 -0.7098 0.6827
vn 0.0724 -0.7056 0.7049
vn -0.3158 -0.1845 0.9307
vn -0.5041 -0.2880 0.8142
vn -0.6565 -0.2867 0.6977
vn -0.7188 -0.4651 0.5167
vn -0.2529 -0.7012 0.6666
vn -0.5364 -0.7538 0.3796
vn 0.2287 -0.7992 0.5559
vn 0.2170 -0.8783 0.4260
vn 0.2124 -0.7321 0.6472
vn -0.0355 -0.6639 0.7470
vn -0.5039 0.0910 0.8589
vn -0.8631 0.3148 0.3949
vn -0.8467 0.1593 0.5076
vn -0.6281 0.6076 0.4861
vn -0.6588 0.7119 0.2432
vn -0.7519 0.6511 0.1032
vn -0.7585 0.5598 0.3336
vn -0.8805 0.4740 -0.0003
vn -0.6832 0.3714 0.6287
vn -0.5835 0.5654 0.5830
vn -0.8962 0.3504 -0.2721
vn -0.9147 0.1325 -0.3818
vn -0.8966 0.1687 -0.4094
vn -0.7475 0.2279 -0.6240
vn -0.6032 0.3354 -0.7236
vn -0.6610 0.3332 -0.6724
vn -0.3019 0.2607 -0.9170
vn -0.4473 0.3990 -0.8004
vn -0.6179 0.1292 -0.7755
vn -0.3603 0.0104 -0.9328
vn -0.5682 -0.4710 -0.6747
vn -0.3695 0.0606 -0.9272
vn -0.4492 -0.5258 -0.7223
vn -0.4645 -0.7640 -0.4478
vn -0.4790 -0.8765 0.0492
vn -0.5021 -0.6741 -0.5418
vn -0.5161 -0.8361 -0.1860
vn -0.5972 -0.7970 0.0903
vn -0.5371 -0.6941 -0.4793
vn -0.7836 -0.6165 -0.0771
vn -0.8695 -0.4731 -0.1421
vn -0.8619 -0.4905 -0.1284
vn -0.7830 -0.5534 -0.2838
vn -0.6704 -0.7078 -0.2228
vn -0.6038 -0.5798 -0.5471
vn -0.1329 -0.7073 -0.6943
vn 0.2680 -0.6967 -0.6654
vn 0.4383 -0.7789 -0.4486
vn 0.5074 -0.8489 -0.1481
vn 0.5847 -0.7313 -0.3512
vn 0.6750 -0.7034 -0.2228
vn 0.8087 -0.5580 -0.1859
vn 0.9100 -0.4109 -0.0548
vn 0.8714 -0.3284 -0.3643
vn 0.8307 -0.3910 -0.3962
vn 0.8697 -0.4330 -0.2369
vn 0.3525 -0.5634 0.7472
vn 0.6662 -0.6093 0.4300
vn 0.7725 -0.5380 0.3375
vn 0.7401 -0.6272 0.2427
vn 0.6381 -0.6994 0.3219
vn 0.7116 -0.5885 0.3838
vn 0.5313 -0.7155 0.4536
vn 0.4496 -0.6111 0.6515
vn 0.3954 -0.6804 0.6170
vn 0.3780 -0.5052 0.7758
vn -0.1122 0.1453 0.9830
vn 0.0096 0.4227 0.9062
vn -0.2164 0.0004 0.9763
vn -0.2138 -0.2018 0.9558
vn -0.4944 -0.3461 0.7973
vn -0.4075 -0.4294 0.8059
vn -0.4736 -0.6685 0.5735
vn -0.2353 -0.7821 0.5770
vn -0.2049 -0.9340 0.2926
vn -0.3124 -0.5028 0.8060
vn -0.2472 -0.2288 0.9416
vn -0.3035 0.1617 0.9390
vn -0.3671 0.2581 0.8937
vn -0.2287 0.6441 0.7300
vn -0.3805 0.6076 0.6971
vn -0.3606 0.5694 0.7387
vn -0.4043 0.5780 0.7089
vn -0.3259 0.6156 0.7175
vn -0.4306 0.6871 0.5852
vn -0.3998 0.8796 0.2577
vn -0.3555 0.9326 0.0629
vn -0.2853 0.9571 -0.0511
vn -0.4804 0.8765 0.0312
vn -0.7099 0.7010 0.0676
vn -0.4710 0.7041 0.5314
vn -0.4471 0.6421 0.6227
vn -0.6096 0.5184 -0.5997
vn -0.4291 0.4660 -0.7738
vn -0.1525 0.5023 -0.8512
vn -0.1193 0.2792 -0.9528
vn 0.2969 0.2350 -0.9255
vn 0.1379 0.6202 -0.7723
vn -0.2714 0.3952 -0.8776
vn -0.0307 0.0680 -0.9972
vn -0.6266 0.1747 -0.7595
vn -0.5914 0.5567 -0.5834
vn -0.5977 0.6201 -0.5081
vn -0.4046 0.7524 -0.5198
vn -0.2468 0.7269 -0.6409
vn -0.3260 0.7779 -0.5372
vn 0.0959 0.6730 -0.7334
vn -0.0183 0.8725 -0.4882
vn 0.2116 0.6335 -0.7443
vn 0.2086 0.1288 -0.9695
vn 0.4151 0.0765 -0.9066
vn 0.1803 -0.0688 -0.9812
vn 0.1864 -0.1133 -0.9759
vn 0.0533 0.6401 -0.7664
vn 0.3071 0.4920 -0.8147
vn 0.0795 0.3148 -0.9458
vn -0.1232 0.7189 -0.6841
vn 0.1042 0.7820 -0.6144
vn 0.3346 0.7045 -0.6259
vn 0.2567 0.7695 -0.5848
vn 0.1352 0.1795 -0.9744
vn 0.2068 0.0295 -0.9779
vn 0.2137 -0.0414 -0.9760
vn 0.0688 -0.5092 -0.8579
vn 0.0279 -0.3933 -0.9190
vn 0.2044 -0.2356 -0.9501
vn 0.2930 -0.6162 -0.7311
vn 0.2083 -0.5514 -0.8078
vn 0.7071 -0.6662 -0.2370
vn 0.8762 -0.4435 0.1887
vn 0.8261 -0.5567 -0.0868
vn 0.6549 -0.6731 -0.3437
vn 0.8333 -0.3910 -0.3908
vn 0.8740 -0.2304 -0.4277
vn 0.7651 -0.6374 -0.0911
vn 0.3403 -0.7115 0.6147
vn 0.4568 -0.6918 0.5592
vn 0.3304 -0.5427 0.7722
vn 0.7246 -0.6526 0.2215
vn 0.7915 -0.4317 0.4326
vn 0.6246 0.2035 0.7539
vn 0.2337 0.0533 0.9709
vn 0.5599 0.4628 0.6873
vn 0.3468 0.5071 0.7891
vn 0.5242 0.6178 0.5861
vn 0.4199 0.7645 0.4891
vn -0.2588 0.9384 0.2289
vn -0.4046 0.8486 0.3409
vn -0.2853 0.9581 0.0251
vn -0.2537 0.9301 0.2656
vn -0.2889 0.9168 0.2757
vn 0.1128 0.9471 -0.3004
vn -0.2461 0.9685 -0.0382
vn 0.0705 0.9919 -0.1055
vn -0.4811 0.8608 -0.1661
vn 0.3658 0.8912 0.2681
vn 0.0822 0.9870 0.1384
vn -0.2872 0.8941 0.3437
vn 0.0411 0.9404 0.3375
vn 0.2031 0.8029 0.5604
vn 0.1837 0.9267 0.3279
vn -0.6351 0.7648 -0.1087
vn -0.5767 0.8034 -0.1479
vn -0.5891 0.7560 -0.2854
vn -0.7364 0.6719 0.0799
vn -0.4710 0.8733 0.1244
vn -0.7142 0.7000 0.0049
vn 0.2038 0.6605 0.7226
vn -0.4874 0.8243 0.2881
vn -0.5252 0.7618 0.3792
vn -0.4093 0.8476 0.3378
vn -0.5936 0.7736 0.2219
vn -0.2467 0.9626 0.1116
vn -0.2446 0.8875 -0.3906
vn -0.1272 0.8339 -0.5370
vn -0.4121 0.8980 -0.1541
vn 0.2793 0.9453 -0.1685
vn 0.4847 0.8170 -0.3125
vn 0.5913 0.7317 -0.3390
vn 0.4786 0.6423 -0.5987
vn 0.2642 0.2285 -0.9370
vn 0.2883 0.3215 -0.9019
vn 0.0748 0.2162 -0.9735
vn 0.1589 0.0150 -0.9872
vn -0.3055 0.2799 -0.9101
vn -0.2632 0.2244 -0.9383
vn -0.1023 0.3280 -0.9391
vn -0.3144 0.6029 -0.7332
vn -0.1162 0.6938 -0.7108
vn -0.3580 0.6769 -0.6432
vn 0.1386 0.4768 -0.8680
vn 0.2144 0.5422 -0.8124
vn 0.5557 -0.4198 -0.7176
vn 0.5519 -0.6438 -0.5300
vn 0.6571 -0.7335 -0.1737
vn 0.6975 -0.6710 -0.2513
vn 0.8489 -0.5074 0.1479
vn 0.8660 -0.4764 0.1518
vn 0.8356 -0.5066 0.2127
vn 0.8308 -0.5211 0.1955
vn 0.7154 -0.6972 -0.0460
vn 0.6679 -0.7403 -0.0761
vn 0.5525 -0.7617 -0.3386
vn 0.4043 -0.7015 -0.5868
vn 0.5993 -0.4741 -0.6451
vn 0.6440 -0.5021 -0.5772
vn 0.3372 -0.8503 -0.4041
vn 0.4059 -0.9072 0.1104
vn -0.0051 -0.7286 0.6850
vn -0.1602 -0.7325 0.6617
vn 0.1622 -0.6980 0.6974
vn 0.2827 -0.8324 0.4767
vn 0.3727 -0.8323 0.4104
vn 0.5006 -0.7386 0.4515
vn 0.7146 -0.6631 0.2229
vn 0.5761 -0.7833 0.2334
vn 0.3684 -0.9136 0.1720
vn 0.5018 -0.7428 0.4432
vn 0.2963 -0.8025 0.5178
vn 0.3039 -0.8721 0.3835
vn 0.2515 -0.8478 0.4668
vn 0.8732 0.0041 0.4873
vn 0.7561 0.5595 0.3395
vn 0.4297 0.3958 0.8116
vn 0.9044 0.3949 0.1616
vn 0.7227 0.6167 0.3120
vn 0.5784 0.7585 0.3001
vn -0.0191 0.9704 0.2407
vn 0.5460 0.8358 0.0580
vn 0.5538 0.8230 0.1266
vn 0.7179 0.6903 0.0896
vn 0.7815 0.6194 0.0751
vn 0.6999 0.7129 0.0422
vn 0.6061 0.7953 -0.0030
vn -0.0456 0.6326 -0.7731
vn 0.2605 0.8014 -0.5385
vn 0.2922 0.8999 -0.3238
vn -0.1197 0.7551 -0.6446
vn -0.0335 0.7395 -0.6723
vn -0.0242 0.3922 -0.9196
vn 0.3340 -0.0035 -0.9426
vn 0.0338 0.3905 -0.9200
vn 0.6686 -0.3992 -0.6274
vn 0.6192 -0.2007 -0.7591
vn 0.4737 0.0604 -0.8786
vn 0.4010 -0.0693 -0.9134
vn 0.7840 -0.6161 -0.0754
vn 0.7496 -0.6536 -0.1045
vn 0.7464 -0.6029 0.2819
vn 0.6440 -0.7244 0.2460
vn 0.5687 -0.7964 -0.2060
vn 0.2706 -0.8556 -0.4412
vn 0.1698 -0.7302 -0.6618
vn 0.4135 -0.8320 -0.3698
vn 0.1601 -0.9871 -0.0050
vn -0.1318 -0.9257 0.3544
vn -0.2007 -0.8985 0.3905
vn -0.2978 -0.7382 0.6053
vn 0.2150 -0.8846 0.4139
vn -0.0628 -0.8798 0.4713
vn 0.5564 -0.7969 0.2352
vn 0.2149 -0.9514 0.2206
vn 0.1245 -0.9532 0.2757
vn 0.2547 -0.9233 0.2876
vn -0.2987 -0.9034 0.3077
vn -0.1730 -0.8576 0.4844
vn 0.2548 -0.5477 0.7969
vn 0.6830 -0.0051 0.7304
vn 0.8819 -0.1157 0.4570
vn 0.9524 -0.2961 -0.0727
vn 0.9913 -0.1312 0.0051
vn 0.8366 0.3721 0.4020
vn 0.6162 0.7855 -0.0578
vn 0.3883 0.9025 0.1862
vn 0.3520 0.6447 0.6786
vn 0.3318 0.9433 -0.0061
vn 0.3770 0.8992 0.2219
vn 0.7578 0.5470 0.3557
vn 0.6149 0.5861 0.5277
vn 0.9710 0.1174 0.2082
vn 0.9518 0.2952 0.0838
vn 0.8398 0.3949 0.3726
vn 0.9831 -0.0056 -0.1831
vn 0.9192 0.2833 -0.2734
vn 0.7913 -0.0434 -0.6099
vn 0.6428 -0.4008 -0.6528
vn 0.7460 -0.6326 -0.2080
vn 0.7923 -0.5577 -0.2474
vn 0.6275 -0.7641 0.1498
vn 0.1682 -0.9353 -0.3113
vn 0.3710 -0.9286 -0.0109
vn 0.1889 -0.8497 -0.4924
vn 0.3213 -0.7493 -0.5791
vn 0.4959 -0.7371 -0.4591
vn 0.7691 -0.6320 -0.0946
vn 0.9526 -0.2301 0.1990
vn 0.9277 0.1257 0.3516
vn 0.9018 -0.2500 0.3524
vn 0.9901 -0.0347 0.1360
vn 0.5037 0.8574 -0.1052
vn 0.8584 0.4863 0.1635
vn 0.4731 0.8692 0.1438
vn 0.8914 0.2494 0.3783
vn 0.9787 -0.1999 -0.0472
vn 0.3777 -0.9028 -0.2057
vn 0.4684 -0.8835 -0.0066
vn 0.3998 -0.9115 0.0966
vn 0.2253 -0.9055 -0.3596
vn 0.5216 -0.7485 -0.4096
vn 0.8278 -0.4783 -0.2934
vn 0.8282 -0.0072 0.5604
vn 0.5853 0.4652 0.6641
vn 0.5199 0.1173 0.8462
vn 0.4142 0.3014 0.8589
vn 0.6974 0.3620 0.6186
vn 0.9652 -0.0695 0.2521
vn 0.9315 -0.2456 0.2685
vn 0.8302 -0.1453 0.5382
vn 0.8769 0.1255 0.4640
vn 0.8189 0.2464 0.5183
vn 0.7237 0.5688 0.3908
vn 0.9881 0.0157 0.1529
vn 0.8864 -0.4118 -0.2114
vn 0.9889 -0.0314 0.1455
vn 0.4704 0.5386 0.6990
vn 0.8736 0.2830 0.3959
vn 0.9218 -0.1220 0.3680
vn 0.7951 -0.2594 0.5482
vn 0.7984 0.0238 0.6017
vn 0.7031 -0.1642 0.6919
vn 0.6406 0.1943 0.7429
vn 0.5907 0.4495 0.6701
vn 0.7143 0.3757 0.5905
vn 0.5981 0.3057 0.7408
vn 0.0123 -0.8885 0.4588
vn 0.2248 -0.6555 0.7210
vn -0.0610 -0.9546 0.2917
vn 0.0180 -0.8938 0.4481
vn -0.3339 -0.8526 0.4021
vn 0.2446 -0.9509 0.1895
vn 0.7019 -0.5528 -0.4490
vn 0.2635 0.0028 -0.9647
vn 0.5066 0.2984 -0.8089
vn 0.6675 0.3194 -0.6726
vn 0.6017 0.4670 -0.6480
vn 0.3150 0.8193 -0.4791
vn 0.6676 0.7026 -0.2461
vn 0.1311 0.4301 -0.8932
vn 0.1524 0.6027 -0.7833
vn 0.2506 0.8114 -0.5281
vn 0.3916 0.8370 -0.3822
vn 0.2674 0.7225 0.6376
vn 0.5036 0.7403 0.4454
vn 0.5680 0.7897 0.2318
vn 0.4593 0.7942 0.3979
vn 0.3848 0.9051 -0.1811
vn 0.1659 0.9836 -0.0710
vn 0.0549 0.9965 0.0630
vn 0.0761 0.9601 -0.2691
vn 0.5277 0.8494 -0.0099
vn 0.7361 0.6756 -0.0424
vn 0.6528 0.5678 0.5014
vn 0.8660 0.4824 -0.1313
vn 0.8790 0.4520 0.1517
vn 0.8885 0.4543 0.0644
vn 0.7755 0.5801 0.2490
vn 0.9182 0.2866 0.2735
vn 0.8631 0.3382 0.3752
vn 0.8915 0.2346 0.3875
vn 0.8046 0.5117 0.3012
vn 0.9253 0.3008 0.2308
vn 0.7418 0.2779 0.6104
vn 0.5986 0.4674 0.6506
vn 0.4372 0.8977 -0.0550
vn 0.4451 0.7665 0.4630
vn 0.4243 0.7229 0.5454
vn 0.3258 0.6442 0.6920
vn 0.6830 0.6728 0.2844
vn 0.7330 0.6685 0.1261
vn 0.9067 0.4173 0.0619
vn 0.8907 0.4032 0.2098
vn 0.8826 0.3227 0.3420
vn 0.9907 0.1166 0.0700
vn 0.9361 0.0335 0.3500
vn 0.7758 0.1539 0.6119
vn 0.5385 0.2031 0.8177
vn 0.3011 0.5797 0.7572
vn 0.2943 0.7055 0.6448
vn 0.2661 0.6475 0.7141
vn 0.4189 0.7944 0.4397
vn 0.3886 0.4558 0.8008
vn 0.6161 0.4490 0.6472
vn 0.9721 0.2093 0.1061
vn 0.8823 0.3327 0.3329
vn 0.8942 0.4115 0.1759
vn 0.6163 0.3862 0.6862
vn 0.6052 0.7311 0.3148
vn 0.3806 0.8123 0.4419
vn 0.1097 0.9798 0.1672
vn 0.8110 0.3570 -0.4635
vn 0.9732 0.2222 0.0592
vn 0.6981 0.2357 0.6761
vn 0.7585 0.2245 0.6118
vn 0.4396 0.6034 0.6653
vn 0.2066 0.9171 0.3411
vn 0.0134 0.9916 0.1285
vn 0.2813 0.8612 -0.4234
vn 0.3461 0.8515 -0.3939
vn 0.5855 0.6513 -0.4827
vn 0.6145 0.5298 -0.5846
vn 0.9148 0.2880 -0.2833
vn 0.8282 0.0631 0.5569
vn 0.6280 0.3123 0.7128
vn 0.8121 0.0087 0.5835
vn 0.6433 0.7366 0.2087
vn 0.3801 0.9245 -0.0281
vn 0.0231 0.9883 -0.1510
vn 0.6000 0.7215 -0.3457
vn 0.8122 0.4351 0.3886
vn 0.8605 0.5079 -0.0386
vn 0.4903 0.8704 -0.0449
vn 0.3500 -0.8330 0.4285
vn -0.3459 -0.8073 0.4782
vn 0.3625 -0.2421 -0.9000
vn 0.3225 -0.1652 -0.9321
vn 0.1739 0.3738 -0.9111
vn -0.3014 0.5060 -0.8081
vn -0.4674 0.5425 -0.6980
vn -0.2402 0.5225 -0.8181
vn -0.4245 0.5546 -0.7157
vn -0.4260 0.4791 -0.7675
vn 0.1743 0.9347 -0.3099
vn -0.0974 0.9780 0.1845
vn -0.0424 0.9986 -0.0312
vn 0.3656 0.9307 0.0143
vn 0.1010 0.9840 -0.1468
vn -0.3323 0.9159 -0.2253
vn 0.0077 0.9598 -0.2807
vn 0.0110 0.9012 -0.4333
vn 0.3154 0.9400 -0.1303
vn 0.3677 0.7666 -0.5264
vn -0.5063 0.8603 0.0597
vn -0.5981 0.7828 -0.1718
vn -0.5715 0.8197 0.0386
vn -0.5579 0.8262 0.0781
vn 0.0163 0.8181 -0.5748
vn -0.6200 0.7768 0.1105
vn -0.4497 0.4413 -0.7766
vn 0.2051 0.2542 -0.9452
vn 0.5231 -0.7411 0.4209
vn 0.6697 -0.7257 0.1576
vn 0.4415 -0.7050 -0.5550
vn 0.0506 0.7908 -0.6100
vn -0.0328 0.8083 -0.5878
vn 0.2576 0.2355 -0.9371
vn 0.0500 -0.0006 -0.9987
vn 0.1918 0.8225 -0.5355
vn 0.2946 0.9164 -0.2711
vn -0.2701 0.9436 -0.1914
vn -0.0054 0.8471 0.5313
vn -0.3534 0.7888 0.5029
vn -0.6754 0.6535 0.3418
vn -0.7579 0.6221 0.1966
vn -0.5486 0.8004 -0.2415
vn -0.5082 0.8366 -0.2045
vn -0.6089 0.7737 -0.1752
vn -0.6231 0.6606 -0.4187
vn -0.6108 0.7810 -0.1304
vn -0.6025 0.7913 -0.1045
vn -0.8013 0.5562 -0.2203
vn -0.4640 0.8029 -0.3742
vn -0.4404 0.8966 0.0469
vn -0.1093 0.9631 0.2460
vn -0.0030 0.9679 -0.2514
vn 0.1643 0.9763 0.1409
vn 0.2049 0.9150 0.3476
vn 0.1282 0.9628 0.2377
vn 0.2054 0.9364 0.2846
vn 0.0033 0.9808 0.1951
vn -0.0785 0.9113 0.4043
vn -0.2244 0.9701 0.0920
vn -0.7365 0.6205 -0.2695
vn -0.6085 0.7742 -0.1741
vn -0.7337 0.6029 -0.3134
vn -0.2501 0.7963 -0.5507
vn -0.1602 0.6489 -0.7438
vn -0.4385 0.7473 -0.4993
vn -0.5008 0.1075 -0.8589
vn -0.5827 0.7869 -0.2028
vn -0.5575 0.7567 -0.3416
vn -0.3676 0.9295 -0.0306
vn 0.2669 0.9135 -0.3071
vn 0.0441 0.9942 0.0978
vn 0.1212 0.7864 -0.6058
vn 0.0383 0.9251 -0.3777
vn -0.4616 0.8817 0.0972
vn -0.3848 0.9224 -0.0346
vn 0.0591 0.9418 0.3310
vn -0.7665 0.6417 -0.0246
vn -0.1479 0.9840 -0.0997
vn -0.4056 0.9114 0.0695
vn -0.4035 0.9078 -0.1143
vn -0.6310 0.7754 -0.0220
vn -0.7954 0.5885 -0.1447
vn -0.3046 0.9006 -0.3102
vn -0.0277 0.9731 -0.2287
vn 0.0116 0.8557 -0.5173
vn -0.0950 0.8170 -0.5688
vn 0.0666 0.8322 -0.5505
vn -0.0556 0.9860 -0.1575
vn 0.1345 0.5573 -0.8193
vn 0.1835 0.9830 -0.0077
vn -0.2833 0.7514 -0.5959
vn -0.5441 0.6890 -0.4788
vn -0.5951 0.7462 0.2985
vn -0.7923 0.6087 0.0422
vn -0.4833 0.8755 -0.0032
vn -0.4461 0.8631 0.2368
vn -0.3760 0.9266 0.0073
vn -0.4130 0.7839 0.4636
vn -0.4265 0.8161 0.3898
vn -0.5237 0.8384 0.1511
vn -0.4229 0.9062 -0.0014
vn -0.2829 0.9581 -0.0439
vn -0.3011 0.9530 0.0350
vn -0.3803 0.9025 0.2021
vn -0.3305 0.7756 0.5378
vn -0.0258 0.8761 0.4815
vn -0.3390 0.8980 0.2805
vn -0.1286 0.8856 0.4463
vn -0.1930 0.9403 0.2803
vn -0.0550 0.9125 0.4055
vn -0.0110 0.9999 0.0117
vn -0.0093 0.9724 -0.2333
vn -0.2089 0.8572 -0.4706
vn -0.3112 0.7846 -0.5363
vn -0.3950 0.9157 0.0747
vn -0.3966 0.8862 -0.2395
vn -0.4871 0.8488 0.2055
vn -0.2175 0.9654 -0.1441
vn -0.1657 0.9829 -0.0801
vn -0.4182 0.8683 -0.2669
vn -0.3325 0.8912 -0.3085
vn -0.2162 0.9745 -0.0607
vn -0.3277 0.5491 0.7689
vn -0.3112 0.5437 0.7795
vn -0.3692 0.3732 0.8511
vn -0.3774 0.4075 0.8316
vn -0.2713 0.0762 0.9595
vn -0.3546 -0.1952 0.9144
vn -0.2748 -0.0355 0.9609
vn -0.0875 0.0691 0.9938
vn -0.0857 0.0379 0.9956
vn -0.1842 0.2883 0.9397
vn -0.3224 0.4110 0.8527
vn -0.3225 0.5926 0.7381
vn -0.4209 0.4702 0.7757
vn -0.3005 0.3718 0.8783
vn -0.3565 0.5407 0.7619
vn -0.1977 0.6372 0.7449
vn -0.3229 0.7982 0.5085
vn -0.2566 0.7882 0.5594
vn -0.1582 0.8200 0.5501
vn 0.0074 0.3422 0.9396
vn 0.3175 0.7302 0.6049
vn -0.1497 -0.2290 0.9618
vn 0.2190 0.1832 0.9584
vn -0.3704 0.0587 0.9270
vn -0.2163 0.3455 0.9132
vn 0.2418 -0.0681 0.9679
vn 0.1721 -0.3697 0.9131
vn 0.2430 -0.0147 0.9699
vn -0.1971 0.6699 0.7158
vn -0.3805 0.5942 0.7086
vn -0.4358 0.2270 0.8709
vn -0.1534 0.8711 0.4666
vn 0.2028 0.6912 0.6936
vn -0.0218 -0.3510 0.9361
vn 0.0313 -0.4651 0.8847
vn -0.1435 -0.2279 0.9631
vn -0.2718 -0.0714 0.9597
vn 0.0060 -0.0404 0.9992
vn -0.2356 0.2490 0.9394
vn -0.1469 -0.2133 0.9659
vn 0.0313 0.8781 0.4775
vn 0.0274 0.0997 -0.9946
vn 0.0956 0.0311 -0.9949
vn 0.0968 0.2424 -0.9653
vn 0.3102 0.2236 -0.9240
vn 0.2747 0.7039 -0.6550
vn 0.2379 0.0338 -0.9707
vn 0.7046 0.1134 -0.7005
vn 0.7204 0.4384 -0.5375
vn 0.4581 0.6224 -0.6346
vn 0.4657 0.6266 -0.6249
vn -0.5542 0.1137 -0.8246
vn -0.5356 -0.2319 -0.8120
vn -0.2931 -0.1749 -0.9400
vn -0.1408 -0.0631 -0.9880
vn -0.0128 0.2552 -0.9668
vn 0.2630 0.2730 -0.9254
vn 0.1835 0.4967 -0.8483
vn 0.0639 0.6350 -0.7698
vn -0.0082 0.6883 -0.7254
vn -0.2584 0.5732 -0.7776
vn -0.2019 0.2940 -0.9342
vn -0.3002 0.8064 -0.5096
vn -0.4744 0.7573 -0.4488
vn -0.4157 0.4264 -0.8034
vn -0.3211 0.4656 -0.8247
vn -0.1648 0.8081 -0.5656
vn -0.4692 0.6612 -0.5853
vn -0.0429 0.0553 -0.9976
vn 0.3703 0.4955 -0.7857
vn 0.8668 0.1234 -0.4832
vn 0.8755 0.0720 -0.4779
vn 0.8646 0.0841 -0.4953
vn 0.6545 0.1619 -0.7385
vn 0.8229 0.1420 -0.5501
vn 0.5377 0.3462 -0.7687
vn 0.3782 0.3965 -0.8365
vn 0.4353 0.5629 -0.7026
vn 0.3748 0.5563 -0.7416
vn 0.4179 0.7201 -0.5539
vn 0.5772 0.6626 -0.4773
vn 0.5432 0.7595 -0.3578
vn 0.6912 0.2946 -0.6598
vn 0.6140 0.5189 -0.5947
vn 0.7231 -0.0616 -0.6880
vn 0.4805 0.0722 -0.8740
vn -0.1714 -0.0256 -0.9849
vn -0.3943 0.4630 -0.7938
vn -0.3184 -0.0678 -0.9455
vn -0.2471 -0.1781 -0.9525
vn -0.1184 0.4287 -0.8957
vn -0.4293 -0.6586 -0.6180
vn -0.6340 -0.5887 -0.5015
vn -0.7087 -0.5076 -0.4900
vn -0.4128 -0.5347 -0.7373
vn -0.1607 -0.5512 -0.8188
vn -0.2466 -0.3793 -0.8918
vn -0.3845 -0.2500 -0.8886
vn -0.2389 -0.1531 -0.9589
vn -0.0164 -0.1299 -0.9914
vn -0.2112 -0.1028 -0.9720
vn 0.0307 0.1682 -0.9853
vn 0.5361 0.5690 -0.6236
vn -0.0217 0.2035 -0.9788
vn -0.1289 -0.2161 -0.9678
vn -0.2315 -0.2096 -0.9500
vn -0.2443 -0.1930 -0.9503
vn -0.2762 -0.4113 -0.8687
vn -0.4553 -0.3919 -0.7994
vn 0.3057 0.3425 -0.8884
vn 0.0088 0.8167 -0.5771
vn 0.4715 0.6927 -0.5458
vn 0.0259 0.6067 -0.7945
vn -0.3213 0.5782 -0.7500
vn -0.0062 -0.0497 -0.9987
vn 0.3943 0.1675 -0.9036
vn 0.3761 -0.0820 -0.9230
vn -0.0767 0.3054 -0.9491
vn -0.5022 -0.1314 -0.8547
vn 0.2690 0.4679 -0.8418
vn -0.3293 0.1895 -0.9250
vn -0.5202 -0.2302 -0.8225
vn -0.5905 -0.2387 -0.7709
vn -0.2510 -0.0404 -0.9671
vn 0.3792 0.1589 -0.9116
vn 0.5896 0.0354 -0.8069
vn -0.0124 -0.1544 -0.9879
vn -0.1792 -0.1616 -0.9705
vn -0.4589 0.2688 -0.8469
vn -0.0525 0.8180 -0.5728
vn -0.2984 0.7155 -0.6317
vn -0.5051 0.7312 -0.4585
vn 0.4594 -0.2508 -0.8521
vn 0.6543 0.0045 -0.7562
vn 0.7470 0.2752 -0.6053
vn 0.6130 -0.1672 -0.7722
vn -0.5861 -0.7667 0.2620
vn -0.4980 -0.1098 0.8602
vn -0.5442 -0.8338 0.0929
vn -0.3231 -0.9426 0.0848
vn -0.3667 -0.9114 -0.1868
vn -0.8388 -0.1858 -0.5117
vn -0.6828 -0.5107 -0.5224
vn 0.1379 -0.8887 -0.4373
vn -0.0821 -0.8234 -0.5615
vn -0.1662 -0.7047 -0.6897
vn 0.0217 -0.9318 -0.3623
vn 0.2430 -0.7921 -0.5600
vn 0.2309 -0.7207 -0.6536
vn -0.0140 -0.8845 -0.4663
vn -0.1439 -0.7251 -0.6734
vn -0.5357 -0.7241 -0.4344
vn -0.7579 -0.6509 0.0437
vn -0.3272 -0.8373 -0.4380
vn -0.3824 -0.5204 -0.7635
vn -0.5990 -0.4722 -0.6467
vn -0.4163 -0.4807 -0.7718
vn -0.5871 -0.5883 -0.5560
vn -0.6097 -0.6861 -0.3968
vn -0.6709 -0.6091 -0.4231
vn -0.4693 -0.4337 -0.7692
vn -0.2979 -0.9537 0.0416
vn -0.3280 -0.6105 -0.7209
vn -0.6958 -0.4003 -0.5963
vn -0.5868 -0.3827 -0.7136
vn -0.8236 -0.4644 -0.3255
vn -0.7287 -0.5764 -0.3698
vn -0.1734 -0.6573 -0.7334
vn -0.1634 -0.7867 -0.5953
vn -0.4099 -0.6532 -0.6366
vn -0.6654 -0.5936 -0.4526
vn -0.3900 -0.8365 -0.3849
vn -0.6838 -0.7001 -0.2058
vn -0.2701 -0.9253 -0.2661
vn -0.0599 -0.9958 -0.0693
vn -0.1159 -0.8974 -0.4258
vn -0.2135 -0.9449 -0.2483
vn 0.4256 -0.6742 -0.6036
vn 0.0764 -0.7349 -0.6739
vn -0.3645 -0.9302 -0.0433
vn 0.0388 -0.6758 -0.7361
vn -0.7930 -0.5853 0.1689
vn -0.6447 -0.4609 0.6098
vn -0.5990 -0.6028 0.5271
vn 0.3418 -0.8318 0.4374
vn 0.5179 -0.5323 0.6697
vn 0.3646 -0.8456 0.3900
vn 0.3962 -0.8859 0.2414
vn 0.2433 -0.9176 0.3143
vn 0.1712 -0.9731 0.1541
vn 0.1633 -0.9780 0.1299
vn 0.3817 -0.7617 0.5236
vn 0.1794 -0.7822 0.5967
vn -0.4193 -0.8204 0.3888
vn -0.6378 -0.6247 0.4504
vn 0.0955 -0.8255 0.5563
vn 0.3633 -0.8260 0.4310
vn -0.4549 -0.2368 0.8585
vn -0.3730 -0.4017 0.8364
vn -0.2456 -0.4026 0.8818
vn -0.4221 0.8647 -0.2722
vn -0.4076 0.7838 -0.4685
vn -0.5249 0.4867 0.6983
vn 0.1419 0.2125 0.9668
vn -0.3605 0.9130 0.1910
vn -0.5734 -0.5777 0.5809
vn 0.7007 0.7129 0.0284
vn 0.6018 -0.7985 -0.0143
vn 0.2453 -0.9694 -0.0103
vn 0.4749 0.7299 -0.4916
vn -0.5110 0.8355 0.2020
vn 0.6440 -0.6991 -0.3107
vn -0.6900 -0.5509 0.4695
vn -0.5294 -0.4718 0.7051
vn -0.0153 0.0457 0.9988
vn 0.2122 0.0025 0.9772
vn -0.5554 -0.5275 -0.6429
vn -0.0864 -0.7667 0.6361
vn -0.7757 -0.4868 -0.4016
vn -0.9105 -0.3793 0.1644
vn -0.4816 -0.5217 -0.7043
vn -0.7769 -0.6161 -0.1302
vn -0.7917 -0.5482 0.2696
vn -0.7936 0.5191 0.3175
vn -0.7094 -0.6975 0.1007
vn -0.5048 -0.5355 -0.6771
vn 0.0909 -0.0513 0.9945
vn 0.7745 -0.6117 -0.1609
vn 0.5537 -0.6814 0.4787
vn 0.2537 0.3118 -0.9156
vn -0.6902 0.7174 -0.0948
vn -0.2224 0.5049 -0.8340
vn 0.1848 0.8471 0.4982
vn -0.0772 0.8650 0.4958
vn -0.4857 0.7717 -0.4107
vn -0.1555 -0.0123 -0.9878
vn 0.5950 -0.8015 0.0592
vn 0.5971 0.5319 0.6005
vn 0.9343 -0.0988 0.3426
vn 0.9951 -0.0493 -0.0859
vn 0.8285 0.5166 0.2161
vn 0.4133 0.9081 0.0675
vn 0.6141 -0.5903 0.5238
vn 0.1520 -0.3002 0.9417
vn 0.9903 -0.1391 0.0049
vn 0.6375 0.7704 -0.0053
vn 0.8809 0.2370 0.4097
vn -0.1135 0.9891 -0.0939
vn -0.0557 0.9961 0.0683
vn -0.6442 0.7305 -0.2265
vn -0.1417 0.3523 -0.9251
vn -0.7092 0.5564 0.4329
vn -0.1624 0.9755 -0.1483
vn -0.0609 0.5256 0.8485
vn 0.1984 0.3148 0.9282
vn -0.4615 -0.0177 0.8869
vn 0.3614 0.8254 -0.4337
vn 0.3984 0.4605 -0.7932
vn 0.6333 0.7057 -0.3177
vn 0.8750 0.1077 -0.4720
vn -0.2929 0.4284 -0.8548
vn -0.4521 0.5307 -0.7169
vn -0.1125 -0.9504 -0.2899
vt 0.653918 0.803198
vt 0.671144 0.792384
vt 0.679988 0.811814
vt 0.888889 0.542116
vt 0.863353 0.544290
vt 0.858006 0.523523
vt 0.375413 0.384091
vt 0.354369 0.400631
vt 0.344290 0.378351
vt 0.741989 0.378963
vt 0.734125 0.353811
vt 0.749793 0.362607
vt 0.276559 0.536780
vt 0.275017 0.521661
vt 0.291126 0.520753
vt 0.304159 0.480227
vt 0.266395 0.481754
vt 0.333907 0.442285
vt 0.305958 0.421971
vt 0.197651 0.264956
vt 0.173384 0.253975
vt 0.190098 0.248186
vt 0.646573 0.302124
vt 0.605332 0.301387
vt 0.614282 0.264350
vt 0.027664 0.781418
vt 0.016133 0.762230
vt 0.039262 0.763304
vt 0.951697 0.451992
vt 0.953843 0.430436
vt 0.974855 0.452604
vt 0.049032 0.110638
vt 0.031292 0.096104
vt 0.064407 0.092704
vt 0.269873 0.701221
vt 0.300361 0.720259
vt 0.272828 0.726756
vt 0.659033 0.711886
vt 0.655803 0.695109
vt 0.677012 0.693223
vt 0.690592 0.700713
vt 0.241892 0.327486
vt 0.232169 0.297730
vt 0.246444 0.308873
vt 0.953488 0.665716
vt 0.951655 0.703957
vt 0.914626 0.681975
vt 0.222673 0.116684
vt 0.231782 0.060732
vt 0.254860 0.088630
vt 0.278830 0.071363
vt 0.285978 0.084993
vt 0.308238 0.860165
vt 0.296995 0.888009
vt 0.274640 0.875374
vt 0.386821 0.447260
vt 0.419041 0.439644
vt 0.433860 0.491570
vt 0.677330 0.005340
vt 0.688354 0.018248
vt 0.668893 0.029486
vt 0.558059 0.696405
vt 0.529652 0.701992
vt 0.532866 0.684968
vt 0.209274 0.307461
vt 0.209065 0.281838
vt 0.156137 0.258248
vt 0.153111 0.274235
vt 0.139444 0.265511
vt 0.196370 0.694300
vt 0.196656 0.674105
vt 0.212277 0.675893
vt 0.611835 0.698731
vt 0.628475 0.680680
vt 0.628183 0.702428
vt 0.722410 0.821290
vt 0.715319 0.838708
vt 0.697616 0.808656
vt 0.697909 0.824132
vt 0.170927 0.848148
vt 0.183308 0.837372
vt 0.188943 0.857370
vt 0.816764 0.124381
vt 0.784564 0.140180
vt 0.815018 0.114055
vt 0.840671 0.117968
vt 0.393878 0.899617
vt 0.369185 0.889823
vt 0.400155 0.871799
vt 0.572265 0.951934
vt 0.585330 0.962497
vt 0.567700 0.967503
vt 0.340130 0.424731
vt 0.312982 0.401782
vt 0.671318 0.878624
vt 0.696369 0.872820
vt 0.703069 0.885979
vt 0.428941 0.110610
vt 0.446961 0.111174
vt 0.443375 0.126715
vt 0.753226 0.488160
vt 0.739253 0.489190
vt 0.753381 0.472435
vt 0.737185 0.463911
vt 0.754763 0.442579
vt 0.295999 0.777576
vt 0.278490 0.770323
vt 0.298165 0.759351
vt 0.306253 0.737207
vt 0.315318 0.763784
vt 0.393730 0.751629
vt 0.404655 0.757576
vt 0.381226 0.769490
vt 0.176444 0.184793
vt 0.177386 0.198366
vt 0.163620 0.200565
vt 0.771558 0.001676
vt 0.793317 0.012541
vt 0.765046 0.008812
vt 0.154634 0.230607
vt 0.149757 0.242579
vt 0.139470 0.213001
vt 0.120341 0.235393
vt 0.080596 0.222265
vt 0.064596 0.254611
vt 0.045555 0.194098
vt 0.243643 0.874188
vt 0.231674 0.870597
vt 0.249959 0.854431
vt 0.125459 0.530354
vt 0.114722 0.545439
vt 0.112503 0.530625
vt 0.834576 0.405939
vt 0.830357 0.450821
vt 0.813566 0.419584
vt 0.141362 0.543226
vt 0.173865 0.536575
vt 0.170742 0.550024
vt 0.200770 0.553995
vt 0.432109 0.079893
vt 0.427878 0.058928
vt 0.444350 0.067963
vt 0.479493 0.077190
vt 0.469531 0.051039
vt 0.490844 0.122433
vt 0.476428 0.137960
vt 0.473375 0.109011
vt 0.466212 0.153483
vt 0.445472 0.136746
vt 0.243976 0.473661
vt 0.242041 0.459578
vt 0.255646 0.473341
vt 0.266748 0.457404
vt 0.252459 0.450149
vt 0.957421 0.166378
vt 0.950212 0.159532
vt 0.957202 0.153570
vt 0.545241 0.768044
vt 0.565189 0.774045
vt 0.566823 0.797993
vt 0.540336 0.787836
vt 0.547748 0.814207
vt 0.531575 0.801382
vt 0.535166 0.816436
vt 0.544291 0.832720
vt 0.524174 0.846760
vt 0.508626 0.839536
vt 0.549852 0.855529
vt 0.513200 0.861918
vt 0.534133 0.864785
vt 0.314339 0.028984
vt 0.279270 0.019704
vt 0.321267 0.023054
vt 0.302248 0.018358
vt 0.033054 0.814427
vt 0.007937 0.803237
vt 0.010694 0.793488
vt 0.015851 0.821432
vt 0.907449 0.966381
vt 0.931396 0.939233
vt 0.944546 0.961414
vt 0.958076 0.937406
vt 0.283289 0.004836
vt 0.493400 0.856705
vt 0.496542 0.830091
vt 0.505647 0.803442
vt 0.513060 0.789942
vt 0.527482 0.774346
vt 0.420208 0.107177
vt 0.416207 0.070490
vt 0.511374 0.054944
vt 0.537005 0.079815
vt 0.492380 0.094250
vt 0.521106 0.134476
vt 0.498732 0.184249
vt 0.214036 0.469855
vt 0.216015 0.451532
vt 0.233762 0.435078
vt 0.562793 0.806964
vt 0.572678 0.822211
vt 0.876329 0.465511
vt 0.891547 0.484019
vt 0.871755 0.491289
vt 0.897794 0.497533
vt 0.332378 0.030394
vt 0.313791 0.043103
vt 0.269687 0.025402
vt 0.278860 0.035502
vt 0.266438 0.019144
vt 0.015258 0.777286
vt 0.013142 0.782189
vt 0.035317 0.800361
vt 0.878889 0.928396
vt 0.888828 0.918846
vt 0.903537 0.942034
vt 0.906254 0.929442
vt 0.908791 0.910058
vt 0.936168 0.900739
vt 0.932220 0.925143
vt 0.319829 0.011271
vt 0.343890 0.016096
vt 0.356471 0.022756
vt 0.342730 0.026974
vt 0.485474 0.806401
vt 0.502398 0.764054
vt 0.513623 0.748379
vt 0.522734 0.744050
vt 0.490370 0.724453
vt 0.944744 0.125350
vt 0.931040 0.116609
vt 0.945895 0.114851
vt 0.935616 0.110695
vt 0.414438 0.026067
vt 0.426573 0.020424
vt 0.461818 0.013379
vt 0.440116 0.019758
vt 0.523783 0.152547
vt 0.953204 0.236966
vt 0.946858 0.202552
vt 0.958678 0.207111
vt 0.600974 0.808037
vt 0.598451 0.822374
vt 0.598645 0.849608
vt 0.881320 0.431821
vt 0.893358 0.457285
vt 0.930360 0.488846
vt 0.083434 0.582242
vt 0.089238 0.568751
vt 0.093506 0.574620
vt 0.112230 0.555018
vt 0.134896 0.555376
vt 0.127754 0.567180
vt 0.853040 0.932411
vt 0.844738 0.912458
vt 0.871438 0.904908
vt 0.887036 0.889915
vt 0.959836 0.880211
vt 0.952360 0.901327
vt 0.940376 0.879941
vt 0.360167 0.003624
vt 0.365024 0.013227
vt 0.963268 0.846626
vt 0.945307 0.858267
vt 0.925646 0.877718
vt 0.921621 0.858695
vt 0.870694 0.886982
vt 0.886170 0.871300
vt 0.876250 0.871539
vt 0.204634 0.578894
vt 0.190968 0.564044
vt 0.210043 0.567563
vt 0.189663 0.525978
vt 0.174271 0.525290
vt 0.183877 0.516414
vt 0.210691 0.541643
vt 0.198343 0.513094
vt 0.225272 0.513429
vt 0.613279 0.669165
vt 0.632335 0.655606
vt 0.607516 0.679061
vt 0.648873 0.652689
vt 0.902981 0.823626
vt 0.895168 0.850809
vt 0.884091 0.831236
vt 0.919989 0.838472
vt 0.907994 0.869063
vt 0.969453 0.817908
vt 0.954593 0.812926
vt 0.971733 0.806101
vt 0.472624 0.847333
vt 0.469363 0.828751
vt 0.484192 0.842420
vt 0.478960 0.758190
vt 0.488457 0.755948
vt 0.480678 0.734782
vt 0.930933 0.126410
vt 0.940514 0.134791
vt 0.474771 0.722795
vt 0.740157 0.591047
vt 0.749117 0.572751
vt 0.754354 0.578511
vt 0.553161 0.108072
vt 0.507801 0.103684
vt 0.544934 0.140493
vt 0.538687 0.159144
vt 0.539462 0.199259
vt 0.518530 0.198966
vt 0.129697 0.391097
vt 0.168182 0.403097
vt 0.149305 0.417850
vt 0.155992 0.376680
vt 0.198700 0.407116
vt 0.184462 0.371663
vt 0.202767 0.391302
vt 0.199661 0.353823
vt 0.475800 0.599952
vt 0.469068 0.580488
vt 0.485841 0.578426
vt 0.498600 0.599069
vt 0.471832 0.561972
vt 0.482803 0.556879
vt 0.949569 0.283108
vt 0.971946 0.286553
vt 0.993272 0.324946
vt 0.963102 0.325676
vt 0.933256 0.309995
vt 0.938695 0.332994
vt 0.926850 0.329940
vt 0.899036 0.377647
vt 0.914892 0.417036
vt 0.892354 0.413039
vt 0.907404 0.436529
vt 0.949727 0.496221
vt 0.922814 0.505311
vt 0.941793 0.507427
vt 0.286573 0.046180
vt 0.299167 0.050397
vt 0.269087 0.046893
vt 0.064020 0.747963
vt 0.051120 0.780142
vt 0.073937 0.760255
vt 0.214386 0.264649
vt 0.218246 0.254210
vt 0.171078 0.271464
vt 0.147995 0.285483
vt 0.140378 0.275062
vt 0.958984 0.085341
vt 0.948659 0.072008
vt 0.964292 0.085085
vt 0.928411 0.059740
vt 0.942879 0.063095
vt 0.911778 0.044010
vt 0.927301 0.050254
vt 0.872393 0.049485
vt 0.856773 0.032983
vt 0.880487 0.037407
vt 0.248138 0.518145
vt 0.561443 0.716048
vt 0.588513 0.697930
vt 0.597724 0.682268
vt 0.620059 0.655977
vt 0.679233 0.639346
vt 0.675507 0.629296
vt 0.696595 0.630986
vt 0.931501 0.819823
vt 0.745487 0.626080
vt 0.741635 0.611783
vt 0.763064 0.608089
vt 0.766636 0.590052
vt 0.721284 0.608913
vt 0.719105 0.584280
vt 0.717029 0.558102
vt 0.737141 0.566291
vt 0.698705 0.564083
vt 0.563295 0.185209
vt 0.581357 0.187928
vt 0.580276 0.202780
vt 0.108229 0.466657
vt 0.121524 0.496299
vt 0.102864 0.487970
vt 0.083386 0.416985
vt 0.081545 0.377704
vt 0.102003 0.397084
vt 0.101858 0.381252
vt 0.119807 0.366420
vt 0.171477 0.341015
vt 0.441522 0.621386
vt 0.462931 0.639784
vt 0.430473 0.641554
vt 0.477560 0.534445
vt 0.463606 0.537168
vt 0.452870 0.511657
vt 0.453680 0.486737
vt 0.987252 0.373950
vt 0.974559 0.361555
vt 0.951098 0.346950
vt 0.024737 0.607396
vt 0.031594 0.589110
vt 0.043302 0.631674
vt 0.936427 0.455561
vt 0.938447 0.430102
vt 0.960111 0.472513
vt 0.973721 0.499725
vt 0.995162 0.496570
vt 0.044936 0.715891
vt 0.049671 0.731590
vt 0.022778 0.753456
vt 0.069615 0.715007
vt 0.252371 0.272634
vt 0.226963 0.280179
vt 0.161090 0.285446
vt 0.188168 0.285316
vt 0.191078 0.298104
vt 0.176266 0.297686
vt 0.931030 0.101778
vt 0.930357 0.090621
vt 0.945862 0.097349
vt 0.902569 0.065170
vt 0.896453 0.046680
vt 0.929035 0.069554
vt 0.132697 0.283054
vt 0.859774 0.047876
vt 0.827403 0.037255
vt 0.808519 0.031618
vt 0.790156 0.033101
vt 0.758390 0.033301
vt 0.771322 0.043583
vt 0.648856 0.774539
vt 0.641132 0.788442
vt 0.634525 0.755682
vt 0.622651 0.782400
vt 0.643610 0.809862
vt 0.516326 0.576038
vt 0.519123 0.618020
vt 0.509541 0.617950
vt 0.523305 0.569725
vt 0.532423 0.606202
vt 0.564137 0.511155
vt 0.526152 0.534074
vt 0.541914 0.503653
vt 0.626807 0.040826
vt 0.632944 0.009055
vt 0.651130 0.003445
vt 0.646273 0.057955
vt 0.621798 0.073736
vt 0.592140 0.115695
vt 0.575888 0.076341
vt 0.590665 0.144060
vt 0.576659 0.168151
vt 0.600045 0.158617
vt 0.597826 0.188634
vt 0.600250 0.207414
vt 0.093779 0.547045
vt 0.100298 0.535081
vt 0.104186 0.512919
vt 0.070142 0.516089
vt 0.076910 0.479627
vt 0.053499 0.458837
vt 0.062532 0.442900
vt 0.079610 0.449078
vt 0.263949 0.869933
vt 0.244373 0.896667
vt 0.273212 0.903690
vt 0.077015 0.432838
vt 0.066328 0.399399
vt 0.065995 0.375973
vt 0.092452 0.349848
vt 0.402754 0.644706
vt 0.401806 0.612389
vt 0.412027 0.606612
vt 0.440006 0.587095
vt 0.449919 0.605254
vt 0.448473 0.561498
vt 0.455606 0.541806
vt 0.395933 0.485722
vt 0.339352 0.491854
vt 0.356942 0.465415
vt 0.474382 0.272089
vt 0.466045 0.298007
vt 0.422539 0.293544
vt 0.457881 0.250160
vt 0.088896 0.616960
vt 0.068431 0.613044
vt 0.084467 0.596232
vt 0.094307 0.647328
vt 0.060845 0.655020
vt 0.064436 0.685347
vt 0.049015 0.689062
vt 0.090384 0.683103
vt 0.090709 0.715663
vt 0.291527 0.294206
vt 0.252113 0.283755
vt 0.274006 0.311917
vt 0.292905 0.342971
vt 0.272277 0.350350
vt 0.273998 0.329229
vt 0.260532 0.344239
vt 0.293713 0.372523
vt 0.252950 0.352658
vt 0.150878 0.644771
vt 0.140047 0.653016
vt 0.131455 0.646833
vt 0.129419 0.669168
vt 0.119460 0.655998
vt 0.397039 0.224422
vt 0.401641 0.205286
vt 0.409210 0.218545
vt 0.923470 0.095744
vt 0.918272 0.084470
vt 0.776803 0.053330
vt 0.760015 0.050787
vt 0.662316 0.752579
vt 0.644347 0.746549
vt 0.689823 0.776367
vt 0.728035 0.741614
vt 0.714431 0.743151
vt 0.728773 0.717629
vt 0.739734 0.727050
vt 0.803748 0.682409
vt 0.763656 0.685083
vt 0.798791 0.670160
vt 0.822765 0.658272
vt 0.830005 0.670351
vt 0.166802 0.020042
vt 0.156846 0.029246
vt 0.147602 0.007823
vt 0.148459 0.031464
vt 0.091093 0.068799
vt 0.047009 0.074213
vt 0.083204 0.058304
vt 0.430209 0.856462
vt 0.441466 0.883021
vt 0.415174 0.882609
vt 0.845213 0.252198
vt 0.863492 0.249908
vt 0.862038 0.272321
vt 0.804663 0.250324
vt 0.827116 0.221716
vt 0.838972 0.130702
vt 0.801322 0.155477
vt 0.739062 0.189711
vt 0.715631 0.161746
vt 0.746322 0.181769
vt 0.711428 0.205104
vt 0.642551 0.185987
vt 0.672483 0.176839
vt 0.683912 0.189884
vt 0.688707 0.216394
vt 0.651111 0.220344
vt 0.629832 0.199194
vt 0.043203 0.492496
vt 0.274820 0.846358
vt 0.305965 0.845232
vt 0.338758 0.867008
vt 0.325073 0.878938
vt 0.316307 0.898668
vt 0.327251 0.907096
vt 0.302914 0.908784
vt 0.061111 0.345308
vt 0.073260 0.336956
vt 0.163330 0.331643
vt 0.121715 0.331542
vt 0.425311 0.565706
vt 0.264127 0.500453
vt 0.683233 0.850508
vt 0.664630 0.862132
vt 0.615789 0.862746
vt 0.450751 0.646882
vt 0.478253 0.662196
vt 0.436876 0.657018
vt 0.456286 0.679828
vt 0.442336 0.699331
vt 0.140593 0.248282
vt 0.116301 0.253972
vt 0.354053 0.771132
vt 0.349820 0.743895
vt 0.371194 0.755571
vt 0.082540 0.185501
vt 0.100716 0.211873
vt 0.088111 0.169072
vt 0.099574 0.175973
vt 0.073410 0.159169
vt 0.087003 0.156614
vt 0.056146 0.156720
vt 0.060096 0.142946
vt 0.069675 0.151474
vt 0.075341 0.143426
vt 0.156672 0.153962
vt 0.194816 0.149127
vt 0.157968 0.185972
vt 0.174712 0.129691
vt 0.196442 0.126064
vt 0.233371 0.146850
vt 0.206417 0.099395
vt 0.188127 0.078698
vt 0.188286 0.114049
vt 0.169698 0.091520
vt 0.154875 0.108828
vt 0.154229 0.071322
vt 0.096640 0.114196
vt 0.111244 0.095279
vt 0.127629 0.096434
vt 0.043637 0.125317
vt 0.029297 0.121284
vt 0.010523 0.110814
vt 0.785086 0.391269
vt 0.767493 0.368625
vt 0.796430 0.378107
vt 0.782781 0.366681
vt 0.754969 0.354918
vt 0.736515 0.338878
vt 0.779658 0.348118
vt 0.820355 0.336350
vt 0.834446 0.318278
vt 0.836284 0.340272
vt 0.745973 0.255581
vt 0.757631 0.213800
vt 0.778227 0.261891
vt 0.748239 0.198807
vt 0.757618 0.182367
vt 0.141513 0.853994
vt 0.166456 0.835793
vt 0.019635 0.485589
vt 0.018560 0.506371
vt 0.259695 0.827335
vt 0.300897 0.832421
vt 0.278368 0.812348
vt 0.301640 0.819175
vt 0.316692 0.825652
vt 0.333783 0.818742
vt 0.358515 0.834570
vt 0.362989 0.865760
vt 0.339750 0.883508
vt 0.052656 0.337502
vt 0.043596 0.317534
vt 0.059403 0.328856
vt 0.069111 0.322515
vt 0.087100 0.301848
vt 0.097641 0.308455
vt 0.384790 0.643916
vt 0.327400 0.624927
vt 0.359726 0.587764
vt 0.389146 0.610978
vt 0.402034 0.585967
vt 0.385074 0.528533
vt 0.353146 0.539519
vt 0.382119 0.504457
vt 0.315593 0.515769
vt 0.283449 0.552138
vt 0.277739 0.567411
vt 0.257841 0.492336
vt 0.591296 0.918945
vt 0.573848 0.915165
vt 0.587539 0.888406
vt 0.475225 0.697185
vt 0.457935 0.720841
vt 0.429192 0.760153
vt 0.407266 0.787948
vt 0.390963 0.785325
vt 0.082016 0.261372
vt 0.420184 0.793975
vt 0.019294 0.218692
vt 0.051639 0.252545
vt 0.031250 0.190323
vt 0.012282 0.193719
vt 0.024208 0.163421
vt 0.764690 0.442720
vt 0.759538 0.393793
vt 0.781581 0.405778
vt 0.680528 0.295723
vt 0.678761 0.307742
vt 0.656291 0.291567
vt 0.665301 0.279454
vt 0.657193 0.261854
vt 0.822198 0.357620
vt 0.803035 0.373815
vt 0.803465 0.358847
vt 0.053704 0.873370
vt 0.092738 0.870880
vt 0.060501 0.880077
vt 0.110328 0.874779
vt 0.123547 0.830256
vt 0.143142 0.802703
vt 0.169926 0.820931
vt 0.104171 0.813084
vt 0.300952 0.794240
vt 0.327132 0.800919
vt 0.355195 0.814533
vt 0.375051 0.834778
vt 0.387440 0.859501
vt 0.017193 0.297991
vt 0.044485 0.302159
vt 0.059044 0.312243
vt 0.053274 0.301147
vt 0.054942 0.281036
vt 0.319617 0.592052
vt 0.300979 0.629750
vt 0.382649 0.577529
vt 0.329796 0.567003
vt 0.313588 0.540268
vt 0.333662 0.528827
vt 0.287782 0.585284
vt 0.259590 0.600047
vt 0.258157 0.587229
vt 0.267639 0.575885
vt 0.272256 0.563203
vt 0.723031 0.947389
vt 0.737441 0.950184
vt 0.718565 0.961213
vt 0.704708 0.858772
vt 0.560451 0.449632
vt 0.569409 0.440688
vt 0.567124 0.463344
vt 0.589038 0.368714
vt 0.580894 0.386758
vt 0.567653 0.363763
vt 0.556712 0.351642
vt 0.569125 0.342251
vt 0.573945 0.297128
vt 0.588170 0.288972
vt 0.586539 0.304090
vt 0.853287 0.409952
vt 0.860725 0.392474
vt 0.872584 0.432218
vt 0.833610 0.390351
vt 0.801380 0.387074
vt 0.054951 0.864249
vt 0.076216 0.860615
vt 0.049182 0.846659
vt 0.077810 0.829474
vt 0.382564 0.812141
vt 0.360309 0.801423
vt 0.402494 0.834869
vt 0.409807 0.859816
vt 0.806068 0.538517
vt 0.792354 0.567906
vt 0.786328 0.556545
vt 0.781079 0.551414
vt 0.812858 0.548288
vt 0.827427 0.545623
vt 0.815626 0.575790
vt 0.837124 0.568606
vt 0.826938 0.578497
vt 0.706527 0.966808
vt 0.704311 0.947543
vt 0.566163 0.408347
vt 0.559702 0.421751
vt 0.561522 0.382780
vt 0.552559 0.379922
vt 0.541905 0.355987
vt 0.551090 0.328785
vt 0.849254 0.453198
vt 0.804857 0.428185
vt 0.793162 0.407807
vt 0.779636 0.423308
vt 0.007453 0.858275
vt 0.013780 0.839650
vt 0.803696 0.462404
vt 0.787378 0.441480
vt 0.802892 0.486679
vt 0.819052 0.483687
vt 0.812047 0.514170
vt 0.823686 0.518854
vt 0.609140 0.947133
vt 0.596376 0.945319
vt 0.586094 0.935887
vt 0.615476 0.944050
vt 0.624673 0.956476
vt 0.646881 0.959730
vt 0.661565 0.955623
vt 0.664926 0.964749
vt 0.679114 0.962211
vt 0.711412 0.905101
vt 0.699673 0.911204
vt 0.700201 0.897693
vt 0.557279 0.430291
vt 0.551696 0.406756
vt 0.556629 0.395420
vt 0.838332 0.524790
vt 0.830781 0.487367
vt 0.844986 0.490147
vt 0.643650 0.943234
vt 0.674227 0.947359
vt 0.684442 0.923205
vt 0.685766 0.901113
vt 0.672900 0.922489
vt 0.666127 0.902088
vt 0.667894 0.894590
vt 0.786462 0.898454
vt 0.802235 0.902910
vt 0.778446 0.915985
vt 0.873926 0.579039
vt 0.860116 0.582108
vt 0.886934 0.555550
vt 0.653571 0.928108
vt 0.649967 0.909830
vt 0.801319 0.919919
vt 0.817960 0.913956
vt 0.823523 0.924127
vt 0.814610 0.925124
vt 0.239669 0.622560
vt 0.236749 0.605632
vt 0.306754 0.586854
vt 0.241983 0.643175
vt 0.261326 0.629555
vt 0.240603 0.653698
vt 0.226829 0.638218
vt 0.038256 0.273155
vt 0.121940 0.848710
vt 0.042872 0.888163
vt 0.835684 0.377404
vt 0.845392 0.381098
vt 0.872159 0.391925
vt 0.859885 0.376142
vt 0.865825 0.369047
vt 0.869988 0.381275
vt 0.843261 0.361601
vt 0.854996 0.360743
vt 0.648879 0.246929
vt 0.644123 0.257435
vt 0.632895 0.254992
vt 0.641236 0.272703
vt 0.625048 0.259422
vt 0.580199 0.353008
vt 0.618031 0.386335
vt 0.622536 0.398733
vt 0.598676 0.377053
vt 0.597740 0.434277
vt 0.584642 0.455114
vt 0.572078 0.481961
vt 0.904563 0.578280
vt 0.874975 0.605494
vt 0.899723 0.564834
vt 0.649462 0.890049
vt 0.617556 0.892570
vt 0.601253 0.914740
vt 0.454632 0.772284
vt 0.457345 0.756384
vt 0.012215 0.245275
vt 0.964794 0.752911
vt 0.965618 0.736897
vt 0.980598 0.740553
vt 0.751501 0.501133
vt 0.709986 0.451474
vt 0.719113 0.394347
vt 0.734750 0.408917
vt 0.718376 0.430239
vt 0.712415 0.369056
vt 0.698942 0.349732
vt 0.670706 0.318965
vt 0.665638 0.323770
vt 0.624047 0.312128
vt 0.609095 0.326973
vt 0.658248 0.397412
vt 0.633081 0.429576
vt 0.668618 0.414384
vt 0.649850 0.443876
vt 0.676035 0.398810
vt 0.688826 0.423926
vt 0.694267 0.403333
vt 0.682375 0.387697
vt 0.688599 0.359818
vt 0.656974 0.336383
vt 0.619828 0.366639
vt 0.650379 0.362897
vt 0.640745 0.380025
vt 0.665318 0.364454
vt 0.670947 0.381795
vt 0.697743 0.439245
vt 0.659271 0.449044
vt 0.671658 0.447665
vt 0.645087 0.459246
vt 0.626473 0.445601
vt 0.620675 0.458811
vt 0.608202 0.461538
vt 0.896063 0.658888
vt 0.875532 0.667172
vt 0.886821 0.702847
vt 0.909495 0.718245
vt 0.928234 0.735331
vt 0.941565 0.738890
vt 0.674978 0.466732
vt 0.695564 0.476604
vt 0.636325 0.476837
vt 0.617805 0.481304
vt 0.599338 0.486658
vt 0.913281 0.614811
vt 0.892935 0.611009
vt 0.888184 0.639000
vt 0.906322 0.645096
vt 0.922399 0.656754
vt 0.972804 0.663826
vt 0.652960 0.491666
vt 0.693462 0.499156
vt 0.633174 0.500406
vt 0.962283 0.613193
vt 0.950303 0.622802
vt 0.946864 0.595526
vt 0.929520 0.589084
vt 0.957060 0.632904
vt 0.922563 0.639137
vt 0.976685 0.641731
vt 0.962814 0.645076
vt 0.940542 0.647550
vt 0.588001 0.403083
vt 0.695550 0.856809
vt 0.340161 0.511005
vt 0.313958 0.648737
vt 0.303288 0.647310
vt 0.283798 0.634239
vt 0.028532 0.277118
vt 0.367377 0.909028
vt 0.152905 0.866179
vt 0.145988 0.877009
vt 0.090808 0.886102
vt 0.056546 0.895572
vt 0.033475 0.914403
vt 0.016939 0.909708
vt 0.740546 0.278243
vt 0.749851 0.290253
vt 0.738619 0.307010
vt 0.744680 0.316851
vt 0.761287 0.320431
vt 0.683229 0.272251
vt 0.067446 0.191656
vt 0.047135 0.152258
vt 0.044252 0.170348
vt 0.023707 0.132744
vt 0.036107 0.137228
vt 0.065996 0.128209
vt 0.054733 0.171818
vt 0.052386 0.185188
vt 0.063676 0.177379
vt 0.070868 0.168074
vt 0.072905 0.181206
vt 0.098041 0.143172
vt 0.117133 0.172304
vt 0.124431 0.146676
vt 0.122201 0.119645
vt 0.079334 0.110970
vt 0.149761 0.127628
vt 0.794636 0.304885
vt 0.053288 0.907721
vt 0.128550 0.883166
vt 0.435482 0.524195
vt 0.408105 0.548312
vt 0.021146 0.519652
vt 0.038604 0.541996
vt 0.014838 0.532024
vt 0.058645 0.531566
vt 0.178274 0.884618
vt 0.773730 0.190383
vt 0.791669 0.212093
vt 0.015837 0.092595
vt 0.021928 0.082800
vt 0.800314 0.350343
vt 0.799626 0.363672
vt 0.885127 0.318664
vt 0.822916 0.178786
vt 0.126751 0.055981
vt 0.133173 0.072630
vt 0.300126 0.099574
vt 0.278441 0.110244
vt 0.263860 0.119886
vt 0.239348 0.125134
vt 0.209902 0.175087
vt 0.194929 0.209003
vt 0.172949 0.221268
vt 0.292592 0.791122
vt 0.264340 0.788589
vt 0.212900 0.780714
vt 0.228899 0.766640
vt 0.257549 0.777386
vt 0.248899 0.165989
vt 0.284705 0.162653
vt 0.250624 0.191246
vt 0.285266 0.147674
vt 0.295437 0.135292
vt 0.315653 0.162801
vt 0.324081 0.142203
vt 0.318339 0.117917
vt 0.369161 0.145457
vt 0.339701 0.102139
vt 0.377622 0.103958
vt 0.406713 0.123677
vt 0.393569 0.099253
vt 0.817728 0.060559
vt 0.832053 0.063596
vt 0.803446 0.053943
vt 0.643981 0.731793
vt 0.633500 0.733549
vt 0.710819 0.733856
vt 0.715187 0.703165
vt 0.770616 0.693134
vt 0.765740 0.671063
vt 0.792629 0.660831
vt 0.182990 0.025112
vt 0.177529 0.035804
vt 0.165171 0.051211
vt 0.141389 0.037985
vt 0.141677 0.053290
vt 0.099856 0.086620
vt 0.119350 0.071108
vt 0.178074 0.064889
vt 0.227372 0.047258
vt 0.703208 0.689009
vt 0.314425 0.084359
vt 0.273030 0.149230
vt 0.344383 0.068081
vt 0.377404 0.082211
vt 0.844649 0.079425
vt 0.809150 0.071467
vt 0.850788 0.068704
vt 0.841746 0.055282
vt 0.774780 0.064511
vt 0.648698 0.722375
vt 0.637131 0.724611
vt 0.687029 0.741607
vt 0.686132 0.718691
vt 0.656711 0.732016
vt 0.760420 0.073411
vt 0.771025 0.077702
vt 0.760111 0.086876
vt 0.794512 0.086758
vt 0.766664 0.102299
vt 0.699079 0.755124
vt 0.319288 0.066820
vt 0.342868 0.158504
vt 0.294591 0.171563
vt 0.269290 0.190438
vt 0.247579 0.764335
vt 0.279645 0.739806
vt 0.300613 0.700701
vt 0.322737 0.715407
vt 0.264666 0.690533
vt 0.306927 0.692691
vt 0.265571 0.681606
vt 0.213720 0.665791
vt 0.240616 0.668885
vt 0.181407 0.648500
vt 0.169369 0.663449
vt 0.152150 0.685409
vt 0.379240 0.212869
vt 0.395365 0.235405
vt 0.391292 0.169157
vt 0.415361 0.165149
vt 0.413309 0.187579
vt 0.894241 0.074206
vt 0.909285 0.082909
vt 0.419025 0.144587
vt 0.425415 0.128870
vt 0.441019 0.147245
vt 0.398052 0.139389
vt 0.380117 0.139734
vt 0.383460 0.125115
vt 0.375946 0.168189
vt 0.346503 0.176402
vt 0.332260 0.187516
vt 0.311185 0.196576
vt 0.229002 0.745482
vt 0.203449 0.751418
vt 0.263145 0.741233
vt 0.254451 0.722168
vt 0.385524 0.191367
vt 0.425476 0.165646
vt 0.150852 0.711888
vt 0.176267 0.718934
vt 0.156752 0.739637
vt 0.340622 0.206675
vt 0.127190 0.687230
vt 0.238099 0.685993
vt 0.311793 0.357430
vt 0.317189 0.378262
vt 0.348685 0.344552
vt 0.330939 0.338372
vt 0.317429 0.318470
vt 0.331825 0.306840
vt 0.100259 0.679716
vt 0.103512 0.644106
vt 0.385535 0.306009
vt 0.412826 0.323003
vt 0.394206 0.337104
vt 0.398886 0.368029
vt 0.361609 0.315738
vt 0.396329 0.390696
vt 0.368664 0.409048
vt 0.327431 0.404776
vt 0.370780 0.365513
vt 0.314316 0.392221
vt 0.328471 0.384369
vt 0.300929 0.686556
vt 0.280790 0.679329
vt 0.334965 0.697317
vt 0.351242 0.692962
vt 0.358415 0.728266
vt 0.414852 0.649847
vt 0.423269 0.681651
vt 0.494729 0.374857
vt 0.504994 0.384630
vt 0.477791 0.399086
vt 0.510245 0.350363
vt 0.525202 0.359888
vt 0.505125 0.320717
vt 0.524998 0.311691
vt 0.461838 0.342624
vt 0.446178 0.362178
vt 0.434728 0.328166
vt 0.429883 0.416826
vt 0.396873 0.419705
vt 0.428682 0.402740
vt 0.372733 0.677282
vt 0.382467 0.688941
vt 0.402912 0.657520
vt 0.413831 0.663204
vt 0.443994 0.410931
vt 0.461910 0.388244
vt 0.464814 0.358774
vt 0.443444 0.389388
vt 0.370916 0.425119
vt 0.360571 0.421165
vt 0.427802 0.375487
vt 0.425160 0.346767
vt 0.481425 0.336778
vt 0.475061 0.349654
vt 0.409934 0.691432
vt 0.349358 0.421315
vt 0.361263 0.779001
vt 0.705458 0.135456
vt 0.690410 0.162321
vt 0.730383 0.119531
vt 0.727919 0.148272
vt 0.742990 0.098494
vt 0.739791 0.126178
vt 0.857205 0.207152
vt 0.910056 0.292509
vt 0.471905 0.881735
vt 0.100290 0.048086
vt 0.115943 0.037623
vt 0.107487 0.058637
vt 0.138162 0.023766
vt 0.821119 0.682688
vt 0.801750 0.701069
vt 0.772360 0.708619
vt 0.764994 0.735635
vt 0.755657 0.756553
vt 0.742271 0.763162
vt 0.706189 0.792631
vt 0.756960 0.796044
vt 0.753805 0.842247
vt 0.779685 0.853758
vt 0.758233 0.857788
vt 0.785990 0.863650
vt 0.784488 0.833320
vt 0.833374 0.822369
vt 0.819805 0.845824
vt 0.835601 0.775607
vt 0.847958 0.791133
vt 0.833332 0.794612
vt 0.839964 0.763317
vt 0.856349 0.772148
vt 0.468918 0.959672
vt 0.446692 0.984480
vt 0.452301 0.954132
vt 0.484624 0.934672
vt 0.501016 0.967061
vt 0.504890 0.931676
vt 0.515730 0.902409
vt 0.538447 0.940708
vt 0.538531 0.926820
vt 0.897315 0.185614
vt 0.871023 0.176992
vt 0.896388 0.172507
vt 0.857652 0.135531
vt 0.520827 0.988141
vt 0.519580 0.966537
vt 0.532520 0.960433
vt 0.492626 0.985281
vt 0.513336 0.987909
vt 0.809922 0.858674
vt 0.798505 0.854551
vt 0.685806 0.001981
vt 0.739520 0.854738
vt 0.687290 0.834293
vt 0.664167 0.823047
vt 0.683507 0.825525
vt 0.516624 0.501070
vt 0.527897 0.498088
vt 0.532793 0.505169
vt 0.635709 0.081340
vt 0.620884 0.106824
vt 0.608724 0.165492
vt 0.609564 0.177647
vt 0.653840 0.156125
vt 0.669113 0.121542
vt 0.684246 0.125913
vt 0.680926 0.168910
vt 0.695253 0.104754
vt 0.713115 0.111589
vt 0.871022 0.122257
vt 0.745170 0.054673
vt 0.719208 0.042651
vt 0.723221 0.036238
vt 0.697721 0.047708
vt 0.513392 0.532348
vt 0.507722 0.501650
vt 0.689011 0.070068
vt 0.691556 0.084785
vt 0.663255 0.067430
vt 0.650000 0.101843
vt 0.751203 0.068354
vt 0.900304 0.100857
vt 0.871980 0.105528
vt 0.914853 0.115009
vt 0.912209 0.122879
vt 0.906725 0.095689
vt 0.911094 0.095576
vt 0.844743 0.845077
vt 0.839724 0.836610
vt 0.853686 0.832106
vt 0.721335 0.071804
vt 0.855986 0.816527
vt 0.891615 0.215183
vt 0.897863 0.244407
vt 0.482336 0.907853
vt 0.498185 0.884108
vt 0.438553 0.908454
vt 0.835217 0.677903
vt 0.798838 0.732658
vt 0.743876 0.782721
vt 0.778484 0.755685
vt 0.827891 0.714604
vt 0.829598 0.735481
vt 0.837400 0.702581
vt 0.851200 0.688891
vt 0.856915 0.707763
vt 0.845271 0.716613
vt 0.838018 0.750193
vt 0.810423 0.768624
vt 0.768209 0.813353
vt 0.781866 0.807696
vt 0.805600 0.808620
vt 0.857057 0.760654
vt 0.855668 0.743080
vt 0.417771 0.947218
vt 0.447517 0.938489
vt 0.452970 0.995164
vt 0.423444 0.987397
vt 0.856946 0.724332
vt 0.950335 0.402832
vt 0.974728 0.425162
vt 0.041952 0.656835
vt 0.036913 0.562830
vt 0.048778 0.550214
vt 0.067285 0.583803
vt 0.443182 0.438983
vt 0.600746 0.021116
vt 0.577211 0.529332
vt 0.550872 0.541928
vt 0.508563 0.636801
vt 0.522213 0.665832
vt 0.512515 0.667576
vt 0.538352 0.665000
vt 0.601869 0.594906
vt 0.620401 0.634453
vt 0.598702 0.629445
vt 0.643150 0.624628
vt 0.632032 0.605716
vt 0.642756 0.587625
vt 0.670910 0.605955
vt 0.667989 0.569160
vt 0.707070 0.597981
vt 0.693317 0.621694
vt 0.682950 0.617538
vt 0.609651 0.645190
vt 0.592391 0.637883
vt 0.587124 0.660180
vt 0.573710 0.650883
vt 0.565966 0.626359
vt 0.559270 0.648688
vt 0.604095 0.667568
vt 0.651582 0.638325
vt 0.570053 0.671788
vt 0.574319 0.686277
vt 0.549854 0.683552
vt 0.526583 0.642537
vt 0.529087 0.624110
vt 0.686121 0.594524
vt 0.650240 0.552928
vt 0.664604 0.547875
vt 0.652393 0.513481
vt 0.629525 0.543298
vt 0.625440 0.512499
vt 0.556020 0.570497
vt 0.594468 0.572802
vt 0.583602 0.613171
vt 0.571676 0.597530
vt 0.619676 0.587634
vt 0.632966 0.574804
vt 0.610522 0.534535
vt 0.644770 0.573783
vt 0.133585 0.296957
vt 0.708558 0.615159
vt 0.630821 0.820238
vt 0.626799 0.843075
vt 0.956432 0.272146
vt 0.982849 0.253015
vt 0.965323 0.239001
vt 0.496918 0.615812
vt 0.222362 0.407401
vt 0.236824 0.379235
vt 0.185638 0.421664
vt 0.136976 0.446932
vt 0.184462 0.456051
vt 0.165183 0.470482
vt 0.189844 0.474726
vt 0.172911 0.489649
vt 0.233913 0.420002
vt 0.249674 0.407873
vt 0.971050 0.230811
vt 0.965028 0.208545
vt 0.944301 0.250331
vt 0.500403 0.627445
vt 0.482428 0.621784
vt 0.860242 0.844026
vt 0.643380 0.679082
vt 0.640020 0.708640
vt 0.847004 0.853630
vt 0.837311 0.892104
vt 0.268176 0.467974
vt 0.108359 0.196284
vt 0.137562 0.191780
vt 0.340102 0.392176
vt 0.442335 0.313173
vt 0.097382 0.246537
vt 0.038417 0.787220
vt 0.714027 0.348698
vt 0.010719 0.277613
vt 0.105240 0.447240
vt 0.708741 0.895530
vt 0.845437 0.348546
vt 0.586463 0.871461
vt 0.142509 0.475161
vt 0.543158 0.959760
vt 0.533783 0.988928
vt 0.153393 0.500766
vt 0.140648 0.517345
vt 0.311075 0.785049
vt 0.327134 0.738436
vt 0.799631 0.398770
vt 0.553580 0.750086
vt 0.535660 0.739073
vt 0.961210 0.131219
vt 0.952649 0.136637
vt 0.949059 0.179457
vt 0.354292 0.029877
vt 0.373431 0.039195
vt 0.364060 0.057365
vt 0.345715 0.056656
vt 0.270304 0.007379
vt 0.521274 0.725294
vt 0.499602 0.717616
vt 0.507303 0.715922
vt 0.516627 0.716867
vt 0.258401 0.447057
vt 0.276100 0.461144
vt 0.494942 0.032698
vt 0.217729 0.482727
vt 0.573568 0.854364
vt 0.256280 0.405604
vt 0.253162 0.420032
vt 0.963713 0.157417
vt 0.962487 0.177826
vt 0.584362 0.775252
vt 0.583428 0.783731
vt 0.945317 0.918494
vt 0.875383 0.507118
vt 0.353822 0.064268
vt 0.328314 0.057985
vt 0.873987 0.957123
vt 0.967709 0.921236
vt 0.969712 0.934075
vt 0.501270 0.863077
vt 0.382555 0.022711
vt 0.481094 0.862654
vt 0.264720 0.382728
vt 0.594546 0.795397
vt 0.901801 0.506449
vt 0.047415 0.814779
vt 0.383445 0.011340
vt 0.226561 0.581757
vt 0.218762 0.559068
vt 0.251210 0.533161
vt 0.247569 0.559693
vt 0.244399 0.581398
vt 0.661031 0.658603
vt 0.474224 0.803941
vt 0.408867 0.044595
vt 0.500958 0.015305
vt 0.542169 0.021583
vt 0.580971 0.042457
vt 0.496184 0.578301
vt 0.985953 0.274309
vt 0.685595 0.537453
vt 0.055536 0.806601
vt 0.761080 0.627140
vt 0.725659 0.626994
vt 0.672676 0.522003
vt 0.009728 0.613042
vt 0.033361 0.640475
vt 0.573601 0.024246
vt 0.562750 0.201535
vt 0.933261 0.392577
vt 0.991358 0.450678
vt 0.819093 0.017574
vt 0.414560 0.228921
vt 0.409274 0.239969
vt 0.121525 0.297152
vt 0.889019 0.064702
vt 0.544178 0.723904
vt 0.603864 0.043980
vt 0.537442 0.719779
vt 0.508472 0.589766
vt 0.521741 0.549958
vt 0.398840 0.431668
vt 0.054507 0.470262
vt 0.420666 0.512614
vt 0.704954 0.774971
vt 0.479755 0.256959
vt 0.495165 0.270896
vt 0.429091 0.277703
vt 0.110762 0.666041
vt 0.870433 0.066263
vt 0.907528 0.347808
vt 0.927012 0.339861
vt 0.819475 0.282611
vt 0.018564 0.471281
vt 0.021296 0.455635
vt 0.030368 0.452177
vt 0.338618 0.904625
vt 0.417844 0.729492
vt 0.384135 0.716656
vt 0.564776 0.898053
vt 0.481599 0.644617
vt 0.331753 0.771452
vt 0.127661 0.261279
vt 0.382172 0.783808
vt 0.137127 0.205665
vt 0.738674 0.324902
vt 0.709845 0.317761
vt 0.863529 0.337580
vt 0.119854 0.891129
vt 0.091930 0.900932
vt 0.122649 0.899084
vt 0.175344 0.910125
vt 0.157542 0.803649
vt 0.125810 0.793298
vt 0.385279 0.545716
vt 0.492049 0.679235
vt 0.662876 0.243282
vt 0.671620 0.252912
vt 0.005991 0.171388
vt 0.002236 0.185708
vt 0.329114 0.783553
vt 0.798301 0.522612
vt 0.015301 0.306079
vt 0.082821 0.286964
vt 0.263667 0.647203
vt 0.593169 0.316639
vt 0.272604 0.548029
vt 0.253124 0.497220
vt 0.719737 0.886523
vt 0.727468 0.906641
vt 0.733107 0.912656
vt 0.754951 0.919621
vt 0.562518 0.481736
vt 0.865894 0.452701
vt 0.012945 0.879276
vt 0.016613 0.868650
vt 0.362561 0.784327
vt 0.389837 0.802558
vt 0.606390 0.958915
vt 0.621428 0.964677
vt 0.634448 0.963729
vt 0.649933 0.965583
vt 0.742635 0.941503
vt 0.723623 0.913479
vt 0.732338 0.896529
vt 0.744547 0.906737
vt 0.708894 0.927531
vt 0.861617 0.490534
vt 0.694307 0.964263
vt 0.847946 0.577707
vt 0.823224 0.898063
vt 0.624809 0.921384
vt 0.754349 0.901274
vt 0.017887 0.891511
vt 0.245916 0.596107
vt 0.225995 0.619119
vt 0.225409 0.654817
vt 0.462762 0.740646
vt 0.551685 0.500018
vt 0.559867 0.482579
vt 0.626156 0.896972
vt 0.868939 0.627700
vt 0.869926 0.675779
vt 0.460180 0.793517
vt 0.725370 0.498991
vt 0.718783 0.492616
vt 0.561450 0.500824
vt 0.582368 0.500159
vt 0.979441 0.710723
vt 0.979567 0.690820
vt 0.667205 0.500218
vt 0.035996 0.326269
vt 0.699090 0.297061
vt 0.084704 0.131748
vt 0.060841 0.163079
vt 0.783540 0.327819
vt 0.168680 0.917617
vt 0.015820 0.069376
vt 0.258491 0.058736
vt 0.294402 0.065391
vt 0.223132 0.181952
vt 0.853367 0.089455
vt 0.824298 0.091130
vt 0.870671 0.077744
vt 0.762476 0.061515
vt 0.682878 0.758235
vt 0.197684 0.766911
vt 0.270362 0.755273
vt 0.222924 0.721558
vt 0.264103 0.674668
vt 0.184043 0.750981
vt 0.479548 0.326882
vt 0.466829 0.330512
vt 0.486738 0.346498
vt 0.414724 0.921690
vt 0.844204 0.165135
vt 0.140281 0.009808
vt 0.845513 0.667968
vt 0.864096 0.747050
vt 0.909088 0.141207
vt 0.700147 0.838928
vt 0.926020 0.143456
vt 0.860524 0.783116
vt 0.510167 0.560417
vt 0.658743 0.007632
vt 0.866880 0.810914
vt 0.859970 0.833997
vt 0.422786 0.968347
vt 0.412928 0.960824
vt 0.129359 0.008584
vt 0.850192 0.671494
vt 0.780637 0.779303
vt 0.801596 0.792023
vt 0.474089 0.994104
vt 0.864110 0.678465
vt 0.852587 0.673986
vt 0.672880 0.227719
vt 0.598620 0.510623
vt 0.622372 0.562345
vt 0.971966 0.078417
vt 0.186476 0.242040
vt 0.648379 0.831131
vt 0.936671 0.273921
vt 0.241262 0.373431
vt 0.219740 0.591390
s 1
usemtl Asteroid2d
f 60/1/1 61/2/2 169/3/3
f 76/4/4 790/5/5 7/6/6
f 988/7/7 77/8/8 993/9/9
f 85/10/10 886/11/11 887/12/12
f 734/13/13 93/14/14 13/15/15
f 95/16/16 602/17/17 97/18/18
f 602/17/17 96/19/19 97/18/18
f 103/20/20 104/21/21 15/22/22
f 817/23/23 111/24/24 110/25/25
f 314/26/26 348/27/27 113/28/28
f 119/29/29 117/30/30 118/31/31
f 639/32/32 122/33/33 16/34/34
f 123/35/35 954/36/36 974/37/37
f 18/38/38 126/39/39 127/40/40
f 127/40/40 125/41/41 18/38/38
f 20/42/42 30/43/43 153/44/44
f 875/45/45 865/46/46 864/47/47
f 628/48/48 132/49/49 21/50/50
f 132/49/49 134/51/51 21/50/50
f 134/51/51 904/52/52 21/50/50
f 22/53/53 138/54/54 137/55/55
f 24/56/56 143/57/57 516/58/58
f 147/59/59 1032/60/60 26/61/61
f 150/62/62 149/63/63 27/64/64
f 30/43/43 534/65/65 154/66/66
f 155/67/67 104/21/21 31/68/68
f 31/68/68 156/69/69 155/67/67
f 159/70/70 160/71/71 158/72/72
f 33/73/73 166/74/74 364/75/75
f 237/76/76 1063/77/77 34/78/78
f 1064/79/79 169/3/3 34/78/78
f 34/78/78 1063/77/77 1064/79/79
f 171/80/80 170/81/81 35/82/82
f 174/83/83 175/84/84 36/85/85
f 173/86/86 174/83/83 36/85/85
f 177/87/87 669/88/88 715/89/89
f 37/90/90 178/91/91 100/92/92
f 1001/93/93 96/19/19 38/94/94
f 183/95/95 184/96/96 39/97/97
f 42/98/98 243/99/99 191/100/100
f 201/101/101 202/102/102 200/103/103
f 203/104/104 199/105/105 200/103/103
f 202/102/102 203/104/104 200/103/103
f 45/106/106 206/107/107 47/108/108
f 47/108/108 207/109/109 46/110/110
f 48/111/111 690/112/112 208/113/113
f 212/114/114 909/115/115 49/116/116
f 27/117/64 149/118/63 219/119/117
f 204/120/118 46/121/110 210/122/119
f 46/121/110 616/123/120 210/122/119
f 224/124/121 225/125/122 52/126/123
f 232/127/124 233/128/125 231/129/126
f 54/130/127 447/131/128 390/132/129
f 236/133/130 778/134/131 55/135/132
f 238/136/133 429/137/134 57/138/135
f 429/137/134 239/139/136 57/138/135
f 244/140/137 245/141/138 246/142/139
f 246/142/139 242/143/140 244/140/137
f 247/144/141 242/143/140 246/142/139
f 249/145/142 250/146/143 241/147/144
f 250/146/143 243/99/99 241/147/144
f 250/146/143 191/100/100 243/99/99
f 251/148/145 252/149/146 191/100/100
f 252/150/146 253/151/147 191/152/100
f 254/153/148 191/152/100 253/151/147
f 253/151/147 255/154/149 254/153/148
f 260/155/150 261/156/151 259/157/152
f 265/158/153 264/159/154 266/160/155
f 266/160/155 267/161/156 265/158/153
f 269/162/157 268/163/158 267/161/156
f 120/164/159 268/163/158 269/162/157
f 271/165/160 272/166/161 121/167/162
f 121/167/162 120/164/159 271/165/160
f 271/165/160 273/168/163 272/166/161
f 88/169/164 272/166/161 273/168/163
f 273/168/163 89/170/165 88/169/164
f 277/171/166 280/172/167 278/173/168
f 279/174/169 278/173/168 280/172/167
f 316/175/170 162/176/171 286/177/172
f 282/178/173 162/176/171 316/175/170
f 284/179/174 283/180/175 282/181/173
f 162/182/171 282/181/173 283/180/175
f 322/183/176 279/174/169 280/172/167
f 88/169/164 121/167/162 272/166/161
f 288/184/177 289/185/178 121/167/162
f 290/186/179 120/164/159 289/185/178
f 290/186/179 268/163/158 120/164/159
f 290/186/179 291/187/180 268/163/158
f 291/187/180 330/188/181 268/163/158
f 87/189/182 333/190/183 42/98/98
f 333/190/183 244/140/137 42/98/98
f 244/140/137 333/190/183 245/141/138
f 296/191/184 242/143/140 247/144/141
f 296/191/184 297/192/185 248/193/186
f 337/194/187 250/146/143 249/145/142
f 299/195/188 251/148/145 250/146/143
f 300/196/189 301/197/190 253/151/147
f 301/197/190 302/198/191 253/151/147
f 253/151/147 302/198/191 255/154/149
f 270/199/192 271/165/160 269/162/157
f 270/199/192 308/200/193 271/165/160
f 309/201/194 310/202/195 273/203/163
f 310/202/195 311/204/196 273/203/163
f 277/171/166 276/205/197 312/206/198
f 313/207/199 277/171/166 348/208/27
f 281/209/200 280/172/167 313/207/199
f 313/210/199 314/26/26 281/211/200
f 314/26/26 315/212/201 281/211/200
f 317/213/202 318/214/203 29/215/204
f 29/215/204 318/214/203 285/216/205
f 319/217/206 285/216/205 318/214/203
f 320/218/207 163/219/208 319/217/206
f 279/174/169 322/183/176 355/220/209
f 278/173/168 279/174/169 355/220/209
f 356/221/210 323/222/211 287/223/212
f 289/185/178 327/224/213 290/186/179
f 329/225/214 330/188/181 291/187/180
f 329/225/214 331/226/215 330/188/181
f 331/226/215 292/227/216 330/188/181
f 332/228/217 292/227/216 331/226/215
f 294/229/218 87/230/182 256/231/219
f 87/230/182 254/232/148 256/231/219
f 382/233/220 245/141/138 333/190/183
f 245/141/138 382/233/220 334/234/221
f 336/235/222 247/144/141 335/236/223
f 338/237/224 299/195/188 250/146/143
f 306/238/225 263/239/226 305/240/227
f 1142/241/228 308/200/193 270/199/192
f 343/242/229 344/243/230 308/200/193
f 344/244/230 345/245/231 309/201/194
f 345/245/231 346/246/232 310/202/195
f 316/247/170 104/248/21 282/249/173
f 155/250/67 349/251/233 284/252/174
f 349/251/233 57/138/135 284/252/174
f 240/253/234 350/254/235 317/213/202
f 317/213/202 351/255/236 318/214/203
f 352/256/237 318/214/203 351/255/236
f 319/217/206 318/214/203 352/256/237
f 355/257/209 321/258/238 354/259/239
f 355/220/209 356/221/210 278/173/168
f 356/221/210 379/260/240 324/261/241
f 356/262/210 355/257/209 357/263/242
f 354/259/239 357/263/242 355/257/209
f 353/264/243 358/265/244 354/259/239
f 352/256/237 361/266/245 360/267/246
f 352/256/237 351/255/236 361/266/245
f 165/268/247 360/267/246 361/266/245
f 350/269/235 240/270/234 363/271/248
f 367/272/249 368/273/250 369/274/251
f 366/275/252 370/276/253 430/277/254
f 432/278/255 433/279/256 167/280/257
f 166/74/74 167/280/257 433/279/256
f 373/281/258 166/74/74 433/279/256
f 376/282/259 378/283/260 375/284/261
f 376/282/259 377/285/262 378/283/260
f 360/267/246 165/268/247 378/283/260
f 378/283/260 377/285/262 358/265/244
f 358/265/244 359/286/263 378/283/260
f 357/263/242 358/265/244 377/285/262
f 324/287/241 379/288/240 325/289/264
f 380/290/265 381/291/266 326/292/267
f 326/292/267 381/291/266 327/224/213
f 327/224/213 333/293/183 328/294/268
f 328/294/268 329/225/214 290/186/179
f 331/226/215 329/225/214 332/228/217
f 328/294/268 383/295/269 332/228/217
f 332/296/217 87/230/182 294/229/218
f 294/229/218 293/297/270 332/296/217
f 383/295/269 333/293/183 87/298/182
f 189/299/271 334/300/221 382/301/220
f 388/302/272 298/303/273 297/192/185
f 443/304/274 389/305/275 338/237/224
f 338/237/224 337/194/187 443/304/274
f 389/305/275 234/306/276 188/307/277
f 395/308/278 396/309/279 141/310/280
f 395/308/278 397/311/281 396/309/279
f 398/312/282 396/309/279 397/311/281
f 397/311/281 399/313/283 398/312/282
f 400/314/284 398/312/282 399/313/283
f 400/314/284 399/313/283 401/315/285
f 404/316/286 457/317/287 406/318/288
f 406/318/288 405/319/289 404/316/286
f 407/320/290 408/321/291 406/318/288
f 411/322/292 410/323/293 460/324/294
f 460/324/294 412/325/295 411/322/292
f 414/326/296 411/322/292 413/327/297
f 413/327/297 415/328/298 414/326/296
f 415/329/298 417/330/299 416/331/300
f 418/332/301 416/331/300 417/330/299
f 421/333/302 347/334/303 346/246/232
f 421/333/302 312/335/198 347/334/303
f 422/336/304 312/206/198 421/337/302
f 422/336/304 114/338/305 348/208/27
f 424/339/306 115/340/307 113/28/28
f 424/339/306 425/341/308 115/340/307
f 426/342/309 103/20/20 115/343/307
f 157/344/310 104/21/21 103/20/20
f 31/68/68 108/345/311 427/346/312
f 427/347/312 156/348/69 31/349/68
f 428/350/313 238/351/133 156/348/69
f 368/352/250 429/353/134 428/350/313
f 479/354/314 430/355/254 370/356/253
f 366/275/252 430/277/254 431/357/315
f 371/358/316 150/62/62 372/359/317
f 1131/360/318 33/73/73 372/359/317
f 1131/360/318 167/280/257 33/73/73
f 1127/361/319 433/279/256 432/278/255
f 375/362/261 1129/363/320 376/364/259
f 377/285/262 434/365/321 379/288/240
f 379/366/240 190/367/322 380/368/265
f 190/367/322 382/301/220 381/369/266
f 41/370/323 384/371/324 189/299/271
f 384/371/324 336/372/222 335/373/223
f 384/371/324 437/374/325 336/372/222
f 445/375/326 234/306/276 389/305/275
f 445/375/326 446/376/327 447/377/128
f 392/378/328 40/379/329 449/380/330
f 450/381/331 451/382/332 394/383/333
f 452/384/334 453/385/335 395/308/278
f 397/311/281 454/386/336 399/313/283
f 454/386/336 401/315/285 399/313/283
f 455/387/337 402/388/338 401/389/285
f 407/320/290 406/318/288 457/317/287
f 409/390/339 458/391/340 459/392/341
f 460/393/294 409/390/339 459/392/341
f 522/394/342 461/395/343 460/324/294
f 412/325/295 460/324/294 461/395/343
f 461/395/343 462/396/344 412/325/295
f 413/397/297 462/398/344 463/399/345
f 420/400/346 419/401/347 119/29/29
f 421/333/302 346/246/232 420/400/346
f 466/402/348 422/403/304 421/333/302
f 118/31/31 114/404/305 422/403/304
f 467/405/349 423/406/350 114/407/305
f 468/408/351 424/339/306 423/406/350
f 425/409/308 471/410/352 426/342/309
f 154/66/66 426/342/309 471/410/352
f 105/411/353 472/412/354 473/413/355
f 473/413/355 106/414/356 105/411/353
f 538/415/357 475/416/358 152/417/359
f 428/350/313 478/418/360 369/419/251
f 477/420/361 478/418/360 428/350/313
f 156/348/69 152/417/359 475/416/358
f 475/416/358 477/420/361 156/348/69
f 427/346/312 108/345/311 152/421/359
f 369/419/251 368/352/250 428/350/313
f 480/422/362 481/423/363 430/355/254
f 482/424/364 483/425/365 149/118/63
f 149/118/63 483/425/365 485/426/366
f 484/427/367 485/426/366 483/425/365
f 486/428/368 220/429/369 485/430/366
f 485/430/366 220/429/369 219/431/117
f 60/1/1 487/432/370 220/429/369
f 490/433/371 491/434/372 488/435/373
f 490/433/371 492/436/374 491/434/372
f 491/434/372 492/436/374 62/437/375
f 497/438/376 1066/439/377 495/440/378
f 498/441/379 497/442/376 495/443/378
f 495/443/378 496/444/380 498/441/379
f 496/444/380 499/445/381 498/441/379
f 442/446/382 387/447/383 499/445/381
f 442/446/382 1069/448/384 443/304/274
f 444/449/385 446/376/327 445/375/326
f 1070/450/386 500/451/387 446/376/327
f 500/451/387 501/452/388 447/377/128
f 501/453/388 448/454/389 447/131/128
f 391/455/390 448/454/389 502/456/391
f 449/380/330 140/457/392 392/378/328
f 233/458/125 232/459/124 23/460/393
f 506/461/394 137/55/55 505/462/395
f 138/54/54 136/463/396 137/55/55
f 450/381/331 505/464/395 136/465/396
f 136/465/396 507/466/397 450/381/331
f 509/467/398 452/384/334 451/382/332
f 509/467/398 453/385/335 452/384/334
f 454/386/336 397/311/281 453/385/335
f 401/389/285 454/468/336 512/469/399
f 455/387/337 512/469/399 513/470/400
f 72/471/401 457/317/287 456/472/402
f 407/320/290 457/317/287 514/473/403
f 514/473/403 515/474/404 407/320/290
f 458/391/340 407/320/290 515/474/404
f 516/58/58 517/475/405 24/56/56
f 517/475/405 601/476/406 518/477/407
f 518/477/407 24/56/56 517/475/405
f 24/56/56 518/477/407 97/18/18
f 520/478/408 521/479/409 79/480/410
f 79/480/410 522/481/342 520/478/408
f 524/482/411 525/483/412 79/484/410
f 526/485/413 527/486/414 525/483/412
f 529/487/415 528/488/416 527/486/414
f 528/488/416 468/408/351 467/405/349
f 530/489/417 469/490/418 468/408/351
f 469/491/418 470/492/419 425/409/308
f 470/492/419 30/43/43 471/410/352
f 531/493/420 153/44/44 470/492/419
f 532/494/421 533/495/422 129/496/423
f 533/495/422 17/497/424 129/496/423
f 533/495/422 958/498/425 124/499/426
f 534/500/65 535/501/427 473/502/355
f 535/501/427 536/503/428 106/504/356
f 535/501/427 106/504/356 473/502/355
f 537/505/429 474/506/430 107/507/431
f 475/416/358 538/415/357 539/508/432
f 476/509/433 475/416/358 539/508/432
f 484/427/367 483/425/365 541/510/434
f 541/510/434 542/511/435 484/427/367
f 128/512/436 486/428/368 542/513/435
f 61/2/2 60/1/1 220/429/369
f 169/3/3 61/2/2 34/78/78
f 61/2/2 543/514/437 34/78/78
f 546/515/438 547/516/439 549/517/440
f 549/517/440 548/518/441 546/515/438
f 553/519/442 552/520/443 554/521/444
f 554/521/444 556/522/445 555/523/446
f 556/524/445 557/525/447 43/526/448
f 557/525/447 558/527/449 43/526/448
f 561/528/450 563/529/451 562/530/452
f 566/531/453 565/532/454 563/533/451
f 571/534/455 572/535/456 570/536/457
f 573/537/458 574/538/459 571/534/455
f 174/83/83 1017/539/460 578/540/461
f 174/83/83 578/540/461 175/84/84
f 580/541/462 581/542/463 175/543/84
f 580/541/462 582/544/464 581/542/463
f 1012/545/465 583/546/466 64/547/467
f 64/547/467 35/548/82 1012/545/465
f 584/549/468 1012/545/465 35/548/82
f 584/549/468 501/452/388 585/550/469
f 502/456/391 503/551/470 140/457/392
f 590/552/471 591/553/472 506/461/394
f 594/554/473 22/53/53 591/553/472
f 102/555/474 22/53/53 594/554/473
f 139/556/475 508/557/476 507/558/397
f 507/466/397 508/559/476 451/382/332
f 596/560/477 509/467/398 508/559/476
f 511/561/478 454/386/336 510/562/479
f 515/474/404 514/473/403 74/563/480
f 13/15/15 683/564/481 95/16/16
f 602/565/17 603/566/482 96/567/19
f 606/568/483 144/569/484 607/570/485
f 607/570/485 25/571/486 145/572/487
f 616/123/120 46/121/110 615/573/488
f 615/573/488 209/574/489 616/123/120
f 617/575/490 222/576/491 9/577/492
f 224/124/121 82/578/493 80/579/494
f 621/580/495 623/581/496 82/578/493
f 621/580/495 622/582/497 620/583/498
f 196/584/499 1/585/500 2/586/501
f 1/585/500 59/587/502 2/586/501
f 620/583/498 623/581/496 621/580/495
f 624/588/503 626/589/504 211/590/505
f 624/588/503 625/591/506 626/589/504
f 625/591/506 229/592/507 626/589/504
f 627/593/508 626/589/504 229/592/507
f 229/592/507 628/48/48 627/593/508
f 629/594/509 630/595/510 628/48/48
f 629/594/509 230/596/511 631/597/512
f 632/598/513 633/599/514 631/597/512
f 637/600/515 636/601/516 634/602/517
f 641/603/518 642/604/519 639/32/32
f 642/604/519 122/33/33 639/32/32
f 642/604/519 643/605/520 122/33/33
f 643/606/520 644/607/521 122/608/33
f 644/607/521 645/609/522 122/608/33
f 646/610/523 645/609/522 644/607/521
f 647/611/524 567/612/525 646/610/523
f 650/613/526 649/614/527 885/615/528
f 655/616/529 654/617/530 653/618/531
f 656/619/532 657/620/533 654/617/530
f 582/544/464 35/548/82 64/547/467
f 661/621/534 662/622/535 171/80/80
f 170/81/81 171/80/80 662/622/535
f 587/623/536 503/551/470 663/624/537
f 589/625/538 592/626/539 590/552/471
f 590/552/471 231/129/126 589/625/538
f 664/627/540 665/628/541 592/626/539
f 665/628/541 593/629/542 592/626/539
f 594/554/473 593/629/542 666/630/543
f 667/631/544 594/554/473 666/630/543
f 668/632/545 669/88/88 101/633/546
f 595/634/547 670/635/548 671/636/549
f 671/636/549 508/559/476 595/634/547
f 671/636/549 596/560/477 508/559/476
f 672/637/550 98/638/551 673/639/552
f 673/639/552 596/560/477 672/637/550
f 511/640/478 674/641/553 725/642/554
f 597/643/555 73/644/556 512/469/399
f 513/470/400 512/469/399 73/644/556
f 72/471/401 513/470/400 73/644/556
f 678/645/557 726/646/558 600/647/559
f 680/648/560 13/15/15 95/16/16
f 681/649/561 682/650/562 734/13/13
f 683/564/481 182/651/563 602/17/17
f 685/652/564 144/653/484 604/654/565
f 687/655/566 688/656/567 25/571/486
f 689/657/568 225/658/122 690/112/112
f 225/658/122 619/659/569 690/112/112
f 225/125/122 224/124/121 619/660/569
f 225/658/122 689/657/568 691/661/570
f 201/662/101 225/125/122 691/663/570
f 201/662/101 226/664/571 225/125/122
f 200/665/103 692/666/572 226/664/571
f 693/667/573 199/105/105 11/668/574
f 11/668/574 694/669/575 693/667/573
f 697/670/576 695/671/577 696/672/578
f 696/672/578 699/673/579 697/670/576
f 699/673/579 696/672/578 698/674/580
f 702/675/581 703/676/582 881/677/583
f 757/678/584 706/679/585 705/680/586
f 706/679/585 661/621/534 707/681/587
f 709/682/588 588/683/589 663/684/537
f 709/682/588 664/685/540 588/683/589
f 665/628/541 710/686/590 711/687/591
f 66/688/592 667/631/544 666/630/543
f 667/631/544 66/688/592 712/689/593
f 712/689/593 668/632/545 667/631/544
f 714/690/594 715/89/89 669/88/88
f 669/88/88 668/632/545 714/690/594
f 99/691/595 717/692/596 670/635/548
f 670/635/548 717/692/596 718/693/597
f 718/693/597 671/636/549 670/635/548
f 719/694/598 720/695/599 98/638/551
f 724/696/600 674/641/553 723/697/601
f 675/698/602 806/699/603 726/646/558
f 806/699/603 92/700/604 726/646/558
f 92/700/604 680/648/560 727/701/605
f 92/700/604 681/649/561 13/15/15
f 682/650/562 728/702/606 729/703/607
f 730/704/608 731/705/609 682/650/562
f 732/706/610 734/13/13 682/650/562
f 772/707/611 683/708/481 93/709/14
f 39/97/97 184/96/96 735/710/612
f 738/711/613 740/712/614 739/713/615
f 744/714/616 215/715/617 745/716/618
f 745/716/618 748/717/619 746/718/620
f 752/719/621 751/720/622 750/721/623
f 754/722/624 810/723/625 751/724/622
f 236/133/130 755/725/626 754/722/624
f 755/725/626 756/726/627 703/676/582
f 758/727/628 759/728/629 757/678/584
f 760/729/630 710/730/590 759/728/629
f 713/731/631 712/689/593 66/688/592
f 66/688/592 65/732/632 713/731/631
f 762/733/633 714/690/594 712/689/593
f 763/734/634 715/89/89 714/690/594
f 716/735/635 100/736/92 99/737/595
f 99/737/595 177/738/87 716/735/635
f 716/735/635 179/739/636 100/736/92
f 764/740/637 37/741/90 179/739/636
f 765/742/638 766/743/639 764/740/637
f 734/744/13 771/745/640 93/709/14
f 771/745/640 772/707/611 93/709/14
f 741/746/641 740/712/614 777/747/642
f 743/748/643 76/749/4 748/717/619
f 7/750/6 749/751/644 748/717/619
f 754/722/624 753/752/645 778/134/131
f 778/134/131 236/133/130 754/722/624
f 780/753/646 779/754/647 55/135/132
f 779/754/647 780/753/646 761/755/648
f 779/756/647 761/757/648 760/729/630
f 780/753/646 781/758/649 713/759/631
f 762/760/633 782/761/650 763/762/634
f 763/762/634 782/761/650 783/763/651
f 783/763/651 716/735/635 763/762/634
f 767/764/652 766/765/639 765/766/638
f 794/767/653 784/768/654 767/764/652
f 785/769/655 795/770/656 731/771/609
f 732/772/610 731/771/609 795/770/656
f 774/773/657 787/774/658 775/775/659
f 777/747/642 776/776/660 788/777/661
f 76/749/4 743/748/643 789/778/662
f 791/779/663 7/6/6 790/5/5
f 793/780/664 782/761/650 778/134/131
f 782/761/650 55/135/132 778/134/131
f 781/758/649 55/135/132 782/761/650
f 793/780/664 783/763/651 782/761/650
f 793/780/664 753/752/645 792/781/665
f 7/6/6 791/779/663 792/781/665
f 790/5/5 765/742/638 764/740/637
f 795/770/656 785/769/655 112/782/666
f 796/783/667 771/745/640 732/772/610
f 797/784/668 221/785/669 787/774/658
f 797/784/668 798/786/670 221/785/669
f 799/787/671 221/785/669 798/786/670
f 776/788/660 221/785/669 799/787/671
f 799/789/671 800/790/672 776/791/660
f 802/792/673 794/793/653 790/5/5
f 790/5/5 801/794/674 802/792/673
f 798/786/670 797/784/668 796/783/667
f 795/770/656 112/782/666 803/795/675
f 798/786/670 803/795/675 800/796/672
f 800/796/672 799/787/671 798/786/670
f 788/797/661 800/790/672 801/798/674
f 76/799/4 789/800/662 801/798/674
f 788/797/661 776/791/660 800/790/672
f 758/727/628 760/729/630 759/728/629
f 748/717/619 76/749/4 7/750/6
f 804/801/676 769/802/677 729/703/607
f 806/699/603 725/642/554 724/696/600
f 724/696/600 805/803/678 806/699/603
f 807/804/679 804/801/676 722/805/680
f 807/804/679 14/806/681 178/807/91
f 178/807/91 804/801/676 807/804/679
f 720/695/599 719/694/598 807/808/679
f 706/679/585 759/728/629 708/809/682
f 759/728/629 706/679/585 757/678/584
f 757/678/584 705/680/586 704/810/683
f 808/811/684 809/812/685 755/725/626
f 810/723/625 755/725/626 809/812/685
f 110/813/25 751/724/622 810/723/625
f 812/814/686 813/815/687 811/816/688
f 809/812/685 814/817/689 176/818/690
f 809/812/685 808/811/684 814/817/689
f 703/676/582 702/675/581 808/811/684
f 176/818/690 813/815/687 812/814/686
f 176/819/690 815/820/691 813/821/687
f 815/820/691 816/822/692 813/821/687
f 816/822/692 811/823/688 813/821/687
f 811/823/688 816/822/692 696/672/578
f 696/672/578 817/23/23 811/823/688
f 747/824/693 744/714/616 745/716/618
f 821/825/694 822/826/695 820/827/696
f 742/828/697 824/829/698 740/712/614
f 824/829/698 825/830/699 739/713/615
f 827/831/700 185/832/701 826/833/702
f 185/834/701 684/835/703 183/95/95
f 686/836/704 685/652/564 684/835/703
f 831/837/705 689/657/568 830/838/706
f 689/657/568 831/837/705 691/661/570
f 832/839/707 201/662/101 691/663/570
f 832/840/707 833/841/708 202/842/102
f 832/843/707 202/102/102 201/101/101
f 836/844/709 203/104/104 202/102/102
f 837/845/710 5/846/711 83/847/712
f 85/10/10 837/845/710 838/848/713
f 838/848/713 839/849/714 85/10/10
f 816/822/692 698/674/580 696/672/578
f 816/822/692 815/820/691 698/674/580
f 815/820/691 176/819/690 698/674/580
f 841/850/715 840/851/716 817/23/23
f 840/851/716 818/852/717 817/23/23
f 146/853/718 747/824/693 746/718/620
f 822/826/695 852/854/719 44/855/720
f 44/855/720 845/856/721 844/857/722
f 194/858/723 847/859/724 845/856/721
f 848/860/725 193/861/726 837/845/710
f 849/862/727 842/863/728 840/851/716
f 849/862/727 840/851/716 839/849/714
f 842/863/728 843/864/729 146/853/718
f 843/864/729 850/865/730 851/866/731
f 851/866/731 821/825/694 843/864/729
f 194/858/723 845/856/721 852/854/719
f 850/865/730 842/863/728 854/867/732
f 849/862/727 853/868/733 854/867/732
f 84/869/734 847/859/724 83/847/712
f 846/870/735 845/856/721 855/871/736
f 844/857/722 856/872/737 195/873/738
f 195/873/738 44/855/720 844/857/722
f 195/873/738 856/872/737 857/874/739
f 742/828/697 195/873/738 857/874/739
f 824/829/698 742/828/697 858/875/740
f 825/830/699 824/829/698 858/875/740
f 863/876/741 864/47/47 686/877/704
f 686/877/704 864/47/47 687/878/566
f 864/47/47 829/879/742 687/878/566
f 864/47/47 865/46/46 829/879/742
f 865/46/46 830/880/706 829/879/742
f 865/46/46 831/881/705 830/880/706
f 867/882/743 836/844/709 835/883/744
f 836/844/709 867/882/743 855/871/736
f 855/871/736 84/869/734 836/844/709
f 846/870/735 855/871/736 867/882/743
f 868/884/745 857/874/739 856/872/737
f 869/885/746 857/874/739 868/884/745
f 869/885/746 859/886/747 858/875/740
f 870/887/748 861/888/749 827/831/700
f 870/887/748 862/889/750 861/888/749
f 872/890/751 863/876/741 862/889/750
f 873/891/752 864/47/47 863/876/741
f 865/46/46 875/45/45 876/892/753
f 877/893/754 867/882/743 866/894/755
f 868/884/745 867/882/743 877/893/754
f 877/893/754 878/895/756 868/884/745
f 869/896/746 94/897/757 859/898/747
f 860/899/758 859/898/747 94/897/757
f 94/897/757 870/887/748 860/899/758
f 878/900/756 871/901/759 94/897/757
f 878/900/756 877/902/754 879/903/760
f 879/903/760 875/45/45 874/904/761
f 874/904/761 878/900/756 879/903/760
f 199/105/105 203/104/104 83/847/712
f 44/855/720 195/873/738 823/905/762
f 111/24/24 818/852/717 146/853/718
f 184/96/96 182/906/563 735/710/612
f 680/648/560 679/907/763 727/701/605
f 674/641/553 673/908/552 723/697/601
f 673/908/552 98/909/551 723/697/601
f 721/910/764 723/697/601 98/909/551
f 717/692/596 99/691/595 14/911/681
f 670/912/548 669/88/88 177/87/87
f 661/621/534 660/913/765 659/914/766
f 659/914/766 707/681/587 661/621/534
f 706/679/585 707/681/587 880/915/767
f 880/915/767 705/680/586 706/679/585
f 881/916/583 704/810/683 705/680/586
f 881/916/583 882/917/768 702/918/581
f 882/919/768 883/920/769 702/921/581
f 701/922/770 883/920/769 700/923/771
f 697/670/576 699/673/579 884/924/772
f 643/606/520 11/668/574 644/607/521
f 694/669/575 11/668/574 643/606/520
f 52/126/123 214/925/773 224/124/121
f 226/664/571 890/926/774 889/927/775
f 692/666/572 694/928/575 58/929/776
f 694/928/575 643/605/520 642/604/519
f 1/585/500 641/603/518 640/930/777
f 889/927/775 891/931/778 888/932/779
f 198/933/780 214/925/773 888/932/779
f 622/582/497 621/580/495 892/934/781
f 621/580/495 82/578/493 10/935/782
f 623/581/496 620/583/498 894/936/783
f 894/936/783 893/937/784 623/581/496
f 228/938/785 624/588/503 893/937/784
f 228/938/785 894/936/783 53/939/786
f 894/936/783 637/600/515 53/939/786
f 640/930/777 638/940/787 637/600/515
f 625/591/506 624/588/503 227/941/788
f 893/937/784 894/936/783 228/938/785
f 887/12/12 646/610/523 644/607/521
f 651/942/789 700/923/771 883/920/769
f 883/920/769 653/618/531 651/942/789
f 882/919/768 655/616/529 883/920/769
f 881/916/583 880/915/767 655/943/529
f 658/944/790 880/915/767 707/681/587
f 658/944/790 707/681/587 659/914/766
f 655/943/529 882/917/768 881/916/583
f 145/572/487 25/571/486 688/656/567
f 598/945/791 74/563/480 676/946/792
f 503/551/470 502/456/391 662/947/535
f 584/948/468 170/949/81 586/950/793
f 660/913/765 582/951/464 659/914/766
f 579/952/794 654/617/530 657/620/533
f 577/953/795 653/618/531 654/617/530
f 653/618/531 577/953/795 573/537/458
f 645/609/522 646/610/523 567/612/525
f 122/33/33 645/954/522 564/955/796
f 567/612/525 566/956/453 564/957/796
f 649/614/527 570/536/457 569/958/797
f 579/952/794 576/959/798 577/953/795
f 639/32/32 16/34/34 638/940/787
f 898/960/799 633/599/514 635/961/800
f 132/49/49 628/48/48 630/595/510
f 904/52/52 905/962/801 135/963/802
f 907/964/803 133/965/804 21/50/50
f 212/114/114 908/966/805 909/115/115
f 909/115/115 910/967/806 205/968/807
f 205/968/807 204/120/118 49/116/116
f 205/969/807 910/970/806 45/106/106
f 913/971/808 953/972/809 911/973/810
f 914/974/811 915/975/812 913/976/808
f 916/977/813 918/978/814 917/979/815
f 919/980/816 917/979/815 918/978/814
f 918/978/814 920/981/817 919/980/816
f 921/982/818 920/981/817 922/983/819
f 923/984/820 921/982/818 922/983/819
f 947/985/821 923/984/820 925/986/822
f 932/987/823 481/423/363 931/988/824
f 933/989/825 482/424/364 932/987/823
f 934/990/826 542/513/435 541/991/434
f 128/512/436 542/513/435 934/990/826
f 936/992/827 549/517/440 547/516/439
f 937/993/828 551/994/829 549/517/440
f 552/520/443 902/995/830 554/521/444
f 902/995/830 938/996/831 554/521/444
f 556/524/445 554/997/444 938/998/831
f 557/525/447 556/524/445 938/998/831
f 938/998/831 900/999/832 557/525/447
f 559/1000/833 558/527/449 900/999/832
f 900/999/832 899/1001/834 559/1000/833
f 561/528/450 896/1002/835 16/34/34
f 898/960/799 635/961/800 897/1003/836
f 132/49/49 901/1004/837 900/999/832
f 938/998/831 902/1005/830 132/49/49
f 937/993/828 125/41/41 903/1006/838
f 125/41/41 127/40/40 903/1006/838
f 905/962/801 904/52/52 939/1007/839
f 920/981/817 918/978/814 905/962/801
f 918/978/814 135/963/802 905/962/801
f 916/977/813 907/964/803 135/963/802
f 914/974/811 627/593/508 906/1008/840
f 922/983/819 920/981/817 939/1007/839
f 939/1007/839 126/1009/39 922/983/819
f 923/984/820 922/983/819 126/1009/39
f 126/1009/39 924/1010/841 923/984/820
f 926/1011/842 941/1012/843 931/988/824
f 929/1013/844 931/988/824 930/1014/845
f 941/1012/843 942/1015/846 933/989/825
f 943/1016/847 934/990/826 942/1017/846
f 19/1018/848 936/992/827 547/516/439
f 936/992/827 945/1019/849 937/993/828
f 945/1019/849 128/512/436 944/1020/850
f 944/1020/850 18/38/38 945/1019/849
f 943/1021/847 946/1022/851 18/1023/38
f 946/1022/851 924/1024/841 126/1025/39
f 126/1025/39 18/1023/38 946/1022/851
f 545/1026/852 128/512/436 19/1018/848
f 939/1007/839 127/1027/40 126/1009/39
f 903/1006/838 552/520/443 937/993/828
f 921/982/818 950/1028/853 919/980/816
f 950/1028/853 917/979/815 919/980/816
f 917/979/815 951/1029/854 915/975/812
f 952/1030/855 913/976/808 915/975/812
f 912/1031/856 911/973/810 953/972/809
f 47/108/108 130/1032/857 207/109/109
f 954/36/36 955/1033/858 223/1034/859
f 955/1033/858 957/1035/860 956/1036/861
f 957/1035/860 959/1037/862 956/1036/861
f 959/1037/862 124/1038/426 958/1039/425
f 124/1038/426 959/1037/862 158/72/72
f 20/1040/42 124/1038/426 160/71/71
f 160/71/71 960/1041/863 20/1040/42
f 20/1040/42 960/1041/863 534/500/65
f 960/1041/863 535/501/427 534/500/65
f 161/1042/864 536/503/428 535/501/427
f 961/1043/865 537/505/429 536/1044/428
f 961/1043/865 474/506/430 537/505/429
f 963/1045/866 964/1046/867 538/1047/357
f 109/1048/868 476/509/433 539/1049/432
f 965/1050/869 928/1051/870 109/1052/868
f 948/1053/871 966/1054/872 949/1055/873
f 967/1056/874 968/1057/875 950/1028/853
f 968/1057/875 969/1058/876 917/979/815
f 951/1029/854 917/979/815 969/1058/876
f 969/1058/876 970/1059/877 951/1029/854
f 972/1060/878 953/972/809 971/1061/879
f 973/1062/880 974/37/37 130/1032/857
f 975/1063/881 974/37/37 973/1062/880
f 967/1056/874 963/1045/866 962/1064/882
f 967/1056/874 966/1054/872 963/1045/866
f 964/1046/867 963/1045/866 948/1053/871
f 948/1053/871 965/1050/869 964/1046/867
f 539/1065/432 964/1046/867 965/1050/869
f 965/1050/869 109/1052/868 539/1065/432
f 978/1066/883 977/1067/884 969/1068/876
f 961/1043/865 978/1069/883 969/1058/876
f 161/1042/864 961/1070/865 536/503/428
f 159/70/70 978/1066/883 161/1042/864
f 960/1041/863 160/71/71 159/70/70
f 979/1071/885 957/1035/860 123/35/35
f 123/35/35 975/1063/881 979/1071/885
f 957/1035/860 955/1033/858 123/35/35
f 954/36/36 130/1032/857 974/37/37
f 979/1071/885 959/1037/862 957/1035/860
f 981/1072/886 980/1073/887 958/498/425
f 958/498/425 532/494/421 981/1072/886
f 981/1072/886 6/1074/888 980/1073/887
f 6/1074/888 981/1072/886 982/1075/889
f 983/1076/890 984/1077/891 982/1075/889
f 984/1078/891 526/485/413 985/1079/892
f 524/1080/411 8/1081/893 986/1082/894
f 986/1082/894 987/1083/895 985/1084/892
f 987/1083/895 989/1085/896 988/7/7
f 77/8/8 988/7/7 1011/1086/897
f 1011/1086/897 990/1087/898 77/8/8
f 75/1088/899 988/7/7 993/9/9
f 994/1089/900 980/1073/887 992/1090/901
f 990/1091/898 959/1037/862 994/1092/900
f 956/1036/861 959/1037/862 990/1091/898
f 70/1093/902 71/1094/903 614/1095/904
f 996/1096/905 607/570/485 608/1097/906
f 606/568/483 607/570/485 996/1096/905
f 998/1098/907 605/1099/908 606/1100/483
f 998/1098/907 999/1101/909 38/1102/94
f 38/1102/94 605/1099/908 998/1098/907
f 1000/1103/910 38/1102/94 999/1101/909
f 1000/1103/910 1001/1104/93 38/1102/94
f 69/1105/911 1006/1106/912 1004/1107/913
f 995/1108/914 1010/1109/915 1009/1110/916
f 1010/1111/915 611/1112/917 71/1094/903
f 995/1113/914 610/1114/918 611/1112/917
f 1009/1110/916 996/1115/905 995/1108/914
f 997/1116/919 998/1098/907 606/1100/483
f 1006/1106/912 69/1105/911 68/1117/920
f 68/1117/920 997/1116/919 1006/1106/912
f 996/1115/905 1009/1110/916 1008/1118/921
f 71/1119/903 70/1120/902 1011/1086/897
f 989/1085/896 1007/1121/922 1009/1110/916
f 989/1085/896 987/1083/895 1007/1121/922
f 987/1083/895 986/1082/894 1007/1121/922
f 986/1082/894 8/1081/893 1005/1122/923
f 181/1123/924 67/1124/925 69/1105/911
f 609/1125/926 611/1112/917 610/1114/918
f 990/1087/898 1011/1086/897 956/1126/861
f 70/1120/902 956/1126/861 1011/1086/897
f 526/485/413 524/482/411 985/1079/892
f 470/492/419 469/491/418 531/493/420
f 638/940/787 16/34/34 896/1002/835
f 212/114/114 211/590/505 626/589/504
f 619/659/569 208/113/113 690/112/112
f 209/1127/489 617/575/490 208/113/113
f 9/577/492 222/576/491 614/1095/904
f 614/1095/904 48/111/111 9/577/492
f 1015/1128/927 581/542/463 1014/1129/928
f 1015/1128/927 172/1130/929 36/1131/85
f 172/1130/929 1076/1132/930 173/1133/86
f 173/86/86 1017/539/460 174/83/83
f 571/534/455 575/1134/931 572/535/456
f 568/1135/932 569/958/797 570/536/457
f 565/532/454 566/531/453 568/1136/932
f 1020/1137/933 1021/1138/934 560/1139/935
f 1021/1138/934 1022/1140/936 898/960/799
f 559/1000/833 898/960/799 1022/1140/936
f 553/519/442 555/523/446 1023/1141/937
f 1024/1142/938 551/994/829 553/519/442
f 551/994/829 1024/1142/938 550/1143/939
f 1025/1144/940 548/518/441 550/1143/939
f 548/518/441 1025/1144/940 1026/1145/941
f 545/1026/852 546/515/438 1027/1146/942
f 168/1147/943 56/1148/944 237/76/76
f 1029/1149/945 1063/77/77 237/76/76
f 1029/1149/945 1031/1150/946 1030/1151/947
f 1031/1150/946 1032/1152/60 1030/1151/947
f 1103/1153/948 1035/1154/949 1034/1155/950
f 1039/1156/951 1038/1157/952 1036/1158/953
f 1039/1156/951 1041/1159/954 1040/1160/955
f 1045/1161/956 1046/1162/957 1047/1163/958
f 1045/1161/956 1048/1164/959 1057/1165/960
f 218/1166/961 1018/1167/962 1049/1168/963
f 1018/1167/962 1050/1169/964 1049/1168/963
f 1049/1170/963 1051/1171/965 217/1172/966
f 1051/1171/965 1052/1173/967 217/1172/966
f 1040/1174/955 1056/1175/968 1055/1176/969
f 1057/1165/960 1056/1175/968 1044/1177/970
f 1042/1178/971 1044/1177/970 1056/1175/968
f 1056/1175/968 1040/1174/955 1042/1178/971
f 1061/1179/972 1032/1152/60 1033/1180/973
f 1032/60/60 147/59/59 1030/1181/947
f 1063/77/77 1030/1151/947 1062/1182/974
f 489/1183/975 488/1184/373 1065/1185/976
f 147/1186/59 26/1187/61 494/1188/977
f 499/445/381 496/444/380 1067/1189/978
f 1067/1189/978 1068/1190/979 499/445/381
f 499/445/381 1068/1190/979 442/446/382
f 442/446/382 1068/1190/979 1069/448/384
f 1069/448/384 1070/450/386 444/449/385
f 500/451/387 1070/450/386 1071/1191/980
f 1072/1192/981 1012/545/465 500/451/387
f 1013/1193/982 1012/545/465 1072/1192/981
f 1073/1194/983 1074/1195/984 1013/1193/982
f 1074/1195/984 4/1196/985 1013/1193/982
f 1074/1195/984 1075/1197/986 1015/1128/927
f 1075/1197/986 1016/1198/987 1015/1128/927
f 1053/1199/988 1052/1173/967 1017/539/460
f 1083/1200/989 1061/1201/972 1034/1202/950
f 148/1203/990 1032/60/60 1061/1201/972
f 147/1186/59 1062/1204/974 1030/1205/947
f 1079/1206/991 1081/1207/992 1080/1208/993
f 1081/1207/992 1082/1209/994 1080/1208/993
f 1068/1190/979 1067/1189/978 1082/1209/994
f 1068/1190/979 1071/1191/980 1070/450/386
f 1082/1209/994 1013/1193/982 1071/1191/980
f 1073/1194/983 1075/1197/986 1074/1195/984
f 1082/1209/994 1081/1207/992 1075/1197/986
f 1083/1200/989 1084/1210/995 1076/1132/930
f 1084/1211/995 1053/1199/988 1076/1212/930
f 1084/1211/995 1059/1213/996 1077/1214/997
f 1084/1211/995 1083/1215/989 1085/1216/998
f 1083/1217/989 1060/1218/999 1085/1219/998
f 1083/1200/989 1078/1220/1000 1061/1201/972
f 496/444/380 26/61/61 1080/1208/993
f 1059/1221/996 1085/1219/998 1060/1218/999
f 1050/1222/964 1018/1223/962 572/535/456
f 1086/1224/1001 568/1136/932 570/1225/457
f 1019/1226/1002 565/532/454 568/1136/932
f 1089/1227/1003 1023/1141/937 555/523/446
f 1023/1141/937 1024/1142/938 553/519/442
f 1090/1228/1004 1025/1144/940 550/1143/939
f 56/1148/944 168/1147/943 1028/1229/1005
f 1093/1230/1006 1025/1144/940 1090/1228/1004
f 1095/1231/1007 1094/1232/1008 1090/1228/1004
f 1024/1142/938 1023/1141/937 1095/1231/1007
f 1023/1141/937 1089/1227/1003 1096/1233/1009
f 192/1234/1010 1096/1233/1009 1089/1227/1003
f 1097/1235/1011 1098/1236/1012 192/1234/1010
f 192/1234/1010 1098/1236/1012 1096/1233/1009
f 1098/1236/1012 1094/1232/1008 1095/1231/1007
f 1095/1231/1007 1096/1233/1009 1098/1236/1012
f 1099/1237/1013 1100/1238/1014 1090/1228/1004
f 1091/1239/1015 1103/1153/948 1029/1149/945
f 1103/1153/948 1033/1180/973 1031/1150/946
f 1103/1153/948 1102/1240/1016 1037/1241/1017
f 1037/1241/1017 1035/1154/949 1103/1153/948
f 1039/1156/951 1100/1238/1014 1041/1159/954
f 1042/1242/971 1041/1159/954 1099/1237/1013
f 1099/1237/1013 1043/1243/1018 1042/1242/971
f 1020/1244/933 1087/1245/1019 1047/1163/958
f 218/1166/961 1048/1164/959 1086/1224/1001
f 1046/1162/957 1097/1246/1011 12/1247/1020
f 1098/1236/1012 1097/1235/1011 1104/1248/1021
f 1103/1153/948 1091/1239/1015 1102/1240/1016
f 1086/1224/1001 1018/1167/962 218/1166/961
f 501/452/388 500/451/387 585/550/469
f 561/528/450 16/34/34 563/529/451
f 117/30/30 419/401/347 465/1249/1022
f 465/1249/1022 528/1250/416 117/30/30
f 465/1251/1022 527/486/414 528/488/416
f 525/483/412 527/486/414 463/399/345
f 461/1252/343 522/1253/342 523/1254/1023
f 522/1255/342 460/393/294 143/57/57
f 505/464/395 23/460/393 232/459/124
f 1105/1256/1024 497/442/376 498/441/379
f 1106/1257/1025 1107/1258/1026 497/438/376
f 487/1259/370 488/435/373 491/434/372
f 1108/1260/1027 27/64/64 219/1261/117
f 1108/1260/1027 1109/1262/1028 27/64/64
f 1138/1263/1029 1116/1264/1030 1113/1265/1031
f 1123/1266/1032 1117/1267/1033 1118/1268/1034
f 1119/1269/1035 1123/1266/1032 1118/1268/1034
f 1118/1268/1034 1120/1270/1036 1119/1269/1035
f 436/1271/1037 1130/1272/1038 1122/1273/1039
f 1113/1265/1031 1116/1264/1030 1124/1274/1040
f 1115/1275/1041 1113/1265/1031 1124/1274/1040
f 1124/1274/1040 1125/1276/1042 1115/1275/1041
f 1125/1276/1042 28/1277/1043 1115/1275/1041
f 1115/1275/1041 28/1277/1043 1112/1278/1044
f 151/1279/1045 1112/1278/1044 28/1277/1043
f 1127/361/319 1126/1280/1046 1124/1274/1040
f 1124/1274/1040 1116/1264/1030 1127/361/319
f 433/279/256 1127/361/319 1116/1264/1030
f 1116/1264/1030 1123/1266/1032 433/279/256
f 1123/1266/1032 1128/1281/1047 433/279/256
f 1123/1266/1032 1119/1269/1035 1128/1281/1047
f 1119/1269/1035 1122/1273/1039 1129/363/320
f 1130/1272/1038 376/364/259 1129/363/320
f 432/278/255 167/280/257 1126/1280/1046
f 167/280/257 1131/360/318 1126/1280/1046
f 1131/360/318 1132/1282/1048 1125/1276/1042
f 1125/1276/1042 1126/1280/1046 1131/360/318
f 1133/1283/1049 1134/1284/1050 1132/1282/1048
f 1110/1285/1051 1111/1286/1052 151/1279/1045
f 1121/1287/1053 437/374/325 384/371/324
f 1120/1270/1036 1135/1288/1054 438/1289/1055
f 386/1290/1056 1136/1291/1057 439/1292/1058
f 1106/1257/1025 63/1293/1059 1107/1258/1026
f 1141/1294/1060 1114/1295/1061 3/1296/1062
f 1138/1263/1029 1113/1265/1031 1114/1295/1061
f 1139/1297/1063 1117/1267/1033 1138/1263/1029
f 1117/1267/1033 91/1298/1064 1118/1268/1034
f 1141/1294/1060 1106/1257/1025 1137/1299/1065
f 3/1296/1062 1106/1257/1025 1141/1294/1060
f 91/1298/1064 1117/1267/1033 1139/1297/1063
f 1140/1300/1066 1118/1268/1034 91/1298/1064
f 1110/1285/1051 491/434/372 1111/1286/1052
f 152/421/359 108/345/311 107/1301/431
f 435/1302/1067 376/364/259 1130/1272/1038
f 429/137/134 368/273/250 367/272/249
f 282/249/173 104/248/21 155/250/67
f 346/246/232 345/245/231 420/400/346
f 345/245/231 344/244/230 418/332/301
f 344/243/230 414/1303/296 416/1304/300
f 343/242/229 1142/241/228 414/1303/296
f 411/322/292 342/1305/1068 410/323/293
f 342/1305/1068 408/1306/291 410/323/293
f 342/1305/1068 1143/1307/1069 408/1306/291
f 1145/1308/1070 404/316/286 405/319/289
f 1146/1309/1071 400/314/284 402/1310/338
f 340/1311/1072 142/1312/1073 396/309/279
f 1147/1313/1074 187/1314/1075 340/1311/1072
f 339/1315/1076 299/1316/188 187/1314/1075
f 303/1317/1077 1146/1309/1071 402/1310/338
f 402/1310/338 257/1318/1078 303/1317/1077
f 1144/1319/1079 305/240/227 405/1320/289
f 1143/1307/1069 306/238/225 1144/1319/1079
f 306/238/225 1143/1307/1069 342/1305/1068
f 342/1305/1068 307/1321/1080 306/238/225
f 341/1322/1081 403/1323/1082 1145/1308/1070
f 374/1324/1083 375/284/261 378/283/260
f 166/74/74 373/281/258 164/1325/1084
f 364/75/75 164/1325/1084 362/1326/1085
f 164/1327/1084 165/268/247 361/266/245
f 361/266/245 362/1328/1085 164/1327/1084
f 254/153/148 42/1329/98 191/152/100
f 129/496/423 17/497/424 20/42/42
f 63/1293/1059 3/1296/1062 62/437/375 492/436/374
f 367/272/249 370/276/253 366/275/252
f 75/1088/899 6/1074/888 985/1084/892 987/1083/895
f 69/1105/911 67/1124/925 68/1117/920
f 5/846/711 837/845/710 85/10/10
f 5/846/711 85/10/10 11/668/574
f 74/563/480 72/471/401 73/644/556
f 81/1330/1086 623/581/496 893/937/784 213/1331/1087
f 993/9/9 77/8/8 991/1332/1088
f 8/1081/893 78/1333/1089 1004/1107/913
f 618/1334/1090 616/123/120 209/574/489
f 644/607/521 11/668/574 85/10/10 887/12/12
f 80/579/494 82/578/493 81/1330/1086
f 80/579/494 81/1330/1086 210/122/119
f 210/122/119 616/123/120 80/579/494
f 9/577/492 208/113/113 617/575/490
f 10/935/782 82/578/493 214/925/773
f 314/26/26 113/28/28 115/340/307 116/1335/1091
f 85/10/10 86/1336/1092 886/11/11
f 13/15/15 93/14/14 683/564/481
f 97/18/18 518/477/407 95/16/16
f 14/911/681 99/691/595 100/1337/92
f 102/555/474 594/554/473 101/633/546
f 105/411/353 106/414/356 108/345/311
f 112/782/666 784/768/654 794/767/653
f 138/54/54 22/53/53 102/555/474 139/556/475
f 20/42/42 17/497/424 124/499/426
f 20/42/42 153/44/44 129/496/423
f 21/50/50 133/965/804 628/48/48
f 21/50/50 904/52/52 135/963/802
f 137/55/55 136/463/396 505/462/395
f 140/457/392 23/460/393 393/1338/1093 392/378/328
f 185/834/701 183/95/95 39/97/97 826/1339/702
f 26/61/61 1032/60/60 148/1203/990
f 158/72/72 979/1071/885 159/70/70
f 33/73/73 167/280/257 166/74/74
f 34/78/78 168/1147/943 237/76/76
f 36/1131/85 172/1130/929 173/1133/86
f 701/1340/770 176/818/690 814/817/689
f 37/90/90 766/765/639 178/91/91
f 37/741/90 100/736/92 179/739/636
f 96/567/19 604/654/565 38/1341/94
f 299/1316/188 40/379/329 186/1342/1094 187/1314/1075
f 1055/1176/969 217/1343/966 1058/1344/1095 1040/1174/955
f 188/1345/277 234/1346/276 40/379/329
f 40/379/329 299/1316/188 188/1345/277
f 204/1347/118 205/969/807 45/106/106
f 46/110/110 204/1347/118 45/106/106
f 46/110/110 45/106/106 47/108/108
f 48/111/111 208/113/113 9/577/492
f 49/116/116 211/590/505 212/114/114
f 49/116/116 204/120/118 210/122/119
f 227/941/788 53/939/786 633/599/514 632/598/513
f 51/1348/1096 223/1034/859 222/576/491
f 225/125/122 226/664/571 52/126/123
f 236/133/130 55/135/132 235/1349/1097 756/726/627
f 263/1350/226 265/158/153 292/227/216 262/1351/1098
f 56/1148/944 1029/1149/945 237/76/76
f 57/138/135 239/139/136 240/270/234
f 242/143/140 248/193/186 241/147/144
f 242/143/140 243/99/99 244/140/137
f 242/143/140 241/147/144 243/99/99
f 243/99/99 42/98/98 244/140/137
f 250/146/143 251/148/145 191/100/100
f 257/1352/1078 258/1353/1099 256/231/219
f 260/155/150 262/1354/1098 261/156/151
f 264/159/154 265/158/153 263/1350/226
f 266/160/155 269/162/157 267/161/156
f 271/165/160 120/164/159 269/162/157
f 275/1355/1100 88/1356/164 89/1357/165
f 89/1357/165 274/1358/1101 275/1355/1100
f 275/1355/1100 274/1358/1101 276/205/197
f 280/172/167 281/209/200 286/1359/172
f 284/179/174 29/215/204 283/180/175
f 29/215/204 285/216/205 163/219/208
f 163/219/208 283/180/175 29/215/204
f 163/219/208 162/182/171 283/180/175
f 286/1359/172 322/183/176 280/172/167
f 278/173/168 276/205/197 277/171/166
f 276/205/197 278/173/168 287/223/212
f 276/205/197 287/223/212 275/1355/1100
f 88/169/164 288/184/177 121/167/162
f 288/184/177 326/292/267 289/185/178
f 289/185/178 120/164/159 121/167/162
f 330/188/181 267/161/156 268/163/158
f 265/158/153 267/161/156 292/227/216
f 248/193/186 298/303/273 249/145/142 241/147/144
f 262/1351/1098 292/227/216 261/1360/151
f 261/1360/151 292/227/216 293/1361/270
f 293/1361/270 258/1362/1099 261/1360/151
f 258/1362/1099 259/1363/152 261/1360/151
f 294/229/218 256/231/219 258/1353/1099
f 254/153/148 255/154/149 256/1364/219
f 254/153/148 87/1365/182 42/1329/98
f 245/141/138 335/236/223 246/142/139
f 335/236/223 247/144/141 246/142/139
f 295/1366/1102 296/191/184 247/144/141
f 296/191/184 248/193/186 242/143/140
f 248/193/186 297/192/185 298/303/273
f 253/151/147 252/150/146 251/1367/145 300/196/189
f 257/1318/1078 255/154/149 302/198/191 303/1317/1077
f 273/168/163 271/165/160 308/200/193 309/1368/194
f 257/1318/1078 256/1364/219 255/154/149
f 257/1318/1078 304/1369/1103 258/1370/1099
f 304/1371/1103 259/157/152 258/1353/1099
f 304/1371/1103 260/155/150 259/157/152
f 260/155/150 304/1371/1103 341/1372/1081
f 262/1354/1098 260/155/150 305/240/227
f 305/240/227 263/239/226 262/1354/1098
f 306/1373/225 264/159/154 263/1350/226
f 306/1373/225 307/1374/1080 264/159/154
f 264/159/154 307/1374/1080 266/160/155
f 270/199/192 269/162/157 266/160/155
f 321/258/238 32/1375/1104 163/219/208 320/218/207
f 641/603/518 1/585/500 890/926/774 58/929/776
f 309/201/194 345/245/231 310/202/195
f 311/204/196 89/1376/165 273/203/163
f 274/1358/1101 89/1357/165 311/1377/196
f 276/205/197 274/1358/1101 347/1378/303
f 276/205/197 347/1378/303 312/206/198
f 277/171/166 312/206/198 348/208/27
f 277/171/166 313/207/199 280/172/167
f 315/212/201 286/177/172 281/211/200
f 315/212/201 316/175/170 286/177/172
f 57/1379/135 317/213/202 284/179/174
f 317/213/202 57/1379/135 240/253/234
f 317/213/202 29/215/204 284/179/174
f 319/217/206 163/219/208 285/216/205
f 32/1375/1104 162/182/171 163/219/208
f 251/1367/145 299/1316/188 339/1315/1076 300/196/189
f 321/258/238 322/1380/176 32/1375/1104
f 322/1380/176 286/1381/172 162/182/171
f 322/1380/176 162/182/171 32/1375/1104
f 287/223/212 278/173/168 356/221/210
f 287/223/212 323/222/211 275/1355/1100
f 275/1355/1100 323/222/211 88/1356/164
f 323/1382/211 288/184/177 88/169/164
f 323/222/211 324/261/241 288/1383/177
f 288/184/177 325/1384/264 326/292/267
f 289/185/178 326/292/267 327/224/213
f 332/228/217 293/1361/270 292/227/216
f 294/229/218 258/1353/1099 293/297/270
f 334/234/221 335/236/223 245/141/138
f 336/235/222 295/1366/1102 247/144/141
f 298/303/273 388/302/272 337/194/187
f 337/194/187 249/145/142 298/303/273
f 337/194/187 338/237/224 250/146/143
f 338/237/224 188/307/277 299/195/188
f 361/266/245 351/255/236 350/254/235 362/1328/1085
f 339/1315/1076 1147/1313/1074 300/196/189
f 300/196/189 340/1311/1072 301/197/190
f 301/197/190 340/1311/1072 302/198/191
f 304/1369/1103 257/1318/1078 341/1385/1081
f 260/155/150 341/1372/1081 405/1320/289
f 405/1320/289 305/240/227 260/155/150
f 306/238/225 305/240/227 1144/1319/1079
f 307/1374/1080 342/1386/1068 270/199/192
f 270/199/192 266/160/155 307/1374/1080
f 342/1386/1068 1142/241/228 270/199/192
f 1142/241/228 343/242/229 308/200/193
f 308/200/193 344/243/230 309/1368/194
f 311/204/196 347/334/303 274/1387/1101
f 311/204/196 310/202/195 346/246/232
f 116/1335/1091 315/212/201 314/26/26
f 315/212/201 116/1335/1091 15/1388/22
f 282/249/173 155/250/67 284/252/174
f 317/213/202 350/254/235 351/255/236
f 319/217/206 352/256/237 353/264/243
f 353/264/243 320/218/207 319/217/206
f 320/218/207 353/264/243 354/259/239
f 354/259/239 321/258/238 320/218/207
f 355/257/209 322/1380/176 321/258/238
f 356/221/210 324/261/241 323/222/211
f 325/1389/264 288/1383/177 324/261/241
f 354/259/239 358/265/244 357/263/242
f 353/264/243 359/286/263 358/265/244
f 352/256/237 360/267/246 359/286/263
f 359/286/263 353/264/243 352/256/237
f 367/272/249 366/275/252 239/139/136 429/137/134
f 363/271/248 364/1390/75 350/269/235
f 363/271/248 240/270/234 239/139/136
f 239/139/136 365/1391/1105 363/271/248
f 365/1391/1105 239/139/136 366/275/252
f 384/371/324 335/373/223 334/300/221 189/299/271
f 369/274/251 370/276/253 367/272/249
f 371/1392/316 365/1391/1105 366/275/252
f 365/1391/1105 371/1392/316 372/1393/317
f 372/1393/317 33/1394/73 365/1391/1105
f 373/281/258 433/279/256 1128/1281/1047
f 373/281/258 375/362/261 374/1395/1083
f 360/267/246 378/283/260 359/286/263
f 357/263/242 379/288/240 356/262/210
f 380/290/265 326/292/267 325/1384/264
f 327/224/213 381/291/266 382/1396/220
f 327/224/213 328/294/268 290/186/179
f 329/225/214 291/187/180 290/186/179
f 329/225/214 328/294/268 332/228/217
f 383/295/269 87/298/182 332/228/217
f 383/295/269 328/294/268 333/293/183
f 327/1397/213 382/233/220 333/190/183
f 142/1312/1073 186/1342/1094 392/378/328 393/1338/1093
f 385/1398/1106 295/1366/1102 336/235/222
f 386/1399/1056 296/191/184 295/1366/1102
f 296/191/184 386/1399/1056 297/192/185
f 386/1399/1056 440/1400/1107 297/192/185
f 297/192/185 440/1400/1107 387/447/383
f 297/192/185 387/447/383 388/302/272
f 443/304/274 337/194/187 388/302/272
f 338/237/224 389/305/275 188/307/277
f 234/1346/276 54/130/127 40/379/329
f 54/130/127 390/132/129 40/379/329
f 390/132/129 391/455/390 40/379/329
f 40/379/329 392/378/328 186/1342/1094
f 413/327/297 411/322/292 412/325/295 462/396/344
f 393/1338/1093 394/383/333 142/1312/1073
f 394/383/333 141/310/280 142/1312/1073
f 394/383/333 395/308/278 141/310/280
f 401/315/285 402/1310/338 400/314/284
f 403/1323/1082 402/388/338 456/472/402
f 408/321/291 1144/1401/1079 406/318/288
f 408/321/291 458/391/340 409/390/339
f 410/323/293 408/1306/291 409/1402/339
f 409/1402/339 460/324/294 410/323/293
f 438/1289/1055 385/1403/1106 437/374/325 1120/1270/1036
f 418/332/301 417/330/299 419/401/347
f 418/332/301 420/400/346 345/245/231
f 422/336/304 348/208/27 312/206/198
f 114/407/305 113/28/28 348/27/27
f 114/407/305 423/406/350 113/28/28
f 423/406/350 424/339/306 113/28/28
f 115/340/307 103/1404/20 15/1388/22
f 115/340/307 15/1388/22 116/1335/1091
f 314/26/26 313/210/199 348/27/27
f 426/342/309 154/66/66 103/20/20
f 157/344/310 31/68/68 104/21/21
f 428/350/313 429/353/134 238/351/133
f 431/357/315 371/1392/316 366/275/252
f 372/359/317 1133/1283/1049 1131/360/318
f 373/281/258 1128/1281/1047 1129/363/320
f 1129/363/320 375/362/261 373/281/258
f 376/282/259 434/365/321 377/285/262
f 379/288/240 357/263/242 377/285/262
f 379/366/240 380/368/265 325/1405/264
f 190/367/322 381/369/266 380/368/265
f 190/367/322 189/299/271 382/301/220
f 190/367/322 41/370/323 189/299/271
f 434/1406/321 41/370/323 190/367/322
f 190/367/322 379/366/240 434/1406/321
f 434/1406/321 435/1302/1067 41/370/323
f 435/1302/1067 434/1406/321 376/364/259
f 435/1302/1067 1130/1272/1038 41/370/323
f 41/370/323 436/1271/1037 384/371/324
f 437/374/325 385/1403/1106 336/372/222
f 295/1407/1102 385/1403/1106 438/1289/1055 386/1290/1056
f 415/1408/298 413/397/297 463/399/345 464/1409/1108
f 439/1410/1058 440/1400/1107 386/1399/1056
f 442/446/382 388/302/272 387/447/383
f 388/302/272 442/446/382 443/304/274
f 389/305/275 444/449/385 445/375/326
f 445/375/326 447/377/128 54/1411/127
f 445/375/326 54/1411/127 234/306/276
f 390/132/129 448/454/389 391/455/390
f 449/380/330 40/379/329 391/455/390
f 393/1338/1093 450/381/331 394/383/333
f 452/384/334 395/308/278 394/383/333
f 453/385/335 397/311/281 395/308/278
f 455/387/337 456/472/402 402/388/338
f 456/472/402 404/316/286 403/1323/1082
f 458/391/340 408/321/291 407/320/290
f 459/392/341 516/58/58 460/393/294
f 119/29/29 466/402/348 421/333/302 420/400/346
f 464/1412/1108 417/330/299 415/329/298
f 464/1412/1108 419/401/347 417/330/299
f 419/401/347 464/1412/1108 465/1249/1022
f 419/401/347 420/400/346 418/332/301
f 424/339/306 468/408/351 469/490/418 425/341/308
f 466/402/348 118/31/31 422/403/304
f 118/31/31 467/1413/349 114/404/305
f 105/411/353 157/344/310 103/20/20 472/412/354
f 426/342/309 115/343/307 425/409/308
f 471/410/352 30/43/43 154/66/66
f 103/20/20 154/66/66 472/412/354
f 430/355/254 481/423/363 482/424/364 431/1414/315
f 105/411/353 108/345/311 31/68/68
f 105/411/353 31/68/68 157/344/310
f 107/507/431 108/1415/311 106/1416/356
f 107/1301/431 538/1417/357 152/421/359
f 476/509/433 477/420/361 475/416/358
f 369/419/251 478/418/360 540/1418/1109
f 156/348/69 427/347/312 152/417/359
f 477/420/361 428/350/313 156/348/69
f 369/419/251 479/354/314 370/356/253
f 479/354/314 480/422/362 430/355/254
f 150/62/62 371/358/316 431/1419/315 149/63/63
f 440/1400/1107 441/1420/1110 499/445/381 387/447/383
f 149/63/63 431/1419/315 482/1421/364
f 485/426/366 219/119/117 149/118/63
f 487/432/370 219/431/117 220/429/369
f 487/432/370 1065/1185/976 488/1184/373
f 489/1422/975 490/433/371 488/435/373
f 1066/439/377 1107/1258/1026 493/1423/1111
f 1066/439/377 494/1188/977 495/440/378
f 498/441/379 499/445/381 441/1420/1110
f 140/457/392 449/380/330 391/455/390 502/456/391
f 443/304/274 1069/448/384 444/449/385
f 444/449/385 389/305/275 443/304/274
f 444/449/385 1070/450/386 446/376/327
f 446/376/327 500/451/387 447/377/128
f 447/131/128 448/454/389 390/132/129
f 1001/93/93 519/1424/1112 24/56/56 97/18/18
f 140/457/392 503/551/470 504/1425/1113
f 504/1425/1113 23/460/393 140/457/392
f 504/1425/1113 233/458/125 23/460/393
f 232/127/124 506/461/394 505/462/395
f 136/463/396 138/54/54 507/558/397
f 450/381/331 23/460/393 505/464/395
f 450/381/331 393/1338/1093 23/460/393
f 450/381/331 507/466/397 451/382/332
f 451/382/332 508/559/476 509/467/398
f 451/382/332 452/384/334 394/383/333
f 512/469/399 455/387/337 401/389/285
f 513/470/400 456/472/402 455/387/337
f 456/472/402 457/317/287 404/316/286
f 457/317/287 72/471/401 514/473/403
f 458/391/340 515/474/404 598/945/791
f 598/945/791 459/392/341 458/391/340
f 459/392/341 598/945/791 516/58/58
f 516/58/58 599/1426/1114 517/475/405
f 168/1147/943 34/78/78 543/514/437 544/1427/1115
f 519/1424/1112 143/57/57 24/56/56
f 520/478/408 143/1428/57 519/1429/1112
f 79/480/410 523/1430/1023 522/481/342
f 79/484/410 525/483/412 523/1254/1023
f 524/482/411 526/485/413 525/483/412
f 527/486/414 526/485/413 530/489/417
f 528/488/416 529/487/415 468/408/351
f 118/31/31 117/30/30 528/1250/416
f 118/31/31 528/1250/416 467/1413/349
f 467/405/349 468/408/351 423/406/350
f 529/487/415 530/489/417 468/408/351
f 471/410/352 425/409/308 470/492/419
f 470/492/419 153/44/44 30/43/43
f 531/493/420 129/496/423 153/44/44
f 533/495/422 532/494/421 958/498/425
f 533/495/422 124/499/426 17/497/424
f 20/42/42 534/65/65 30/43/43
f 536/503/428 107/1431/431 106/504/356
f 536/1044/428 537/505/429 107/507/431
f 538/1047/357 107/507/431 474/506/430
f 538/1047/357 964/1046/867 539/1065/432
f 476/509/433 109/1048/868 477/420/361
f 109/1048/868 478/418/360 477/420/361
f 540/1418/1109 927/1432/1116 479/354/314
f 479/354/314 369/419/251 540/1418/1109
f 930/1014/845 481/423/363 480/422/362
f 482/424/364 933/989/825 483/425/365
f 483/425/365 933/989/825 541/510/434
f 484/427/367 542/511/435 485/426/366
f 542/513/435 486/428/368 485/430/366
f 486/428/368 61/2/2 220/429/369
f 61/2/2 486/428/368 543/514/437
f 4/1196/985 1014/1129/928 582/544/464 64/547/467
f 544/1427/1115 543/514/437 545/1026/852
f 546/515/438 545/1026/852 547/516/439
f 549/517/440 550/1143/939 548/518/441
f 549/517/440 551/994/829 550/1143/939
f 552/520/443 553/519/442 551/994/829
f 554/521/444 555/523/446 553/519/442
f 559/1000/833 1022/1140/936 558/527/449
f 559/1000/833 899/1001/834 898/960/799
f 898/960/799 897/1003/836 560/1139/935
f 560/1139/935 1021/1138/934 898/960/799
f 567/1433/525 568/1135/932 566/1434/453
f 568/1135/932 567/1433/525 569/958/797
f 571/534/455 570/536/457 652/1435/1117
f 577/953/795 576/959/798 574/538/459
f 578/540/461 576/959/798 579/952/794
f 581/542/463 36/1131/85 175/543/84
f 581/542/463 582/544/464 1014/1129/928
f 501/453/388 584/948/468 586/950/793 448/454/389
f 583/546/466 4/1196/985 64/547/467
f 233/458/125 504/1425/1113 588/1436/589 589/1437/538
f 586/950/793 502/456/391 448/454/389
f 587/623/536 504/1425/1113 503/551/470
f 137/55/55 506/461/394 591/553/472 22/53/53
f 589/1437/538 231/1438/126 233/458/125
f 231/129/126 590/552/471 506/461/394
f 232/127/124 231/129/126 506/461/394
f 454/468/336 511/640/478 597/643/555 512/469/399
f 590/552/471 592/626/539 591/553/472
f 591/553/472 593/629/542 594/554/473
f 668/632/545 101/633/546 594/554/473
f 595/1439/547 139/556/475 101/633/546
f 139/556/475 102/555/474 101/633/546
f 507/558/397 138/54/54 139/556/475
f 510/562/479 453/385/335 509/467/398
f 510/562/479 454/386/336 453/385/335
f 510/562/479 673/639/552 511/561/478
f 611/1112/917 609/1125/926 612/1440/1118 613/1441/1119
f 513/470/400 72/471/401 456/472/402
f 74/563/480 514/473/403 72/471/401
f 515/474/404 74/563/480 598/945/791
f 600/647/559 517/475/405 599/1426/1114
f 600/647/559 601/476/406 517/475/405
f 601/476/406 95/16/16 518/477/407
f 95/16/16 683/564/481 602/17/17
f 604/654/565 144/653/484 605/1442/908
f 605/1443/908 144/569/484 606/568/483
f 605/1442/908 38/1341/94 604/654/565
f 144/569/484 25/571/486 607/570/485
f 145/572/487 608/1097/906 607/570/485
f 608/1097/906 609/1125/926 610/1114/918
f 609/1125/926 608/1097/906 612/1440/1118
f 48/111/111 614/1095/904 613/1441/1119 612/1440/1118
f 51/1348/1096 222/576/491 615/1444/488 46/110/110
f 620/583/498 622/582/497 2/586/501 59/587/502
f 616/123/120 618/1334/1090 80/579/494
f 615/573/488 617/1445/490 209/574/489
f 618/1446/1090 209/1127/489 208/113/113
f 619/660/569 224/124/121 618/1334/1090
f 80/579/494 618/1334/1090 224/124/121
f 623/581/496 81/1330/1086 82/578/493
f 596/560/477 673/639/552 510/562/479 509/467/398
f 81/1330/1086 50/1447/1120 210/122/119
f 81/1330/1086 213/1331/1087 50/1447/1120
f 213/1331/1087 211/590/505 50/1447/1120
f 211/590/505 213/1331/1087 624/588/503
f 229/592/507 230/596/511 628/48/48
f 629/594/509 631/597/512 630/595/510
f 637/600/515 638/940/787 636/601/516
f 639/32/32 638/940/787 640/930/777
f 647/611/524 648/1448/1121 567/612/525
f 648/1448/1121 647/611/524 885/1449/528
f 885/615/528 649/614/527 648/1450/1121
f 651/942/789 653/618/531 652/1435/1117
f 656/1451/532 654/1452/530 880/915/767
f 656/1451/532 658/944/790 657/1453/533
f 580/1454/462 658/944/790 659/914/766
f 659/914/766 582/951/464 580/1454/462
f 582/951/464 660/913/765 35/82/82
f 660/913/765 171/80/80 35/82/82
f 660/913/765 661/621/534 171/80/80
f 663/624/537 503/551/470 662/947/535
f 663/684/537 588/683/589 587/1455/536
f 587/623/536 588/1436/589 504/1425/1113
f 588/683/589 664/685/540 589/1456/538
f 593/629/542 591/553/472 592/626/539
f 668/632/545 594/554/473 667/631/544
f 669/88/88 595/1439/547 101/633/546
f 595/1439/547 508/557/476 139/556/475
f 671/636/549 672/637/550 596/560/477
f 676/946/792 73/644/556 675/698/602 677/1457/1122
f 673/908/552 674/641/553 511/640/478
f 725/642/554 597/643/555 511/640/478
f 597/643/555 725/642/554 675/698/602
f 597/643/555 675/698/602 73/644/556
f 73/644/556 676/946/792 74/563/480
f 183/95/95 603/566/482 182/906/563 184/96/96
f 677/1457/1122 726/646/558 678/645/557
f 726/646/558 679/907/763 600/647/559
f 679/907/763 601/476/406 600/647/559
f 601/476/406 679/907/763 680/648/560
f 601/476/406 680/648/560 95/16/16
f 681/649/561 734/13/13 13/15/15
f 182/906/563 603/566/482 602/565/17
f 604/654/565 603/566/482 183/95/95 684/835/703
f 144/569/484 685/1458/564 687/655/566 25/571/486
f 603/566/482 604/654/565 96/567/19
f 684/835/703 685/652/564 604/654/565
f 701/1459/770 700/1460/771 698/674/580 176/819/690
f 689/657/568 145/572/487 688/656/567
f 689/657/568 690/112/112 612/1440/1118
f 201/662/101 200/665/103 226/664/571
f 200/665/103 693/1461/573 692/666/572
f 693/1461/573 200/665/103 199/1462/105
f 693/1461/573 694/928/575 692/666/572
f 85/10/10 839/849/714 86/1336/1092
f 841/850/715 695/671/577 86/1336/1092
f 698/674/580 884/924/772 699/673/579
f 593/629/542 665/628/541 711/687/591 666/630/543
f 701/1340/770 814/817/689 702/675/581
f 706/679/585 708/809/682 661/621/534
f 708/809/682 662/622/535 661/621/534
f 708/809/682 663/684/537 662/622/535
f 663/684/537 708/809/682 709/682/588
f 664/627/540 710/686/590 665/628/541
f 664/627/540 592/626/539 589/625/538
f 710/686/590 760/1463/630 711/687/591
f 65/732/632 66/688/592 666/630/543 711/687/591
f 728/702/606 805/803/678 723/697/601 721/910/764
f 712/689/593 714/690/594 668/632/545
f 177/738/87 715/1464/89 716/735/635
f 177/1465/87 99/691/595 670/635/548
f 718/693/597 717/692/596 719/694/598
f 718/693/597 672/637/550 671/636/549
f 718/693/597 719/694/598 98/638/551
f 718/693/597 98/638/551 672/637/550
f 721/1466/764 98/638/551 720/695/599
f 720/1467/599 722/805/680 721/910/764
f 819/1468/1123 746/718/620 749/751/644 750/721/623
f 805/803/678 724/696/600 723/697/601
f 724/696/600 725/642/554 674/641/553
f 806/699/603 675/698/602 725/642/554
f 727/701/605 679/907/763 726/646/558
f 726/646/558 92/700/604 727/701/605
f 680/648/560 92/700/604 13/15/15
f 729/703/607 730/704/608 682/650/562
f 682/650/562 731/705/609 732/706/610
f 732/706/610 733/1469/1124 734/13/13
f 683/564/481 735/1470/612 182/651/563
f 735/710/612 773/1471/1125 39/97/97
f 39/97/97 773/1471/1125 826/1339/702
f 826/1339/702 773/1471/1125 736/1472/1126
f 737/1473/1127 736/1472/1126 738/1474/613
f 739/713/615 737/1475/1127 738/711/613
f 741/746/641 742/828/697 740/712/614
f 743/748/643 215/715/617 741/746/641
f 215/715/617 743/748/643 745/716/618
f 746/718/620 747/824/693 745/716/618
f 777/747/642 740/712/614 738/711/613 776/776/660
f 749/751/644 752/719/621 750/721/623
f 751/724/622 752/1476/621 753/752/645
f 753/752/645 754/722/624 751/724/622
f 754/722/624 755/725/626 810/723/625
f 755/725/626 236/133/130 756/726/627
f 756/1477/627 758/727/628 757/678/584
f 758/727/628 756/1477/627 235/1478/1097
f 759/728/629 709/682/588 708/809/682
f 759/728/629 710/730/590 709/682/588
f 710/730/590 664/685/540 709/682/588
f 760/1463/630 761/1479/648 65/732/632
f 65/732/632 711/687/591 760/1463/630
f 761/1479/648 713/731/631 65/732/632
f 713/731/631 781/1480/649 762/733/633
f 713/731/631 762/733/633 712/689/593
f 762/733/633 763/734/634 714/690/594
f 763/762/634 716/735/635 715/1464/89
f 764/740/637 766/743/639 37/741/90
f 766/765/639 767/764/652 768/1481/1128
f 768/1481/1128 178/91/91 766/765/639
f 768/1481/1128 784/768/654 769/1482/677
f 769/1482/677 784/768/654 770/1483/1129
f 730/1484/608 785/769/655 731/771/609
f 772/707/611 735/1485/612 683/708/481
f 772/707/611 773/1486/1125 735/1485/612
f 774/1487/657 736/1472/1126 773/1471/1125
f 736/1472/1126 774/1487/657 775/1488/659
f 775/1488/659 738/1474/613 736/1472/1126
f 773/1486/1125 786/1489/1130 787/774/658 774/773/657
f 741/746/641 789/778/662 743/748/643
f 748/717/619 745/716/618 743/748/643
f 748/717/619 749/751/644 746/718/620
f 752/1476/621 749/1490/644 792/781/665
f 792/781/665 753/752/645 752/1476/621
f 55/135/132 779/754/647 235/1349/1097
f 761/755/648 780/753/646 713/759/631
f 783/763/651 179/739/636 716/735/635
f 783/763/651 764/740/637 179/739/636
f 764/740/637 783/763/651 791/779/663
f 784/768/654 768/1481/1128 767/764/652
f 770/1483/1129 784/768/654 785/769/655
f 733/1491/1124 732/772/610 771/745/640
f 771/745/640 734/744/13 733/1491/1124
f 771/745/640 786/1489/1130 772/707/611
f 786/1489/1130 773/1486/1125 772/707/611
f 803/795/675 798/786/670 796/783/667 795/770/656
f 775/1488/659 776/791/660 738/1474/613
f 777/747/642 788/777/661 789/778/662
f 789/778/662 741/746/641 777/747/642
f 76/4/4 801/794/674 790/5/5
f 790/5/5 764/740/637 791/779/663
f 791/779/663 793/780/664 792/781/665
f 793/780/664 791/779/663 783/763/651
f 781/758/649 780/753/646 55/135/132
f 782/761/650 762/760/633 781/758/649
f 793/780/664 778/134/131 753/752/645
f 7/6/6 792/781/665 749/1490/644
f 790/5/5 767/1492/652 765/742/638
f 790/5/5 794/793/653 767/1492/652
f 784/768/654 112/782/666 785/769/655
f 796/783/667 732/772/610 795/770/656
f 786/1489/1130 771/745/640 797/784/668
f 797/784/668 787/774/658 786/1489/1130
f 800/790/672 802/1493/673 801/798/674
f 802/1494/673 112/782/666 794/767/653
f 802/1494/673 800/796/672 803/795/675 112/782/666
f 796/783/667 797/784/668 771/745/640
f 779/756/647 760/729/630 758/727/628 235/1478/1097
f 801/798/674 789/800/662 788/797/661
f 776/791/660 775/1488/659 221/1495/669
f 775/775/659 787/774/658 221/785/669
f 703/1496/582 756/1477/627 757/678/584 704/810/683
f 785/769/655 730/1484/608 770/1483/1129
f 730/704/608 729/703/607 770/1497/1129
f 804/801/676 768/1498/1128 769/802/677
f 770/1497/1129 729/703/607 769/802/677
f 722/805/680 804/801/676 729/703/607
f 729/703/607 728/702/606 722/805/680
f 728/702/606 682/650/562 805/803/678
f 805/803/678 682/650/562 681/649/561
f 681/649/561 806/699/603 805/803/678
f 806/699/603 681/649/561 92/700/604
f 721/910/764 722/805/680 728/702/606
f 722/805/680 720/1467/599 807/804/679
f 178/807/91 768/1498/1128 804/801/676
f 178/807/91 14/806/681 100/1499/92
f 717/692/596 14/911/681 807/808/679
f 807/808/679 719/694/598 717/692/596
f 111/24/24 750/721/623 751/720/622 110/25/25
f 755/725/626 703/676/582 808/811/684
f 811/816/688 110/813/25 810/723/625
f 810/723/625 812/814/686 811/816/688
f 812/814/686 810/723/625 809/812/685
f 809/812/685 176/818/690 812/814/686
f 808/811/684 702/675/581 814/817/689
f 817/23/23 110/25/25 811/823/688
f 817/23/23 818/852/717 111/24/24
f 111/24/24 819/1468/1123 750/721/623
f 44/855/720 823/905/762 820/827/696 822/826/695
f 820/827/696 215/715/617 744/714/616
f 688/656/567 687/655/566 829/1500/742 830/838/706
f 823/905/762 215/715/617 820/827/696
f 823/905/762 742/828/697 741/746/641
f 823/905/762 741/746/641 215/715/617
f 823/905/762 195/873/738 742/828/697
f 739/713/615 740/712/614 824/829/698
f 825/830/699 737/1475/1127 739/713/615
f 737/1475/1127 826/1501/702 736/1502/1126
f 185/834/701 828/1503/1131 684/835/703
f 828/1503/1131 686/836/704 684/835/703
f 686/877/704 828/1504/1131 862/889/750
f 686/877/704 687/878/566 685/1505/564
f 146/853/718 818/852/717 840/851/716 842/863/728
f 830/838/706 689/657/568 688/656/567
f 831/837/705 832/1506/707 691/661/570
f 833/1507/708 834/1508/1132 202/102/102
f 834/1508/1132 835/883/744 836/844/709
f 834/1508/1132 836/844/709 202/102/102
f 836/844/709 83/847/712 203/104/104
f 841/850/715 86/1336/1092 839/849/714
f 839/849/714 840/851/716 841/850/715
f 841/850/715 817/23/23 696/672/578
f 696/672/578 695/671/577 841/850/715
f 850/865/730 854/867/732 853/868/733 851/866/731
f 146/853/718 746/718/620 819/1468/1123
f 747/824/693 820/827/696 744/714/616
f 820/827/696 747/824/693 843/864/729
f 843/864/729 821/825/694 820/827/696
f 845/856/721 846/870/735 844/857/722
f 44/855/720 852/854/719 845/856/721
f 194/858/723 848/860/725 847/859/724
f 838/848/713 849/862/727 839/849/714
f 843/864/729 747/824/693 146/853/718
f 851/866/731 852/854/719 821/825/694
f 852/854/719 822/826/695 821/825/694
f 852/854/719 853/868/733 194/858/723
f 852/854/719 851/866/731 853/868/733
f 193/861/726 853/868/733 849/862/727 838/848/713
f 850/865/730 843/864/729 842/863/728
f 854/867/732 842/863/728 849/862/727
f 848/860/725 837/845/710 83/847/712 847/859/724
f 838/848/713 837/845/710 193/861/726
f 193/861/726 194/858/723 853/868/733
f 848/860/725 194/858/723 193/861/726
f 847/859/724 84/869/734 855/871/736 845/856/721
f 737/1475/1127 825/830/699 827/1509/700 826/1501/702
f 858/875/740 742/828/697 857/874/739
f 858/875/740 859/886/747 825/830/699
f 825/830/699 859/886/747 860/1510/758
f 860/1510/758 827/1509/700 825/830/699
f 868/884/745 856/872/737 846/870/735 867/882/743
f 827/831/700 861/888/749 185/832/701
f 185/832/701 862/889/750 828/1504/1131
f 862/889/750 185/832/701 861/888/749
f 862/889/750 863/876/741 686/877/704
f 833/841/708 832/840/707 831/881/705
f 833/841/708 831/881/705 865/46/46
f 865/46/46 834/1511/1132 833/841/708
f 865/46/46 866/1512/755 834/1511/1132
f 866/894/755 835/883/744 834/1508/1132
f 866/894/755 867/882/743 835/883/744
f 836/844/709 84/869/734 83/847/712
f 58/929/776 694/928/575 642/604/519 641/603/518
f 856/872/737 844/857/722 846/870/735
f 869/885/746 858/875/740 857/874/739
f 870/887/748 827/831/700 860/899/758
f 870/887/748 871/901/759 872/890/751
f 870/887/748 872/890/751 862/889/750
f 871/901/759 873/891/752 872/890/751
f 872/890/751 873/891/752 863/876/741
f 873/891/752 875/45/45 864/47/47
f 874/904/761 875/45/45 873/891/752
f 876/892/753 866/1512/755 865/46/46
f 876/1513/753 877/893/754 866/894/755
f 868/884/745 878/895/756 869/885/746
f 879/903/760 877/902/754 876/892/753
f 874/904/761 871/901/759 878/900/756
f 871/901/759 874/904/761 873/891/752
f 870/887/748 94/897/757 871/901/759
f 879/903/760 876/892/753 875/45/45
f 94/897/757 869/896/746 878/900/756
f 83/847/712 5/846/711 199/105/105
f 819/1468/1123 111/24/24 146/853/718
f 726/646/558 677/1457/1122 675/698/602
f 669/1514/88 670/635/548 595/634/547
f 880/915/767 881/916/583 705/680/586
f 881/916/583 703/1496/582 704/810/683
f 883/920/769 701/922/770 702/921/581
f 884/924/772 698/674/580 700/1460/771
f 884/924/772 650/1515/526 697/670/576
f 697/670/576 885/1449/528 695/671/577
f 886/11/11 86/1336/1092 695/671/577
f 52/126/123 226/664/571 889/927/775
f 224/124/121 214/925/773 82/578/493
f 214/925/773 52/126/123 888/932/779
f 888/932/779 52/126/123 889/927/775
f 226/664/571 58/929/776 890/926/774
f 58/929/776 226/664/571 692/666/572
f 59/587/502 1/585/500 640/930/777 895/1516/1133
f 227/941/788 624/588/503 228/938/785 53/939/786
f 889/927/775 890/926/774 196/584/499
f 888/932/779 891/931/778 198/933/780
f 214/925/773 198/933/780 10/935/782
f 198/933/780 892/934/781 10/935/782
f 892/934/781 621/580/495 10/935/782
f 892/934/781 198/933/780 197/1517/1134
f 197/1517/1134 622/582/497 892/934/781
f 198/933/780 891/931/778 197/1517/1134
f 197/1517/1134 891/931/778 196/584/499
f 196/584/499 891/931/778 889/927/775
f 890/926/774 1/585/500 196/584/499
f 197/1517/1134 196/584/499 622/582/497
f 59/587/502 895/1516/1133 620/583/498
f 620/583/498 895/1516/1133 894/936/783
f 894/936/783 895/1516/1133 637/600/515
f 640/930/777 637/600/515 895/1516/1133
f 53/939/786 637/600/515 634/602/517
f 632/598/513 230/596/511 625/591/506 227/941/788
f 646/610/523 887/12/12 886/11/11 647/611/524
f 230/596/511 632/598/513 631/597/512
f 893/937/784 624/588/503 213/1331/1087
f 640/930/777 641/603/518 639/32/32
f 649/614/527 650/613/526 884/1518/772 651/942/789
f 695/671/577 885/1449/528 647/611/524 886/11/11
f 883/920/769 655/616/529 653/618/531
f 655/943/529 880/915/767 654/1452/530
f 880/915/767 658/944/790 656/1451/532
f 651/942/789 884/1518/772 700/923/771
f 650/1515/526 885/1449/528 697/670/576
f 175/1519/84 657/1453/533 658/944/790 580/1454/462
f 11/668/574 199/105/105 5/846/711
f 48/111/111 612/1440/1118 690/112/112
f 612/1440/1118 145/572/487 689/657/568
f 145/572/487 612/1440/1118 608/1097/906
f 678/645/557 600/647/559 599/1426/1114
f 678/645/557 599/1426/1114 676/946/792
f 676/946/792 599/1426/1114 598/945/791
f 676/946/792 677/1457/1122 678/645/557
f 662/947/535 502/456/391 586/950/793
f 586/950/793 170/949/81 662/947/535
f 122/33/33 564/955/796 563/529/451 16/34/34
f 654/617/530 579/952/794 577/953/795
f 573/537/458 652/1435/1117 653/618/531
f 652/1435/1117 573/537/458 571/534/455
f 652/1435/1117 649/614/527 651/942/789
f 648/1450/1121 649/614/527 569/958/797
f 567/1433/525 648/1450/1121 569/958/797
f 645/609/522 567/612/525 564/957/796
f 634/602/517 636/601/516 897/1003/836 635/961/800
f 564/955/796 566/1520/453 563/529/451
f 649/614/527 652/1435/1117 570/536/457
f 573/537/458 577/953/795 574/538/459
f 657/620/533 578/540/461 579/952/794
f 657/620/533 175/84/84 578/540/461
f 896/1002/835 636/601/516 638/940/787
f 631/597/512 633/599/514 901/1004/837 630/595/510
f 635/961/800 633/599/514 634/602/517
f 633/599/514 898/960/799 899/1001/834
f 633/599/514 900/999/832 901/1004/837
f 903/1521/838 134/51/51 132/49/49 902/1005/830
f 133/965/804 907/964/803 906/1008/840 627/593/508
f 134/51/51 903/1522/838 904/52/52
f 135/963/802 907/964/803 21/50/50
f 940/1523/1135 910/967/806 909/115/115 908/966/805
f 133/965/804 627/593/508 628/48/48
f 627/593/508 908/966/805 626/589/504
f 908/966/805 212/114/114 626/589/504
f 206/107/107 45/106/106 911/973/810 912/1031/856
f 909/115/115 205/968/807 49/116/116
f 480/422/362 479/354/314 927/1432/1116 929/1013/844
f 45/106/106 910/970/806 911/973/810
f 910/970/806 913/971/808 911/973/810
f 940/1523/1135 914/974/811 913/976/808
f 916/977/813 915/975/812 906/1008/840
f 923/984/820 924/1010/841 925/986/822
f 926/1011/842 947/1524/821 925/1525/822
f 927/1432/1116 928/1526/870 926/1011/842
f 926/1011/842 929/1013/844 927/1432/1116
f 636/601/516 896/1002/835 560/1139/935 897/1003/836
f 480/422/362 929/1013/844 930/1014/845
f 931/988/824 481/423/363 930/1014/845
f 932/987/823 482/424/364 481/423/363
f 933/989/825 942/1015/846 541/510/434
f 942/1015/846 934/1527/826 541/510/434
f 128/512/436 935/1528/1136 543/514/437
f 128/512/436 543/514/437 486/428/368
f 935/1528/1136 545/1026/852 543/514/437
f 937/993/828 552/520/443 551/994/829
f 557/525/447 900/999/832 558/527/449
f 903/1522/838 127/1027/40 939/1007/839 904/52/52
f 896/1002/835 561/528/450 560/1139/935
f 900/999/832 633/599/514 899/1001/834
f 900/999/832 938/998/831 132/49/49
f 132/49/49 630/595/510 901/1004/837
f 902/995/830 552/520/443 903/1006/838
f 46/110/110 207/109/109 223/1034/859 51/1348/1096
f 905/962/801 939/1007/839 920/981/817
f 918/978/814 916/977/813 135/963/802
f 916/977/813 906/1008/840 907/964/803
f 914/974/811 940/1523/1135 627/593/508
f 940/1523/1135 908/966/805 627/593/508
f 913/976/808 910/967/806 940/1523/1135
f 914/974/811 906/1008/840 915/975/812
f 941/1012/843 925/1525/822 924/1024/841
f 926/1011/842 925/1525/822 941/1012/843
f 931/988/824 929/1013/844 926/1011/842
f 941/1012/843 932/987/823 931/988/824
f 941/1012/843 933/989/825 932/987/823
f 934/990/826 943/1016/847 944/1020/850
f 944/1020/850 128/512/436 934/990/826
f 128/512/436 545/1026/852 935/1528/1136
f 547/516/439 545/1026/852 19/1018/848
f 936/992/827 937/993/828 549/517/440
f 937/993/828 945/1019/849 125/41/41
f 945/1019/849 18/38/38 125/41/41
f 944/1020/850 943/1016/847 18/38/38
f 943/1021/847 942/1015/846 946/1022/851
f 946/1022/851 942/1015/846 924/1024/841
f 942/1015/846 941/1012/843 924/1024/841
f 19/1018/848 128/512/436 945/1019/849
f 945/1019/849 936/992/827 19/1018/848
f 540/1418/1109 928/1526/870 927/1432/1116
f 928/1526/870 540/1418/1109 109/1048/868
f 947/1524/821 926/1011/842 928/1526/870
f 947/985/821 965/1050/869 949/1055/873
f 949/1055/873 923/984/820 947/985/821
f 949/1055/873 921/982/818 923/984/820
f 921/982/818 949/1055/873 966/1054/872
f 919/980/816 920/981/817 921/982/818
f 950/1028/853 968/1057/875 917/979/815
f 915/975/812 916/977/813 917/979/815
f 951/1029/854 952/1030/855 915/975/812
f 952/1529/855 953/972/809 913/971/808
f 912/1031/856 131/1530/1137 206/107/107
f 206/107/107 131/1530/1137 47/108/108
f 977/1067/884 159/70/70 976/1531/1138 971/1061/879
f 207/109/109 954/36/36 223/1034/859
f 958/1532/425 994/1092/900 959/1037/862
f 158/72/72 160/71/71 124/1038/426
f 960/1041/863 161/1042/864 535/501/427
f 474/506/430 962/1064/882 963/1045/866
f 474/506/430 963/1045/866 538/1047/357
f 478/418/360 109/1048/868 540/1418/1109
f 965/1050/869 947/985/821 928/1051/870
f 948/1053/871 949/1055/873 965/1050/869
f 966/1054/872 967/1056/874 921/982/818
f 921/982/818 967/1056/874 950/1028/853
f 970/1059/877 952/1030/855 951/1029/854
f 970/1533/877 971/1061/879 952/1529/855
f 971/1061/879 953/972/809 952/1529/855
f 912/1031/856 953/972/809 972/1060/878
f 912/1031/856 972/1060/878 973/1062/880
f 973/1062/880 131/1530/1137 912/1031/856
f 131/1530/1137 973/1062/880 130/1032/857
f 130/1032/857 47/108/108 131/1530/1137
f 975/1063/881 973/1062/880 972/1060/878
f 975/1063/881 972/1060/878 976/1531/1138
f 976/1531/1138 979/1071/885 975/1063/881
f 976/1531/1138 159/70/70 979/1071/885
f 982/1075/889 981/1072/886 532/494/421 129/496/423
f 977/1067/884 978/1066/883 159/70/70
f 978/1066/883 961/1070/865 161/1042/864
f 961/1043/865 968/1057/875 962/1064/882
f 961/1043/865 962/1064/882 474/506/430
f 968/1057/875 967/1056/874 962/1064/882
f 963/1045/866 966/1054/872 948/1053/871
f 968/1057/875 961/1043/865 969/1058/876
f 969/1068/876 977/1067/884 970/1533/877
f 970/1533/877 977/1067/884 971/1061/879
f 971/1061/879 976/1531/1138 972/1060/878
f 159/70/70 161/1042/864 960/1041/863
f 158/72/72 959/1037/862 979/1071/885
f 975/1063/881 123/35/35 974/37/37
f 123/35/35 955/1033/858 954/36/36
f 954/36/36 207/109/109 130/1032/857
f 958/498/425 980/1073/887 994/1089/900
f 982/1075/889 984/1077/891 985/1084/892 6/1074/888
f 531/493/420 983/1076/890 982/1075/889
f 531/493/420 982/1075/889 129/496/423
f 531/493/420 469/491/418 983/1076/890
f 990/1087/898 994/1089/900 992/1090/901 991/1332/1088
f 983/1076/890 469/491/418 984/1077/891
f 984/1078/891 530/489/417 526/485/413
f 530/489/417 984/1078/891 469/490/418
f 530/489/417 529/487/415 527/486/414
f 985/1084/892 524/1080/411 986/1082/894
f 75/1088/899 987/1083/895 988/7/7
f 988/7/7 989/1085/896 1011/1086/897
f 990/1087/898 991/1332/1088 77/8/8
f 992/1090/901 993/9/9 991/1332/1088
f 993/9/9 992/1090/901 980/1073/887
f 980/1073/887 6/1074/888 993/9/9
f 993/9/9 6/1074/888 75/1088/899
f 521/479/409 1002/1534/1139 1003/1535/1140 78/1333/1089
f 956/1036/861 70/1093/902 223/1034/859
f 223/1034/859 955/1033/858 956/1036/861
f 223/1034/859 70/1093/902 614/1095/904
f 614/1095/904 222/576/491 223/1034/859
f 614/1095/904 71/1094/903 613/1441/1119
f 71/1094/903 611/1112/917 613/1441/1119
f 610/1114/918 996/1096/905 608/1097/906
f 996/1115/905 997/1116/919 606/1100/483
f 181/1123/924 1002/1534/1139 1000/1103/910
f 520/478/408 1001/1104/93 1000/1103/910 521/479/409
f 1003/1535/1140 1002/1534/1139 181/1123/924
f 1003/1535/1140 69/1105/911 78/1333/1089
f 69/1105/911 1004/1107/913 78/1333/1089
f 1004/1107/913 1006/1106/912 1005/1122/923
f 1007/1121/922 986/1082/894 1005/1122/923
f 1005/1122/923 1006/1106/912 1007/1121/922
f 1007/1121/922 1008/1118/921 1009/1110/916
f 1009/1110/916 1010/1109/915 989/1085/896
f 1010/1109/915 71/1119/903 1011/1086/897
f 1010/1111/915 995/1113/914 611/1112/917
f 995/1113/914 996/1096/905 610/1114/918
f 1008/1118/921 997/1116/919 996/1115/905
f 998/1098/907 68/1117/920 67/1124/925
f 998/1098/907 67/1124/925 180/1536/1141
f 180/1536/1141 999/1101/909 998/1098/907
f 67/1124/925 181/1123/924 180/1536/1141
f 68/1117/920 998/1098/907 997/1116/919
f 1006/1106/912 997/1116/919 1008/1118/921
f 1008/1118/921 1007/1121/922 1006/1106/912
f 1011/1086/897 989/1085/896 1010/1109/915
f 1005/1122/923 8/1081/893 1004/1107/913
f 521/479/409 1000/1103/910 1002/1534/1139
f 180/1536/1141 181/1123/924 1000/1103/910 999/1101/909
f 1001/93/93 97/18/18 96/19/19
f 1001/1104/93 520/478/408 519/1429/1112
f 1003/1535/1140 181/1123/924 69/1105/911
f 210/122/119 50/1447/1120 211/590/505 49/116/116
f 524/1080/411 79/480/410 8/1081/893
f 634/602/517 633/599/514 53/939/786
f 629/594/509 628/48/48 230/596/511
f 625/591/506 230/596/511 229/592/507
f 563/533/451 565/532/454 1019/1226/1002 562/1537/452
f 2/586/501 622/582/497 196/584/499
f 619/659/569 618/1446/1090 208/113/113
f 617/575/490 615/1444/488 222/576/491
f 585/550/469 500/451/387 1012/545/465
f 1012/545/465 584/549/468 585/550/469
f 1013/1193/982 583/546/466 1012/545/465
f 1013/1193/982 4/1196/985 583/546/466
f 1015/1128/927 36/1131/85 581/542/463
f 1015/1128/927 1016/1198/987 172/1130/929
f 1017/539/460 1052/1173/967 578/540/461
f 576/959/798 578/540/461 216/1538/1142
f 576/959/798 575/1134/931 574/538/459
f 575/1134/931 576/959/798 1051/1171/965
f 575/1134/931 571/534/455 574/538/459
f 570/536/457 572/535/456 1018/1223/962
f 561/528/450 562/530/452 1020/1137/933 560/1139/935
f 546/515/438 548/518/441 1026/1145/941 1027/1146/942
f 1022/1140/936 1148/1539/1143 43/526/448
f 43/526/448 558/527/449 1022/1140/936
f 555/523/446 556/522/445 43/1540/448
f 1048/1164/959 1045/1161/956 1047/1163/958 1087/1245/1019
f 1027/1146/942 544/1427/1115 545/1026/852
f 544/1427/1115 1027/1146/942 1028/1229/1005
f 1028/1229/1005 168/1147/943 544/1427/1115
f 1030/1151/947 1063/77/77 1029/1149/945
f 1034/1155/950 1033/1180/973 1103/1153/948
f 1036/1158/953 1035/1154/949 1037/1241/1017
f 1039/1156/951 1040/1160/955 1038/1157/952
f 1040/1160/955 1041/1159/954 1042/1242/971
f 1042/1242/971 1043/1243/1018 1044/1541/970
f 1046/1162/957 1045/1161/956 1057/1165/960
f 1051/1171/965 1049/1170/963 1050/1222/964 575/1134/931
f 218/1166/961 1056/1175/968 1048/1164/959
f 1049/1168/963 1055/1176/969 218/1166/961
f 1077/1214/997 1054/1542/1144 1052/1173/967 1053/1199/988
f 1052/1173/967 1051/1171/965 216/1538/1142
f 216/1538/1142 578/540/461 1052/1173/967
f 1064/79/79 490/1543/371 489/1183/975 1065/1185/976
f 1054/1542/1144 217/1172/966 1052/1173/967
f 1054/1542/1144 1058/1544/1095 217/1172/966
f 1056/1175/968 218/1166/961 1055/1176/969
f 1057/1165/960 1048/1164/959 1056/1175/968
f 1057/1165/960 1044/1177/970 1046/1162/957
f 1058/1545/1095 1038/1157/952 1040/1160/955
f 1038/1157/952 1035/1154/949 1036/1158/953
f 1035/1154/949 1038/1157/952 1059/1221/996
f 1060/1218/999 1034/1155/950 1035/1154/949
f 1033/1180/973 1032/1152/60 1031/1150/946
f 1064/79/79 1065/1185/976 169/3/3
f 1065/1185/976 60/1/1 169/3/3
f 1065/1185/976 487/432/370 60/1/1
f 493/1423/1111 492/436/374 1063/1546/77 1062/1204/974
f 490/433/371 1063/1546/77 492/436/374
f 1076/1212/930 1053/1199/988 1017/539/460 173/86/86
f 493/1423/1111 1062/1204/974 1066/439/377
f 1066/439/377 147/1186/59 494/1188/977
f 494/1547/977 26/61/61 496/444/380
f 496/444/380 495/443/378 494/1547/977
f 1071/1191/980 1072/1192/981 500/451/387
f 1071/1191/980 1013/1193/982 1072/1192/981
f 1074/1195/984 1014/1129/928 4/1196/985
f 1074/1195/984 1015/1128/927 1014/1129/928
f 1075/1197/986 1081/1207/992 1078/1220/1000
f 1075/1197/986 1078/1220/1000 1016/1198/987
f 1016/1198/987 1078/1220/1000 1076/1132/930
f 1076/1132/930 172/1130/929 1016/1198/987
f 1080/1208/993 26/61/61 148/1203/990 1079/1206/991
f 1077/1548/997 1059/1221/996 1058/1545/1095
f 1058/1544/1095 1054/1542/1144 1077/1214/997
f 1058/1545/1095 1059/1221/996 1038/1157/952
f 1059/1221/996 1060/1218/999 1035/1154/949
f 1060/1218/999 1083/1217/989 1034/1155/950
f 1034/1155/950 1061/1179/972 1033/1180/973
f 147/1186/59 1066/439/377 1062/1204/974
f 1061/1201/972 1078/1220/1000 148/1203/990
f 1080/1208/993 1082/1209/994 1067/1189/978 496/444/380
f 1078/1220/1000 1081/1207/992 1079/1206/991 148/1203/990
f 1068/1190/979 1082/1209/994 1071/1191/980
f 1070/450/386 1069/448/384 1068/1190/979
f 1082/1209/994 1073/1194/983 1013/1193/982
f 1073/1194/983 1082/1209/994 1075/1197/986
f 56/1148/944 1028/1229/1005 1027/1146/942 1026/1145/941
f 1083/1200/989 1076/1132/930 1078/1220/1000
f 1084/1211/995 1077/1214/997 1053/1199/988
f 1084/1549/995 1085/1219/998 1059/1221/996
f 490/1543/371 1064/79/79 1063/77/77
f 1051/1171/965 576/959/798 216/1538/1142
f 575/1134/931 1050/1222/964 572/535/456
f 1018/1167/962 1086/1224/1001 570/1225/457
f 1086/1224/1001 1019/1226/1002 568/1136/932
f 1019/1226/1002 1086/1224/1001 1087/1245/1019
f 1087/1245/1019 562/1537/452 1019/1226/1002
f 1087/1245/1019 1020/1244/933 562/1537/452
f 1020/1244/933 1088/1550/1145 1021/1551/934
f 1021/1138/934 12/1552/1020 1022/1140/936
f 1022/1140/936 12/1552/1020 1148/1539/1143
f 43/1540/448 1148/1553/1143 1089/1227/1003
f 1089/1227/1003 555/523/446 43/1540/448
f 1024/1142/938 1090/1228/1004 550/1143/939
f 1026/1145/941 1025/1144/940 1093/1230/1006
f 1099/1237/1013 1098/1236/1012 1104/1248/1021 1043/1243/1018
f 56/1148/944 1026/1145/941 1092/1554/1146
f 1026/1145/941 1093/1230/1006 1092/1554/1146
f 1093/1230/1006 1090/1228/1004 1100/1238/1014
f 1090/1228/1004 1024/1142/938 1095/1231/1007
f 1095/1231/1007 1023/1141/937 1096/1233/1009
f 192/1234/1010 1089/1227/1003 1148/1553/1143
f 1094/1232/1008 1099/1237/1013 1090/1228/1004
f 1100/1238/1014 1092/1554/1146 1093/1230/1006
f 1092/1554/1146 1100/1238/1014 1101/1555/1147
f 1101/1555/1147 1102/1240/1016 1092/1554/1146
f 1102/1240/1016 56/1148/944 1092/1554/1146
f 1102/1240/1016 1091/1239/1015 56/1148/944
f 1091/1239/1015 1029/1149/945 56/1148/944
f 1029/1149/945 1103/1153/948 1031/1150/946
f 1101/1555/1147 1036/1158/953 1037/1241/1017
f 1101/1555/1147 1039/1156/951 1036/1158/953
f 1039/1156/951 1101/1555/1147 1100/1238/1014
f 1104/1248/1021 1044/1541/970 1043/1243/1018
f 1046/1162/957 1044/1177/970 1104/1556/1021
f 1104/1556/1021 1097/1246/1011 1046/1162/957
f 1046/1162/957 1088/1550/1145 1047/1163/958
f 1088/1550/1145 1020/1244/933 1047/1163/958
f 1048/1164/959 1087/1245/1019 1086/1224/1001
f 12/1557/1020 192/1234/1010 1148/1558/1143
f 12/1557/1020 1097/1235/1011 192/1234/1010
f 12/1247/1020 1021/1551/934 1088/1550/1145 1046/1162/957
f 1099/1237/1013 1094/1232/1008 1098/1236/1012
f 1041/1159/954 1100/1238/1014 1099/1237/1013
f 1037/1241/1017 1102/1240/1016 1101/1555/1147
f 464/1409/1108 463/399/345 527/486/414 465/1251/1022
f 1055/1176/969 1049/1168/963 217/1343/966
f 584/549/468 35/548/82 170/1559/81
f 78/1333/1089 8/1081/893 79/480/410 521/479/409
f 525/483/412 463/399/345 462/398/344
f 462/398/344 523/1254/1023 525/483/412
f 523/1254/1023 462/398/344 461/1252/343
f 143/1428/57 520/478/408 522/481/342
f 143/57/57 460/393/294 516/58/58
f 117/30/30 119/29/29 419/401/347
f 1107/1258/1026 63/1293/1059 492/436/374 493/1423/1111
f 599/1426/1114 516/58/58 598/945/791
f 441/1420/1110 1105/1256/1024 498/441/379
f 1107/1258/1026 1066/439/377 497/438/376
f 1134/1284/1050 1109/1262/1028 151/1279/1045 1132/1282/1048
f 491/434/372 62/437/375 1111/1286/1052
f 491/434/372 1110/1285/1051 487/1259/370
f 487/1259/370 1108/1260/1027 219/1261/117
f 27/64/64 1109/1262/1028 1134/1284/1050
f 1134/1284/1050 150/62/62 27/64/64
f 1109/1262/1028 1108/1260/1027 1110/1285/1051
f 1112/1278/1044 151/1279/1045 1111/1286/1052
f 1111/1286/1052 62/437/375 1112/1278/1044
f 1113/1265/1031 1115/1275/1041 1112/1278/1044
f 1112/1278/1044 3/1296/1062 1114/1295/1061
f 1112/1278/1044 1114/1295/1061 1113/1265/1031
f 1116/1264/1030 1138/1263/1029 1117/1267/1033
f 1117/1267/1033 1123/1266/1032 1116/1264/1030
f 1120/1270/1036 1121/1287/1053 1119/1269/1035
f 1121/1287/1053 436/1271/1037 1122/1273/1039
f 436/1271/1037 1121/1287/1053 384/371/324
f 436/1271/1037 41/370/323 1130/1272/1038
f 1122/1273/1039 1119/1269/1035 1121/1287/1053
f 1125/1276/1042 1132/1282/1048 28/1277/1043
f 1125/1276/1042 1124/1274/1040 1126/1280/1046
f 1128/1281/1047 1119/1269/1035 1129/363/320
f 1122/1273/1039 1130/1272/1038 1129/363/320
f 1127/361/319 432/278/255 1126/1280/1046
f 1105/1560/1024 1137/1299/1065 1106/1257/1025 497/438/376
f 1109/1262/1028 1110/1285/1051 151/1279/1045
f 1133/1283/1049 1132/1282/1048 1131/360/318
f 150/62/62 1134/1284/1050 1133/1283/1049
f 1133/1283/1049 372/359/317 150/62/62
f 1132/1282/1048 151/1279/1045 28/1277/1043
f 1121/1287/1053 1120/1270/1036 437/374/325
f 1135/1288/1054 1136/1291/1057 438/1289/1055
f 1136/1291/1057 386/1290/1056 438/1289/1055
f 1105/1560/1024 439/1292/1058 1137/1299/1065
f 90/1561/1148 91/1298/1064 1138/1263/1029 1141/1294/1060
f 1106/1257/1025 3/1296/1062 63/1293/1059
f 1118/1268/1034 1140/1300/1066 1120/1270/1036
f 1140/1300/1066 1135/1288/1054 1120/1270/1036
f 1135/1288/1054 1140/1300/1066 91/1298/1064
f 91/1298/1064 1136/1291/1057 1135/1288/1054
f 1137/1299/1065 439/1292/1058 1136/1291/1057
f 1141/1294/1060 1138/1263/1029 1114/1295/1061
f 1139/1297/1063 1138/1263/1029 91/1298/1064
f 439/1410/1058 1105/1256/1024 441/1420/1110 440/1400/1107
f 90/1561/1148 1141/1294/1060 1137/1299/1065
f 1136/1291/1057 91/1298/1064 90/1561/1148
f 90/1561/1148 1137/1299/1065 1136/1291/1057
f 3/1296/1062 1112/1278/1044 62/437/375
f 1108/1260/1027 487/1259/370 1110/1285/1051
f 154/66/66 534/65/65 473/413/355 472/412/354
f 364/1390/75 363/271/248 365/1391/1105 33/1394/73
f 466/402/348 119/29/29 118/31/31
f 238/351/133 155/1562/67 156/348/69
f 104/21/21 316/1563/170 15/22/22
f 15/1388/22 316/175/170 315/212/201
f 155/250/67 238/136/133 349/251/233
f 349/251/233 238/136/133 57/138/135
f 346/246/232 347/334/303 311/204/196
f 418/332/301 344/244/230 416/331/300
f 414/1303/296 415/1564/298 416/1304/300
f 414/326/296 1142/1565/228 411/322/292
f 1144/1401/1079 405/319/289 406/318/288
f 1145/1308/1070 403/1323/1082 404/316/286
f 403/1566/1082 341/1385/1081 402/1310/338
f 1146/1309/1071 398/312/282 400/314/284
f 396/309/279 398/312/282 340/1311/1072
f 340/1311/1072 187/1314/1075 142/1312/1073
f 1147/1313/1074 339/1315/1076 187/1314/1075
f 186/1342/1094 142/1312/1073 187/1314/1075
f 1147/1313/1074 340/1311/1072 300/196/189
f 302/198/191 340/1311/1072 398/312/282
f 398/312/282 303/1317/1077 302/198/191
f 303/1317/1077 398/312/282 1146/1309/1071
f 402/1310/338 341/1385/1081 257/1318/1078
f 1145/1308/1070 405/319/289 341/1322/1081
f 342/1305/1068 411/322/292 1142/1565/228
f 1144/1319/1079 408/1306/291 1143/1307/1069
f 343/242/229 414/1303/296 344/243/230
f 396/309/279 142/1312/1073 141/310/280
f 165/268/247 374/1324/1083 378/283/260
f 164/1325/1084 373/281/258 374/1395/1083
f 164/1325/1084 364/75/75 166/74/74
f 362/1567/1085 350/269/235 364/1390/75
f 374/1324/1083 165/268/247 164/1327/1084
f 330/188/181 292/227/216 267/161/156
