# Blender 4.4.3
# www.blender.org
mtllib lod2.mtl
o Asteroid_2b_LOD2
v 0.264229 0.023642 0.947459
v 0.159597 -0.127285 0.945836
v 0.133159 -0.000217 0.894717
v 0.288437 -0.129586 0.935011
v -0.389089 0.140095 0.905270
v 0.121048 -0.067070 0.895481
v 0.302374 0.252113 0.827763
v 0.082533 -0.001901 0.868389
v -0.231444 0.184701 0.819190
v 0.363616 -0.048582 0.834666
v 0.605893 0.145614 0.811821
v -0.671901 -0.024384 0.807671
v -0.255972 0.302251 0.791856
v -0.529917 0.302871 0.776271
v 0.472085 0.328930 0.756119
v 0.528919 0.069473 0.775445
v -0.054048 0.346434 0.771125
v 0.079514 0.349589 0.726073
v -0.739055 0.148580 0.734248
v 0.443028 -0.151637 0.772897
v -0.234123 0.365761 0.768810
v 0.221221 0.298025 0.679803
v -0.089752 0.398839 0.726188
v 0.337762 -0.439340 0.705772
v -0.349364 0.417955 0.685570
v -0.350557 0.386425 0.717192
v 0.751821 -0.049062 0.709910
v -0.687038 -0.303352 0.690533
v 0.105992 -0.502285 0.688327
v 0.810760 0.236793 0.614952
v 0.486798 0.447061 0.601014
v -0.627140 -0.524750 0.583667
v -0.206650 -0.582066 0.622020
v 0.154311 0.491534 0.610220
v -0.606954 0.328585 0.602851
v -0.610644 0.369350 0.544158
v -0.515101 0.311813 0.568828
v 0.190294 0.583691 0.532391
v -0.527377 0.399769 0.532630
v 0.689818 -0.475195 0.481720
v 0.366360 -0.608024 0.497105
v -0.854037 0.269803 0.515136
v 0.238153 0.597452 0.456680
v -0.636594 0.443076 0.420171
v -0.889208 0.323013 0.414220
v -0.820982 -0.057423 0.467183
v -0.685661 0.384074 0.416284
v -0.888204 -0.429191 0.397915
v 0.483576 -0.437069 0.396490
v -0.649044 0.468507 0.390852
v -0.966495 0.147180 0.360821
v 0.951217 -0.338149 0.392000
v 0.083160 -0.547011 0.409065
v -0.712756 0.439157 0.352366
v -0.401442 -0.668225 0.346175
v -0.865114 0.404686 0.361659
v -0.184641 -0.767068 0.306624
v 0.660323 0.457249 0.320708
v -1.068567 0.019744 0.316131
v -0.880445 0.318565 0.313597
v -0.919078 0.242233 0.293230
v -0.787593 -0.493674 0.308251
v 0.756853 -0.527764 0.267717
v -0.574609 0.620008 0.266935
v 0.867064 0.475211 0.276373
v -0.972425 -0.347864 0.256772
v -0.433300 -0.683288 0.242578
v 0.375764 -0.689079 0.227250
v 0.064042 0.739070 0.228455
v 0.166510 -0.756085 0.200416
v -1.020400 0.231702 0.212876
v -0.207089 -0.702935 0.191790
v 0.272061 0.627059 0.187728
v -0.298645 -0.669026 0.157086
v -0.792405 0.548369 0.114307
v 0.594378 -0.654978 0.053950
v 0.070974 -0.801526 0.070551
v 0.099760 0.718941 0.072583
v 1.159619 0.030791 0.026407
v -0.795776 -0.588337 0.074585
v -0.148392 -0.702052 0.073376
v 0.439297 -0.699352 0.025972
v -0.637853 0.537930 -0.000480
v -0.879548 0.447219 -0.092168
v 0.982433 0.397212 -0.001146
v -0.992284 0.304982 -0.017960
v 1.109402 -0.239423 -0.020156
v -0.524205 0.728517 -0.004526
v 0.833569 -0.449057 -0.034671
v -0.109611 -0.777678 -0.034296
v 0.827448 0.510150 -0.109851
v -1.089018 0.226843 -0.071012
v 0.964178 -0.310237 -0.035533
v -0.513038 -0.651437 -0.064267
v 0.130299 -0.771532 -0.071714
v 1.154701 0.039723 -0.102089
v -0.892750 -0.069470 -0.075302
v 0.816501 -0.462476 -0.101740
v 0.707575 -0.637042 -0.134071
v 0.670501 0.548320 -0.114246
v 0.393299 -0.675946 -0.145274
v 0.943653 0.153428 -0.196901
v 0.877203 -0.309982 -0.156935
v 0.802889 -0.552579 -0.205562
v 0.204051 -0.737771 -0.136077
v 0.886947 0.253036 -0.209072
v -0.332934 0.747450 -0.212262
v 0.570559 0.602664 -0.190236
v 0.538443 0.687450 -0.214670
v 0.552994 -0.589159 -0.220233
v -0.635776 0.517663 -0.261691
v -0.474354 -0.623235 -0.255683
v -0.310155 0.688311 -0.258991
v -0.338688 0.669416 -0.287016
v 0.418069 0.671609 -0.275032
v -0.639615 -0.464691 -0.270141
v -0.587566 -0.487712 -0.257862
v -0.686128 -0.483066 -0.272998
v -0.012486 -0.523335 -0.281784
v -0.416818 0.689592 -0.317918
v -0.824822 0.383901 -0.361448
v 0.950202 -0.317505 -0.323518
v -0.543723 -0.488291 -0.322518
v 0.218097 -0.664454 -0.267919
v 0.822809 0.468365 -0.355426
v 0.884435 0.112724 -0.352061
v 1.028348 -0.142852 -0.320205
v -0.847560 -0.271404 -0.342059
v 0.371538 -0.619691 -0.364444
v -0.325527 0.651545 -0.395547
v -0.956320 -0.078782 -0.369092
v 0.547340 -0.141101 -0.398857
v 0.278997 0.663064 -0.401372
v -0.858234 0.339417 -0.397837
v -0.761350 -0.411265 -0.409438
v -0.483845 0.566594 -0.409415
v -0.709710 0.434100 -0.441711
v -0.819087 0.333067 -0.442012
v -0.710737 0.377904 -0.456459
v -0.756187 0.339462 -0.432715
v -0.658647 -0.460804 -0.444469
v 0.669569 0.505935 -0.496320
v -1.060030 0.048059 -0.433112
v -0.118332 0.570142 -0.512524
v -0.278770 0.576118 -0.485524
v -0.921434 0.195679 -0.479936
v -0.476913 -0.535979 -0.468732
v -0.666535 0.433118 -0.498858
v -0.917696 -0.054246 -0.518508
v -0.203253 0.272219 -0.556683
v 0.442274 -0.092440 -0.536577
v -0.602343 -0.351659 -0.501212
v -0.876506 -0.009477 -0.565512
v 0.381487 -0.165957 -0.506431
v -0.686150 0.351041 -0.565028
v 0.107460 -0.553131 -0.593695
v 0.198187 0.569426 -0.564575
v 0.246134 0.498331 -0.632731
v -0.121853 0.174637 -0.665159
v 0.655903 0.302828 -0.635517
v -0.369767 -0.479649 -0.675556
v -0.745493 -0.067074 -0.697675
v -0.501057 -0.188535 -0.732429
v 0.294681 -0.349096 -0.739158
v 0.290721 -0.117477 -0.801454
v 0.394821 0.186114 -0.831932
v 0.368928 -0.065572 -0.839138
v 0.271116 -0.139490 -0.813543
v -0.282324 -0.267692 -0.806195
v 0.447424 -0.021160 -0.857816
v 0.240193 -0.043098 -0.841496
v -0.266307 -0.098647 -0.866681
v -0.199208 -0.078110 -0.878452
v -0.192026 -0.130251 -0.888437
v 0.236977 -0.217791 -0.873478
v 0.072891 -0.164521 -0.922782
v 0.161577 -0.027949 -0.951231
v 0.299416 0.103895 0.913958
v 0.255451 0.133158 0.907574
v 0.198477 0.052509 0.949784
v 0.201483 -0.048759 0.964527
v 0.276913 -0.058251 0.950582
v 0.179519 -0.104091 0.954825
v 0.217871 -0.129521 0.949002
v 0.144594 -0.032105 0.907652
v -0.430232 0.085642 0.910082
v -0.325310 0.089741 0.911664
v -0.304197 0.157085 0.869840
v -0.333051 0.129098 0.898981
v -0.373903 0.185934 0.890556
v -0.037181 -0.001223 0.892284
v 0.010708 0.031937 0.888457
v 0.021677 0.064606 0.888363
v -0.051616 0.075383 0.877523
v 0.152045 -0.078918 0.937953
v 0.092178 -0.118769 0.914909
v 0.117504 -0.035229 0.884099
v 0.199437 0.212950 0.854484
v 0.207114 0.138952 0.905931
v 0.403652 0.237174 0.829127
v 0.083769 0.022183 0.875270
v 0.057761 0.009311 0.871372
v -0.215969 0.147129 0.856428
v -0.247793 0.212730 0.804845
v -0.272238 0.193921 0.824427
v 0.358315 0.019060 0.887920
v 0.380817 0.005741 0.809180
v -0.454046 -0.044088 0.803849
v -0.429086 -0.018963 0.860694
v 0.669958 0.182281 0.780446
v 0.650384 0.224963 0.781162
v 0.705229 0.167228 0.755634
v -0.623924 0.130168 0.834624
v -0.682987 0.072317 0.795846
v -0.658542 -0.090201 0.806533
v -0.615006 -0.020395 0.844007
v -0.169981 0.358585 0.761744
v -0.147778 0.331388 0.766402
v -0.485001 0.298652 0.737759
v 0.586365 0.287849 0.769160
v 0.519273 0.367703 0.710453
v 0.456167 0.379901 0.708412
v 0.527645 0.104704 0.811729
v 0.030568 0.280992 0.789199
v -0.110514 0.358784 0.759812
v 0.054501 0.394498 0.704147
v 0.102606 0.224035 0.833006
v 0.103411 0.363876 0.715534
v -0.623182 0.175685 0.829639
v -0.633682 0.209916 0.808315
v -0.756388 0.188080 0.697453
v 0.486080 -0.161434 0.763432
v 0.438806 -0.091798 0.766459
v 0.411939 -0.132326 0.785235
v 0.569566 -0.135725 0.763947
v 0.565305 -0.115889 0.755849
v -0.286095 0.359990 0.775047
v -0.151170 0.422818 0.712991
v -0.329253 0.358110 0.772196
v -0.210752 0.423673 0.724341
v 0.200429 0.314475 0.737578
v 0.262408 0.290255 0.686456
v 0.315673 -0.384882 0.754803
v 0.290470 -0.428342 0.730925
v 0.417331 -0.498148 0.625378
v 0.419902 -0.353931 0.772600
v 0.474218 -0.435136 0.682561
v 0.472754 -0.340005 0.773476
v -0.297902 0.427817 0.708856
v -0.407528 0.417637 0.615612
v -0.398275 0.354189 0.675123
v 0.769917 0.054520 0.687070
v 0.813218 0.018842 0.647403
v 0.803891 -0.088610 0.643289
v -0.686629 -0.267364 0.704785
v -0.663840 -0.365851 0.674298
v 0.111803 -0.458336 0.737844
v 0.175224 -0.529554 0.658131
v 0.167078 -0.488407 0.699414
v 0.367806 0.345672 0.627346
v 0.340380 0.309585 0.660741
v 0.323065 0.314468 0.627397
v 0.750621 0.283393 0.668520
v 0.752016 0.185787 0.713531
v 0.817140 0.300091 0.570680
v 0.787131 0.332050 0.581460
v -0.443402 -0.421768 0.618112
v 0.580963 0.413791 0.603941
v 0.569543 0.429802 0.574466
v 0.376198 0.488457 0.558988
v 0.442702 0.450985 0.610007
v -0.724378 -0.481882 0.550443
v -0.621377 -0.479902 0.639511
v -0.578304 -0.516402 0.612327
v -0.231697 -0.569694 0.621558
v -0.137404 -0.555017 0.652644
v 0.130612 0.468966 0.635089
v 0.188036 0.431961 0.574594
v 0.198839 0.464842 0.567343
v 0.180344 0.514312 0.589303
v -0.258092 0.432437 0.566106
v -0.301401 0.431879 0.539476
v -0.588905 0.310616 0.641422
v -0.541032 0.298556 0.594210
v -0.553812 0.322148 0.562358
v -0.573653 0.345735 0.555973
v -0.627933 0.320522 0.619810
v -0.490157 0.306709 0.601596
v -0.476496 0.339738 0.581906
v -0.509484 0.346039 0.553581
v -0.530848 0.337379 0.549802
v -0.684787 -0.118258 0.580161
v -0.692411 -0.114295 0.550187
v -0.700853 -0.142738 0.552834
v -0.696385 -0.146562 0.567557
v 0.223221 0.589306 0.500736
v -0.571103 0.384156 0.529061
v -0.483115 0.418185 0.548384
v 0.324510 0.385612 0.559231
v 0.365260 0.396563 0.579083
v 0.324261 0.345387 0.587552
v -0.242643 -0.255925 0.593963
v -0.245796 -0.293045 0.574026
v 0.860905 -0.170379 0.553195
v 0.821113 -0.190257 0.591132
v 0.887888 -0.286342 0.514619
v 0.968093 -0.195265 0.454238
v -0.082263 -0.570820 0.529756
v -0.086715 -0.577428 0.495490
v -0.059941 -0.552423 0.510036
v -0.054100 -0.559597 0.471271
v 0.649801 -0.480464 0.530989
v 0.606745 -0.501538 0.528115
v 0.742834 -0.434596 0.494819
v 0.708190 -0.478449 0.420635
v 0.772075 -0.421953 0.418881
v 0.174074 -0.538035 0.485847
v 0.197939 -0.550524 0.534288
v 0.203130 -0.564130 0.467377
v 0.322062 -0.590167 0.559144
v 0.343200 -0.636140 0.415126
v 0.401255 -0.581868 0.515049
v 0.002623 0.531629 0.491802
v 0.040761 0.605442 0.410257
v 0.000392 0.538022 0.431195
v -0.771175 0.378486 0.469093
v -0.729837 0.375307 0.490991
v -0.663726 0.393864 0.488769
v -0.671149 0.394691 0.468996
v -0.856126 0.317265 0.477679
v -0.920108 0.245737 0.425106
v -0.919735 0.205106 0.448494
v -0.619203 -0.529668 0.473729
v 0.186043 0.621126 0.456242
v 0.220227 0.616567 0.368498
v 0.189691 0.622291 0.406190
v 0.273533 0.559503 0.487901
v 0.806306 -0.398517 0.475210
v 0.806920 -0.408682 0.408174
v 0.851777 -0.386863 0.444541
v 0.277387 0.553313 0.461563
v 0.319914 0.496197 0.426611
v -0.638884 0.420589 0.449575
v -0.576494 0.429052 0.463613
v -0.576142 0.493084 0.389983
v -0.719258 0.368882 0.431799
v -0.749103 0.372790 0.420239
v -0.886791 0.357442 0.374185
v -0.806522 0.067131 0.448053
v -0.750317 0.067281 0.487872
v -0.779504 -0.070437 0.495234
v -0.800917 -0.028221 0.487063
v -0.695625 0.378388 0.444096
v -0.676260 0.394456 0.407430
v -0.829414 0.042234 0.439165
v -0.826497 -0.023014 0.461815
v -0.853517 0.000665 0.426196
v -0.963718 -0.272696 0.395860
v -0.910803 -0.297327 0.450854
v -0.959052 -0.323014 0.350503
v 0.841239 0.104304 0.427003
v 0.485609 -0.427128 0.377838
v -0.681540 0.491342 0.361686
v -0.740485 0.404663 0.365966
v -0.769506 0.409868 0.372691
v -0.745313 0.429078 0.353908
v -0.975240 0.190921 0.332685
v -1.006619 0.159993 0.288725
v 0.990005 -0.325412 0.335021
v 0.899114 -0.415870 0.340126
v 0.519981 -0.420494 0.366178
v 0.603736 -0.445769 0.391249
v 0.058652 -0.539414 0.424104
v 0.081576 -0.572631 0.374858
v 0.126149 -0.562126 0.395351
v -0.706885 0.415906 0.363327
v -0.677421 0.462401 0.370084
v 0.863657 0.050892 0.413127
v 0.882811 0.050508 0.392648
v -0.418679 -0.669053 0.310380
v -0.457763 -0.625317 0.466111
v -0.340454 -0.686023 0.381524
v -0.843584 0.452324 0.318490
v -0.915722 0.399596 0.263390
v -0.886994 0.285115 0.350395
v -0.905719 0.257093 0.357569
v -0.888337 0.282281 0.315708
v 0.436503 -0.509427 0.352743
v 0.443280 -0.502660 0.322579
v -0.549879 -0.583201 0.301014
v -0.612588 -0.545127 0.330235
v -0.054389 -0.649905 0.369451
v -0.063374 -0.711461 0.359205
v -0.210562 -0.724212 0.401136
v -0.243090 -0.698976 0.438889
v -0.233941 -0.758256 0.310419
v -0.153473 -0.782768 0.256903
v -0.118760 -0.755149 0.350807
v 0.605420 0.426225 0.379282
v 0.565683 0.416133 0.324390
v -0.997068 0.106235 0.349278
v -1.085422 0.137463 0.214110
v -1.092007 0.075844 0.233752
v -1.067422 -0.071483 0.351746
v -0.890328 0.306517 0.287729
v -0.879386 0.315213 0.337577
v -0.941626 0.246082 0.268238
v -0.926387 0.229582 0.318180
v -0.807928 -0.495221 0.328753
v -0.805896 -0.513361 0.276535
v -0.769691 -0.494597 0.306770
v 0.878391 0.175858 0.275486
v 0.751105 -0.502795 0.338340
v 0.800829 -0.488307 0.308994
v 0.862109 -0.492683 0.238438
v 0.695419 -0.569877 0.225368
v -0.665304 0.617798 0.216784
v -0.677334 0.547242 0.296701
v -0.615403 0.647750 0.191118
v -0.541904 0.650571 0.230963
v -0.559604 0.553102 0.327725
v 0.835865 0.496815 0.288393
v 0.783226 0.456441 0.404883
v 0.894158 0.431657 0.308191
v 0.912886 0.466211 0.211071
v 0.839635 0.521438 0.232978
v 0.915599 0.033353 0.278661
v -0.991135 -0.316752 0.219358
v -0.953019 -0.375279 0.284891
v -0.955143 -0.433597 0.125898
v -0.928680 -0.467924 0.144716
v 0.579727 -0.498233 0.266230
v 0.531672 -0.518360 0.248490
v -0.460358 -0.691884 0.154029
v -0.518383 -0.680809 0.134254
v 0.386743 -0.652989 0.321820
v 0.266125 -0.702865 0.306753
v 0.371702 -0.714137 0.173027
v 0.038018 0.700685 0.274650
v 0.091169 0.757585 0.192199
v -0.033312 0.738646 0.207216
v -0.018427 0.716348 0.243434
v -0.332205 0.586749 0.267548
v -0.262618 0.608056 0.232249
v -0.936500 0.304605 0.243312
v 0.127653 -0.777407 0.162014
v 0.254612 -0.737408 0.187245
v -0.128409 0.664726 0.225233
v -0.117709 0.544389 0.254017
v -0.071461 0.600068 0.264605
v -1.015837 0.300354 0.186440
v -1.036240 0.197680 0.203425
v 0.183714 0.696244 0.278109
v 0.227368 0.732391 0.189042
v 0.152346 0.740730 0.223847
v 0.215364 0.752297 0.151323
v 0.280319 0.729525 0.111147
v -0.244086 -0.705644 0.207453
v -0.166994 -0.726048 0.184705
v -0.188087 -0.680686 0.146099
v -0.376723 0.704085 0.220061
v -0.298404 0.737954 0.166075
v -0.344354 0.749573 0.148750
v -0.396898 0.709134 0.206438
v -0.309418 0.791858 0.053135
v 0.320444 0.574666 0.140691
v 0.322983 0.614148 0.120225
v -0.628624 -0.587776 0.181327
v -0.613987 -0.603468 0.170035
v -0.328559 -0.671665 0.115279
v -0.289074 -0.657244 0.127916
v -0.802929 0.540532 0.077980
v -0.843571 0.501758 0.182141
v -0.861758 0.475991 0.141430
v 0.591723 -0.633099 0.143596
v 0.538694 -0.675542 0.114672
v 0.528383 -0.685972 0.053793
v 0.620629 -0.654468 0.008211
v -0.570514 -0.669895 0.070913
v -0.455408 -0.693431 0.023520
v -0.424138 -0.707043 0.089215
v -0.068270 -0.795506 0.200128
v 0.067860 -0.797855 0.116366
v 0.033163 -0.794505 0.136118
v 0.099371 -0.785852 0.005353
v 0.155058 0.710503 0.066611
v 0.103970 0.706332 0.044393
v 0.080321 0.755131 0.101275
v 0.142424 0.747723 0.101446
v 1.166581 -0.065698 0.086216
v 1.129364 0.072118 0.116205
v 1.138809 -0.014123 0.137813
v -0.786429 -0.574241 0.003512
v -0.830476 -0.568682 0.149978
v -0.765368 -0.613225 0.137524
v -0.702240 -0.607483 0.006683
v -0.725079 -0.617340 0.075308
v -0.166659 -0.706923 0.019964
v -0.124581 -0.722380 0.088722
v 0.451993 0.636436 0.045430
v 0.499092 0.593271 0.053542
v 0.498866 0.615494 0.046198
v 0.476635 -0.701293 0.092285
v 0.424238 -0.710377 0.103068
v 0.388533 -0.710547 0.030208
v 0.393007 -0.699390 -0.016255
v 0.528924 -0.685680 0.017550
v 0.694944 0.627804 -0.019191
v 0.780643 0.586466 0.062986
v 0.769201 0.578410 -0.015541
v 1.068475 -0.293786 0.006110
v 1.096340 -0.252249 0.004636
v -0.869166 -0.303292 -0.007459
v -0.865021 -0.344287 -0.016007
v -0.925537 -0.331469 0.043651
v -0.898029 -0.393940 -0.013195
v -0.218022 -0.673057 0.031565
v -0.267281 -0.674786 0.007491
v -0.240655 -0.689852 -0.010651
v -0.613076 0.543450 -0.009389
v -0.634893 0.511604 -0.015240
v -0.670276 0.527253 0.002835
v -0.824114 0.499184 -0.014477
v -0.924845 0.420136 -0.022064
v 0.987799 0.370404 -0.060865
v 1.040593 0.329127 0.058770
v 0.963571 0.389066 -0.091142
v 0.952526 0.437974 0.027027
v -0.987809 0.296958 -0.051215
v -1.034451 0.289147 -0.013649
v -1.017406 0.320442 0.021380
v 1.076392 -0.292296 -0.035487
v 1.084348 -0.262205 -0.077549
v 0.240577 -0.719894 0.000091
v 0.288707 -0.740122 -0.062910
v 0.316807 -0.737327 -0.017636
v 0.208277 -0.724701 -0.001770
v 0.171216 -0.760816 -0.053965
v 0.216186 -0.745216 -0.069299
v -0.514519 0.727304 0.059589
v -0.460887 0.753189 -0.006391
v -0.433557 0.762741 -0.027312
v -0.492202 0.725526 -0.098473
v -0.463350 0.721164 -0.171464
v -0.845306 -0.317923 -0.026254
v 0.821975 -0.438196 -0.054517
v -0.174591 -0.757793 -0.058835
v -0.048098 -0.777445 -0.081307
v -0.075479 -0.788003 0.016562
v 0.018648 -0.778148 -0.100064
v 0.326502 0.716028 -0.008715
v 0.390920 0.703739 0.016580
v 0.451110 0.719322 -0.098615
v 0.860963 0.492583 -0.060961
v 0.767276 0.556094 -0.075369
v 0.810088 0.511209 -0.156724
v -1.104109 0.206627 0.016710
v -1.062114 0.265851 -0.047163
v -1.050028 0.276678 -0.062057
v 1.145231 -0.161910 -0.005205
v 1.137807 -0.193135 0.006313
v 1.129789 -0.118238 -0.047851
v 1.074205 -0.187363 -0.201113
v 1.077639 -0.234872 -0.133464
v 0.959106 -0.291866 -0.069856
v -0.517374 -0.667512 -0.002774
v -0.584451 -0.636770 -0.040199
v -0.550436 -0.606570 -0.132843
v -0.426226 -0.667684 -0.175895
v 1.125286 -0.086566 -0.082223
v 1.162564 -0.003494 -0.079622
v 1.157743 -0.035463 -0.050094
v -0.811254 -0.350336 -0.114242
v -0.814639 -0.346149 -0.076312
v 0.560555 -0.653482 -0.030950
v 0.521986 -0.616159 -0.066955
v 0.086662 -0.762444 -0.138465
v 0.070663 -0.772591 -0.067936
v 0.134275 -0.777131 0.032901
v 1.165552 0.026891 -0.036280
v 1.153522 0.078599 -0.048697
v 1.135374 0.015284 -0.176288
v -0.885642 -0.098437 -0.016543
v -0.889326 -0.048176 -0.082785
v -0.895481 -0.088167 -0.097350
v 0.812197 -0.419040 -0.088371
v 0.817639 -0.458060 -0.141758
v 0.730337 -0.628224 -0.069608
v 0.701228 -0.630525 -0.010746
v 0.737815 -0.622746 -0.163703
v -0.331644 -0.702970 -0.104021
v 0.637074 0.541715 -0.147808
v 0.627201 0.576606 -0.122193
v 0.657496 0.616054 -0.081415
v 0.724662 0.569306 -0.084884
v -0.706621 0.435521 -0.132742
v -0.725723 0.443010 -0.101467
v 0.960004 0.231661 -0.123944
v 0.942859 0.212932 -0.168147
v -0.887275 -0.040547 -0.127171
v -0.889229 -0.030846 -0.183087
v -0.888536 -0.074229 -0.136568
v -0.547706 0.565257 -0.140102
v -0.557586 0.526887 -0.117461
v 0.417025 -0.673164 -0.101333
v 0.414212 -0.690611 -0.031992
v 0.370643 -0.690865 -0.112886
v 0.323905 -0.685525 -0.200871
v 0.402229 -0.677420 -0.224941
v 0.414332 -0.664204 -0.180307
v 0.870936 0.323179 -0.196359
v 0.911453 0.328760 -0.157117
v 0.894380 0.291785 -0.169195
v 0.853876 0.265428 -0.226286
v 0.936392 -0.289753 -0.159917
v 0.875875 -0.313618 -0.128704
v 0.762868 -0.598209 -0.187717
v 0.825926 -0.506453 -0.237628
v 0.457061 -0.613314 -0.142831
v 0.459662 -0.614061 -0.179289
v 0.503016 -0.584611 -0.151132
v 0.267569 -0.682127 -0.222568
v 0.182541 -0.713449 -0.204529
v -0.344512 0.759717 -0.174962
v -0.248817 0.751711 -0.176656
v -0.329277 0.733278 -0.235852
v -0.244298 0.737281 -0.225482
v -0.247863 0.724037 -0.242925
v 0.582041 0.647174 -0.144908
v 0.553162 0.642600 -0.245297
v 0.628532 -0.595855 -0.145724
v 0.617958 -0.592898 -0.185589
v 0.564100 0.671516 -0.188069
v 0.539032 0.633336 -0.280671
v -0.078939 -0.554496 -0.214058
v -0.137384 -0.551215 -0.199312
v 0.519769 -0.608046 -0.239437
v 0.557980 -0.600695 -0.240001
v 0.535473 -0.581232 -0.192796
v 0.789976 0.507175 -0.194627
v 0.730174 0.491898 -0.264327
v 0.737288 0.490584 -0.223211
v 0.722575 -0.596934 -0.268051
v 0.832568 -0.442759 -0.306631
v 0.780315 -0.501464 -0.299974
v 0.734950 -0.547578 -0.318140
v -0.593560 0.530101 -0.233333
v -0.457925 -0.651620 -0.181028
v -0.520313 -0.605252 -0.230169
v -0.497078 -0.571170 -0.356475
v -0.456913 -0.604651 -0.329866
v -0.276175 0.677200 -0.265809
v -0.295651 0.655755 -0.288457
v -0.326155 0.643783 -0.328055
v -0.372611 0.709603 -0.269675
v 0.477349 0.708627 -0.217348
v 0.476723 0.647855 -0.272213
v -0.629997 -0.443694 -0.297474
v -0.625667 -0.483074 -0.252249
v -0.612496 -0.465277 -0.265735
v -0.584738 -0.454482 -0.289665
v -0.718698 -0.488502 -0.267259
v -0.666160 -0.522486 -0.239564
v -0.681027 -0.462947 -0.305229
v -0.713106 -0.460038 -0.342803
v -0.353330 -0.557907 -0.294577
v -0.284220 -0.504272 -0.310470
v -0.285225 -0.515298 -0.265700
v 0.014462 -0.540770 -0.265854
v -0.391384 0.720364 -0.256510
v -0.386582 0.657310 -0.386211
v -0.472476 0.651851 -0.334550
v -0.434509 0.653099 -0.356194
v -0.871646 0.435516 -0.166090
v -0.775506 0.440231 -0.312336
v -0.897167 0.393204 -0.228919
v 0.837116 0.305483 -0.276840
v 0.828926 0.277532 -0.302102
v 1.001946 -0.239646 -0.323015
v 0.978220 -0.312660 -0.285259
v 0.964426 -0.227029 -0.383931
v 0.888526 -0.389360 -0.315229
v -0.896460 0.336835 -0.327196
v -0.877431 0.300156 -0.425909
v -0.896778 0.297721 -0.382150
v -0.844480 -0.297881 -0.297937
v -0.863725 -0.307492 -0.324136
v -0.609239 -0.438664 -0.323502
v -0.628879 -0.442158 -0.341352
v -0.603793 -0.455008 -0.364584
v -0.585600 -0.453885 -0.351299
v -0.581142 -0.448337 -0.318186
v -0.548815 -0.499009 -0.290219
v -0.558637 -0.470531 -0.307895
v 0.304211 -0.605673 -0.383351
v 0.320195 -0.654859 -0.282044
v 0.172065 -0.653701 -0.326658
v 0.220047 -0.619197 -0.375248
v 0.157230 -0.670614 -0.289310
v 0.848059 0.470109 -0.277465
v 0.796080 0.496502 -0.338479
v 0.733261 0.520082 -0.394412
v 0.820030 0.428037 -0.418867
v 0.872569 0.152837 -0.372039
v 0.862318 0.134694 -0.324413
v 1.061079 -0.057114 -0.302654
v 0.978364 -0.068206 -0.407299
v 1.002043 -0.193147 -0.350179
v 1.090618 -0.094335 -0.239671
v 0.659052 -0.119903 -0.347652
v 0.646088 -0.151368 -0.334282
v 0.612896 -0.142030 -0.362178
v -0.839444 -0.244342 -0.320333
v -0.857703 -0.234515 -0.368592
v 0.347874 -0.582467 -0.418571
v 0.477418 -0.639667 -0.349678
v -0.286456 0.640220 -0.358551
v -0.283416 0.649662 -0.403488
v -0.359519 0.658469 -0.377051
v 0.516840 -0.130838 -0.408149
v 0.574821 -0.161404 -0.370600
v 0.542135 -0.102821 -0.417526
v -0.589361 0.596881 -0.352273
v -0.537186 0.624316 -0.357374
v -0.567246 0.559581 -0.424222
v 0.274448 0.679996 -0.323268
v 0.367682 0.659666 -0.372665
v 0.402237 0.650679 -0.432131
v 0.325583 0.649331 -0.437131
v 0.256715 0.648837 -0.447062
v -0.507619 -0.541455 -0.434030
v -0.456952 -0.577893 -0.420131
v -0.778544 0.389838 -0.408605
v -0.801803 0.362996 -0.417970
v -0.836432 0.321832 -0.447107
v -0.751353 0.426569 -0.391093
v 0.591357 -0.007182 -0.426173
v 0.616690 0.002646 -0.426804
v 0.599831 0.004100 -0.434586
v -0.823509 -0.342200 -0.455194
v -0.744672 -0.374688 -0.488808
v -0.081539 -0.483480 -0.434587
v -0.046687 -0.487412 -0.425142
v -0.068478 -0.473116 -0.402021
v -0.442147 0.569860 -0.415150
v -0.466373 0.549629 -0.476826
v -0.509308 0.550175 -0.470681
v -0.697263 0.413214 -0.481102
v -0.779194 0.326002 -0.441448
v -0.285072 0.632166 -0.444623
v -0.260674 0.640723 -0.433366
v -0.190174 0.649483 -0.388772
v -0.175828 0.593055 -0.458579
v -0.704151 0.360467 -0.475677
v -0.735667 0.329099 -0.459159
v -0.756572 0.310816 -0.472184
v -0.847780 0.297805 -0.466182
v -0.858547 0.232466 -0.505332
v 0.407501 -0.140836 -0.437239
v 0.411329 -0.121932 -0.511603
v -0.740861 -0.431695 -0.395703
v -0.593627 -0.491646 -0.448465
v -0.692681 -0.429774 -0.467036
v -0.606772 -0.469127 -0.471653
v 0.750349 0.475316 -0.433371
v 0.768757 0.397175 -0.503809
v 0.703300 0.411333 -0.553022
v -1.029361 0.107598 -0.430649
v -1.023353 0.084857 -0.455312
v -1.040571 0.011591 -0.458603
v -1.039249 0.109103 -0.395552
v -1.054318 0.012014 -0.443943
v -0.125342 0.586903 -0.479198
v -0.050655 0.622312 -0.491615
v -0.040339 0.552314 -0.561889
v -0.140039 0.552257 -0.528746
v -0.332121 0.600877 -0.455085
v -0.205709 0.577158 -0.492619
v -0.267437 0.548979 -0.506733
v -0.708729 0.343390 -0.492432
v -0.732128 0.317144 -0.500377
v -0.966756 0.168100 -0.444366
v -0.941106 0.147656 -0.495492
v -0.977574 0.010030 -0.464412
v -0.955194 0.017519 -0.471214
v -0.967201 -0.074461 -0.486679
v -0.535261 -0.508340 -0.474495
v -0.451914 -0.499893 -0.547201
v -0.408455 -0.563738 -0.500002
v -0.617286 0.429705 -0.542419
v -0.924604 -0.002058 -0.496787
v -0.925166 -0.115785 -0.516758
v -0.885996 -0.225929 -0.517674
v -0.862637 -0.306462 -0.455721
v -0.877553 -0.273612 -0.463406
v -0.916500 -0.202417 -0.490838
v 0.517979 0.504991 -0.520634
v 0.480153 0.521678 -0.516485
v -0.230179 0.234559 -0.553931
v -0.188439 0.244821 -0.597803
v 0.433693 -0.106504 -0.457694
v 0.434869 -0.099853 -0.490122
v 0.486050 -0.052634 -0.556424
v -0.561099 -0.341908 -0.506579
v -0.624942 -0.341697 -0.505563
v 0.100491 0.616828 -0.517223
v 0.162437 0.579218 -0.570178
v 0.123136 0.553868 -0.613670
v 0.915335 0.123029 -0.533930
v 0.957851 0.053388 -0.482968
v 0.872272 0.134773 -0.582627
v -0.920007 0.045909 -0.506018
v -0.878076 0.078096 -0.585567
v 0.403485 -0.140029 -0.552702
v 0.453655 0.341612 -0.556905
v 0.476345 0.335830 -0.566800
v -0.257575 0.198779 -0.564352
v -0.245887 0.143508 -0.600855
v -0.316340 0.175771 -0.606171
v -0.303481 0.211626 -0.572429
v -0.632001 0.289444 -0.645265
v -0.731904 0.306270 -0.571456
v -0.701377 0.283679 -0.604531
v -0.224318 0.189201 -0.587373
v -0.163136 0.192193 -0.643076
v -0.670641 -0.261888 -0.568078
v 0.055207 -0.570426 -0.577820
v 0.008971 -0.543591 -0.625939
v 0.214612 -0.534387 -0.587909
v 0.171662 -0.587859 -0.488897
v 0.141526 -0.509268 -0.655542
v 0.191224 0.533403 -0.621119
v 0.271147 0.512372 -0.571023
v 0.310163 0.493952 -0.577607
v 0.310439 0.483551 -0.607853
v 0.301299 0.476121 -0.656177
v 0.450586 0.314065 -0.601700
v 0.428861 0.321449 -0.626569
v -0.074559 0.222052 -0.667926
v -0.135587 0.204118 -0.654944
v 0.729943 0.289156 -0.591727
v 0.720259 0.360235 -0.569820
v 0.593577 0.274954 -0.701234
v -0.529796 0.314116 -0.613355
v -0.474993 0.246780 -0.619414
v -0.443403 -0.399786 -0.587072
v -0.418720 -0.346411 -0.623048
v 0.377986 0.387737 -0.651163
v 0.399311 0.373926 -0.676689
v -0.402559 -0.458841 -0.664901
v -0.365605 -0.439271 -0.704918
v -0.418706 -0.476217 -0.632141
v -0.328298 -0.468755 -0.697470
v -0.379397 -0.522702 -0.599879
v -0.315731 -0.440924 -0.717329
v -0.847428 0.034311 -0.610113
v -0.743028 0.056862 -0.694482
v -0.703884 -0.064317 -0.723519
v -0.781234 -0.108337 -0.666226
v -0.649015 0.164184 -0.715948
v -0.605400 0.099970 -0.763125
v -0.705235 0.126531 -0.690240
v -0.667271 0.060508 -0.735143
v 0.336375 -0.222060 -0.806351
v 0.354595 -0.228242 -0.750505
v 0.247888 -0.419626 -0.735701
v 0.261951 -0.286563 -0.829074
v 0.265086 -0.119503 -0.808966
v 0.276691 -0.088823 -0.803820
v 0.319214 -0.096230 -0.805884
v 0.372046 0.271881 -0.811332
v 0.473467 0.183866 -0.809180
v 0.430992 0.088414 -0.858304
v 0.392088 0.085264 -0.874380
v 0.482500 0.085324 -0.847196
v 0.293544 -0.050998 -0.818369
v 0.305295 -0.035816 -0.831614
v 0.328480 -0.068519 -0.817018
v 0.334106 -0.018438 -0.868519
v 0.366870 -0.115008 -0.822886
v 0.414890 -0.064190 -0.847869
v 0.340145 -0.003714 -0.883860
v 0.240508 -0.135373 -0.832904
v -0.386673 -0.251483 -0.821197
v -0.302728 -0.191347 -0.862538
v -0.237310 -0.249645 -0.829102
v -0.067853 -0.261189 -0.846969
v 0.017513 -0.293227 -0.847521
v -0.053255 -0.309674 -0.816583
v 0.541100 -0.009801 -0.827482
v 0.548672 0.026340 -0.832441
v 0.192106 -0.048709 -0.918383
v 0.239690 -0.057375 -0.826949
v -0.247399 -0.067020 -0.864496
v -0.229926 -0.089027 -0.862685
v -0.255758 -0.138931 -0.877303
v -0.285402 -0.121586 -0.880363
v -0.166679 -0.099094 -0.903383
v -0.145697 -0.150901 -0.892781
v -0.215801 -0.170027 -0.876987
v -0.120397 -0.105018 -0.912573
v 0.174686 -0.130026 -0.902789
v 0.202636 -0.142113 -0.881947
v 0.224598 -0.174028 -0.871521
v 0.265917 -0.190467 -0.854861
v 0.321297 -0.198088 -0.826371
v 0.115010 -0.211538 -0.907438
v 0.150347 -0.154842 -0.906444
v -0.278049 -0.033099 -0.889995
v -0.316025 -0.079642 -0.890792
v -0.411482 -0.050803 -0.881505
v -0.285409 -0.018055 -0.890255
v -0.355328 -0.081889 -0.890716
v 0.132487 -0.093241 -0.937157
v 0.041818 -0.213497 -0.906186
v -0.075755 -0.153166 -0.903086
v 0.029572 -0.135849 -0.925260
v 0.111860 -0.252764 -0.894244
v 0.219352 -0.004198 -0.926526
v 0.096084 -0.036318 -0.964648
v 0.086052 -0.080232 -0.947224
v 0.030383 -0.069045 -0.934067
v 0.053716 -0.025215 -0.963331
v -0.033130 -0.068105 -0.924353
v -0.081596 -0.026151 -0.952554
v 0.094197 0.008302 -0.975576
v 0.160387 0.021817 -0.958402
v 0.015981 0.003959 -0.971863
v 0.294485 0.061035 -0.904663
v 0.196688 0.070387 -0.942492
v 0.192295 0.124727 -0.935492
v 0.355033 0.149114 -0.859843
v 0.285751 0.223503 -0.857605
v 0.315826 0.274211 -0.822408
v 0.272811 0.316411 -0.802427
v 0.350157 0.354538 -0.787485
v 0.279780 0.347204 -0.783210
v 0.285830 0.425036 -0.709351
v 0.245171 0.444248 -0.679942
v 0.269739 0.472588 -0.664352
v 0.312391 0.443194 -0.701684
v 0.233686 0.487751 -0.652923
v 0.165739 0.508379 -0.657627
v 0.061029 0.524889 -0.621415
v 0.008430 0.622555 -0.502311
v 0.082094 0.642972 -0.465540
v 0.137488 0.659986 -0.433292
v 0.193511 0.633713 -0.494444
v 0.230460 0.623500 -0.496305
v 0.276312 0.619899 -0.478972
v 0.321826 0.621171 -0.472981
v 0.303907 0.577363 -0.501574
v 0.259117 0.573416 -0.517158
v 0.286925 0.541363 -0.536887
v 0.322979 0.498994 -0.559747
v 0.324102 0.513248 -0.549834
v 0.327339 0.475477 -0.575915
v 0.333181 0.440452 -0.675986
v 0.347981 0.423541 -0.590091
v 0.381162 0.378774 -0.613771
v 0.408775 0.335589 -0.604078
v 0.448204 0.317688 -0.641916
v 0.432242 0.360181 -0.708466
v 0.349052 0.423337 -0.710765
v 0.332234 0.433869 -0.710731
v 0.345608 0.407541 -0.747252
v 0.379660 0.386588 -0.765104
v 0.392094 0.343005 -0.790153
v 0.429902 0.326803 -0.787855
v 0.513645 0.243864 -0.774127
v 0.543524 0.177896 -0.785130
v 0.641100 0.090848 -0.758314
v 0.543993 0.071369 -0.827346
v 0.349143 0.046569 -0.890444
v 0.262253 0.048328 -0.916258
v 0.307477 0.014771 -0.899366
v 0.262261 0.000404 -0.905467
v 0.293442 -0.001082 -0.890061
v 0.224841 -0.023463 -0.905961
v 0.172645 -0.077732 -0.922267
v 0.187495 -0.108124 -0.893901
v 0.213394 -0.073225 -0.847862
v 0.214128 -0.097262 -0.841480
v 0.231742 -0.091624 -0.822257
v 0.263414 -0.052655 -0.820613
v 0.279857 -0.024137 -0.848682
v 0.477933 0.028157 -0.856179
v 0.606715 0.039264 -0.795022
v 0.659040 0.051574 -0.751580
v 0.610010 0.018515 -0.791010
v 0.651394 0.014046 -0.736455
v 0.604342 -0.004068 -0.772991
v 0.429595 -0.078668 -0.832459
v 0.417602 -0.102476 -0.813913
v 0.382298 -0.131371 -0.819456
v 0.358580 -0.165133 -0.816576
v 0.335191 -0.152668 -0.822092
v 0.305701 -0.180418 -0.832364
v 0.250633 -0.261947 -0.855588
v 0.206919 -0.278762 -0.869333
v 0.197783 -0.460663 -0.720673
v 0.180336 -0.295151 -0.867042
v 0.228979 -0.437056 -0.733736
v 0.151499 -0.308093 -0.858058
v 0.108453 -0.477460 -0.690351
v 0.114303 -0.390530 -0.782718
v 0.208037 -0.499438 -0.672467
v 0.234397 -0.522952 -0.613910
v 0.268340 -0.547695 -0.510590
v 0.167750 -0.609836 -0.428346
v 0.093760 -0.588111 -0.509762
v 0.127221 -0.614529 -0.416764
v 0.124197 -0.653029 -0.312352
v 0.111838 -0.699107 -0.240202
v 0.072762 -0.661285 -0.258056
v 0.111241 -0.638913 -0.325538
v 0.090546 -0.687687 -0.246808
v 0.047712 -0.709799 -0.204621
v 0.004911 -0.662310 -0.197823
v -0.005040 -0.726512 -0.159496
v -0.067905 -0.643434 -0.156722
v -0.109884 -0.673415 -0.125499
v -0.075054 -0.599963 -0.168549
v -0.158930 -0.660500 -0.122269
v -0.124571 -0.602518 -0.151958
v -0.204879 -0.652715 -0.125182
v -0.192042 -0.578121 -0.159165
v -0.223970 -0.574416 -0.163827
v -0.225565 -0.526501 -0.212733
v -0.183634 -0.542712 -0.194681
v -0.262101 -0.543354 -0.203157
v -0.267327 -0.519731 -0.236095
v -0.257646 -0.499940 -0.276149
v -0.207210 -0.491138 -0.292566
v -0.121482 -0.522392 -0.285756
v -0.104099 -0.578919 -0.172016
v -0.030812 -0.567218 -0.212059
v -0.024311 -0.589315 -0.199426
v 0.017476 -0.567907 -0.242812
v -0.006120 -0.612975 -0.206995
v 0.051200 -0.600009 -0.278357
v 0.073119 -0.597833 -0.318733
v 0.103130 -0.612254 -0.390497
v 0.071619 -0.591540 -0.467935
v -0.040559 -0.567856 -0.577828
v -0.028356 -0.549627 -0.616979
v -0.092739 -0.554600 -0.577806
v -0.114856 -0.549265 -0.571351
v -0.055715 -0.567439 -0.558186
v -0.156288 -0.545088 -0.564423
v -0.088135 -0.552522 -0.543393
v -0.142286 -0.543304 -0.547820
v -0.176466 -0.545875 -0.548934
v -0.184565 -0.549781 -0.565052
v -0.211428 -0.561759 -0.552437
v -0.163967 -0.509965 -0.494178
v -0.285560 -0.571832 -0.511134
v -0.193059 -0.513048 -0.484576
v -0.286817 -0.527371 -0.430372
v -0.306183 -0.515571 -0.388871
v -0.348719 -0.579561 -0.449887
v -0.330000 -0.525716 -0.363043
v -0.345651 -0.539064 -0.331530
v -0.250949 -0.489852 -0.328731
v -0.165635 -0.480390 -0.356625
v -0.142608 -0.487446 -0.331553
v -0.099635 -0.520689 -0.293842
v 0.035341 -0.546255 -0.288145
v 0.073020 -0.583467 -0.363607
v 0.066466 -0.579844 -0.417195
v 0.053794 -0.579744 -0.460515
v 0.029060 -0.573277 -0.490778
v 0.029129 -0.579585 -0.519320
v -0.018052 -0.565340 -0.521814
v -0.112110 -0.516320 -0.496339
v -0.140440 -0.492287 -0.443584
v -0.170028 -0.485780 -0.412524
v -0.106373 -0.472854 -0.412677
v -0.090747 -0.469542 -0.376145
v -0.075678 -0.480401 -0.349459
v -0.004890 -0.502657 -0.333018
v 0.028187 -0.527887 -0.309588
v 0.025095 -0.522184 -0.353690
v 0.019619 -0.528465 -0.416776
v -0.050688 -0.528714 -0.494585
v -0.058048 -0.474646 -0.366512
v -0.036297 -0.480046 -0.383403
v -0.004926 -0.496776 -0.376206
v -0.000261 -0.520199 -0.441222
v -0.372315 -0.580311 -0.405246
v -0.330809 -0.586419 -0.490216
v -0.282430 -0.577034 -0.539472
v -0.277510 -0.569400 -0.569872
v -0.226733 -0.563450 -0.575809
v -0.161415 -0.516189 -0.594166
v -0.125031 -0.511953 -0.608561
v -0.088832 -0.509110 -0.643611
v 0.054938 -0.516643 -0.645050
v -0.005049 -0.420034 -0.728905
v 0.155574 -0.250620 -0.894563
v 0.053909 -0.337916 -0.819546
v -0.054096 -0.368509 -0.762675
v -0.079385 -0.437799 -0.717396
v -0.149202 -0.413009 -0.733989
v -0.143674 -0.376473 -0.766259
v -0.161802 -0.441888 -0.701459
v -0.196781 -0.413458 -0.724433
v -0.257698 -0.459601 -0.703537
v -0.141805 -0.488665 -0.647464
v -0.178176 -0.498756 -0.637486
v -0.226172 -0.541201 -0.608953
v -0.251698 -0.542305 -0.615782
v -0.289896 -0.552957 -0.597309
v -0.322028 -0.523992 -0.628341
v -0.342627 -0.583949 -0.513854
v -0.382482 -0.585048 -0.481391
v -0.407223 -0.590247 -0.412197
v -0.405515 -0.595594 -0.368316
v -0.391465 -0.603157 -0.316136
v -0.383254 -0.583786 -0.359321
v -0.385787 -0.620653 -0.270776
v -0.367548 -0.634876 -0.229144
v -0.342973 -0.595414 -0.221765
v -0.342377 -0.655372 -0.192037
v -0.354834 -0.579269 -0.255820
v -0.326424 -0.560665 -0.237789
v -0.316204 -0.597064 -0.189609
v -0.289148 -0.608618 -0.167251
v -0.251666 -0.633551 -0.141008
v -0.306635 -0.670364 -0.159987
v -0.266664 -0.677533 -0.135608
v -0.399974 -0.642015 -0.243334
v -0.329719 -0.683697 -0.150328
v -0.386425 -0.670074 -0.185897
v -0.426514 -0.612802 -0.321588
v -0.391077 -0.550861 -0.540393
v -0.456752 -0.475808 -0.574412
v -0.376741 -0.351184 -0.719085
v -0.350027 -0.353192 -0.732294
v -0.337153 -0.395858 -0.722623
v -0.260016 -0.349557 -0.742282
v -0.241746 -0.389975 -0.729110
v -0.172535 -0.319340 -0.801475
v -0.148460 -0.283059 -0.823835
v -0.095170 -0.186327 -0.885619
v -0.167164 -0.048104 -0.924705
v -0.103159 -0.044102 -0.943431
v -0.045795 0.002717 -0.962660
v 0.017915 0.035463 -0.967124
v 0.081834 0.046592 -0.970584
v 0.096151 0.080312 -0.955215
v 0.175183 0.146162 -0.932466
v 0.209157 0.189440 -0.905597
v 0.152809 0.157902 -0.926413
v 0.178748 0.221340 -0.888951
v 0.224722 0.287521 -0.826732
v 0.189699 0.306053 -0.808015
v 0.195899 0.400507 -0.726385
v 0.183929 0.436571 -0.698568
v 0.099869 0.472729 -0.665894
v 0.046744 0.500843 -0.634655
v -0.032902 0.492898 -0.604069
v -0.094821 0.500666 -0.571098
v -0.139229 0.499568 -0.551543
v -0.190186 0.497438 -0.537756
v -0.331342 0.452523 -0.532770
v -0.273677 0.509700 -0.523788
v -0.436117 0.438720 -0.548790
v -0.451408 0.487085 -0.539762
v -0.532059 0.507569 -0.517203
v -0.476817 0.532312 -0.507397
v -0.522940 0.420356 -0.560352
v -0.575409 0.442744 -0.542137
v -0.578457 0.470397 -0.522364
v -0.605285 0.240908 -0.687620
v -0.627363 0.205324 -0.704267
v -0.652570 0.249070 -0.655459
v -0.581909 0.154795 -0.737675
v -0.532212 0.168786 -0.720152
v -0.492164 0.113375 -0.777370
v -0.475556 0.173837 -0.711061
v -0.388376 0.087673 -0.790338
v -0.449191 0.174730 -0.705546
v -0.396580 0.116491 -0.752910
v -0.348559 0.084011 -0.781485
v -0.265396 0.066922 -0.770978
v -0.307375 0.106566 -0.684517
v -0.256165 0.083149 -0.715297
v -0.198389 0.069391 -0.766916
v -0.183662 0.119533 -0.642685
v -0.177596 0.095413 -0.718768
v -0.107778 0.129730 -0.720047
v -0.127738 0.089508 -0.789618
v -0.160650 0.112402 -0.677836
v -0.075787 0.163764 -0.702581
v -0.053710 0.169694 -0.734810
v -0.102911 0.146949 -0.689726
v -0.058403 0.204154 -0.683184
v -0.012117 0.251567 -0.684363
v -0.016673 0.326422 -0.630717
v -0.067496 0.323346 -0.604698
v -0.128586 0.315258 -0.582048
v -0.097735 0.344631 -0.583171
v -0.058724 0.361349 -0.593974
v -0.123997 0.441238 -0.550035
v -0.050036 0.387287 -0.597721
v -0.147666 0.342719 -0.554957
v -0.180667 0.428330 -0.528643
v -0.228473 0.315218 -0.527976
v -0.239815 0.413485 -0.516031
v -0.274680 0.379043 -0.515744
v -0.300852 0.415288 -0.520414
v -0.254166 0.473599 -0.527760
v -0.388891 0.326609 -0.539192
v -0.451655 0.339009 -0.559438
v -0.497804 0.391702 -0.570946
v -0.523646 0.361105 -0.587126
v -0.545878 0.330115 -0.612075
v -0.586085 0.329318 -0.621647
v -0.555207 0.259638 -0.676063
v -0.514179 0.241545 -0.670721
v -0.464774 0.213461 -0.672023
v -0.422842 0.204509 -0.634644
v -0.401199 0.146181 -0.701828
v -0.392274 0.200171 -0.612553
v -0.315474 0.141783 -0.638540
v -0.267786 0.129636 -0.636646
v -0.215149 0.125457 -0.622309
v -0.189548 0.143982 -0.624429
v -0.152875 0.141883 -0.653281
v -0.153927 0.250275 -0.626435
v -0.127708 0.252349 -0.637362
v -0.252847 0.242184 -0.543671
v -0.234511 0.288882 -0.531299
v -0.348940 0.289084 -0.535937
v -0.385720 0.226267 -0.571984
v -0.432477 0.251032 -0.581039
v -0.450759 0.297176 -0.566229
v -0.023224 0.411589 -0.609855
v 0.022111 0.247639 -0.739028
v -0.021282 0.169770 -0.785709
v -0.067130 0.123630 -0.819770
v -0.055163 0.125842 -0.852338
v -0.123326 0.086079 -0.861777
v -0.169460 0.068763 -0.855184
v -0.224995 0.057936 -0.840285
v -0.282741 0.057802 -0.827250
v -0.226731 0.042454 -0.869883
v -0.387363 0.047751 -0.830419
v -0.439878 0.059428 -0.817511
v -0.522280 0.052333 -0.823523
v -0.540379 0.039957 -0.827228
v -0.463445 -0.007894 -0.860688
v -0.496047 -0.027315 -0.856777
v -0.376815 -0.017148 -0.873683
v -0.286691 0.022591 -0.869474
v -0.163555 0.053927 -0.884480
v -0.204765 0.016965 -0.899418
v -0.090267 0.054469 -0.917502
v -0.041700 0.122900 -0.871670
v -0.023017 0.075740 -0.922766
v -0.005697 0.164168 -0.850589
v 0.013414 0.142672 -0.882226
v 0.051900 0.238156 -0.819182
v 0.065577 0.227591 -0.848783
v 0.063938 0.313702 -0.737805
v 0.003505 0.323041 -0.652721
v 0.026862 0.378953 -0.651603
v 0.071384 0.372125 -0.700602
v -0.004670 0.445905 -0.626145
v 0.057702 0.413627 -0.671831
v 0.087633 0.428214 -0.683616
v 0.100201 0.380132 -0.715735
v 0.096319 0.335165 -0.749572
v 0.116568 0.314122 -0.782032
v 0.123130 0.257064 -0.845766
v 0.081784 0.208796 -0.873294
v 0.048866 0.104135 -0.913984
v -0.057823 0.019665 -0.950950
v -0.218441 -0.008411 -0.905012
v -0.211521 -0.030091 -0.901999
v -0.300914 -0.146124 -0.883339
v -0.324486 -0.139586 -0.884356
v -0.405971 -0.135639 -0.872151
v -0.457289 -0.101000 -0.865694
v -0.527381 -0.097611 -0.841897
v -0.585861 -0.051688 -0.818962
v -0.632255 -0.049304 -0.784489
v -0.648747 -0.103884 -0.767441
v -0.705603 -0.140022 -0.728114
v -0.741580 -0.160473 -0.697709
v -0.864789 -0.135729 -0.578136
v -0.801943 0.109619 -0.643828
v -0.794198 0.142507 -0.630070
v -0.723793 0.195255 -0.615346
v -0.685580 0.178776 -0.655150
v -0.693942 0.214716 -0.626334
v -0.763508 0.254850 -0.572497
v -0.726666 0.326547 -0.549014
v -0.707529 0.345640 -0.546279
v -0.692395 0.388020 -0.516365
v -0.716160 0.411033 -0.446162
v -0.747293 0.411203 -0.418000
v -0.735364 0.366366 -0.431093
v -0.807636 0.302914 -0.489180
v -0.816250 0.243588 -0.540619
v -0.787757 0.229923 -0.569640
v -0.860037 0.142115 -0.590019
v -0.941611 0.111121 -0.504704
v -0.977181 0.095807 -0.476062
v -0.992925 0.122169 -0.463066
v -1.002714 0.148230 -0.390447
v -0.987538 0.193962 -0.348445
v -0.949558 0.215778 -0.394741
v -0.916525 0.256152 -0.401392
v -0.917342 0.260319 -0.341014
v -0.947783 0.303195 -0.195864
v -0.919047 0.367276 -0.226144
v -0.907421 0.412745 -0.145054
v -0.845858 0.464313 -0.130038
v -0.798222 0.455426 -0.244977
v -0.817651 0.455499 -0.194873
v -0.715960 0.489303 -0.314075
v -0.782996 0.459730 -0.220324
v -0.749024 0.476156 -0.273437
v -0.703308 0.502227 -0.299114
v -0.739805 0.473839 -0.258220
v -0.692343 0.503172 -0.283668
v -0.661628 0.536321 -0.295019
v -0.660898 0.472291 -0.237299
v -0.637053 0.487051 -0.240218
v -0.622713 0.468234 -0.188540
v -0.578278 0.514118 -0.193265
v -0.566388 0.547668 -0.204811
v -0.553422 0.562438 -0.182471
v -0.597535 0.589432 -0.265619
v -0.569408 0.619766 -0.237943
v -0.598058 0.607143 -0.290281
v -0.672254 0.533713 -0.318785
v -0.642370 0.525211 -0.393808
v -0.643945 0.565456 -0.326180
v -0.614958 0.594156 -0.324361
v -0.566595 0.634078 -0.270698
v -0.567838 0.629951 -0.309103
v -0.519493 0.670439 -0.259054
v -0.491241 0.677433 -0.278410
v -0.514462 0.618901 -0.367513
v -0.525989 0.577932 -0.412541
v -0.471470 0.624015 -0.360726
v -0.481174 0.595014 -0.378588
v -0.436191 0.599847 -0.384261
v -0.376769 0.613665 -0.428537
v -0.387041 0.584716 -0.457766
v -0.368318 0.632170 -0.419579
v -0.226268 0.654543 -0.378396
v -0.186348 0.665124 -0.359358
v -0.083687 0.675253 -0.387594
v -0.136255 0.638289 -0.409732
v -0.042088 0.649071 -0.446550
v -0.029550 0.663873 -0.403527
v -0.003966 0.683261 -0.357068
v 0.082962 0.677181 -0.378487
v 0.161463 0.677344 -0.365312
v 0.144075 0.687882 -0.322969
v 0.189099 0.685147 -0.262097
v 0.243772 0.692610 -0.204925
v 0.342558 0.669888 -0.330539
v 0.415392 0.654537 -0.300456
v 0.410457 0.647417 -0.337541
v 0.433691 0.719898 -0.201443
v 0.377969 0.693956 -0.265837
v 0.457328 0.717511 -0.204618
v 0.505017 0.684558 -0.236310
v 0.515451 0.704994 -0.199180
v 0.537001 0.696798 -0.173844
v 0.570124 0.674511 -0.094587
v 0.582089 0.661026 -0.125893
v 0.613794 0.644197 -0.100138
v 0.586092 0.580656 -0.167213
v 0.602437 0.549518 -0.189566
v 0.628258 0.523110 -0.251619
v 0.569756 0.585463 -0.235250
v 0.556203 0.623219 -0.277477
v 0.596988 0.554226 -0.279020
v 0.566387 0.616015 -0.305003
v 0.631252 0.536545 -0.312164
v 0.596453 0.611396 -0.351423
v 0.552574 0.624247 -0.312276
v 0.583348 0.629126 -0.385301
v 0.549642 0.635960 -0.413128
v 0.496870 0.621941 -0.328682
v 0.458080 0.639320 -0.433911
v 0.494662 0.632080 -0.479340
v 0.419870 0.636178 -0.467932
v 0.436469 0.621284 -0.499230
v 0.406906 0.602898 -0.517929
v 0.365321 0.583453 -0.523943
v 0.313700 0.548972 -0.532781
v 0.350833 0.541123 -0.535176
v 0.331518 0.535554 -0.540396
v 0.343181 0.491125 -0.546059
v 0.390018 0.431347 -0.526456
v 0.371238 0.427312 -0.541598
v 0.357925 0.423467 -0.562482
v 0.387416 0.375600 -0.580798
v 0.423374 0.333946 -0.569810
v 0.418828 0.328743 -0.581280
v 0.442073 0.322243 -0.579252
v 0.469945 0.318820 -0.587882
v 0.477492 0.315731 -0.646158
v 0.525040 0.321089 -0.669017
v 0.463893 0.345781 -0.717689
v 0.378676 0.401853 -0.730279
v 0.415042 0.373117 -0.768848
v 0.453612 0.349855 -0.765217
v 0.465046 0.320125 -0.774565
v 0.527187 0.280697 -0.748432
v 0.707473 0.172552 -0.678327
v 0.715391 0.102354 -0.709210
v 0.707024 0.068408 -0.719047
v 0.712667 0.049331 -0.708556
v 0.764961 0.030313 -0.662935
v 0.698626 0.023352 -0.701119
v 0.730907 0.014206 -0.658596
v 0.685835 0.010955 -0.683878
v 0.637489 -0.000738 -0.712557
v 0.553442 -0.021846 -0.798013
v 0.497917 -0.048424 -0.806136
v 0.394360 -0.143618 -0.787750
v 0.348404 -0.276158 -0.701618
v 0.311584 -0.338954 -0.712512
v 0.308694 -0.415338 -0.635290
v 0.298667 -0.458589 -0.621530
v 0.273628 -0.502338 -0.611142
v 0.310801 -0.526395 -0.530101
v 0.341575 -0.526096 -0.498491
v 0.298334 -0.565731 -0.461820
v 0.383831 -0.552691 -0.443559
v 0.424920 -0.589588 -0.402409
v 0.539268 -0.601591 -0.385214
v 0.539564 -0.636569 -0.345543
v 0.602347 -0.637178 -0.314003
v 0.670687 -0.611892 -0.309989
v 0.647443 -0.635031 -0.281749
v 0.703656 -0.619959 -0.243482
v 0.683656 -0.632660 -0.225387
v 0.661813 -0.643787 -0.055660
v 0.658279 -0.637094 -0.083433
v 0.671497 -0.635050 -0.124589
v 0.669504 -0.630666 -0.163618
v 0.665239 -0.632007 -0.202254
v 0.615145 -0.596161 -0.107910
v 0.597287 -0.579953 -0.138994
v 0.571736 -0.575224 -0.157709
v 0.593993 -0.592377 -0.213965
v 0.546276 -0.644383 -0.286045
v 0.631018 -0.635351 -0.256220
v 0.652685 -0.631930 -0.230710
v 0.590211 -0.639469 -0.279006
v 0.547735 -0.649069 -0.312918
v 0.452853 -0.661769 -0.300268
v 0.297621 -0.699485 -0.166907
v 0.305025 -0.724482 -0.100024
v 0.250078 -0.737142 -0.098220
v 0.249268 -0.739643 -0.068204
v 0.303676 -0.731568 0.047681
v 0.244421 -0.723637 0.043918
v 0.207049 -0.728265 0.029348
v 0.266522 -0.738831 0.122399
v 0.216053 -0.742711 0.087638
v 0.228839 -0.748908 0.136284
v 0.134239 -0.788158 0.117029
v 0.056950 -0.760440 0.207783
v -0.010481 -0.786027 0.191522
v -0.250226 -0.760551 0.285655
v -0.152204 -0.777432 0.215136
v -0.067723 -0.796954 0.133245
v -0.194697 -0.768560 0.239339
v -0.252852 -0.756299 0.256562
v -0.112503 -0.783536 0.169368
v -0.234939 -0.749940 0.239857
v -0.144237 -0.725952 0.153596
v -0.090453 -0.786426 0.118027
v -0.083142 -0.784685 0.069145
v -0.058319 -0.790565 0.040935
v 0.024670 -0.781808 0.001404
v -0.127343 -0.770548 -0.019794
v -0.112506 -0.769572 0.020475
v -0.153632 -0.749310 -0.013994
v -0.132601 -0.722389 0.048970
v -0.222351 -0.659605 0.120271
v -0.267680 -0.661666 0.059437
v -0.195645 -0.697491 0.002730
v -0.284857 -0.654733 0.098325
v -0.306347 -0.666692 0.052501
v -0.341706 -0.707493 -0.003043
v -0.356945 -0.699592 0.031705
v -0.311265 -0.711098 -0.027367
v -0.278314 -0.724213 -0.051601
v -0.227147 -0.729475 -0.044609
v -0.184618 -0.748793 -0.041276
v -0.328525 -0.718633 -0.056631
v -0.233591 -0.733104 -0.065211
v -0.400329 -0.706876 0.012406
v -0.380957 -0.703846 0.056259
v -0.385315 -0.706892 0.111143
v -0.365018 -0.708701 0.158896
v -0.387320 -0.714970 0.181406
v -0.365527 -0.715648 0.228269
v -0.312649 -0.736503 0.259220
v -0.331702 -0.722835 0.293761
v -0.354484 -0.656754 0.445700
v -0.245428 -0.647411 0.530959
v -0.178355 -0.684985 0.477515
v -0.179977 -0.658010 0.527506
v -0.148776 -0.609394 0.604241
v -0.130255 -0.618987 0.583451
v -0.039543 -0.551063 0.629117
v -0.102193 -0.577022 0.636175
v -0.051388 -0.541607 0.649297
v 0.000798 -0.525694 0.654675
v 0.053385 -0.517487 0.661617
v 0.235220 -0.538273 0.640351
v 0.265569 -0.482024 0.686022
v 0.206407 -0.440152 0.757053
v 0.218507 -0.378829 0.813607
v 0.143277 -0.417181 0.790363
v 0.167610 -0.344634 0.852667
v 0.206369 -0.307925 0.873381
v 0.177758 -0.296360 0.880146
v 0.144428 -0.264501 0.886282
v 0.113885 -0.256615 0.876607
v 0.322275 -0.169845 0.909497
v 0.358072 -0.227377 0.867035
v 0.370904 -0.197055 0.876428
v 0.327931 -0.114366 0.922860
v 0.315328 -0.031597 0.931023
v 0.345477 -0.050011 0.894539
v 0.350108 0.062503 0.899458
v 0.532503 0.258555 0.800586
v 0.378867 0.307720 0.771376
v 0.217170 0.293751 0.789669
v 0.278325 0.281873 0.799717
v 0.145435 0.320535 0.756275
v 0.288511 0.295319 0.778105
v 0.191431 0.315002 0.757237
v 0.157173 0.336965 0.720233
v 0.123140 0.359390 0.709927
v 0.089546 0.424757 0.677284
v 0.089427 0.487035 0.641316
v 0.134963 0.525558 0.610818
v 0.077874 0.550934 0.599292
v 0.183367 0.558392 0.562698
v 0.266841 0.540652 0.536859
v 0.275548 0.550983 0.510839
v 0.332741 0.516384 0.533577
v 0.333774 0.517506 0.511804
v 0.374098 0.497521 0.526666
v 0.448413 0.470522 0.542155
v 0.469691 0.460322 0.527978
v 0.435339 0.433426 0.471061
v 0.515335 0.423027 0.476245
v 0.474012 0.413614 0.441142
v 0.511953 0.410661 0.434211
v 0.516889 0.403538 0.352118
v 0.451854 0.410388 0.382897
v 0.571796 0.418793 0.423397
v 0.541234 0.425234 0.284994
v 0.452239 0.418544 0.335782
v 0.600400 0.451873 0.250402
v 0.583056 0.485774 0.175783
v 0.616991 0.497128 0.182362
v 0.615298 0.549550 0.120677
v 0.608294 0.573527 0.098574
v 0.679437 0.593466 0.133832
v 0.652304 0.615542 0.099917
v 0.584585 0.592448 0.075371
v 0.572290 0.645843 0.053196
v 0.554929 0.609106 0.058467
v 0.608617 0.641010 0.065622
v 0.495253 0.687239 0.007456
v 0.511969 0.668118 0.033321
v 0.682786 0.616415 0.107474
v 0.543551 0.677352 0.011136
v 0.636821 0.648384 0.050768
v 0.559748 0.681042 -0.068608
v 0.494114 0.713438 -0.154454
v 0.441636 0.723548 -0.162086
v 0.379014 0.723891 -0.112283
v 0.282317 0.714735 -0.032726
v 0.257548 0.721567 0.023889
v 0.279847 0.725174 0.034450
v 0.467580 0.685008 0.021956
v 0.481623 0.658279 0.038493
v 0.542650 0.556429 0.082757
v 0.496743 0.518940 0.107304
v 0.531414 0.465734 0.196537
v 0.415353 0.490383 0.186171
v 0.409286 0.431288 0.337601
v 0.390027 0.435417 0.383073
v 0.365619 0.459872 0.440461
v 0.246097 0.586822 0.404855
v 0.243554 0.591399 0.344461
v 0.279814 0.534024 0.379832
v 0.255345 0.592796 0.262649
v 0.220649 0.643622 0.306656
v 0.311155 0.515754 0.255679
v 0.265508 0.606462 0.210703
v 0.344019 0.508138 0.197683
v 0.313543 0.548396 0.173372
v 0.372554 0.519203 0.143646
v 0.356333 0.572518 0.105884
v 0.356166 0.635783 0.084124
v 0.389631 0.543202 0.106932
v 0.392996 0.577028 0.080700
v 0.429444 0.561711 0.073815
v 0.426951 0.590874 0.059928
v 0.397533 0.661082 0.054275
v 0.319541 0.684879 0.108062
v 0.232702 0.665744 0.244213
v 0.207309 0.643841 0.326070
v 0.186548 0.648340 0.331528
v 0.186591 0.629717 0.367559
v 0.096301 0.629842 0.475535
v 0.115451 0.616941 0.513305
v 0.042282 0.554077 0.582755
v -0.006218 0.491191 0.632193
v -0.008316 0.466148 0.651470
v -0.028794 0.423482 0.689339
v -0.066184 0.453422 0.671152
v -0.066426 0.468439 0.651790
v -0.140193 0.454562 0.670995
v -0.028714 0.492235 0.623459
v -0.076605 0.474240 0.628613
v 0.006129 0.522168 0.597784
v 0.033398 0.568424 0.530489
v -0.011661 0.514795 0.569619
v 0.091507 0.620918 0.506267
v 0.062154 0.613146 0.480692
v 0.061857 0.618260 0.402663
v 0.085567 0.621970 0.395244
v 0.062720 0.623892 0.369884
v 0.101933 0.647496 0.325868
v 0.061711 0.635045 0.345750
v 0.215271 0.689957 0.252707
v 0.263246 0.704697 0.183080
v 0.316723 0.706363 0.094361
v 0.362091 0.680344 0.065202
v 0.351924 0.703364 0.044308
v 0.318553 0.714310 0.066999
v 0.212099 0.756277 0.109990
v 0.155918 0.763107 0.156971
v 0.081358 0.764035 0.169120
v -0.089577 0.746965 0.158439
v -0.162666 0.740296 0.154572
v -0.121148 0.728410 0.184552
v -0.171349 0.696369 0.200609
v -0.105707 0.700492 0.214064
v 0.053011 0.654124 0.321380
v 0.016420 0.649718 0.308704
v 0.025311 0.616639 0.347838
v 0.032666 0.609489 0.370907
v -0.041193 0.483977 0.463840
v -0.039851 0.490531 0.599564
v -0.113400 0.462383 0.646233
v -0.156363 0.456152 0.656725
v -0.226800 0.459962 0.667560
v -0.187353 0.446643 0.695872
v -0.240759 0.443728 0.705642
v -0.289796 0.454707 0.676690
v -0.336342 0.442858 0.670380
v -0.270204 0.458678 0.641508
v -0.227046 0.444576 0.612127
v -0.173446 0.434934 0.577524
v -0.135536 0.438082 0.557484
v -0.099375 0.449345 0.537704
v -0.070997 0.459049 0.488813
v -0.135183 0.426683 0.493926
v -0.097724 0.446268 0.432829
v -0.188626 0.415249 0.462876
v -0.058988 0.482172 0.382434
v -0.115595 0.466616 0.355166
v -0.021872 0.526612 0.374036
v -0.047787 0.524642 0.326434
v -0.074246 0.499584 0.321646
v 0.010138 0.619768 0.325716
v -0.008111 0.637720 0.298824
v -0.047807 0.634688 0.271902
v -0.083143 0.667002 0.242898
v -0.172224 0.621949 0.226433
v -0.219329 0.669002 0.211506
v -0.205965 0.543318 0.239556
v -0.146061 0.529250 0.248580
v -0.200284 0.512284 0.254682
v -0.134040 0.504682 0.273507
v -0.094089 0.522834 0.277467
v -0.172700 0.455885 0.356414
v -0.255019 0.420956 0.434961
v -0.240102 0.413078 0.481117
v -0.189249 0.415707 0.505632
v -0.183836 0.428602 0.546228
v -0.364187 0.462487 0.594673
v -0.355885 0.459876 0.581642
v -0.410467 0.475318 0.512029
v -0.355776 0.444420 0.515724
v -0.392395 0.463519 0.467634
v -0.430222 0.494092 0.472783
v -0.329495 0.430521 0.453603
v -0.405036 0.498026 0.404101
v -0.356995 0.453157 0.414879
v -0.343937 0.473030 0.362772
v -0.327685 0.443464 0.402508
v -0.363649 0.505726 0.343572
v -0.284274 0.437830 0.391323
v -0.297316 0.477343 0.317272
v -0.273335 0.504382 0.275722
v -0.335316 0.540221 0.291076
v -0.259007 0.479131 0.303726
v -0.261942 0.546310 0.249330
v -0.187192 0.495279 0.277886
v -0.264595 0.678602 0.208937
v -0.301406 0.678948 0.217205
v -0.241378 0.719062 0.177001
v -0.338117 0.699805 0.214884
v -0.230617 0.739804 0.143912
v -0.156779 0.761959 0.058024
v -0.208692 0.788036 0.003151
v -0.125106 0.754627 0.079835
v -0.073781 0.751133 0.104360
v -0.074779 0.745679 0.034890
v 0.057661 0.764609 0.120031
v -0.003688 0.748127 0.049967
v 0.111521 0.765722 0.128003
v 0.193664 0.747428 0.090208
v 0.200295 0.700913 0.036440
v 0.241290 0.730756 0.052599
v 0.214434 0.684795 -0.024934
v 0.177957 0.693336 0.015471
v 0.062600 0.705705 0.019611
v 0.001061 0.733382 0.010305
v -0.125050 0.756326 0.020879
v -0.192567 0.787203 -0.023916
v -0.356344 0.778490 0.074449
v -0.322309 0.803399 0.000903
v -0.381124 0.746228 0.133356
v -0.452731 0.686401 0.171400
v -0.427973 0.669468 0.252595
v -0.382795 0.632463 0.276512
v -0.424832 0.596811 0.329269
v -0.444983 0.560472 0.381996
v -0.432585 0.511636 0.438314
v -0.458772 0.525830 0.433831
v -0.469159 0.487130 0.481380
v -0.422688 0.474754 0.523357
v -0.411021 0.464316 0.553960
v -0.421426 0.449067 0.569525
v -0.452649 0.396561 0.589212
v -0.448739 0.345199 0.621577
v -0.398922 0.318731 0.759044
v -0.438056 0.316476 0.694047
v -0.376102 0.316486 0.793695
v -0.402563 0.298194 0.808157
v -0.435261 0.290482 0.811482
v -0.403357 0.278324 0.842429
v -0.473376 0.277509 0.844982
v -0.521945 0.296738 0.808920
v -0.463069 0.257176 0.864328
v -0.532013 0.278813 0.829646
v -0.537953 0.241725 0.853534
v -0.574929 0.272684 0.812924
v -0.584424 0.231621 0.835714
v -0.573795 0.173379 0.862325
v -0.529081 0.199166 0.873898
v -0.618051 0.249017 0.797510
v -0.582410 0.068970 0.859540
v -0.499595 0.108578 0.888185
v -0.494619 0.170049 0.889180
v -0.559571 0.028273 0.872855
v -0.602071 -0.129084 0.821651
v -0.572175 -0.080404 0.849377
v -0.542363 -0.005272 0.878609
v -0.478340 -0.000060 0.895807
v -0.522176 -0.044274 0.871197
v -0.557798 -0.097863 0.837792
v -0.557676 -0.132199 0.806935
v -0.527970 -0.090859 0.825438
v -0.502627 -0.049017 0.863009
v -0.474869 -0.044224 0.848752
v -0.444314 -0.012532 0.886073
v -0.474250 0.032874 0.903118
v -0.258932 0.118217 0.884043
v -0.204983 0.106015 0.883109
v -0.147428 0.124560 0.871830
v -0.166059 0.156404 0.856881
v -0.185267 0.205982 0.811378
v -0.156554 0.264129 0.787003
v -0.212318 0.238121 0.790942
v -0.310304 0.258822 0.825595
v -0.351025 0.251890 0.854069
v -0.402726 0.245221 0.872202
v -0.441322 0.207772 0.887094
v -0.364178 0.294979 0.820380
v -0.354828 0.314975 0.804008
v -0.309976 0.293073 0.809555
v -0.096326 0.242266 0.819056
v -0.067180 0.255466 0.816501
v 0.028517 0.248337 0.818273
v -0.040872 0.217135 0.830325
v 0.051419 0.203988 0.848702
v 0.102984 0.166923 0.871770
v 0.170991 0.070859 0.939319
v 0.204168 0.006041 0.961464
v 0.172829 -0.044747 0.948830
v 0.129579 -0.111045 0.931723
v 0.075824 -0.137504 0.910975
v 0.051033 -0.110364 0.901018
v 0.022152 -0.104388 0.898520
v 0.052995 -0.046090 0.872786
v -0.004726 -0.049656 0.891601
v 0.078912 -0.080204 0.885948
v 0.021502 -0.024486 0.878973
v 0.059512 0.055951 0.891582
v 0.015826 0.135537 0.872612
v -0.115648 0.090133 0.876215
v -0.026222 0.158581 0.866325
v -0.078753 0.171349 0.861051
v 0.062755 0.116761 0.887110
v 0.104812 0.094761 0.907403
v 0.166596 0.050418 0.943750
v 0.130592 0.053248 0.921056
v 0.165887 0.012194 0.941456
v 0.125958 0.027535 0.900550
v 0.085222 0.067580 0.903643
v 0.087311 -0.045702 0.874871
v -0.242775 0.053978 0.907768
v -0.122385 0.039880 0.887165
v -0.203807 0.034333 0.893272
v -0.062624 -0.011653 0.888666
v -0.013094 -0.085995 0.891407
v 0.038286 -0.157781 0.887299
v 0.017812 -0.154776 0.874169
v 0.057191 -0.246339 0.848653
v 0.135241 -0.335211 0.848359
v 0.082907 -0.398739 0.789171
v 0.068832 -0.423096 0.768472
v -0.001487 -0.460087 0.708750
v -0.039742 -0.484732 0.683760
v -0.081963 -0.505212 0.669450
v -0.205802 -0.551364 0.642918
v -0.292358 -0.562550 0.589259
v -0.325694 -0.547194 0.584938
v -0.353787 -0.617257 0.514601
v -0.401718 -0.624022 0.486249
v -0.502195 -0.568990 0.550118
v -0.468534 -0.614757 0.495464
v -0.570912 -0.573785 0.533217
v -0.503040 -0.617384 0.480650
v -0.459990 -0.655982 0.365419
v -0.458995 -0.663248 0.314918
v -0.600657 -0.654403 0.016273
v -0.674664 -0.554277 -0.078241
v -0.668978 -0.542218 -0.130747
v -0.589066 -0.579517 -0.201633
v -0.553659 -0.573394 -0.255332
v -0.525525 -0.568821 -0.297154
v -0.517477 -0.556937 -0.334122
v -0.530373 -0.532414 -0.361415
v -0.550163 -0.514689 -0.389501
v -0.535837 -0.530321 -0.409356
v -0.587504 -0.497237 -0.418602
v -0.498022 -0.482379 -0.525207
v -0.549627 -0.457781 -0.515093
v -0.499604 -0.456345 -0.542908
v -0.389835 -0.429205 -0.692515
v -0.461673 -0.457756 -0.576005
v -0.416355 -0.432758 -0.645230
v -0.387595 -0.348235 -0.702774
v -0.374137 -0.320063 -0.746200
v -0.380565 -0.295801 -0.771671
v -0.343283 -0.315786 -0.760595
v -0.417081 -0.226015 -0.836014
v -0.452547 -0.207743 -0.838038
v -0.555118 -0.144144 -0.817224
v -0.773760 -0.222715 -0.648886
v -0.803398 -0.256072 -0.599837
v -0.864336 -0.205249 -0.555554
v -0.955590 -0.122455 -0.489488
v -0.998381 -0.062563 -0.471064
v -1.026926 -0.024269 -0.464261
v -1.008958 0.059645 -0.464206
v -0.939388 0.036569 -0.484097
v -0.907876 0.095719 -0.548172
v -1.013196 0.165475 -0.348872
v -0.964586 0.215204 -0.336574
v -0.964273 0.247600 -0.246958
v -0.974212 0.269313 -0.179331
v -0.974804 0.307950 -0.131464
v -0.949226 0.350695 -0.144605
v -0.947948 0.375144 -0.096201
v -0.943010 0.400914 -0.034783
v -0.962918 0.402504 0.054863
v -0.936294 0.420788 0.071949
v -0.881714 0.459658 0.071580
v -0.907708 0.423626 0.148589
v -0.874021 0.452826 0.241943
v -0.849450 0.472151 0.261939
v -0.749906 0.559498 0.210312
v -0.752191 0.517268 0.287277
v -0.791496 0.462148 0.350541
v -0.735581 0.491343 0.338763
v -0.725024 0.479032 0.350469
v -0.678738 0.411665 0.382495
v -0.709433 0.392215 0.382666
v -0.757134 0.382358 0.396533
v -0.806850 0.425168 0.390574
v -0.793431 0.394438 0.429901
v -0.790574 0.442227 0.367038
v -0.771122 0.462011 0.352512
v -0.822678 0.445474 0.356287
v -0.808348 0.391855 0.436920
v -0.784820 0.355018 0.507791
v -0.834711 0.381611 0.431250
v -0.795109 0.339107 0.521885
v -0.700959 0.328012 0.572724
v -0.669367 0.302366 0.626857
v -0.601936 0.301444 0.673298
v -0.494393 0.305308 0.663559
v -0.515381 0.295647 0.617157
v -0.551689 0.302352 0.683364
v -0.462724 0.323613 0.634500
v -0.557025 0.297075 0.790266
v -0.606707 0.278189 0.773284
v -0.678020 0.229524 0.746948
v -0.723197 0.234161 0.692166
v -0.724435 0.265078 0.643123
v -0.761648 0.233604 0.643041
v -0.804420 0.237765 0.597584
v -0.829259 0.239924 0.566988
v -0.831739 0.301560 0.523733
v -0.750101 0.288256 0.592328
v -0.656904 0.276704 0.693327
v -0.606303 0.292850 0.712542
v -0.575083 0.299579 0.756480
v -0.781188 0.203065 0.646740
v -0.837017 0.207550 0.564006
v -0.810058 0.188653 0.597481
v -0.787367 0.183954 0.638358
v -0.859316 0.190457 0.518554
v -0.871908 0.168762 0.494672
v -0.843150 0.169976 0.520210
v -0.916763 0.178314 0.462087
v -0.902633 0.146399 0.461994
v -0.942850 0.119797 0.415736
v -0.904649 0.124869 0.445599
v -0.923326 0.102057 0.428750
v -0.935018 0.071293 0.417444
v -0.959130 0.043856 0.413300
v -0.875668 0.043839 0.412664
v -0.842201 0.076363 0.425704
v -0.866583 0.013674 0.414650
v -0.812363 0.086782 0.442066
v -0.809149 0.023327 0.469661
v -0.774478 0.035097 0.490628
v -0.724921 0.051511 0.504346
v -0.727845 0.079183 0.507312
v -0.763443 0.096042 0.479924
v -0.790047 0.115461 0.474485
v -0.831540 0.111513 0.450474
v -0.833653 0.141234 0.479292
v -0.791477 0.142329 0.510060
v -0.795904 0.165548 0.583464
v -0.779720 0.160634 0.625666
v -0.765743 0.137764 0.660071
v -0.730896 0.063455 0.732575
v -0.767262 0.166711 0.687176
v -0.725239 0.083125 0.747261
v -0.709832 -0.010146 0.773711
v -0.691563 -0.084269 0.780160
v -0.683985 -0.182547 0.751353
v -0.652385 -0.182880 0.775543
v -0.601604 -0.217382 0.778393
v -0.591901 -0.173871 0.798248
v -0.570199 -0.178530 0.774642
v -0.531024 -0.140103 0.746238
v -0.370193 0.005286 0.895509
v -0.404896 0.011368 0.908509
v -0.404614 0.024422 0.914095
v -0.322135 0.042038 0.915456
v -0.317879 0.063559 0.916174
v -0.228680 0.011912 0.872043
v -0.185702 0.001454 0.866102
v -0.120238 -0.001131 0.879229
v -0.053161 -0.051659 0.883745
v -0.067687 -0.093028 0.833027
v -0.019774 -0.169765 0.816015
v 0.025574 -0.211000 0.841919
v -0.010610 -0.263889 0.765238
v 0.060983 -0.335485 0.797365
v 0.017352 -0.297961 0.780257
v 0.025550 -0.394742 0.766267
v -0.114832 -0.466489 0.671206
v -0.210393 -0.522411 0.649450
v -0.284782 -0.517546 0.626846
v -0.347373 -0.507855 0.615755
v -0.375224 -0.557638 0.573290
v -0.420211 -0.545747 0.587748
v -0.535676 -0.497199 0.643887
v -0.460177 -0.517340 0.621713
v -0.522001 -0.477022 0.663127
v -0.413732 -0.505441 0.618747
v -0.351070 -0.493749 0.617606
v -0.403037 -0.481595 0.624554
v -0.266870 -0.504597 0.630839
v -0.266614 -0.467852 0.611762
v -0.183126 -0.501824 0.654096
v -0.209444 -0.441980 0.617564
v -0.150763 -0.475341 0.658758
v -0.167538 -0.419822 0.629878
v -0.114506 -0.438725 0.669085
v -0.189030 -0.331627 0.593476
v -0.133721 -0.342900 0.632095
v -0.146366 -0.244637 0.621487
v -0.067024 -0.285986 0.688942
v -0.115142 -0.203638 0.662405
v -0.155791 -0.165056 0.650499
v -0.187124 -0.193584 0.625539
v -0.124109 -0.137305 0.698778
v -0.195372 -0.125963 0.659165
v -0.181882 -0.067989 0.718179
v -0.241623 -0.072333 0.695421
v -0.127862 -0.056877 0.800038
v -0.162446 -0.035187 0.797424
v -0.200663 -0.017716 0.798536
v -0.240916 -0.004292 0.806099
v -0.263669 -0.036936 0.732241
v -0.282006 -0.002594 0.807781
v -0.357344 -0.015140 0.796600
v -0.313545 0.008448 0.872518
v -0.399230 -0.019461 0.809777
v -0.283963 0.017335 0.885674
v -0.149707 -0.015946 0.859516
v -0.113736 -0.039278 0.855418
v -0.065257 -0.066850 0.864150
v -0.077934 -0.115751 0.780327
v -0.069628 -0.164805 0.738045
v -0.053907 -0.242626 0.711620
v -0.010821 -0.317810 0.750224
v -0.024232 -0.376783 0.738884
v -0.047197 -0.395287 0.716020
v -0.075919 -0.426991 0.693503
v -0.365672 -0.040935 0.745280
v -0.368641 -0.062272 0.714320
v -0.286150 -0.100384 0.667151
v -0.270967 -0.141042 0.646658
v -0.287322 -0.189456 0.636266
v -0.203150 -0.290513 0.586086
v -0.231820 -0.323164 0.574847
v -0.269876 -0.368429 0.575808
v -0.249264 -0.427358 0.601213
v -0.327294 -0.455226 0.596488
v -0.364930 -0.452705 0.596511
v -0.483969 -0.439609 0.657386
v -0.465654 -0.468541 0.649255
v -0.531537 -0.443990 0.682746
v -0.559268 -0.455888 0.679255
v -0.567064 -0.412110 0.696405
v -0.589665 -0.378176 0.698367
v -0.621634 -0.352539 0.704651
v -0.620996 -0.304911 0.740667
v -0.653624 -0.309749 0.716112
v -0.651578 -0.394828 0.665772
v -0.603842 -0.432420 0.678115
v -0.673402 -0.434263 0.635402
v -0.783556 -0.436260 0.520476
v -0.835367 -0.398689 0.488043
v -0.782362 -0.337321 0.576545
v -0.809175 -0.304236 0.560237
v -0.971539 -0.212510 0.440341
v -0.912630 -0.246638 0.482268
v -0.958204 -0.193314 0.457282
v -1.022174 -0.122046 0.409096
v -0.990151 -0.098683 0.426396
v -1.035000 -0.043965 0.396896
v -0.987803 -0.044353 0.419466
v -0.992828 0.006255 0.413907
v -1.029192 0.016589 0.392071
v -0.961427 0.078335 0.408675
v -0.895375 -0.032459 0.410872
v -0.864671 -0.033672 0.416973
v -0.757607 -0.016734 0.508914
v -0.693896 0.040509 0.558705
v -0.708976 0.058818 0.524962
v -0.761613 0.138805 0.550243
v -0.748779 0.102824 0.691308
v -0.733597 0.062643 0.708138
v -0.725888 0.021018 0.719730
v -0.720986 -0.025066 0.749410
v -0.707220 -0.098937 0.752767
v -0.710833 -0.192215 0.712844
v -0.728088 -0.255711 0.668512
v -0.760189 -0.259012 0.629873
v -0.856793 -0.284181 0.524204
v -0.825683 -0.258992 0.559424
v -0.872831 -0.243362 0.515707
v -0.904991 -0.214711 0.488941
v -0.837128 -0.225750 0.531534
v -0.863030 -0.216067 0.508213
v -0.909753 -0.192369 0.478407
v -0.962348 -0.140699 0.445445
v -0.963231 -0.090692 0.427453
v -0.876473 -0.145343 0.449257
v -0.899619 -0.114618 0.431943
v -0.888830 -0.070691 0.418021
v -0.862015 -0.108799 0.436565
v -0.830086 -0.090538 0.453947
v -0.803917 -0.122973 0.472280
v -0.741887 -0.117698 0.508250
v -0.728205 -0.051430 0.521803
v -0.696631 -0.071151 0.539955
v -0.705456 0.005607 0.529899
v -0.680913 -0.041936 0.563508
v -0.678460 -0.023994 0.608889
v -0.693782 0.045313 0.622927
v -0.717058 0.095989 0.594120
v -0.704092 0.072921 0.611462
v -0.737754 0.121990 0.574993
v -0.721927 -0.023040 0.726820
v -0.715721 -0.102834 0.725421
v -0.721749 -0.154629 0.690621
v -0.731001 -0.186557 0.671699
v -0.793566 -0.237631 0.584615
v -0.812183 -0.227366 0.553721
v -0.782551 -0.219927 0.580737
v -0.822788 -0.185536 0.489208
v -0.838387 -0.158994 0.464358
v -0.800003 -0.148461 0.477278
v -0.733706 -0.142468 0.518315
v -0.706015 -0.087443 0.529811
v -0.677101 -0.070957 0.595321
v -0.688484 -0.004785 0.641916
v -0.715017 -0.071374 0.712441
v -0.715558 -0.110855 0.694542
v -0.716515 -0.141230 0.667247
v -0.727037 -0.171211 0.653341
v -0.751867 -0.215436 0.639689
v -0.742935 -0.190658 0.555815
v -0.788188 -0.201370 0.524520
v -0.755691 -0.167861 0.516878
v -0.694731 -0.140337 0.603540
v -0.683980 -0.073473 0.634837
v -0.746474 -0.197357 0.621667
v -0.714399 -0.170030 0.577524
v -0.733981 -0.177123 0.543553
v -0.973106 0.099109 0.391365
v -1.041187 -0.142879 0.377818
v -1.045201 -0.176783 0.345871
v -1.060720 -0.190987 0.253367
v -1.024439 -0.248781 0.241114
v -0.993002 -0.276882 0.162029
v -0.981147 -0.334919 0.131016
v -0.962063 -0.422163 0.104856
v -0.936032 -0.472720 0.037610
v -0.920984 -0.492321 0.092008
v -0.907799 -0.481803 0.187439
v -0.906662 -0.481640 0.267454
v -0.920959 -0.448957 0.309772
v -0.910173 -0.439864 0.352952
v -0.876112 -0.488461 0.365547
v -0.834322 -0.449569 0.453304
v -0.746301 -0.501294 0.510975
v -0.629642 -0.549415 0.544926
v -0.555961 -0.586745 0.498692
v -0.489334 -0.630242 0.421552
v -0.482132 -0.675463 0.261649
v -0.513362 -0.672692 0.213310
v -0.548973 -0.671538 0.175655
v -0.591684 -0.662801 0.128163
v -0.605102 -0.657225 0.098587
v -0.682370 -0.629278 0.072004
v -0.803972 -0.591771 0.171877
v -0.871322 -0.530707 0.218196
v -0.862369 -0.544357 0.240585
v -0.868114 -0.535395 0.273931
v -0.858116 -0.523221 0.322332
v -0.878098 -0.510611 0.320479
v -0.833500 -0.550593 0.250207
v -0.841040 -0.512560 0.348298
v -0.841483 -0.533835 0.287462
v -0.825657 -0.499953 0.386352
v -0.810510 -0.495535 0.420737
v -0.785136 -0.495986 0.446075
v -0.855246 -0.500500 0.374439
v -0.866572 -0.536446 0.143191
v -0.878309 -0.531784 0.053685
v -0.863780 -0.531517 0.010384
v -0.839813 -0.523519 -0.051575
v -0.790669 -0.530357 -0.107463
v -0.736987 -0.574555 -0.024536
v -0.720685 -0.546213 -0.078955
v -0.782089 -0.522620 -0.154055
v -0.721371 -0.531693 -0.128453
v -0.727637 -0.524630 -0.198646
v -0.654117 -0.549486 -0.211473
v -0.598065 -0.565848 -0.225828
v -0.631032 -0.542695 -0.230416
v -0.595002 -0.543737 -0.239492
v -0.556568 -0.551146 -0.265251
v -0.566329 -0.464017 -0.340934
v -0.622461 -0.480328 -0.412156
v -0.671473 -0.464014 -0.401738
v -0.648410 -0.464092 -0.387816
v -0.673221 -0.458274 -0.364636
v -0.685736 -0.458487 -0.335761
v -0.599287 -0.443622 -0.298805
v -0.571516 -0.513492 -0.260676
v -0.738204 -0.449685 -0.356620
v -0.826246 -0.430607 -0.341157
v -0.800246 -0.466344 -0.270068
v -0.753245 -0.485875 -0.255683
v -0.807217 -0.481112 -0.231943
v -0.837895 -0.438856 -0.285007
v -0.873463 -0.372424 -0.374906
v -0.881459 -0.386475 -0.329677
v -0.821983 -0.326910 -0.482771
v -0.834113 -0.280584 -0.529674
v -0.797038 -0.310130 -0.556989
v -0.874120 -0.345722 -0.404047
v -0.885387 -0.399571 -0.281987
v -0.875530 -0.426576 -0.258079
v -0.853132 -0.461703 -0.230560
v -0.867950 -0.442223 -0.233865
v -0.835804 -0.484268 -0.198866
v -0.860601 -0.489137 -0.137734
v -0.871037 -0.463271 -0.180514
v -0.897394 -0.368785 -0.321938
v -0.891078 -0.348432 -0.369704
v -0.891293 -0.267984 -0.433088
v -0.968692 -0.130816 -0.472078
v -1.008584 -0.078193 -0.465611
v -1.042644 -0.032308 -0.454990
v -1.031163 -0.087863 -0.442789
v -1.051142 -0.040546 -0.436077
v -1.065727 0.083364 -0.390672
v -1.053442 0.113872 -0.337757
v -1.040672 0.190636 -0.290118
v -1.046414 0.216128 -0.234717
v -1.049434 0.236148 -0.160572
v -1.007024 0.248620 -0.172580
v -1.020758 0.273497 -0.119070
v -0.999661 0.292827 -0.087029
v -0.970240 0.323864 -0.097375
v -0.956778 0.326742 -0.061352
v -0.953004 0.379978 -0.036455
v -0.965350 0.332005 -0.023693
v -0.991589 0.347545 0.017465
v -1.005543 0.347497 0.045560
v -1.003259 0.355823 0.115558
v -0.967201 0.397879 0.126303
v -0.952046 0.397828 0.170468
v -0.927288 0.404100 0.225698
v -0.898149 0.386950 0.306407
v -0.887815 0.378859 0.339513
v -0.892574 0.315415 0.386484
v -0.889684 0.346151 0.298114
v -0.900233 0.329646 0.271714
v -0.917943 0.329540 0.256324
v -0.918889 0.281780 0.262194
v -0.912822 0.241025 0.335843
v -0.986470 0.203868 0.294047
v -0.996790 0.228241 0.257310
v -0.947796 0.271363 0.247772
v -0.919910 0.379516 0.269119
v -0.951942 0.355945 0.237797
v -0.992748 0.341046 0.199614
v -0.982598 0.327144 0.222450
v -1.005455 0.278690 0.220564
v -0.991286 0.269950 0.234904
v -0.964188 0.205693 0.333964
v -0.951385 0.214292 0.376338
v -0.928120 0.247354 0.396250
v -0.907999 0.282311 0.396819
v -1.111655 0.157987 0.145543
v -1.064506 0.207482 0.142885
v -1.056587 0.268095 0.018578
v -1.040502 0.253889 0.123122
v -1.042929 0.289399 0.021317
v -1.026815 0.311983 0.063607
v -1.015968 0.327363 0.136530
v -0.985600 0.373765 0.151474
v -1.121296 0.169443 0.064011
v -1.125945 0.132584 0.133158
v -1.090124 0.044764 0.244733
v -1.088848 -0.018303 0.285817
v -1.085722 -0.104010 0.282951
v -1.098455 -0.048373 0.251299
v -1.079488 -0.133463 0.248234
v -1.086737 -0.068990 0.210672
v -1.052249 -0.163703 0.197622
v -1.016993 -0.206984 0.159774
v -0.992421 -0.283830 0.129403
v -0.953593 -0.430600 0.053738
v -0.904923 -0.500198 -0.009823
v -0.915145 -0.500924 0.036283
v -0.882458 -0.489666 -0.075771
v -0.880027 -0.468338 -0.126184
v -0.889765 -0.468336 -0.080158
v -0.884726 -0.421542 -0.187672
v -0.878477 -0.402577 -0.215835
v -0.880284 -0.415712 -0.219225
v -0.881061 -0.386716 -0.249411
v -0.897211 -0.362445 -0.313143
v -0.894201 -0.292752 -0.389066
v -0.967064 -0.153444 -0.452537
v -1.003748 -0.122048 -0.444227
v -0.964536 -0.159509 -0.429204
v -1.004068 -0.121574 -0.421570
v -1.027311 -0.092084 -0.419735
v -1.073978 0.063383 -0.372202
v -1.070368 0.094595 -0.328114
v -1.070045 0.136750 -0.295176
v -1.086324 0.164771 -0.228994
v -1.090987 0.185990 -0.140498
v -1.073493 0.193525 -0.230803
v -1.116017 0.172918 -0.014297
v -1.128102 0.148365 0.046539
v -1.126234 0.095581 0.109772
v -1.106321 0.068029 0.174854
v -1.095405 0.015439 0.225792
v -1.084492 -0.011888 0.169232
v -1.083269 0.014763 0.117153
v -1.071975 -0.029070 0.150487
v -1.047776 -0.091065 0.153578
v -1.023345 -0.133921 0.146691
v -0.998823 -0.227449 0.137342
v -0.987761 -0.277304 0.119065
v -0.969149 -0.345020 0.084761
v -0.955341 -0.378624 0.053431
v -0.924290 -0.423916 0.004866
v -0.914312 -0.471611 -0.019732
v -0.884737 -0.443367 -0.116327
v -0.892474 -0.444527 -0.067391
v -0.872243 -0.409451 -0.117336
v -0.890519 -0.360048 -0.297322
v -0.882778 -0.303070 -0.352912
v -0.901970 -0.254660 -0.415859
v -0.940691 -0.191868 -0.437389
v -0.914922 -0.212775 -0.413888
v -0.927252 -0.184405 -0.410964
v -1.053056 -0.032315 -0.413511
v -1.069090 0.016765 -0.394678
v -1.086941 0.139024 -0.229185
v -1.088393 0.146720 -0.156379
v -1.102003 0.164279 -0.084642
v -1.115415 0.109685 0.020100
v -1.104918 0.055255 0.076739
v -1.090590 0.085943 0.012688
v -1.083609 0.048003 0.061732
v -1.065407 0.008770 0.096435
v -1.052506 -0.040333 0.128447
v -0.987411 -0.082796 0.112674
v -1.000722 -0.180003 0.140110
v -0.951296 -0.354422 0.054027
v -0.904519 -0.419495 -0.021763
v -0.879892 -0.413030 -0.073550
v -0.869804 -0.399118 -0.182184
v -0.847156 -0.372951 -0.203679
v -0.885221 -0.275515 -0.375223
v -0.896679 -0.251520 -0.397987
v -1.066922 0.076686 -0.325374
v -1.072243 0.119747 -0.218101
v -1.070253 0.128925 -0.157015
v -1.085773 0.129928 -0.096765
v -1.100276 0.137798 -0.059717
v -1.080951 0.109670 -0.042648
v -1.009654 0.003322 0.074375
v -0.997467 -0.037654 0.097885
v -0.965827 -0.160654 0.120269
v -0.945097 -0.243946 0.100204
v -0.885647 -0.408286 -0.046736
v -0.831690 -0.374204 -0.119142
v -0.832432 -0.342425 -0.235280
v -0.880489 -0.197576 -0.380933
v -0.931046 -0.153352 -0.385744
v -1.047151 0.010559 -0.369979
v -1.044590 0.064173 -0.311663
v -1.043390 0.113208 -0.098598
v -1.008305 0.087405 -0.048761
v -1.007099 0.065878 -0.003730
v -1.007269 0.040661 0.032270
v -0.956208 -0.028753 0.057431
v -0.937673 -0.108387 0.082376
v -0.923523 -0.173471 0.084066
v -0.909870 -0.215907 0.070256
v -0.894584 -0.261043 0.040514
v -0.885297 -0.287454 0.014986
v -0.857045 -0.277224 -0.037328
v -0.815531 -0.300413 -0.064005
v -0.809394 -0.312236 -0.064333
v -0.833150 -0.336489 -0.036939
v -0.826492 -0.363459 -0.164053
v -0.824312 -0.279353 -0.235970
v -0.835502 -0.254283 -0.284155
v -0.858298 -0.216988 -0.353230
v -0.910179 -0.166189 -0.364839
v -0.955311 -0.128247 -0.390304
v -0.991572 -0.067103 -0.388514
v -1.032420 -0.046296 -0.402061
v -0.997258 0.102613 -0.155531
v -0.993333 0.091898 -0.204991
v -0.991688 0.092243 -0.105295
v -0.953972 0.049211 -0.040851
v -0.952788 0.008978 0.018082
v -0.896990 -0.069607 0.017969
v -0.894215 -0.113456 0.038429
v -0.881046 -0.171502 0.034934
v -0.866421 -0.217512 0.007049
v -0.852453 -0.244204 -0.050494
v -0.840715 -0.278697 -0.067820
v -0.821559 -0.281335 -0.107364
v -0.814997 -0.290768 -0.147004
v -0.800519 -0.312822 -0.095826
v -0.808287 -0.332557 -0.134404
v -0.825166 -0.338418 -0.194463
v -0.816287 -0.298615 -0.168275
v -0.827705 -0.248771 -0.235966
v -0.858750 -0.215877 -0.307622
v -0.902439 -0.168292 -0.336512
v -0.935818 -0.128405 -0.369852
v -0.986660 -0.022704 -0.360865
v -0.998672 0.046594 -0.302280
v -1.065795 0.096456 -0.274534
v -0.982603 0.060517 -0.257176
v -0.948950 0.060582 -0.128065
v -0.912666 -0.000389 -0.029654
v -0.914927 0.027707 -0.083991
v -0.898192 -0.011289 -0.055239
v -0.875395 -0.159738 0.018284
v -0.857445 -0.204954 -0.067636
v -0.835103 -0.242281 -0.118021
v -0.832281 -0.221631 -0.190943
v -0.877630 -0.176916 -0.308510
v -0.937493 -0.080241 -0.339979
v -0.979071 0.016668 -0.321405
v -0.952311 0.005784 -0.286129
v -0.930266 0.028670 -0.217116
v -0.900585 0.004647 -0.149556
v -0.905135 0.008299 -0.101679
v -0.872329 -0.163361 -0.006844
v -0.889580 -0.123154 -0.071999
v -0.888788 -0.121252 -0.105254
v -0.879965 -0.147874 -0.116677
v -0.854751 -0.163547 -0.219497
v -0.856862 -0.155856 -0.251241
v -0.880889 -0.097416 -0.259704
v -0.913748 -0.074475 -0.305250
v -0.923206 -0.017587 -0.273295
v -0.894345 -0.023421 -0.215044
v -0.890547 -0.019799 -0.145933
v -0.874828 -0.111845 -0.202211
v -0.772940 -0.275819 -0.615353
v -0.777397 -0.310575 -0.574240
v -0.764437 -0.350527 -0.509943
v -0.698873 -0.372369 -0.517946
v -0.673098 -0.415157 -0.493954
v -0.618715 -0.438594 -0.495873
v -0.598548 -0.429508 -0.506952
v -0.553215 -0.440668 -0.515559
v -0.481172 -0.401297 -0.542518
v -0.443646 -0.335865 -0.588781
v -0.430112 -0.312054 -0.613854
v -0.405070 -0.322545 -0.659189
v -0.439420 -0.255344 -0.654205
v -0.411516 -0.278210 -0.686741
v -0.399454 -0.295612 -0.749285
v -0.388297 -0.317634 -0.729220
v -0.439563 -0.251691 -0.769537
v -0.432249 -0.259760 -0.786072
v -0.467701 -0.231979 -0.804174
v -0.431433 -0.247998 -0.815515
v -0.473397 -0.213591 -0.825477
v -0.506051 -0.176761 -0.830321
v -0.621156 -0.150100 -0.769109
v -0.658161 -0.143751 -0.752426
v -0.725460 -0.196653 -0.700714
v -0.742363 -0.241115 -0.663863
v -0.748360 -0.289795 -0.615744
v -0.733706 -0.327139 -0.557815
v -0.714882 -0.341919 -0.539925
v -0.659508 -0.385405 -0.513686
v -0.626199 -0.409523 -0.507984
v -0.559286 -0.387514 -0.503937
v -0.517445 -0.390144 -0.517348
v -0.490561 -0.337405 -0.543015
v -0.526806 -0.312938 -0.527783
v -0.499338 -0.260852 -0.567996
v -0.485454 -0.215013 -0.645133
v -0.457532 -0.218465 -0.683383
v -0.441137 -0.232874 -0.711692
v -0.499324 -0.209958 -0.785861
v -0.530783 -0.185582 -0.801036
v -0.534391 -0.190474 -0.777054
v -0.681007 -0.195755 -0.715070
v -0.702275 -0.202432 -0.708935
v -0.719587 -0.234489 -0.674413
v -0.738942 -0.299147 -0.604414
v -0.723615 -0.300628 -0.588543
v -0.712791 -0.316121 -0.564967
v -0.696103 -0.341801 -0.537290
v -0.576443 -0.313204 -0.513144
v -0.539956 -0.265794 -0.544026
v -0.587105 -0.247717 -0.554808
v -0.550998 -0.239127 -0.563980
v -0.517756 -0.232688 -0.583173
v -0.516286 -0.213406 -0.621644
v -0.580599 -0.181017 -0.667056
v -0.535042 -0.187152 -0.666643
v -0.503921 -0.190872 -0.683798
v -0.569497 -0.170355 -0.705646
v -0.533472 -0.176138 -0.720557
v -0.569192 -0.179140 -0.768929
v -0.600482 -0.174099 -0.750331
v -0.632275 -0.177841 -0.732735
v -0.656418 -0.190027 -0.716483
v -0.698083 -0.221946 -0.681725
v -0.687527 -0.247761 -0.616843
v -0.673285 -0.297449 -0.540922
v -0.647075 -0.302352 -0.522382
v -0.605730 -0.301443 -0.516405
v -0.640858 -0.248679 -0.568055
v -0.605409 -0.205213 -0.629445
v -0.622924 -0.185414 -0.668820
v -0.603868 -0.174388 -0.694727
v -0.662300 -0.208308 -0.659110
v -0.808670 -0.483003 0.459123
v -0.679400 -0.533230 0.534857
v -0.623738 -0.556141 0.526990
v -0.616442 -0.555498 0.512251
v -0.520099 -0.610627 0.470780
v -0.479370 -0.643508 0.365905
v -0.481747 -0.653061 0.312377
v -0.499590 -0.657520 0.264780
v -0.556672 -0.660123 0.183539
v -0.605842 -0.650971 0.149315
v -0.624446 -0.640815 0.147086
v -0.687122 -0.630580 0.127781
v -0.762724 -0.611000 0.154845
v -0.817457 -0.569466 0.214393
v -0.781251 -0.593477 0.178934
v -0.779382 -0.478597 0.391009
v -0.754679 -0.480643 0.421152
v -0.763249 -0.503271 0.473544
v -0.723287 -0.518964 0.500221
v -0.677106 -0.532757 0.512030
v -0.568473 -0.561279 0.466919
v -0.524197 -0.652755 0.224800
v -0.671453 -0.613897 0.147121
v -0.714839 -0.618956 0.142874
v -0.789523 -0.542064 0.226515
v -0.777760 -0.519464 0.251682
v -0.703237 -0.554349 0.215977
v -0.741167 -0.483026 0.356947
v -0.714986 -0.485130 0.406094
v -0.730991 -0.488396 0.451317
v -0.705619 -0.497721 0.467962
v -0.669293 -0.517114 0.485525
v -0.548767 -0.562677 0.428739
v -0.522341 -0.579993 0.397199
v -0.500877 -0.608352 0.357308
v -0.508901 -0.609792 0.307906
v -0.519323 -0.622409 0.264555
v -0.564865 -0.619700 0.198679
v -0.569887 -0.598490 0.227259
v -0.602547 -0.563487 0.269356
v -0.653515 -0.548587 0.265952
v -0.655088 -0.513130 0.363352
v -0.605531 -0.531240 0.392467
v -0.658625 -0.506418 0.445565
v -0.707766 -0.569245 0.187369
v -0.718892 -0.582678 0.171480
v -0.592425 -0.302464 0.740990
v -0.600463 -0.254444 0.760145
v -0.573456 -0.253513 0.733505
v -0.536974 -0.264695 0.682117
v -0.545364 -0.207336 0.713469
v -0.513978 -0.158650 0.710175
v -0.493460 -0.087459 0.767574
v -0.443238 -0.061820 0.752682
v -0.468474 -0.100907 0.719773
v -0.378791 -0.094280 0.683453
v -0.445075 -0.166154 0.662288
v -0.362494 -0.145412 0.647086
v -0.322405 -0.166153 0.634274
v -0.333558 -0.234676 0.604133
v -0.329993 -0.275369 0.582126
v -0.327653 -0.342744 0.565490
v -0.364402 -0.351507 0.571588
v -0.422978 -0.410049 0.602524
v -0.401012 -0.443538 0.603675
v -0.522729 -0.411142 0.680388
v -0.556159 -0.361452 0.696703
v -0.570457 -0.328874 0.713312
v -0.573185 -0.370122 0.701349
v -0.525914 -0.332053 0.664937
v -0.515095 -0.231551 0.672988
v -0.420119 -0.255203 0.608488
v -0.370097 -0.272263 0.587974
v -0.393516 -0.314192 0.583709
v -0.471884 -0.320114 0.618860
v -0.495364 -0.362392 0.637520
v -0.462067 -0.244668 0.630317
v -0.684150 0.623209 0.174610
v -0.656300 0.645577 0.118328
v -0.610174 0.668046 0.115624
v -0.595683 0.688189 0.070610
v -0.522622 0.702164 0.105884
v -0.432954 0.742324 0.073883
v -0.520313 0.674416 0.151327
v -0.352528 0.799619 -0.057528
v -0.378076 0.781460 -0.097428
v -0.314518 0.806190 -0.079652
v -0.279923 0.810345 -0.025884
v -0.257087 0.805855 -0.070184
v -0.286253 0.797297 -0.106479
v -0.151832 0.769089 -0.106500
v -0.097594 0.741505 -0.028450
v -0.066540 0.736345 -0.053821
v -0.014476 0.732475 -0.025503
v 0.080553 0.696263 -0.080761
v 0.023132 0.723948 -0.084631
v 0.027952 0.735241 -0.131623
v 0.126504 0.684694 -0.099021
v 0.087222 0.714194 -0.171197
v 0.204374 0.696853 -0.144766
v 0.159121 0.694706 -0.171612
v 0.278664 0.707240 -0.125873
v 0.357649 0.720912 -0.175772
v 0.352303 0.707641 -0.242143
v 0.001962 0.738751 -0.222252
v -0.101776 0.753172 -0.161441
v -0.087363 0.744970 -0.219492
v -0.197378 0.772938 -0.132659
v -0.364299 0.774211 -0.132696
v -0.398125 0.731535 -0.191260
v -0.517422 0.683694 -0.205501
v -0.542762 0.693666 -0.077842
v -0.546589 0.711020 -0.031094
v -0.574192 0.697152 0.020985
v -0.621106 0.674969 0.058948
v -0.667063 0.640186 0.057689
v -0.719810 0.610979 0.107823
v -0.738408 0.582184 0.061213
v -0.771718 0.551917 0.030821
v -0.830208 0.483288 -0.055729
v -0.810503 0.468378 -0.113221
v -0.799442 0.457864 -0.183672
v -0.759308 0.443629 -0.158119
v -0.728842 0.440826 -0.184702
v -0.700836 0.453372 -0.220609
v -0.694425 0.439689 -0.179312
v -0.651936 0.455960 -0.198721
v -0.642204 0.450886 -0.147182
v -0.569202 0.513497 -0.165066
v -0.595208 0.478238 -0.106387
v -0.549114 0.595697 -0.099307
v -0.548093 0.648500 -0.168866
v -0.555097 0.630548 -0.206502
v -0.547051 0.653001 -0.217559
v -0.533464 0.678474 -0.163309
v -0.562821 0.680990 -0.044436
v -0.589125 0.673127 -0.003897
v -0.622563 0.657163 0.027823
v -0.655078 0.621644 0.027152
v -0.716100 0.574010 0.028266
v -0.741332 0.543417 0.012150
v -0.754903 0.515428 -0.010929
v -0.782776 0.497776 -0.035445
v -0.794013 0.479001 -0.066239
v -0.655170 0.453534 -0.085756
v -0.628363 0.468104 -0.075957
v -0.603700 0.488796 -0.063851
v -0.588049 0.513797 -0.052106
v -0.564720 0.533352 -0.075302
v -0.576183 0.572079 -0.033978
v -0.556020 0.562695 -0.072690
v -0.567393 0.655437 -0.050225
v -0.555699 0.662289 -0.090370
v -0.590309 0.648207 -0.017330
v -0.620505 0.636729 0.010467
v -0.681805 0.596978 0.028334
v -0.698821 0.496678 -0.014116
v -0.720136 0.457971 -0.062206
v -0.684837 0.454195 -0.070578
v -0.647511 0.482101 -0.037816
v -0.677452 0.487382 -0.023723
v -0.597114 0.565397 -0.015389
v -0.167867 0.738028 -0.246404
v -0.126726 0.726563 -0.272915
v -0.002299 0.714412 -0.311592
v -0.187670 0.701575 -0.297675
v -0.255267 0.663051 -0.285999
v -0.208491 0.665991 -0.335887
v -0.272972 0.641542 -0.319506
v -0.476770 0.649774 0.253920
v -0.509019 0.612852 0.294773
v -0.426776 0.644791 0.287208
v -0.459716 0.590880 0.356417
v -0.482874 0.591492 0.353062
v -0.524759 0.463022 0.458861
v -0.529588 0.519128 0.391873
v -0.310129 0.424070 0.493626
v 0.395163 0.684645 0.042927
v 0.461393 0.513686 0.116295
v 0.356420 0.465228 0.307400
v 0.341058 0.467890 0.354965
v 0.665786 0.644130 -0.005410
v 0.679107 0.624073 -0.053869
v 0.741799 0.545888 -0.099798
v 0.774595 0.531362 -0.116653
v 0.735583 0.514269 -0.137987
v 0.698538 0.508648 -0.149396
v 0.669348 0.504231 -0.202599
v 0.689858 0.492963 -0.254489
v 0.651750 0.512428 -0.286553
v 0.679825 0.513827 -0.315888
v 0.689929 0.552169 -0.366733
v 0.646878 0.583069 -0.368796
v 0.621860 0.609866 -0.392056
v 0.585497 0.622247 -0.442505
v 0.635094 0.596535 -0.416843
v 0.540351 0.627280 -0.472071
v 0.487013 0.613445 -0.512391
v 0.406320 0.582335 -0.529218
v 0.393920 0.568425 -0.530639
v 0.399902 0.502678 -0.517449
v 0.395106 0.449776 -0.520835
v 0.436707 0.371547 -0.538317
v 0.552296 0.343349 -0.608940
v 0.498658 0.326287 -0.697674
v 0.487961 0.333704 -0.731315
v 0.438526 0.369611 -0.750597
v 0.535555 0.305374 -0.717393
v 0.573420 0.312891 -0.673418
v 0.526893 0.319161 -0.698959
v 0.541829 0.324884 -0.657436
v 0.581752 0.340414 -0.625407
v 0.614733 0.337910 -0.623885
v 0.627664 0.361358 -0.596034
v 0.599170 0.394972 -0.569673
v 0.668729 0.368654 -0.587029
v 0.596899 0.421550 -0.555846
v 0.637447 0.461318 -0.546914
v 0.584047 0.368033 -0.586567
v 0.604038 0.466447 -0.546938
v 0.518123 0.433579 -0.519862
v 0.505200 0.392458 -0.526890
v 0.467886 0.486146 -0.511286
v 0.457229 0.436382 -0.512548
v 0.463222 0.405494 -0.517229
v 0.512611 0.373816 -0.540900
v 0.432545 0.533897 -0.518117
v 0.488137 0.570713 -0.528039
v 0.552298 0.554390 -0.533774
v 0.585024 0.504110 -0.538897
v 0.653931 0.481317 -0.530089
v 0.544460 0.580225 -0.528008
v 0.577240 0.578775 -0.516773
v 0.478410 0.592002 -0.527413
v 0.535047 0.610307 -0.505516
v 0.576315 0.597211 -0.499513
v 0.626541 0.586361 -0.450956
v 0.822644 0.499197 -0.245562
v 0.856768 0.482782 -0.198107
v 0.911760 0.422496 -0.140179
v 0.904642 0.441380 -0.112558
v 0.875299 0.439126 -0.238193
v 0.937316 0.378916 -0.137608
v 0.907949 0.396075 -0.178313
v 0.981231 0.342019 -0.098077
v 0.978327 0.304329 -0.108534
v 1.034167 0.278930 -0.078805
v 1.017387 0.257956 -0.096195
v 1.041483 0.221545 -0.100924
v 0.983577 0.202120 -0.114629
v 1.007038 0.165059 -0.126670
v 1.019540 0.136745 -0.145448
v 0.984971 0.146159 -0.147732
v 0.997191 0.105051 -0.182059
v 0.969879 0.133500 -0.169701
v 0.939158 0.104827 -0.225957
v 0.927493 0.138230 -0.221031
v 0.914359 0.124189 -0.233830
v 0.897961 0.160095 -0.240584
v 0.926623 0.204494 -0.206217
v 0.872589 0.214353 -0.243199
v 0.848639 0.178791 -0.289715
v 0.834871 0.254415 -0.259344
v 0.834943 0.220886 -0.286647
v 0.843087 0.291406 -0.241665
v 0.853254 0.324285 -0.233536
v 0.880774 0.373425 -0.228728
v 0.906283 0.375494 -0.184531
v 0.935698 0.356143 -0.143850
v 0.941521 0.283065 -0.124193
v 0.952798 0.259064 -0.118307
v 0.873507 0.408480 -0.258161
v 0.856093 0.431660 -0.327096
v 0.842808 0.409884 -0.397106
v 0.844341 0.315400 -0.485089
v 0.800679 0.335234 -0.520974
v 0.798982 0.248260 -0.564774
v 0.850909 0.207952 -0.566021
v 0.803863 0.148481 -0.631067
v 0.811896 0.070321 -0.658338
v 0.858689 0.057103 -0.620462
v 0.847602 0.035272 -0.620301
v 0.798637 0.013967 -0.626214
v 0.800207 -0.000040 -0.596263
v 0.765418 0.011000 -0.624994
v 0.594789 -0.018337 -0.727583
v 0.453197 -0.079320 -0.793654
v 0.436100 -0.104805 -0.757170
v 0.438138 -0.125154 -0.709387
v 0.409630 -0.190472 -0.690883
v 0.403444 -0.216837 -0.658174
v 0.346274 -0.311790 -0.627367
v 0.365201 -0.316637 -0.563472
v 0.338060 -0.421926 -0.551934
v 0.334145 -0.486385 -0.541970
v 0.397132 -0.530980 -0.446568
v 0.432938 -0.548309 -0.422142
v 0.424583 -0.573129 -0.416280
v 0.607089 -0.604241 -0.364235
v 0.681356 -0.576833 -0.345761
v 0.799058 -0.598670 -0.059563
v 0.698902 -0.598495 0.098426
v 0.589374 -0.661994 -0.012265
v 0.597679 -0.645598 -0.040374
v 0.627841 -0.636314 -0.060545
v 0.585943 -0.602312 -0.077875
v 0.557458 -0.584843 -0.104372
v 0.533279 -0.580657 -0.122263
v 0.492757 -0.602138 -0.213179
v 0.482511 -0.654756 -0.271987
v 0.416931 -0.671036 -0.257571
v 0.440289 -0.664035 -0.240732
v 0.480189 -0.604495 -0.113204
v 0.481031 -0.622790 -0.089166
v 0.507177 -0.673068 -0.030494
v 0.444406 -0.676180 -0.066271
v 0.482447 -0.687336 -0.021780
v 0.326941 -0.733091 -0.044924
v 0.342822 -0.734738 0.103790
v 0.332866 -0.731986 0.040568
v 0.351238 -0.729481 0.143793
v 0.485239 -0.691583 0.131513
v 0.438056 -0.684767 0.175102
v 0.467305 -0.644664 0.215566
v 0.449836 -0.635633 0.240001
v 0.429298 -0.637617 0.263271
v 0.397654 -0.626258 0.366340
v 0.392485 -0.610766 0.419405
v 0.295216 -0.645852 0.427605
v 0.184179 -0.733393 0.266737
v 0.064033 -0.749478 0.258845
v 0.026448 -0.751258 0.276615
v -0.036604 -0.772449 0.276599
v -0.149646 -0.734177 0.393913
v -0.117449 -0.733558 0.383250
v -0.141745 -0.702184 0.436277
v -0.146883 -0.672076 0.485171
v -0.122820 -0.628246 0.542750
v -0.126246 -0.654399 0.482523
v -0.099463 -0.598581 0.583392
v -0.030463 -0.535337 0.596429
v 0.007025 -0.516492 0.604020
v 0.006005 -0.529608 0.638316
v 0.048969 -0.523041 0.640091
v 0.095882 -0.522332 0.638765
v 0.103772 -0.520905 0.659533
v 0.140775 -0.532428 0.626855
v 0.219488 -0.565099 0.594683
v 0.299586 -0.609641 0.541111
v 0.363287 -0.535098 0.596036
v 0.554082 -0.466624 0.615681
v 0.550821 -0.409113 0.664511
v 0.524865 -0.327591 0.757976
v 0.559346 -0.293107 0.759515
v 0.383164 -0.294665 0.820609
v 0.510293 -0.291825 0.788280
v 0.325952 -0.306974 0.828003
v 0.443348 -0.247119 0.836618
v 0.438349 -0.223814 0.841866
v 0.395748 -0.185032 0.857069
v 0.371534 -0.162798 0.876422
v 0.350873 -0.108289 0.892677
v 0.372907 0.051029 0.873079
v 0.394265 0.082159 0.865654
v 0.406827 0.121669 0.866264
v 0.422601 0.105143 0.853060
v 0.389052 0.145575 0.872460
v 0.468076 0.180512 0.841182
v 0.540777 0.165444 0.828559
v 0.549965 0.218106 0.813910
v 0.635961 0.273073 0.763269
v 0.689744 0.283413 0.721427
v 0.662857 0.308164 0.715346
v 0.641588 0.367323 0.656501
v 0.712895 0.358702 0.625390
v 0.744489 0.422964 0.507336
v 0.634415 0.434973 0.537551
v 0.716654 0.444362 0.498450
v 0.691370 0.468602 0.458941
v 0.763090 0.492442 0.369054
v 0.736557 0.500130 0.370686
v 0.714334 0.498037 0.354347
v 0.691114 0.479480 0.407457
v 0.771194 0.527216 0.303052
v 0.727964 0.521248 0.300108
v 0.737005 0.538639 0.274051
v 0.749734 0.569783 0.214784
v 0.724067 0.565836 0.206127
v 0.764979 0.578248 0.186647
v 0.794860 0.545547 0.243820
v 0.727011 0.612293 0.095004
v 0.793953 0.565649 0.184440
v 0.649382 0.648604 0.025798
v 0.710499 0.578706 0.175283
v 0.676447 0.485374 0.269504
v 0.657379 0.453336 0.371247
v 0.640788 0.456135 0.453381
v 0.641979 0.456911 0.471876
v 0.396104 0.488190 0.546275
v 0.332253 0.496662 0.550433
v 0.365890 0.468429 0.566894
v 0.455060 0.414882 0.656990
v 0.430768 0.423272 0.638840
v 0.422214 0.344360 0.735668
v 0.412533 0.371859 0.693142
v 0.390928 0.342568 0.713677
v 0.364259 0.322363 0.733455
v 0.333688 0.309201 0.741507
v 0.296025 0.300403 0.752977
v 0.260202 0.302113 0.757438
v 0.305424 0.292832 0.677165
v 0.275705 0.296508 0.642784
v 0.285991 0.318819 0.604598
v 0.240146 0.308553 0.622164
v 0.202445 0.308683 0.647839
v 0.217473 0.331664 0.602540
v 0.171200 0.338550 0.638708
v 0.209938 0.363033 0.584386
v 0.163530 0.368285 0.618209
v 0.125286 0.393103 0.674519
v 0.142924 0.356769 0.687703
v 0.162039 0.401650 0.603676
v 0.116912 0.431930 0.660122
v 0.209580 0.524574 0.570888
v 0.233613 0.512996 0.560070
v 0.261965 0.519531 0.552035
v 0.299973 0.510570 0.547941
v 0.317987 0.445777 0.542499
v 0.399868 0.451432 0.596764
v 0.409340 0.418849 0.624443
v 0.409017 0.392122 0.651977
v 0.274600 0.344160 0.578453
v 0.282714 0.385730 0.551877
v 0.252442 0.384262 0.554836
v 0.217068 0.419538 0.554012
v 0.227510 0.457095 0.547741
v 0.282346 0.446750 0.536079
v 0.350071 0.429854 0.558463
v 0.364967 0.367875 0.596068
v 0.252349 0.446494 0.536577
v 0.543438 0.449155 0.518497
v 0.529250 0.443168 0.504378
v 0.585983 0.446204 0.494070
v 0.825447 0.554313 0.106325
v 0.841342 0.538602 0.164995
v 0.928920 0.466773 0.129215
v 0.790427 0.506373 -0.271490
v 0.788550 0.515676 -0.154476
v 0.726364 0.497109 -0.175209
v 0.703382 0.501251 -0.298753
v 0.750294 0.506231 -0.301967
v 0.720352 0.533825 -0.353403
v 0.717008 0.536259 -0.376485
v 0.771079 0.511112 -0.317510
v 1.061133 0.294984 0.068855
v 1.101603 0.210010 0.012817
v 1.064046 0.257938 -0.044137
v 1.112712 0.160805 -0.089833
v 1.077051 0.216482 -0.080895
v 1.119967 0.131367 -0.122314
v 1.108632 0.107815 -0.168893
v 1.082540 0.146644 -0.144049
v 1.095963 0.076799 -0.207662
v 1.073010 0.088947 -0.202632
v 1.074326 0.058962 -0.250796
v 1.018303 0.069838 -0.232804
v 1.051247 0.055229 -0.276276
v 1.000551 0.056790 -0.271230
v 0.977080 0.057126 -0.314679
v 0.917204 0.082573 -0.285718
v 0.967155 0.063170 -0.338561
v 0.898047 0.089048 -0.311862
v 0.907172 0.092030 -0.345768
v 0.878584 0.116668 -0.292325
v 0.887097 0.126138 -0.264284
v 0.902007 0.101457 -0.269432
v 0.853780 0.167034 -0.347409
v 0.831659 0.229000 -0.316264
v 0.836081 0.242316 -0.346408
v 0.862903 0.272672 -0.412447
v 0.859566 0.308349 -0.395451
v 0.852990 0.333953 -0.342137
v 0.859647 0.371438 -0.326620
v 0.864808 0.368290 -0.276404
v 0.861789 0.327075 -0.422873
v 0.867451 0.294527 -0.450778
v 0.865925 0.291794 -0.472385
v 0.845981 0.260629 -0.530978
v 0.876643 0.221393 -0.534236
v 0.900470 0.181567 -0.528871
v 0.945182 0.119141 -0.483979
v 0.984826 0.028928 -0.416386
v 1.006437 0.030151 -0.378492
v 0.992688 -0.021943 -0.382498
v 0.893153 0.044657 -0.582203
v 0.936129 0.004161 -0.520450
v 0.908303 0.002144 -0.551789
v 0.918037 -0.043098 -0.516373
v 0.853480 -0.008813 -0.575683
v 0.893089 -0.055064 -0.519667
v 0.854795 -0.045238 -0.526449
v 0.827572 -0.017461 -0.561213
v 0.757756 0.015955 -0.554920
v 0.724730 0.026775 -0.580962
v 0.692279 0.031207 -0.605810
v 0.655135 0.023671 -0.639155
v 0.537260 -0.031904 -0.716909
v 0.500733 -0.052900 -0.721189
v 0.467994 -0.079967 -0.707803
v 0.450935 -0.102502 -0.694586
v 0.444332 -0.096221 -0.625284
v 0.425873 -0.160553 -0.674631
v 0.392620 -0.225667 -0.608326
v 0.373863 -0.279521 -0.593163
v 0.381270 -0.276391 -0.544653
v 0.392076 -0.353494 -0.488467
v 0.356145 -0.457216 -0.509666
v 0.411284 -0.463946 -0.438042
v 0.365790 -0.515717 -0.482665
v 0.446077 -0.465705 -0.408245
v 0.479525 -0.570720 -0.404567
v 0.602597 -0.563525 -0.385840
v 0.671540 -0.544731 -0.365632
v 0.772177 -0.484124 -0.319501
v 0.966718 -0.158727 -0.415192
v 0.955275 -0.121161 -0.448365
v 0.961120 -0.077873 -0.459379
v 0.876825 -0.081375 -0.495221
v 0.885518 -0.127107 -0.455618
v 0.805917 -0.027185 -0.489635
v 0.773618 0.003317 -0.513310
v 0.604468 0.013889 -0.654775
v 0.530923 -0.017292 -0.663834
v 0.486732 -0.034014 -0.634583
v 0.476531 -0.056984 -0.589600
v 0.386041 -0.225444 -0.559924
v 0.378669 -0.210010 -0.485089
v 0.386775 -0.262591 -0.508395
v 0.401504 -0.311850 -0.478951
v 0.428087 -0.335637 -0.441713
v 0.423188 -0.375837 -0.448401
v 0.480542 -0.494678 -0.394035
v 0.540461 -0.566656 -0.396848
v 0.593867 -0.529576 -0.390554
v 0.716160 -0.501577 -0.343470
v 0.820005 -0.416474 -0.320711
v 0.878965 -0.354051 -0.335585
v 0.924522 -0.302027 -0.352948
v 0.927483 -0.181828 -0.421089
v 0.890159 -0.172791 -0.424145
v 0.876980 -0.228562 -0.387459
v 0.808006 -0.054496 -0.446561
v 0.753075 -0.014658 -0.451773
v 0.722152 0.019529 -0.513353
v 0.713028 0.009296 -0.473178
v 0.636015 0.027522 -0.531552
v 0.640810 0.035308 -0.565518
v 0.603560 0.022982 -0.549041
v 0.587651 0.015605 -0.601792
v 0.531080 -0.021933 -0.548183
v 0.548323 -0.026992 -0.488399
v 0.527029 -0.051979 -0.454950
v 0.460327 -0.096638 -0.444443
v 0.434601 -0.143722 -0.405603
v 0.422869 -0.132738 -0.422439
v 0.401689 -0.157641 -0.428100
v 0.425685 -0.173718 -0.393484
v 0.404765 -0.214624 -0.411186
v 0.386749 -0.202337 -0.444053
v 0.426086 -0.212353 -0.388808
v 0.395639 -0.237629 -0.432688
v 0.425466 -0.279142 -0.408153
v 0.451094 -0.293596 -0.389651
v 0.486213 -0.286009 -0.368053
v 0.501157 -0.329662 -0.373133
v 0.479472 -0.355779 -0.401252
v 0.572211 -0.420756 -0.382930
v 0.470929 -0.382967 -0.415643
v 0.568491 -0.344982 -0.351923
v 0.520109 -0.428186 -0.399507
v 0.642338 -0.374604 -0.346915
v 0.644849 -0.411692 -0.357547
v 0.675115 -0.459706 -0.351675
v 0.569299 -0.479337 -0.389763
v 0.717323 -0.388173 -0.341036
v 0.764224 -0.449633 -0.328094
v 0.811244 -0.313319 -0.345749
v 0.860318 -0.275298 -0.361672
v 0.790577 -0.221372 -0.348663
v 0.816450 -0.180857 -0.369476
v 0.814614 -0.132415 -0.388174
v 0.792499 -0.062528 -0.423902
v 0.708166 -0.059011 -0.383933
v 0.674813 -0.034856 -0.396662
v 0.680373 -0.000330 -0.449935
v 0.635308 0.011800 -0.487579
v 0.593990 -0.002149 -0.484479
v 0.560697 -0.030764 -0.442558
v 0.581544 -0.041161 -0.425162
v 0.520364 -0.076041 -0.433710
v 0.473310 -0.117736 -0.420892
v 0.452304 -0.156745 -0.391668
v 0.488674 -0.225324 -0.352913
v 0.489963 -0.188879 -0.368064
v 0.566350 -0.238209 -0.332831
v 0.609028 -0.302779 -0.325885
v 0.686584 -0.271095 -0.313928
v 0.703100 -0.347326 -0.336464
v 0.738044 -0.307764 -0.333018
v 0.764488 -0.349145 -0.338043
v 0.770909 -0.266353 -0.338631
v 0.736842 -0.154174 -0.339235
v 0.738902 -0.111161 -0.357775
v 0.636258 -0.010173 -0.411717
v 0.619753 -0.022568 -0.407208
v 0.598330 -0.087521 -0.396125
v 0.573344 -0.078087 -0.410737
v 0.533963 -0.209153 -0.347284
v 0.559515 -0.209253 -0.337359
v 0.616493 -0.217811 -0.321489
v 0.680041 -0.227745 -0.317447
v 0.717838 -0.215401 -0.320173
v 0.681729 -0.136729 -0.334398
v 0.674065 -0.071826 -0.367023
v 0.634238 -0.042010 -0.394803
v 0.611142 -0.169014 -0.343017
v 0.661242 -0.165232 -0.325595
v 0.380506 -0.173098 -0.483945
v 1.052635 -0.194077 -0.257060
v 1.033081 -0.260622 -0.242026
v 1.017294 -0.287509 -0.237590
v 0.947429 -0.347584 -0.285805
v 0.895981 -0.396573 -0.288109
v 0.846622 -0.456418 -0.268067
v 0.887134 -0.400896 -0.258734
v 0.934137 -0.351368 -0.249228
v 0.954609 -0.340122 -0.260816
v 0.972654 -0.320916 -0.232172
v 1.007243 -0.296636 -0.210203
v 0.978272 -0.304648 -0.201110
v 0.914962 -0.307355 -0.186560
v 0.892341 -0.322139 -0.194128
v 0.871787 -0.342487 -0.200459
v 0.837014 -0.354401 -0.157903
v 0.856622 -0.374318 -0.212443
v 0.834371 -0.407196 -0.196749
v 0.856054 -0.441161 -0.242172
v 0.842730 -0.485116 -0.211974
v 0.832344 -0.548478 -0.133533
v 0.833978 -0.568656 -0.093861
v 0.843703 -0.575869 -0.035339
v 0.842009 -0.577840 -0.001799
v 0.888255 -0.541312 0.046084
v 0.857358 -0.559066 0.053498
v 0.808273 -0.542065 0.166730
v 0.700193 -0.587324 0.162557
v 0.616122 -0.616324 0.204997
v 0.560399 -0.637107 0.194081
v 0.504204 -0.664371 0.177183
v 0.503999 -0.627860 0.216853
v 0.477692 -0.611661 0.239933
v 0.448025 -0.611270 0.265944
v 0.427881 -0.604713 0.317397
v 0.414751 -0.596223 0.397017
v 0.415892 -0.585971 0.470289
v 0.455521 -0.546614 0.529308
v 0.416877 -0.554309 0.547761
v 0.511515 -0.494680 0.606675
v 0.594016 -0.490225 0.563219
v 0.608162 -0.464895 0.583157
v 0.654961 -0.451486 0.561684
v 0.666906 -0.361979 0.608807
v 0.639026 -0.325934 0.658434
v 0.659020 -0.208662 0.762724
v 0.516479 -0.249685 0.810565
v 0.501985 -0.229994 0.819330
v 0.420423 -0.200914 0.843190
v 0.448099 -0.209036 0.827191
v 0.378019 -0.128032 0.826700
v 0.382838 -0.111001 0.809007
v 0.383490 -0.069900 0.800942
v 0.399031 -0.040226 0.786993
v 0.407568 0.005309 0.783993
v 0.399080 0.043979 0.812032
v 0.428550 0.076756 0.813610
v 0.459367 0.110996 0.836274
v 0.493440 0.118089 0.828953
v 0.467598 0.143458 0.843138
v 0.627026 0.099537 0.802658
v 0.666430 0.035455 0.775221
v 0.716767 0.039551 0.732749
v 0.693888 0.234971 0.749746
v 0.812293 0.352690 0.518013
v 0.836272 0.386703 0.433856
v 0.999576 0.394386 0.155367
v 1.125558 0.160421 0.047733
v 1.129698 0.086805 -0.148678
v 1.111200 0.056183 -0.209435
v 1.088209 0.017846 -0.269715
v 1.042664 0.042137 -0.317144
v 1.032934 0.051034 -0.307331
v 0.998934 0.058747 -0.358191
v 0.968132 0.076706 -0.374296
v 0.944378 0.118494 -0.418266
v 0.902046 0.171183 -0.419766
v 0.859292 0.197347 -0.377633
v 0.882515 0.251259 -0.440319
v 0.911888 0.188400 -0.449870
v 0.909231 0.205768 -0.488431
v 0.940716 0.140898 -0.469094
v 0.969848 0.087954 -0.438040
v 0.980552 0.065294 -0.393705
v 1.041968 0.028377 -0.332205
v 1.057070 -0.004642 -0.316741
v 1.090607 -0.028673 -0.268229
v 1.121769 -0.040290 -0.197866
v 1.118867 -0.069586 -0.173409
v 1.046407 -0.268342 -0.178142
v 1.039023 -0.280685 -0.136557
v 1.003808 -0.293602 -0.177204
v 1.010222 -0.288179 -0.145430
v 0.961714 -0.283185 -0.114760
v 0.922272 -0.287569 -0.114145
v 0.898473 -0.308421 -0.086837
v 0.881557 -0.342988 -0.044776
v 0.860170 -0.347846 -0.101750
v 0.827962 -0.377889 -0.111267
v 0.820529 -0.384217 -0.142587
v 0.820445 -0.432285 -0.165571
v 0.836929 -0.512726 -0.168900
v 0.836125 -0.522189 -0.127018
v 0.843200 -0.530112 -0.090941
v 0.853471 -0.532821 -0.059783
v 0.875060 -0.534763 -0.016545
v 0.884327 -0.543811 0.011964
v 0.951596 -0.476414 0.074468
v 0.929739 -0.494949 0.108681
v 0.901131 -0.462261 0.256163
v 0.787408 -0.434308 0.380110
v 0.703657 -0.499853 0.383555
v 0.722140 -0.539544 0.272763
v 0.675241 -0.560917 0.252616
v 0.604684 -0.609480 0.218186
v 0.573966 -0.587537 0.232118
v 0.512959 -0.595280 0.233094
v 0.471521 -0.587045 0.256229
v 0.443934 -0.593842 0.282995
v 0.432392 -0.561755 0.427448
v 0.428272 -0.573588 0.446747
v 0.453450 -0.553054 0.493462
v 0.514342 -0.518562 0.538191
v 0.497746 -0.519110 0.565517
v 0.709640 -0.426312 0.539495
v 0.790751 -0.377462 0.536680
v 0.765412 -0.300122 0.596621
v 0.744699 -0.257196 0.642545
v 0.700745 -0.194865 0.739595
v 0.595146 -0.218006 0.796322
v 0.557725 -0.215838 0.807074
v 0.536616 -0.205439 0.802087
v 0.495458 -0.216586 0.814367
v 0.479815 -0.186336 0.780002
v 0.445780 -0.181486 0.791674
v 0.408472 -0.161605 0.809941
v 0.487036 -0.023318 0.752789
v 0.455802 0.012483 0.763544
v 0.426844 0.038943 0.783891
v 0.468989 0.083185 0.792800
v 0.532691 0.129211 0.825741
v 0.583519 0.090123 0.805241
v 0.617056 0.053675 0.789230
v 0.651728 0.028861 0.781819
v 0.657438 -0.031612 0.781751
v 0.684590 -0.083490 0.777621
v 0.703519 -0.057231 0.761131
v 0.727521 -0.158525 0.731865
v 0.674239 -0.160051 0.776097
v 0.618433 -0.192591 0.795687
v 0.647642 -0.145634 0.792335
v 0.605353 -0.163223 0.795186
v 0.568917 -0.187791 0.796353
v 0.520348 -0.175079 0.771313
v 0.510840 -0.145920 0.756991
v 0.480826 -0.121201 0.756308
v 0.550501 -0.061627 0.746599
v 0.531306 -0.019183 0.745998
v 0.599061 -0.023262 0.757004
v 0.552870 0.030797 0.757957
v 0.498369 0.040485 0.758669
v 0.628299 0.021609 0.779640
v 0.643737 -0.008555 0.779782
v 0.635850 -0.071391 0.781215
v 0.634350 -0.113030 0.788712
v 0.749830 -0.177817 0.697400
v 0.785296 -0.219375 0.627992
v 0.854865 -0.106719 0.586181
v 0.926174 -0.155912 0.509131
v 0.870921 -0.062043 0.581414
v 0.815810 0.141092 0.636674
v 0.775601 0.135171 0.680348
v 0.854366 0.350529 0.443171
v 1.015328 0.362399 0.201446
v 1.038216 0.335465 0.161203
v 1.113441 0.153445 0.134207
v 1.153239 -0.119098 0.118368
v 1.133594 -0.106106 0.181481
v 1.084353 -0.181451 0.258287
v 1.073271 -0.217872 0.225585
v 1.145349 -0.149108 0.106674
v 1.041539 -0.246668 0.311166
v 1.024903 -0.298377 0.243209
v 1.017579 -0.328681 0.198839
v 1.056757 -0.252343 0.121616
v 1.031834 -0.316760 0.126350
v 0.990916 -0.415961 0.135720
v 0.944245 -0.430278 0.242363
v 0.966399 -0.453145 0.126976
v 0.999126 -0.420473 0.074153
v 0.966911 -0.445925 0.053305
v 0.925782 -0.491046 0.038976
v 0.904633 -0.498120 0.015817
v 0.916826 -0.473833 0.025009
v 0.826589 -0.479112 -0.071891
v 0.869729 -0.512792 -0.022596
v 0.944727 -0.450797 0.035901
v 0.979613 -0.401724 0.030869
v 1.018505 -0.367523 0.025271
v 1.041127 -0.340877 0.020914
v 1.020185 -0.385816 0.074704
v 1.033879 -0.351980 0.068971
v 1.049116 -0.285243 0.071227
v 1.074828 -0.242027 0.065746
v 1.133981 -0.184509 0.063120
v 1.161801 -0.130314 0.060762
v 1.170755 -0.071828 0.040666
v 1.164175 -0.062077 0.003264
v 1.025995 -0.341655 -0.006961
v 1.050306 -0.309568 -0.046761
v 1.025106 -0.312996 -0.048742
v 0.999677 -0.360600 0.009817
v 0.932407 -0.361869 0.007687
v 0.909260 -0.413922 0.020623
v 0.896716 -0.386743 0.008010
v 0.860311 -0.434659 -0.002947
v 0.869695 -0.388971 -0.004586
v 0.833679 -0.408648 -0.035358
v 0.843837 -0.386879 -0.037284
v 0.930837 -0.341645 -0.005971
v 1.029464 -0.296804 -0.086635
v 1.059863 -0.273315 -0.110268
v 1.018525 -0.289503 -0.114566
v 0.931656 -0.300316 -0.063057
v 0.911775 -0.330162 -0.027346
v 0.988155 -0.281664 0.392560
v 0.874239 -0.326255 0.506643
v 0.841345 -0.363487 0.508666
v 0.809970 -0.388827 0.505013
v 0.835540 -0.342125 0.534731
v 0.818783 -0.268638 0.571943
v 1.041912 -0.204666 0.346121
v 1.008765 -0.175118 0.413724
v 0.931529 -0.112847 0.516010
v 0.833874 0.043408 0.614718
v 0.829115 0.141497 0.605556
v 0.826352 0.207380 0.578190
v 0.835953 0.285545 0.535119
v 0.932226 0.405672 0.291832
v 0.930545 0.384702 0.309088
v 1.011721 0.341528 0.224419
v 1.045110 0.311103 0.188879
v 1.067516 0.266479 0.149159
v 1.067922 0.249031 0.160312
v 1.117892 0.026240 0.160006
v 1.112297 -0.033605 0.191470
v 1.103505 -0.079652 0.231963
v 1.065704 -0.137115 0.309996
v 1.036782 -0.147070 0.369089
v 1.000267 -0.141543 0.424598
v 0.958839 -0.120430 0.476792
v 0.883855 -0.048815 0.558399
v 0.861354 -0.012922 0.580753
v 0.833022 0.089116 0.591690
v 0.824749 0.201807 0.555461
v 0.833406 0.253690 0.531400
v 0.842743 0.293748 0.489111
v 0.854062 0.322242 0.435555
v 0.912420 0.353577 0.340211
v 0.955403 0.360804 0.281022
v 1.011593 0.316380 0.225280
v 1.047468 0.242555 0.181023
v 1.076554 0.203726 0.160610
v 1.096337 0.149254 0.156124
v 1.108153 0.092789 0.150970
v 1.057953 -0.120531 0.309859
v 1.024857 -0.122365 0.355506
v 0.992414 -0.123308 0.399817
v 0.937737 -0.099825 0.488906
v 0.960857 -0.115199 0.441774
v 0.906417 -0.071225 0.524812
v 0.935859 0.345949 0.296544
v 0.964065 0.333929 0.263481
v 1.003728 0.298711 0.221869
v 1.063066 0.191707 0.164995
v 1.079792 0.095502 0.160918
v 1.094997 0.049378 0.169071
v 1.093703 0.010203 0.185636
v 1.088206 -0.023670 0.204867
v 1.081080 -0.056667 0.232297
v 1.067906 -0.085906 0.266330
v 1.041903 -0.107639 0.306845
v 0.851613 0.001875 0.553057
v 0.841032 0.042556 0.577302
v 0.788082 0.097599 0.493099
v 0.824751 0.153832 0.570192
v 0.823346 0.268474 0.461485
v 0.882207 0.342921 0.389062
v 0.876885 0.312681 0.317275
v 0.898390 0.310772 0.281945
v 1.017158 -0.074243 0.256397
v 0.991789 -0.091080 0.290580
v 0.976845 -0.103636 0.331310
v 0.956644 -0.107901 0.376650
v 0.880560 -0.062986 0.481534
v 0.873817 -0.035758 0.542586
v 0.788431 0.166897 0.478783
v 0.807401 0.222793 0.482909
v 0.829791 0.288107 0.411140
v 0.840388 0.282675 0.356282
v 0.920329 0.299676 0.252920
v 0.950556 0.280995 0.224388
v 0.974597 0.253001 0.198661
v 0.986605 0.220394 0.180580
v 1.006973 0.180279 0.166754
v 1.029913 0.105628 0.158424
v 1.021783 0.051292 0.165972
v 1.018184 0.016743 0.179499
v 1.033083 -0.018102 0.200122
v 1.021660 -0.047442 0.225341
v 0.971836 -0.058514 0.255037
v 0.915905 -0.095552 0.413196
v 0.894858 -0.082006 0.440659
v 0.806940 0.058683 0.511071
v 0.788137 0.132775 0.495460
v 0.874733 0.261825 0.267749
v 0.904078 0.244141 0.230715
v 0.923808 0.222564 0.210309
v 0.952844 0.186891 0.190216
v 0.994082 0.092526 0.166948
v 0.983750 -0.006232 0.201314
v 0.969518 -0.031696 0.228765
v 0.927287 -0.018452 0.246175
v 0.923250 -0.067489 0.311449
v 0.907020 -0.076850 0.360764
v 0.848596 -0.028798 0.452226
v 0.833470 -0.007917 0.477612
v 0.815678 0.023474 0.489216
v 0.783981 0.147105 0.468070
v 0.791901 0.199933 0.440027
v 0.812559 0.234179 0.381369
v 0.830748 0.252500 0.339418
v 0.852264 0.240173 0.289394
v 0.969858 0.069850 0.180456
v 0.964998 0.028229 0.192442
v 0.920499 0.003541 0.243153
v 0.905760 -0.051545 0.324331
v 0.824980 0.011855 0.450691
v 0.790138 0.096042 0.474884
v 0.788089 0.170770 0.441139
v 0.824043 0.227524 0.354996
v 0.853479 0.220090 0.287044
v 0.880484 0.199213 0.240342
v 0.913813 0.129281 0.222635
v 0.935501 0.138260 0.203348
v 0.924151 0.063149 0.219090
v 0.916382 0.018622 0.253479
v 0.901834 -0.016232 0.316885
v 0.867791 -0.027344 0.398208
v 0.808217 0.085406 0.453606
v 0.794325 0.139641 0.447277
v 0.817023 0.211169 0.380234
v 0.863081 0.201318 0.274746
v 0.884980 0.172345 0.244372
v 0.909178 0.117594 0.245514
v 0.915167 0.088943 0.244985
v 0.887341 -0.011090 0.355459
v 0.864974 0.006838 0.397243
v 0.832751 0.040551 0.434552
v 0.845923 0.140868 0.409026
v 0.828563 0.193730 0.377389
v 0.844871 0.186346 0.364687
v 0.860490 0.197703 0.309443
v 0.920761 0.070162 0.308451
v 0.914532 0.057442 0.331215
v 0.899378 0.048304 0.365583
v 0.870137 0.105927 0.402660
v 0.875096 0.142303 0.375544
v 0.893185 0.149237 0.333516
v 0.900522 0.146150 0.306192
v 0.915646 0.109502 0.305443
v 0.900792 0.102619 0.363329
v 0.536923 -0.511407 0.518788
v 0.601799 -0.501283 0.495804
v 0.677450 -0.488660 0.445085
v 0.692426 -0.515764 0.333087
v 0.670811 -0.495485 0.389803
v 0.678534 -0.533287 0.289517
v 0.645305 -0.546758 0.265545
v 0.652223 -0.522302 0.289566
v 0.616368 -0.574682 0.242345
v 0.491643 -0.525052 0.257280
v 0.436984 -0.534614 0.313094
v 0.419693 -0.592667 0.358071
v 0.461416 -0.537866 0.473591
v 0.490740 -0.524761 0.493938
v 0.516956 -0.511823 0.493861
v 0.557249 -0.500479 0.493130
v 0.634328 -0.486408 0.442555
v 0.655735 -0.489968 0.425261
v 0.669093 -0.505691 0.329480
v 0.594806 -0.456643 0.307793
v 0.578523 -0.465368 0.287400
v 0.532616 -0.461101 0.278346
v 0.489677 -0.480741 0.275709
v 0.462761 -0.497505 0.288465
v 0.474614 -0.453083 0.315854
v 0.453836 -0.464894 0.354181
v 0.480908 -0.429240 0.352340
v 0.496478 -0.443977 0.306994
v 0.508124 -0.421760 0.338711
v 0.533258 -0.438264 0.304178
v 0.543600 -0.426140 0.336665
v 0.601141 -0.449128 0.332450
v 0.616527 -0.454123 0.370990
v 0.597080 -0.449279 0.416306
v 0.572462 -0.447874 0.428011
v 0.602502 -0.486206 0.466124
v 0.548330 -0.453690 0.442345
v 0.522638 -0.468091 0.454136
v 0.469679 -0.445413 0.387738
v 0.508652 -0.428764 0.391764
v 0.447469 -0.482667 0.376256
v 0.942447 0.138666 -0.450160
v 0.949496 0.083223 -0.245697
v 1.029179 0.093974 -0.189521
v 1.058824 0.183017 -0.118790
v 1.065742 0.210291 -0.096951
v 0.302367 -0.627583 0.498798
v 0.271993 -0.636610 0.453925
v 0.249856 -0.664012 0.386009
v 0.177479 -0.711018 0.309000
v 0.090502 -0.727614 0.289092
v 0.039176 -0.731125 0.297324
v -0.047208 -0.748171 0.324704
v -0.096027 -0.701130 0.392959
v -0.118356 -0.681553 0.431745
v -0.100188 -0.612598 0.465169
v -0.079309 -0.625382 0.408706
v 0.007465 -0.531612 0.467378
v 0.013516 -0.517104 0.518816
v 0.056956 -0.519788 0.474400
v 0.049973 -0.506379 0.599279
v 0.089956 -0.504864 0.545020
v 0.087930 -0.506831 0.599035
v 0.121011 -0.508125 0.543284
v 0.129811 -0.512366 0.579342
v 0.157383 -0.521222 0.554361
v 0.207813 -0.563610 0.580045
v 0.180410 -0.547955 0.608274
v 0.235858 -0.588641 0.542341
v 0.248475 -0.629171 0.442147
v 0.243915 -0.605123 0.485220
v 0.233151 -0.639453 0.404144
v 0.216859 -0.660246 0.370366
v 0.192523 -0.678922 0.343374
v 0.156316 -0.694006 0.320154
v 0.113068 -0.699742 0.309681
v 0.068044 -0.709379 0.304377
v -0.014015 -0.727996 0.319531
v 0.042939 -0.657311 0.319735
v -0.054082 -0.611453 0.396792
v 0.032907 -0.617652 0.341857
v 0.003166 -0.585878 0.391597
v 0.117930 -0.526061 0.459383
v 0.147451 -0.524987 0.489516
v 0.175412 -0.558483 0.430719
v 0.207390 -0.588924 0.424177
v 0.175489 -0.603574 0.373949
v 0.150174 -0.613452 0.352403
v 0.117992 -0.641339 0.326175
v -0.005449 -0.645767 0.340195
v 0.080321 -0.607443 0.344683
v -0.303577 -0.721409 0.220258
v -0.305512 -0.731739 0.234136
v -0.265269 -0.673608 0.176247
v -0.244621 -0.661015 0.144510
v -0.323288 -0.667215 0.082447
v -0.339388 -0.716486 0.201037
v -0.229201 -0.721772 -0.100596
v -0.175011 -0.746772 -0.083811
v -0.277380 -0.696160 -0.126644
v -0.167366 -0.723552 -0.107154
v -0.108076 -0.736520 -0.110124
v -0.055940 -0.765162 -0.101432
v -0.016334 -0.774526 -0.108103
v 0.074864 -0.752672 -0.168382
v 0.151328 -0.695090 -0.243938
v 0.052575 -0.736107 -0.187715
v -0.053711 -0.724012 -0.132599
v -0.216810 -0.693415 -0.119277
v 0.452031 0.629473 -0.332635
v 0.483935 0.630962 -0.295664
v -0.383792 0.673720 -0.347031
v -0.394413 0.696173 -0.305397
v -0.791506 0.287034 -0.528350
v -0.769792 0.301855 -0.525453
vn 0.2723 0.1928 0.9427
vn -0.0142 0.3170 0.9483
vn -0.0629 0.1256 0.9901
vn -0.3446 -0.1618 0.9247
vn -0.2553 -0.3873 0.8859
vn -0.2712 -0.2086 0.9397
vn 0.2570 -0.2649 0.9294
vn 0.0713 -0.2929 0.9535
vn 0.1670 -0.5046 0.8471
vn 0.3276 -0.3542 0.8759
vn 0.0221 0.2066 0.9782
vn -0.1346 0.0796 0.9877
vn 0.0851 0.2238 0.9709
vn 0.2449 0.3699 0.8962
vn 0.1364 -0.0862 0.9869
vn -0.1335 0.1027 0.9857
vn 0.0029 0.0162 0.9999
vn -0.0326 0.1729 0.9844
vn -0.5312 0.3572 0.7683
vn -0.3703 0.3309 0.8679
vn -0.4861 0.2278 0.8437
vn 0.0259 0.6164 0.7870
vn -0.0677 0.5946 0.8012
vn -0.0498 0.5131 0.8569
vn 0.0928 0.4604 0.8829
vn 0.1189 0.4955 0.8604
vn 0.0435 0.6000 0.7988
vn 0.2398 0.3627 0.9005
vn 0.4016 0.4599 0.7920
vn 0.3072 0.0367 0.9509
vn 0.3285 -0.1508 0.9324
vn 0.5043 0.1017 0.8575
vn 0.3980 0.3105 0.8633
vn -0.5339 -0.2226 0.8157
vn -0.4732 -0.0938 0.8759
vn -0.6074 -0.0563 0.7924
vn 0.2854 0.1297 0.9496
vn 0.0582 0.3120 0.9483
vn 0.0331 0.2511 0.9674
vn 0.1158 0.4293 0.8957
vn 0.1693 0.4824 0.8594
vn 0.2326 0.5933 0.7707
vn 0.0571 0.6587 0.7502
vn 0.1931 0.7552 0.6265
vn 0.1965 0.6237 0.7565
vn 0.0968 0.5811 0.8081
vn 0.0746 0.5692 0.8188
vn 0.1450 0.5931 0.7919
vn -0.0351 0.6059 0.7948
vn 0.0388 0.7572 0.6520
vn 0.0817 0.5124 0.8548
vn 0.1123 0.6451 0.7558
vn 0.0686 0.6480 0.7585
vn 0.0891 0.6635 0.7429
vn -0.0409 0.5225 0.8517
vn 0.1145 -0.6350 0.7639
vn 0.2369 -0.6398 0.7311
vn 0.1774 -0.6826 0.7089
vn 0.1652 -0.7629 0.6250
vn 0.2410 -0.6838 0.6887
vn -0.5770 0.5910 0.5637
vn -0.4133 0.7586 0.5038
vn -0.6272 0.5044 0.5935
vn 0.7543 0.0135 0.6564
vn 0.6988 0.0155 0.7152
vn 0.7300 -0.0078 0.6834
vn 0.7508 -0.1283 0.6480
vn -0.0689 -0.7567 0.6501
vn -0.2629 -0.5688 0.7793
vn -0.0613 -0.7675 0.6381
vn -0.0085 -0.8272 0.5619
vn 0.0728 -0.7409 0.6677
vn -0.6581 0.6442 0.3898
vn -0.3568 0.8211 0.4454
vn -0.4906 0.8484 0.1989
vn 0.8453 0.2143 0.4894
vn 0.6469 0.4477 0.6173
vn 0.7381 0.1241 0.6632
vn -0.3679 -0.6188 0.6941
vn -0.5812 -0.5330 0.6149
vn -0.3376 -0.7416 0.5797
vn 0.2459 0.8478 0.4698
vn 0.1495 0.9659 0.2113
vn 0.1598 0.9438 0.2892
vn 0.2853 0.6659 0.6893
vn 0.3058 0.6214 0.7213
vn -0.0018 0.8130 0.5823
vn -0.1392 0.8693 0.4742
vn -0.2500 0.8791 0.4058
vn -0.2623 0.7228 0.6393
vn -0.5152 0.8051 0.2938
vn -0.6869 0.3834 0.6174
vn -0.4514 0.2875 0.8448
vn 0.3462 0.6779 0.6485
vn 0.4055 0.8199 0.4041
vn 0.2800 0.7794 0.5605
vn -0.3230 0.7399 0.5901
vn -0.1237 0.6762 0.7263
vn -0.4161 0.5264 0.7415
vn -0.6254 0.3602 0.6921
vn -0.4967 0.6158 0.6116
vn 0.0682 -0.3563 0.9319
vn -0.1077 -0.2477 0.9628
vn 0.0186 -0.4901 0.8714
vn 0.6474 -0.1996 0.7356
vn 0.7411 -0.1779 0.6474
vn 0.6737 -0.2600 0.6917
vn 0.6707 -0.1886 0.7173
vn 0.7348 -0.2141 0.6436
vn 0.5359 -0.7859 0.3087
vn 0.4622 -0.7849 0.4126
vn 0.4995 -0.8337 0.2354
vn -0.6469 -0.7625 0.0121
vn -0.4905 -0.8482 0.1996
vn -0.6584 -0.7194 0.2212
vn 0.3179 -0.7937 0.5187
vn 0.2676 -0.7653 0.5854
vn 0.3813 -0.8659 0.3237
vn 0.4189 -0.8234 0.3828
vn -0.8601 0.3153 0.4011
vn -0.8544 0.1880 0.4844
vn -0.7906 0.2820 0.5436
vn 0.4758 -0.8574 0.1962
vn 0.5329 -0.7994 0.2774
vn 0.3289 -0.8766 0.3514
vn -0.7169 0.4820 0.5038
vn -0.8614 0.4115 0.2977
vn -0.7320 0.0725 0.6774
vn -0.7044 0.3492 0.6180
vn -0.6866 0.0947 0.7208
vn -0.7232 -0.3783 0.5778
vn -0.7776 -0.4306 0.4583
vn -0.7638 -0.3894 0.5148
vn -0.8495 -0.4206 0.3187
vn -0.2959 0.7261 0.6207
vn -0.2700 0.5880 0.7625
vn -0.4475 0.5359 0.7159
vn 0.0749 0.6199 0.7811
vn 0.1360 0.3061 0.9422
vn 0.4284 0.5803 0.6927
vn 0.6640 -0.0902 0.7422
vn 0.8071 -0.0712 0.5861
vn 0.7897 -0.1064 0.6041
vn -0.3000 -0.8961 0.3271
vn -0.1373 -0.9471 0.2901
vn -0.3093 -0.9213 0.2355
vn -0.3797 -0.8654 0.3270
vn -0.1979 -0.8969 0.3955
vn -0.2215 -0.8712 0.4382
vn -0.1105 -0.9476 0.2996
vn -0.5193 0.8389 0.1630
vn -0.2494 0.9505 0.1854
vn -0.3781 0.9254 -0.0275
vn -0.7368 0.4515 0.5032
vn -0.7687 0.4318 0.4719
vn -0.8576 0.2629 0.4420
vn -0.8980 -0.0289 0.4390
vn -0.6919 0.2795 0.6657
vn 0.3779 -0.8653 0.3295
vn 0.4372 -0.7884 0.4327
vn 0.2382 -0.8839 0.4024
vn 0.4256 -0.7871 0.4464
vn 0.3623 -0.8590 0.3617
vn 0.3865 -0.8986 0.2077
vn -0.4089 0.8084 0.4234
vn -0.2540 0.7510 0.6095
vn -0.2791 0.9063 0.3174
vn -0.9303 -0.3666 -0.0108
vn -0.8917 -0.4402 0.1055
vn -0.8765 -0.4485 0.1750
vn -0.3337 -0.9149 0.2270
vn -0.2611 -0.9447 0.1983
vn -0.3134 -0.9471 0.0690
vn -0.2000 -0.9790 0.0384
vn -0.2788 -0.9535 0.1147
vn 0.2332 -0.9136 0.3330
vn 0.3004 -0.9073 0.2942
vn 0.4149 -0.8363 0.3584
vn 0.4919 -0.8187 0.2962
vn -0.1649 0.8769 0.4515
vn -0.2436 0.6996 0.6717
vn -0.0462 0.8456 0.5319
vn 0.4495 0.3560 0.8193
vn 0.2883 0.3621 0.8864
vn 0.2281 0.2864 0.9306
vn 0.1601 -0.9397 0.3021
vn 0.1365 -0.9321 0.3356
vn 0.1867 -0.9707 -0.1516
vn -0.4321 0.3143 0.8453
vn -0.2843 0.3230 0.9027
vn -0.3808 0.3196 0.8677
vn -0.5230 0.2419 0.8172
vn 0.1351 0.8586 0.4946
vn 0.2278 0.7613 0.6070
vn 0.4575 0.7781 0.4304
vn 0.5006 0.8420 0.2013
vn 0.3160 0.9237 0.2167
vn -0.3511 -0.6962 -0.6261
vn -0.4878 -0.8129 -0.3181
vn -0.5697 -0.5948 -0.5672
vn 0.0987 0.8401 0.5335
vn 0.0311 0.9432 0.3309
vn -0.0790 0.8941 0.4409
vn 0.8343 0.1937 0.5162
vn 0.7089 0.4033 0.5786
vn 0.7280 0.2157 0.6508
vn -0.2909 -0.8016 0.5223
vn -0.1624 -0.6442 0.7474
vn -0.4065 -0.6048 0.6848
vn 0.2829 -0.8679 -0.4084
vn 0.4610 -0.8760 -0.1420
vn 0.1783 -0.9670 -0.1820
vn -0.5819 0.8132 -0.0122
vn -0.6627 0.7443 -0.0829
vn -0.6749 0.7376 0.0233
vn -0.7092 0.6989 0.0926
vn -0.2730 -0.9600 -0.0629
vn -0.2772 -0.9502 -0.1427
vn -0.1328 -0.9910 -0.0169
vn 0.0156 -0.9899 0.1411
vn -0.1871 -0.9809 -0.0522
vn 0.0937 -0.9921 -0.0829
vn 0.0635 -0.9844 0.1642
vn 0.1221 -0.9596 0.2534
vn -0.3692 -0.9293 0.0040
vn -0.6224 -0.7820 -0.0341
vn -0.4811 -0.8645 -0.1454
vn -0.3162 -0.9308 -0.1834
vn -0.5785 -0.8103 0.0933
vn -0.5636 -0.7188 0.4070
vn -0.7295 -0.6229 0.2826
vn 0.2970 -0.9467 -0.1251
vn 0.3575 -0.9146 -0.1891
vn 0.1592 -0.9770 -0.1419
vn 0.3229 -0.9463 0.0152
vn 0.2399 -0.9701 0.0377
vn 0.5686 0.7921 -0.2219
vn 0.4987 0.8458 -0.1897
vn 0.5480 0.8353 -0.0434
vn -0.6452 0.3110 -0.6979
vn -0.7650 -0.0636 -0.6409
vn -0.6084 0.2401 -0.7564
vn -0.1643 -0.7763 0.6085
vn -0.2857 -0.9160 0.2816
vn 0.0589 -0.8847 0.4624
vn 0.8466 -0.4795 0.2311
vn 0.7682 -0.6271 -0.1291
vn 0.8744 -0.4800 -0.0710
vn 0.7905 -0.5679 0.2295
vn -0.8142 -0.4115 -0.4096
vn -0.6560 -0.1793 -0.7332
vn -0.3210 -0.9405 -0.1115
vn -0.1287 -0.9649 -0.2291
vn -0.2305 -0.9689 -0.0900
vn 0.0836 0.9951 0.0533
vn 0.1835 0.9214 0.3425
vn 0.1637 0.9794 0.1178
vn 0.6355 0.7570 -0.1522
vn 0.4980 0.8514 -0.1650
vn 0.3980 0.8074 -0.4357
vn 0.8244 -0.4889 -0.2853
vn 0.8860 -0.3757 -0.2717
vn 0.9137 -0.1838 -0.3625
vn 0.9358 -0.2216 -0.2742
vn 0.9151 -0.2998 -0.2695
vn -0.2637 -0.9305 -0.2543
vn -0.3551 -0.8448 -0.4003
vn -0.3640 -0.8944 -0.2600
vn -0.4602 -0.8542 -0.2419
vn 0.1615 -0.9756 -0.1485
vn 0.0494 -0.9919 -0.1168
vn 0.1203 -0.9507 -0.2858
vn 0.9541 0.2919 -0.0666
vn 0.9920 0.1239 -0.0243
vn 0.9614 0.1677 -0.2182
vn 0.9777 -0.1005 -0.1845
vn 0.9335 0.0506 -0.3551
vn 0.9741 0.2171 -0.0625
vn 0.9779 0.1457 0.1502
vn 0.9784 -0.1497 -0.1425
vn -0.1483 -0.9875 -0.0528
vn -0.2709 -0.9230 -0.2733
vn 0.3400 0.6188 -0.7082
vn 0.5255 0.7181 -0.4563
vn 0.6001 0.4570 -0.6566
vn 0.5075 0.5119 -0.6931
vn -0.9937 -0.1010 -0.0493
vn -0.9711 -0.2365 0.0317
vn -0.9945 -0.0344 -0.0992
vn -0.9039 0.4227 -0.0657
vn -0.9278 0.1610 -0.3367
vn -0.9874 0.1553 0.0306
vn 0.1036 -0.9640 -0.2448
vn 0.2237 -0.9745 -0.0145
vn 0.4581 -0.8820 -0.1108
vn 0.3751 -0.8982 -0.2293
vn 0.7319 0.1616 -0.6620
vn 0.8039 -0.1921 -0.5629
vn 0.6560 -0.1963 -0.7288
vn 0.7509 0.2474 -0.6124
vn 0.5794 -0.7990 0.1609
vn 0.4251 -0.7265 0.5399
vn 0.2820 -0.8359 0.4710
vn 0.7172 -0.6075 -0.3413
vn 0.7768 -0.5820 -0.2404
vn 0.6051 -0.7514 -0.2634
vn 0.6292 -0.7544 0.1870
vn 0.3595 -0.9330 -0.0169
vn 0.6420 -0.7597 -0.1031
vn 0.2196 -0.9198 -0.3253
vn 0.1990 -0.8705 -0.4502
vn 0.1328 -0.9054 -0.4033
vn -0.1555 0.8983 -0.4109
vn 0.0087 0.9242 -0.3819
vn -0.0712 0.9156 -0.3957
vn -0.0507 0.9048 -0.4229
vn 0.9250 0.2817 -0.2548
vn 0.8614 0.4113 -0.2981
vn 0.8328 0.4974 -0.2431
vn -0.3274 -0.9420 0.0738
vn -0.9607 -0.2675 0.0745
vn -0.5580 -0.8281 -0.0533
vn 0.0303 -0.9141 0.4044
vn 0.2629 -0.7792 0.5690
vn -0.0235 -0.8085 0.5880
vn -0.0848 0.9942 -0.0669
vn 0.0883 0.9961 -0.0056
vn -0.0777 0.9843 0.1587
vn 0.4914 -0.5212 -0.6978
vn 0.7237 -0.5721 -0.3860
vn 0.6360 -0.5364 -0.5547
vn -0.4631 -0.8573 -0.2250
vn -0.4791 -0.8363 -0.2664
vn -0.4169 -0.8627 -0.2862
vn 0.3696 0.7396 -0.5625
vn 0.0736 0.8295 -0.5536
vn 0.2874 0.9405 -0.1810
vn 0.2221 0.8672 -0.4456
vn 0.2879 0.7363 -0.6124
vn 0.2073 0.8403 -0.5010
vn 0.2076 0.7401 -0.6397
vn 0.1915 -0.7687 -0.6103
vn 0.3693 -0.8602 -0.3516
vn 0.2377 -0.7211 -0.6508
vn -0.0796 -0.9746 -0.2093
vn -0.2073 0.8749 -0.4378
vn -0.2793 0.7705 -0.5729
vn -0.3565 0.8707 -0.3388
vn -0.2310 0.7917 -0.5655
vn -0.5582 0.7881 -0.2595
vn -0.5810 0.7422 -0.3341
vn -0.5727 0.7297 -0.3736
vn -0.4177 -0.8281 0.3739
vn -0.5199 -0.8541 -0.0127
vn -0.1009 -0.9926 0.0683
vn 0.0668 -0.8936 -0.4439
vn -0.0296 -0.9153 -0.4018
vn 0.1537 -0.8840 -0.4414
vn 0.1394 -0.9132 -0.3830
vn 0.1683 -0.9171 -0.3615
vn 0.7498 0.6242 -0.2194
vn 0.9132 0.3285 -0.2411
vn 0.6920 0.6403 -0.3333
vn 0.5389 0.8160 -0.2092
vn 0.5940 0.7235 -0.3519
vn 0.8144 -0.2496 -0.5238
vn 0.9212 -0.0320 -0.3877
vn 0.8099 -0.1036 -0.5773
vn 0.8499 -0.1068 -0.5160
vn 0.2643 0.3118 0.9127
vn -0.2929 0.8035 -0.5183
vn -0.3910 0.7457 -0.5395
vn -0.4967 0.7430 -0.4485
vn 0.0594 0.9658 -0.2524
vn 0.0186 0.9803 -0.1967
vn 0.1939 0.9785 -0.0700
vn 0.1122 0.9711 -0.2106
vn 0.0050 0.8897 -0.4565
vn -0.6042 -0.7602 -0.2389
vn -0.4564 -0.8241 -0.3355
vn -0.3930 -0.8648 -0.3125
vn -0.4331 -0.7577 -0.4881
vn -0.6223 0.6659 -0.4114
vn -0.4440 0.5630 -0.6970
vn -0.2702 0.6163 -0.7398
vn -0.4527 0.7182 -0.5284
vn -0.4595 -0.7988 -0.3883
vn -0.5274 -0.6992 -0.4826
vn -0.4513 -0.7429 -0.4944
vn -0.1825 -0.9644 0.1916
vn -0.1176 -0.8873 0.4459
vn -0.3480 -0.8587 0.3762
vn 0.0526 0.8596 -0.5082
vn -0.3208 0.8391 -0.4393
vn -0.1857 0.9199 -0.3455
vn -0.6068 0.6978 -0.3807
vn -0.5957 0.6783 -0.4303
vn -0.6699 0.5554 -0.4927
vn -0.1120 0.7359 -0.6678
vn -0.0253 0.7391 -0.6731
vn -0.0234 0.7372 -0.6753
vn -0.0907 0.7229 -0.6850
vn 0.0882 0.8606 -0.5016
vn 0.0388 0.8361 -0.5472
vn -0.3055 0.5503 -0.7771
vn -0.5796 0.2775 -0.7662
vn -0.5781 0.6602 -0.4795
vn -0.2644 0.9043 -0.3352
vn -0.6969 0.5782 -0.4244
vn -0.5569 0.6158 -0.5573
vn 0.7778 -0.5615 -0.2826
vn 0.7789 -0.6271 -0.0112
vn 0.6074 -0.7576 -0.2387
vn -0.4160 -0.8175 -0.3982
vn -0.4457 -0.7308 -0.5170
vn -0.4279 -0.8328 -0.3513
vn -0.5812 0.2749 -0.7659
vn -0.5267 0.0571 -0.8481
vn -0.8542 0.1778 -0.4886
vn -0.8539 0.4098 -0.3207
vn -0.7417 0.6004 -0.2989
vn -0.2598 0.7958 -0.5471
vn -0.2442 0.7733 -0.5851
vn -0.2185 0.7802 -0.5861
vn -0.2870 0.5988 -0.7477
vn -0.1010 0.5429 -0.8337
vn -0.1638 0.6415 -0.7494
vn -0.1613 0.5782 -0.7998
vn -0.5726 0.8169 -0.0699
vn -0.8318 0.5377 -0.1383
vn -0.6215 0.7409 -0.2544
vn -0.3781 -0.7629 -0.5245
vn -0.3507 0.6292 -0.6936
vn -0.5076 0.5858 -0.6318
vn -0.5545 0.6368 -0.5358
vn 0.2423 -0.9569 -0.1602
vn 0.6638 -0.7470 -0.0365
vn 0.5458 -0.8193 -0.1754
vn 0.5989 -0.7878 -0.1439
vn 0.1502 0.7933 -0.5901
vn -0.0396 0.7353 -0.6766
vn -0.0212 0.8579 -0.5133
vn 0.8093 0.1938 -0.5544
vn 0.8939 0.0664 -0.4433
vn 0.7514 -0.0572 -0.6574
vn -0.8114 -0.0365 -0.5834
vn -0.6837 0.1013 -0.7227
vn -0.7070 0.0976 -0.7004
vn 0.0035 0.6607 -0.7507
vn 0.4179 0.6544 -0.6302
vn 0.2156 0.5036 -0.8366
vn -0.0137 0.5072 -0.8617
vn 0.0380 0.6825 -0.7299
vn 0.1980 0.5439 -0.8155
vn 0.2641 0.6697 -0.6941
vn 0.1346 -0.8563 -0.4986
vn 0.0556 -0.9142 -0.4014
vn -0.0352 -0.6578 -0.7524
vn 0.1772 -0.9120 -0.3700
vn 0.0153 -0.7162 -0.6978
vn 0.3854 0.6950 -0.6071
vn 0.3866 0.7661 -0.5135
vn 0.3059 0.7592 -0.5745
vn 0.2770 0.9281 0.2489
vn 0.5052 0.8458 0.1713
vn 0.1080 0.9873 -0.1165
vn 0.4974 0.4001 -0.7697
vn 0.5336 0.3873 -0.7519
vn 0.4378 0.5113 -0.7395
vn 0.2139 0.5150 -0.8300
vn -0.6809 -0.5087 -0.5269
vn -0.7369 -0.3278 -0.5912
vn -0.3588 -0.6662 -0.6538
vn -0.6811 -0.0571 -0.7300
vn -0.6966 -0.0466 -0.7159
vn -0.5976 0.0190 -0.8016
vn -0.4135 0.3755 -0.8295
vn -0.5381 0.1950 -0.8200
vn -0.5139 0.4030 -0.7573
vn 0.7553 -0.4576 -0.4692
vn 0.5550 -0.5090 -0.6579
vn 0.6934 -0.4216 -0.5843
vn 0.2255 0.2686 -0.9365
vn 0.3049 0.3114 -0.9001
vn 0.2947 0.3237 -0.8991
vn -0.1787 -0.1703 -0.9691
vn -0.3168 -0.4216 -0.8496
vn -0.2767 -0.4816 -0.8316
vn 0.1496 -0.4570 -0.8768
vn -0.0735 -0.6485 -0.7576
vn -0.0498 -0.4889 -0.8709
vn -0.0781 -0.6291 -0.7734
vn 0.2663 0.0947 -0.9592
vn 0.0203 -0.3523 -0.9357
vn -0.2217 0.0228 -0.9748
vn 0.0414 0.1641 -0.9856
vn -0.2795 -0.0560 -0.9585
vn 0.4269 -0.0794 -0.9008
vn 0.4495 0.3011 -0.8410
vn 0.4649 -0.1444 -0.8735
vn -0.0056 -0.2135 -0.9769
vn 0.1421 -0.0656 -0.9877
vn -0.1005 -0.0512 -0.9936
vn 0.4687 -0.3127 -0.8262
vn 0.6358 -0.4825 -0.6025
vn 0.3723 -0.2700 -0.8880
vn -0.0283 -0.3117 -0.9497
vn 0.2904 -0.3302 -0.8981
vn 0.0024 -0.2596 -0.9657
vn -0.1701 -0.3205 -0.9318
vn -0.0799 -0.3910 -0.9169
vn -0.1110 -0.3748 -0.9204
vn 0.2538 0.2304 -0.9394
vn 0.3296 0.1640 -0.9298
vn 0.3028 0.0844 -0.9493
vn 0.3198 0.2895 -0.9022
vn 0.2620 0.4463 -0.8557
vn 0.1241 0.4456 -0.8866
vn 0.0109 0.5172 -0.8558
vn -0.1010 0.6128 -0.7837
vn -0.0214 0.5054 -0.8626
vn -0.2200 0.6633 -0.7153
vn 0.0166 0.7498 -0.6614
vn -0.0734 0.6908 -0.7194
vn -0.0468 0.7562 -0.6526
vn -0.0214 0.6205 -0.7839
vn 0.2058 0.6797 -0.7040
vn 0.3167 0.8350 -0.4500
vn 0.0452 0.6209 -0.7826
vn -0.2264 0.6115 -0.7581
vn -0.0670 0.8553 -0.5138
vn 0.2814 0.7154 -0.6396
vn 0.3513 0.5977 -0.7207
vn -0.6108 0.0180 -0.7915
vn 0.4929 0.5783 -0.6500
vn 0.8123 0.5831 -0.0139
vn 0.7286 0.6719 0.1331
vn 0.7329 0.6752 -0.0842
vn 0.5214 0.7975 0.3034
vn 0.6450 0.7267 0.2363
vn 0.3712 0.8484 -0.3774
vn 0.6071 0.7560 -0.2447
vn 0.3504 0.8526 -0.3876
vn 0.2869 0.3242 -0.9014
vn 0.4517 0.3149 -0.8347
vn 0.4390 0.3442 -0.8299
vn 0.5310 0.2281 -0.8161
vn 0.4215 0.2355 -0.8757
vn 0.2646 0.0754 -0.9614
vn 0.3330 -0.0947 -0.9382
vn 0.2196 -0.3253 -0.9197
vn 0.3793 -0.5597 -0.7368
vn 0.5641 -0.6526 -0.5060
vn 0.6325 -0.3178 -0.7064
vn 0.8108 -0.0270 -0.5848
vn 0.5088 -0.1510 -0.8475
vn 0.2848 -0.2182 -0.9334
vn 0.7940 -0.3174 -0.5184
vn 0.7921 0.0789 -0.6052
vn -0.1492 -0.7218 -0.6758
vn 0.1648 -0.7643 -0.6234
vn 0.0599 -0.5722 -0.8179
vn 0.2711 -0.2880 -0.9185
vn 0.2892 0.2478 -0.9246
vn 0.2907 -0.0104 -0.9568
vn 0.2812 0.2565 -0.9248
vn 0.5755 0.0421 -0.8168
vn 0.4365 -0.0271 -0.8993
vn 0.6280 -0.1362 -0.7662
vn 0.6208 -0.3499 -0.7016
vn 0.5733 -0.6684 -0.4739
vn 0.5247 -0.7561 -0.3912
vn 0.4526 -0.8342 -0.3151
vn 0.4602 -0.4633 -0.7573
vn 0.4640 -0.6164 -0.6362
vn 0.3832 -0.4664 -0.7972
vn 0.2969 0.4460 -0.8444
vn 0.2831 0.2605 -0.9230
vn 0.6003 0.3903 -0.6981
vn 0.6078 0.2900 -0.7393
vn 0.7129 0.2229 -0.6649
vn 0.0076 0.1897 -0.9818
vn 0.0371 0.1243 -0.9916
vn -0.2404 -0.0956 -0.9660
vn 0.4902 -0.2826 -0.8245
vn 0.4891 -0.3755 -0.7872
vn 0.3367 -0.4314 -0.8370
vn 0.3514 -0.6549 -0.6690
vn 0.0886 -0.7258 -0.6822
vn 0.2078 -0.8116 -0.5460
vn -0.0791 -0.7307 -0.6781
vn 0.0223 -0.8194 -0.5727
vn 0.1634 -0.9144 -0.3703
vn 0.2527 -0.8749 -0.4131
vn 0.2598 -0.8797 -0.3984
vn 0.0606 -0.8914 -0.4491
vn -0.0897 -0.7991 -0.5945
vn -0.3331 -0.8263 -0.4542
vn -0.3273 -0.6917 -0.6437
vn -0.4880 -0.4924 -0.7207
vn -0.5766 -0.5261 -0.6251
vn -0.5679 -0.3386 -0.7502
vn -0.4728 -0.4519 -0.7564
vn -0.4294 -0.3257 -0.8423
vn -0.2555 -0.3071 -0.9168
vn -0.0560 -0.3103 -0.9490
vn -0.1753 -0.4568 -0.8721
vn 0.3328 -0.6797 -0.6537
vn 0.0257 -0.8314 -0.5551
vn 0.1575 -0.5744 -0.8033
vn 0.3227 -0.8132 -0.4843
vn 0.2189 -0.9331 -0.2851
vn -0.0566 -0.9522 -0.3001
vn -0.1833 -0.8813 -0.4356
vn -0.2017 -0.8554 -0.4770
vn -0.1108 -0.8018 -0.5872
vn -0.2156 -0.6510 -0.7278
vn -0.0055 -0.5702 -0.8215
vn -0.3485 -0.4161 -0.8399
vn -0.4924 -0.3928 -0.7767
vn -0.6209 -0.2504 -0.7428
vn -0.7576 -0.3747 -0.5344
vn -0.6408 -0.6838 -0.3492
vn -0.7810 -0.5506 -0.2947
vn -0.5570 -0.8144 -0.1631
vn -0.1374 -0.9478 -0.2879
vn -0.3579 -0.9335 -0.0241
vn -0.0669 -0.9758 -0.2080
vn 0.1083 -0.9330 -0.3432
vn -0.1393 -0.9475 -0.2877
vn -0.2408 -0.9674 0.0782
vn -0.3054 -0.8775 -0.3697
vn -0.2545 -0.8891 0.3805
vn -0.2532 -0.9209 -0.2965
vn 0.4484 -0.8859 -0.1189
vn 0.2363 -0.9716 -0.0135
vn 0.4901 -0.8172 -0.3033
vn 0.0589 -0.9906 -0.1231
vn -0.0855 -0.9058 -0.4149
vn -0.2216 -0.9734 0.0585
vn -0.3407 -0.8360 0.4301
vn -0.1165 -0.8616 0.4940
vn -0.0703 -0.9432 0.3246
vn 0.2042 -0.9509 0.2328
vn 0.0656 -0.9657 0.2512
vn -0.0025 -0.9922 -0.1250
vn -0.0486 -0.8870 -0.4592
vn -0.0392 -0.8653 -0.4997
vn -0.1738 -0.8670 -0.4670
vn -0.1937 -0.9572 -0.2149
vn -0.3962 -0.8810 -0.2588
vn -0.6441 -0.7303 -0.2278
vn -0.4640 -0.7112 -0.5282
vn -0.7649 -0.5264 -0.3713
vn -0.7108 -0.7031 0.0178
vn -0.7729 -0.6313 -0.0637
vn -0.7055 -0.7003 0.1090
vn -0.3006 -0.7870 0.5388
vn 0.1067 -0.9218 0.3726
vn -0.6720 -0.7074 0.2191
vn -0.5213 -0.7640 0.3802
vn -0.5573 -0.8276 0.0668
vn -0.3958 -0.9161 0.0638
vn -0.4866 -0.8169 0.3096
vn 0.7065 -0.6630 -0.2476
vn 0.6674 -0.7374 -0.1041
vn 0.5044 -0.8484 0.1606
vn 0.4352 -0.8474 0.3041
vn 0.5889 -0.8023 0.0974
vn 0.2174 -0.9098 -0.3535
vn 0.2658 -0.7643 -0.5875
vn 0.2701 -0.9460 -0.1790
vn 0.1270 -0.8008 -0.5853
vn 0.0527 -0.9580 -0.2818
vn -0.2408 -0.8145 -0.5278
vn -0.2466 -0.7590 -0.6026
vn -0.0989 -0.7968 -0.5961
vn -0.0725 -0.6508 -0.7558
vn -0.0911 -0.6838 -0.7240
vn -0.1507 -0.6464 -0.7480
vn -0.0255 -0.6165 -0.7870
vn 0.1589 -0.5653 -0.8094
vn 0.1551 -0.3016 -0.9407
vn 0.1196 -0.2140 -0.9695
vn -0.0605 -0.4687 -0.8813
vn -0.1872 -0.5777 -0.7945
vn -0.1377 -0.4036 -0.9045
vn -0.0320 -0.6357 -0.7713
vn -0.0228 -0.6492 -0.7602
vn -0.1346 -0.6583 -0.7406
vn -0.1190 -0.6074 -0.7854
vn -0.0832 -0.8190 -0.5677
vn -0.0212 -0.7145 -0.6993
vn 0.0822 -0.6230 -0.7779
vn 0.1811 -0.7921 -0.5830
vn 0.2096 -0.9724 0.1022
vn 0.0248 -0.9926 -0.1189
vn -0.2259 -0.9381 -0.2627
vn 0.4309 -0.8931 -0.1293
vn 0.6531 -0.7552 -0.0561
vn 0.5848 -0.7620 -0.2781
vn 0.7087 -0.4390 -0.5523
vn 0.5031 -0.5336 -0.6798
vn 0.5952 -0.5427 -0.5927
vn 0.5857 -0.6601 -0.4703
vn 0.5660 -0.4496 -0.6910
vn 0.7415 -0.5450 -0.3914
vn 0.4313 -0.3934 -0.8119
vn 0.2858 -0.3282 -0.9003
vn 0.3604 -0.5272 -0.7695
vn 0.1543 -0.8843 -0.4407
vn 0.5851 -0.6977 -0.4134
vn -0.4422 -0.7817 -0.4397
vn -0.1808 -0.8085 -0.5601
vn -0.4109 -0.7890 -0.4567
vn -0.3878 -0.7978 -0.4616
vn -0.6916 -0.4632 -0.5542
vn -0.5350 -0.6999 -0.4731
vn -0.2088 -0.2289 -0.9508
vn -0.0957 -0.3888 -0.9163
vn -0.3657 -0.3732 -0.8526
vn -0.0544 -0.5095 -0.8587
vn 0.0741 -0.7890 -0.6099
vn -0.1213 -0.6528 -0.7478
vn -0.0792 -0.2872 -0.9546
vn -0.1498 -0.5000 -0.8530
vn -0.1601 -0.5499 -0.8198
vn -0.1014 -0.4984 -0.8610
vn -0.1577 -0.5293 -0.8336
vn -0.1251 -0.5984 -0.7914
vn -0.1424 -0.2894 -0.9466
vn -0.1602 -0.4306 -0.8882
vn -0.1648 -0.2039 -0.9650
vn -0.1256 -0.3439 -0.9306
vn -0.1256 -0.3319 -0.9349
vn -0.4035 -0.2212 -0.8878
vn -0.1714 -0.2369 -0.9563
vn -0.2307 0.1266 -0.9648
vn -0.0906 -0.1010 -0.9908
vn 0.0101 0.2920 -0.9564
vn 0.0939 -0.0407 -0.9948
vn -0.0898 0.4687 -0.8788
vn 0.0391 0.6336 -0.7727
vn -0.1095 0.6771 -0.7277
vn -0.0883 0.6541 -0.7513
vn -0.0005 0.5490 -0.8358
vn -0.2133 0.4799 -0.8510
vn -0.2926 0.4888 -0.8219
vn -0.4089 0.3425 -0.8459
vn -0.4136 0.2169 -0.8842
vn -0.1887 0.0754 -0.9791
vn -0.0362 0.2537 -0.9666
vn -0.1876 0.6146 -0.7662
vn -0.0139 0.4042 -0.9145
vn -0.1322 0.7156 -0.6859
vn -0.3832 0.6256 -0.6795
vn -0.2800 0.6213 -0.7318
vn -0.1549 0.5372 -0.8291
vn -0.3044 0.5509 -0.7771
vn -0.1110 0.5366 -0.8365
vn -0.3324 0.4816 -0.8109
vn -0.0583 0.5487 -0.8340
vn 0.0829 0.6010 -0.7949
vn 0.0318 0.6795 -0.7329
vn 0.1341 0.6366 -0.7595
vn 0.0904 0.7585 -0.6453
vn -0.1902 0.9540 -0.2317
vn 0.0959 0.9664 -0.2384
vn 0.0569 0.9298 -0.3636
vn -0.5660 0.6054 -0.5596
vn -0.6382 0.6365 -0.4330
vn -0.5476 0.7815 -0.2990
vn -0.4877 0.4886 -0.7235
vn -0.6337 0.5063 -0.5849
vn -0.4107 0.4438 -0.7965
vn -0.4876 0.2039 -0.8489
vn -0.3732 0.4390 -0.8173
vn -0.0813 -0.0563 -0.9951
vn -0.2276 0.1553 -0.9613
vn 0.0408 0.0652 -0.9970
vn 0.1515 0.1503 -0.9770
vn 0.1974 0.2444 -0.9494
vn -0.0238 0.4394 -0.8980
vn 0.4007 0.3275 -0.8557
vn 0.2830 0.5104 -0.8120
vn 0.0158 0.5864 -0.8099
vn 0.1558 0.5771 -0.8017
vn 0.3133 0.7992 -0.5129
vn 0.3239 0.7089 -0.6265
vn 0.4540 0.7641 -0.4584
vn 0.2681 0.8502 -0.4531
vn 0.4066 0.7379 -0.5387
vn 0.2935 0.7369 -0.6089
vn 0.2321 0.8146 -0.5315
vn -0.1385 0.7416 -0.6564
vn -0.3565 0.7314 -0.5814
vn -0.3936 0.8491 -0.3523
vn -0.5295 0.3016 -0.7928
vn -0.5669 0.1783 -0.8043
vn -0.5623 0.2836 -0.7768
vn -0.5016 0.4713 -0.7254
vn -0.3140 0.5024 -0.8056
vn -0.3812 0.2486 -0.8904
vn -0.5621 0.3274 -0.7595
vn -0.4575 0.4084 -0.7898
vn -0.5383 0.4285 -0.7257
vn -0.2174 0.2654 -0.9393
vn -0.4300 0.2669 -0.8625
vn -0.3244 0.4349 -0.8400
vn 0.1677 0.2719 -0.9476
vn 0.2715 0.0953 -0.9577
vn 0.4206 0.3152 -0.8507
vn 0.3271 0.0975 -0.9400
vn 0.4765 0.5039 -0.7204
vn 0.4329 0.6486 -0.6260
vn 0.4549 0.5537 -0.6975
vn 0.5330 0.6463 -0.5461
vn 0.2923 0.5857 -0.7559
vn -0.0838 0.3812 -0.9207
vn -0.0354 -0.0735 -0.9967
vn 0.1642 -0.0368 -0.9857
vn -0.4101 -0.0045 -0.9120
vn -0.3245 0.1442 -0.9348
vn -0.5569 0.0658 -0.8280
vn -0.5223 0.1286 -0.8430
vn -0.6158 0.2504 -0.7470
vn -0.6692 0.3342 -0.6637
vn -0.6403 0.6766 -0.3636
vn -0.6486 0.6938 -0.3130
vn -0.5599 0.8078 -0.1842
vn -0.4438 0.8710 -0.2109
vn -0.3107 0.9052 -0.2899
vn -0.1519 0.9442 -0.2921
vn -0.0236 0.9003 -0.4346
vn 0.2300 0.9086 -0.3485
vn -0.0781 0.6348 -0.7687
vn 0.0071 0.6191 -0.7852
vn -0.1116 0.5452 -0.8309
vn -0.3443 0.3553 -0.8690
vn -0.1625 0.3302 -0.9298
vn -0.1379 0.4415 -0.8866
vn -0.1952 0.6012 -0.7749
vn -0.4273 0.8625 -0.2713
vn -0.3200 0.7283 -0.6059
vn -0.5029 0.8052 -0.3142
vn -0.3822 0.6895 -0.6152
vn -0.5652 0.6847 -0.4603
vn -0.6263 0.6458 -0.4367
vn -0.7247 0.5483 -0.4174
vn -0.6692 0.5226 -0.5283
vn -0.5444 0.0594 -0.8367
vn -0.4284 0.3775 -0.8209
vn -0.5709 0.2032 -0.7955
vn -0.6010 0.4027 -0.6904
vn -0.3687 0.5242 -0.7676
vn -0.2867 0.4619 -0.8393
vn -0.3034 0.1367 -0.9430
vn -0.2902 0.4989 -0.8166
vn -0.1728 0.2187 -0.9604
vn -0.1831 0.1072 -0.9772
vn -0.3920 -0.3817 -0.8370
vn -0.1783 0.3789 -0.9081
vn -0.2563 0.6129 -0.7475
vn -0.2508 0.5821 -0.7735
vn -0.1351 0.4796 -0.8670
vn -0.3273 0.5596 -0.7614
vn -0.0046 0.6022 -0.7983
vn -0.2074 0.6778 -0.7054
vn -0.2849 0.6765 -0.6792
vn -0.5256 0.5708 -0.6309
vn -0.0341 -0.2510 -0.9674
vn -0.2012 -0.2456 -0.9483
vn -0.2834 -0.1432 -0.9482
vn -0.5113 0.0103 -0.8593
vn -0.6155 0.0535 -0.7863
vn -0.5720 0.0581 -0.8182
vn -0.5535 -0.1266 -0.8231
vn -0.6439 -0.1361 -0.7529
vn -0.7311 -0.1211 -0.6714
vn -0.7436 -0.0125 -0.6685
vn -0.5465 0.2513 -0.7989
vn -0.5393 0.1384 -0.8307
vn -0.4163 0.5114 -0.7518
vn -0.4945 0.4295 -0.7557
vn -0.4251 0.4674 -0.7752
vn -0.6064 0.2968 -0.7377
vn -0.5958 0.5034 -0.6258
vn -0.5998 0.3874 -0.7001
vn -0.5127 0.3825 -0.7687
vn -0.7126 0.6338 -0.3008
vn -0.8140 0.4478 -0.3700
vn -0.7719 0.1814 -0.6093
vn -0.6204 0.4240 -0.6598
vn -0.4447 0.4698 -0.7626
vn -0.5646 0.5052 -0.6527
vn -0.5124 0.3313 -0.7923
vn -0.6123 0.3600 -0.7039
vn -0.6646 0.3364 -0.6672
vn -0.6517 0.5216 -0.5507
vn -0.7022 -0.0071 -0.7120
vn -0.6324 0.3801 -0.6750
vn -0.7525 0.5342 -0.3852
vn -0.7187 0.5849 -0.3761
vn -0.8471 0.4918 -0.2015
vn -0.8343 0.4794 -0.2722
vn -0.7969 0.5710 -0.1971
vn -0.8666 0.3832 -0.3196
vn -0.8434 0.4572 -0.2824
vn -0.7841 0.5294 -0.3240
vn -0.6531 0.6921 -0.3072
vn -0.4071 0.8896 -0.2074
vn -0.2709 0.9503 -0.1536
vn -0.4706 0.8593 -0.2006
vn -0.3617 0.9282 0.0877
vn -0.6292 0.7377 -0.2448
vn -0.5935 0.7981 0.1043
vn -0.4152 0.7712 0.4825
vn -0.5357 0.4710 0.7008
vn -0.6328 0.6232 0.4595
vn -0.5019 0.6499 0.5706
vn -0.5650 0.7806 0.2674
vn -0.7584 0.5498 0.3501
vn -0.6888 0.4235 0.5884
vn -0.8522 0.3056 0.4248
vn -0.7514 0.4162 0.5121
vn -0.7255 0.6858 -0.0582
vn -0.6351 0.7464 -0.1986
vn -0.7098 0.7024 0.0530
vn -0.5102 0.8261 -0.2393
vn -0.4473 0.8629 -0.2352
vn -0.0102 0.7145 -0.6996
vn -0.4846 -0.0851 -0.8706
vn -0.4024 0.6222 -0.6715
vn -0.3982 0.5813 -0.7096
vn -0.3232 0.8139 -0.4828
vn -0.1878 0.8739 -0.4485
vn -0.1187 0.8608 -0.4948
vn -0.2274 0.7712 -0.5945
vn -0.0198 0.9049 -0.4252
vn 0.0504 0.9135 -0.4037
vn 0.0148 0.8742 -0.4854
vn 0.0247 0.9376 -0.3469
vn -0.0409 0.9093 -0.4142
vn 0.0569 0.9765 -0.2080
vn -0.0057 0.9373 -0.3486
vn 0.0849 0.9922 -0.0911
vn -0.0425 0.9575 -0.2854
vn 0.1852 0.8539 -0.4863
vn 0.1926 0.9436 -0.2695
vn 0.2024 0.7332 -0.6492
vn 0.5185 0.8534 -0.0535
vn 0.6970 0.6838 -0.2159
vn 0.8667 0.2985 -0.3997
vn 0.6849 0.6975 -0.2109
vn 0.8019 0.4381 -0.4063
vn 0.2566 0.9663 0.0197
vn 0.6528 0.7307 0.1997
vn 0.5523 0.7491 0.3659
vn 0.3323 0.9393 0.0856
vn 0.1227 0.9922 -0.0197
vn 0.0786 0.9953 -0.0564
vn 0.0061 0.9149 -0.4037
vn 0.1192 0.9918 -0.0455
vn 0.1268 0.2895 -0.9487
vn 0.6246 0.3124 -0.7158
vn 0.2908 0.4225 -0.8584
vn 0.8265 0.5350 -0.1751
vn 0.7652 0.4666 -0.4436
vn 0.7743 0.4620 -0.4324
vn 0.7901 0.5736 -0.2160
vn 0.5677 0.7620 -0.3117
vn 0.7428 0.6695 0.0103
vn 0.1194 0.8722 -0.4744
vn -0.0122 0.9951 0.0977
vn 0.5572 0.8304 0.0036
vn 0.6052 0.7948 -0.0448
vn 0.1365 0.3932 -0.9093
vn 0.3163 0.6953 -0.6454
vn 0.1351 0.6994 -0.7019
vn 0.4708 0.3558 -0.8073
vn 0.5512 0.4467 -0.7047
vn 0.5346 -0.1335 -0.8345
vn 0.4717 -0.8737 -0.1188
vn 0.5918 -0.7749 -0.2221
vn 0.6485 -0.6585 -0.3818
vn 0.7387 -0.5468 -0.3942
vn 0.8006 -0.4868 -0.3493
vn 0.8229 -0.4895 -0.2885
vn 0.8631 -0.3968 -0.3126
vn 0.7567 -0.4422 -0.4815
vn 0.5716 -0.5597 -0.6000
vn 0.5609 -0.6633 -0.4954
vn 0.5067 -0.6622 -0.5520
vn 0.0116 -0.8381 -0.5453
vn -0.0479 -0.8528 -0.5201
vn 0.0691 -0.6970 -0.7137
vn 0.2999 -0.6294 -0.7169
vn 0.4562 -0.7642 -0.4559
vn 0.2352 -0.9240 -0.3015
vn 0.1986 -0.9749 -0.1009
vn 0.2586 -0.9448 -0.2014
vn 0.4673 -0.8428 -0.2672
vn -0.3673 -0.9211 -0.1293
vn 0.1814 -0.9822 -0.0487
vn -0.1236 -0.9550 0.2696
vn -0.2556 -0.9356 0.2438
vn -0.2636 -0.8863 0.3809
vn 0.0005 -0.9482 0.3176
vn 0.1542 -0.9778 -0.1421
vn 0.0141 -0.9552 -0.2957
vn 0.1345 -0.8422 -0.5221
vn 0.3026 -0.8979 -0.3198
vn 0.2343 -0.9156 -0.3267
vn 0.0937 -0.9927 -0.0760
vn 0.1841 -0.9646 -0.1888
vn 0.0639 -0.9930 0.0994
vn 0.2659 -0.9546 0.1344
vn 0.2781 -0.9584 0.0642
vn 0.1615 -0.9380 0.3069
vn 0.2326 -0.9325 0.2764
vn 0.1997 -0.9187 0.3407
vn -0.1338 -0.9865 0.0941
vn -0.4754 -0.7993 -0.3677
vn -0.3431 -0.8362 -0.4279
vn -0.2669 -0.9141 -0.3052
vn -0.2512 -0.6809 -0.6880
vn -0.5993 -0.7825 -0.1686
vn -0.6217 -0.6963 -0.3587
vn -0.7049 -0.6034 -0.3729
vn -0.0978 -0.9917 -0.0832
vn 0.0035 -0.9837 -0.1798
vn -0.1508 -0.9873 -0.0498
vn 0.1339 -0.9804 -0.1442
vn 0.0506 -0.9834 -0.1740
vn -0.5442 -0.8389 0.0064
vn -0.4465 -0.8765 0.1801
vn -0.7471 -0.5835 0.3186
vn -0.7624 -0.6456 -0.0452
vn -0.5588 -0.6688 0.4904
vn -0.2845 -0.9563 -0.0670
vn -0.4202 -0.7428 0.5213
vn 0.1044 -0.9938 0.0379
vn 0.2569 -0.9261 0.2763
vn -0.0395 -0.9802 0.1941
vn 0.1846 -0.9400 0.2870
vn 0.0878 -0.9036 0.4193
vn -0.0827 -0.9136 0.3980
vn -0.2941 -0.8160 0.4976
vn -0.2586 -0.9639 -0.0629
vn -0.1506 -0.9886 -0.0000
vn -0.4339 -0.8725 0.2246
vn -0.3563 -0.9334 -0.0416
vn -0.3008 -0.9476 0.1074
vn -0.2311 -0.9196 0.3178
vn 0.0493 -0.8643 0.5006
vn -0.2028 -0.8007 0.5637
vn 0.0178 -0.8620 0.5065
vn -0.2166 -0.6491 0.7292
vn 0.4670 -0.8628 0.1937
vn 0.1181 -0.7829 0.6108
vn 0.1717 -0.6420 0.7472
vn 0.2124 -0.7060 0.6756
vn 0.1678 -0.7378 0.6538
vn 0.2916 -0.6461 0.7054
vn 0.2379 -0.6504 0.7213
vn 0.2722 -0.5873 0.7622
vn -0.0556 -0.5677 0.8214
vn -0.0854 -0.4291 0.8992
vn 0.5791 -0.0760 0.8117
vn 0.3013 -0.0380 0.9528
vn 0.5756 0.0434 0.8166
vn 0.8456 -0.1205 0.5200
vn 0.5547 0.0243 0.8317
vn 0.2933 0.2442 0.9243
vn -0.1132 0.8094 0.5763
vn 0.0175 0.7715 0.6360
vn 0.1750 0.9232 0.3421
vn -0.0059 0.7492 0.6623
vn 0.4457 0.8528 0.2722
vn 0.4230 0.7394 0.5238
vn 0.1975 0.6333 0.7483
vn 0.1975 0.5433 0.8159
vn -0.0339 0.7092 0.7042
vn 0.0592 0.5202 0.8520
vn 0.2867 0.5251 0.8013
vn 0.2867 0.6557 0.6985
vn 0.3450 0.8398 0.4192
vn 0.4593 0.8145 0.3544
vn 0.0841 0.8589 -0.5051
vn -0.0420 0.9063 -0.4205
vn 0.3166 0.8764 -0.3627
vn 0.1638 0.9584 -0.2338
vn -0.0549 0.9820 -0.1809
vn -0.2728 0.9464 -0.1731
vn -0.0190 0.9930 0.1166
vn -0.0301 0.9281 0.3710
vn -0.3196 0.8685 0.3788
vn -0.4603 0.6939 0.5538
vn -0.4469 0.6427 0.6223
vn -0.4130 0.6222 0.6650
vn -0.3318 0.4363 0.8364
vn -0.3718 0.5376 0.7568
vn -0.3292 0.5794 0.7456
vn -0.2186 0.6067 0.7643
vn 0.1806 0.9375 0.2976
vn 0.1652 0.9156 0.3667
vn 0.1936 0.9390 0.2844
vn 0.3136 0.9449 0.0943
vn 0.3663 0.9305 0.0015
vn -0.0365 0.9991 0.0213
vn -0.2069 0.9728 -0.1038
vn -0.2048 0.9236 -0.3241
vn -0.2081 0.5943 0.7769
vn 0.3658 0.9056 0.2147
vn 0.2456 0.9693 -0.0136
vn 0.2178 0.9353 0.2790
vn 0.4656 0.8841 -0.0399
vn 0.5459 0.8021 -0.2421
vn 0.5498 0.8276 -0.1127
vn 0.4453 0.8717 -0.2047
vn 0.7876 0.6155 -0.0287
vn 0.5919 0.7842 0.1862
vn 0.5727 0.8087 0.1343
vn 0.7866 0.6174 -0.0064
vn 0.8169 0.5656 0.1126
vn 0.8513 0.4788 0.2146
vn 0.7154 0.5522 0.4281
vn 0.8509 0.3651 0.3778
vn 0.5653 0.4318 0.7028
vn 0.5812 0.2324 0.7798
vn 0.4166 0.3920 0.8202
vn 0.1836 0.5738 0.7981
vn 0.2269 0.3209 0.9195
vn -0.0530 0.4232 0.9045
vn 0.1770 0.1782 0.9679
vn 0.3496 0.3240 0.8791
vn 0.8388 0.3342 0.4298
vn 0.7714 0.5476 0.3241
vn 0.1518 0.9340 0.3234
vn -0.0658 0.9965 0.0516
vn 0.2037 0.9751 0.0879
vn 0.1120 0.8712 0.4780
vn 0.1243 0.6599 0.7410
vn 0.0714 0.7205 0.6898
vn -0.1422 0.7092 0.6905
vn -0.1337 0.8700 0.4746
vn -0.0193 0.9596 0.2806
vn -0.3114 0.8733 0.3748
vn -0.3322 0.9405 0.0719
vn -0.3966 0.7792 0.4854
vn -0.5095 0.7771 0.3696
vn -0.6698 0.7278 0.1471
vn -0.6782 0.7048 0.2083
vn -0.5768 0.7963 0.1822
vn -0.3345 0.9386 0.0842
vn -0.1291 0.9845 0.1184
vn 0.6436 0.5709 0.5097
vn 0.7517 0.2946 0.5901
vn 0.5472 0.4866 0.6810
vn 0.6506 0.6372 0.4131
vn 0.3755 0.8707 0.3177
vn 0.4083 0.9037 0.1289
vn 0.1723 0.9733 -0.1517
vn -0.0052 0.9369 0.3496
vn 0.1191 0.9806 0.1556
vn -0.0432 0.9839 0.1733
vn -0.1177 0.9625 0.2446
vn -0.0835 0.9027 0.4221
vn -0.2083 0.7736 0.5985
vn -0.1331 0.5494 0.8249
vn -0.3089 0.5348 0.7865
vn -0.1394 0.7121 0.6881
vn -0.0102 0.8129 0.5824
vn -0.0909 0.7248 0.6830
vn -0.1805 0.8318 0.5250
vn -0.7543 0.5925 0.2827
vn -0.7916 0.5939 0.1438
vn -0.6842 0.7259 0.0705
vn -0.7828 0.6195 0.0587
vn -0.5169 0.8554 0.0331
vn -0.0335 0.9970 -0.0694
vn -0.2118 0.9769 0.0287
vn -0.0372 0.8042 0.5931
vn -0.1562 0.9064 0.3924
vn -0.2721 0.7226 0.6355
vn 0.0202 0.9881 0.1523
vn 0.2113 0.8862 -0.4123
vn -0.0474 0.9903 0.1303
vn 0.0577 0.9528 -0.2982
vn -0.2725 0.9446 -0.1828
vn -0.4308 0.8933 -0.1284
vn -0.5509 0.8345 -0.0127
vn -0.3154 0.9479 -0.0444
vn -0.4096 0.8949 0.1773
vn -0.5890 0.7651 0.2601
vn -0.6905 0.5268 0.4957
vn -0.5827 0.6294 0.5141
vn -0.6721 0.4404 0.5953
vn -0.5576 0.3572 0.7493
vn -0.5518 0.1676 0.8170
vn 0.0015 0.3939 0.9192
vn -0.1412 0.2361 0.9614
vn 0.0529 0.3364 0.9402
vn -0.2056 0.4466 0.8708
vn -0.5030 0.5193 0.6909
vn -0.5124 0.7235 0.4625
vn -0.2454 0.7452 0.6200
vn -0.1012 0.9116 0.3983
vn -0.2695 0.8867 0.3757
vn 0.0609 0.9676 0.2452
vn 0.0628 0.9976 -0.0293
vn -0.1252 0.9786 0.1634
vn -0.0674 0.9830 -0.1707
vn -0.0904 0.9734 -0.2107
vn -0.0786 0.9743 -0.2111
vn 0.1189 0.9479 -0.2954
vn 0.2288 0.9642 -0.1343
vn 0.4181 0.8991 -0.1296
vn 0.3154 0.9439 0.0978
vn 0.5689 0.8132 0.1225
vn 0.3291 0.9365 0.1211
vn 0.5091 0.8064 0.3009
vn 0.6458 0.6577 0.3877
vn 0.4652 0.7420 0.4827
vn 0.3249 0.7595 0.5636
vn 0.5712 0.5818 0.5789
vn 0.0701 0.8466 0.5276
vn 0.2888 0.6117 0.7365
vn 0.1358 0.4531 0.8810
vn 0.0623 0.7157 0.6957
vn 0.0424 0.9131 0.4055
vn -0.0112 0.9911 -0.1327
vn 0.1052 0.9886 -0.1081
vn -0.0276 0.9996 0.0022
vn 0.0370 0.9775 -0.2078
vn 0.1429 0.8374 -0.5276
vn -0.0581 0.7231 -0.6882
vn -0.1028 0.8283 -0.5508
vn -0.1805 0.8760 -0.4473
vn 0.1199 0.9770 -0.1761
vn -0.1954 0.9719 -0.1316
vn 0.0382 0.9752 -0.2182
vn -0.2156 0.8765 -0.4304
vn 0.1568 0.9408 -0.3003
vn 0.1847 0.7899 -0.5848
vn 0.0673 0.9942 0.0835
vn 0.2340 0.9494 0.2097
vn -0.3407 0.8690 0.3588
vn -0.3091 0.8417 0.4427
vn 0.0181 0.7755 0.6311
vn 0.1190 0.7309 0.6720
vn 0.2069 0.6310 0.7477
vn 0.4180 0.4629 0.7817
vn 0.2641 0.4459 0.8552
vn 0.4779 0.5614 0.6756
vn 0.5159 0.6454 0.5632
vn -0.0000 0.9595 0.2816
vn -0.3457 0.8243 0.4484
vn -0.6978 0.5063 0.5068
vn -0.6662 0.6083 0.4314
vn -0.4478 0.8474 0.2852
vn -0.5609 0.7565 0.3364
vn -0.2340 0.8695 0.4350
vn -0.3642 0.7744 0.5173
vn -0.4800 0.4061 0.7776
vn -0.5928 0.5382 0.5991
vn -0.6190 0.3493 0.7035
vn -0.5648 0.0698 0.8223
vn -0.4350 0.1519 0.8875
vn -0.5886 0.1984 0.7837
vn -0.4289 0.0334 0.9027
vn -0.1995 -0.3700 0.9074
vn -0.3208 -0.1473 0.9356
vn 0.0191 -0.5155 0.8567
vn -0.1174 -0.3616 0.9249
vn 0.5208 -0.7114 0.4719
vn 0.2725 -0.7178 0.6407
vn 0.2417 -0.5859 0.7735
vn 0.1395 -0.7750 0.6163
vn -0.2463 -0.0439 0.9682
vn -0.3967 0.0179 0.9178
vn 0.1697 0.5540 0.8150
vn 0.3609 0.4909 0.7929
vn -0.1710 0.4549 0.8740
vn -0.1788 0.5414 0.8215
vn -0.1290 0.5191 0.8449
vn 0.3325 0.4927 0.8042
vn 0.1038 0.5029 0.8581
vn 0.2151 0.3330 0.9181
vn -0.0665 0.3041 0.9503
vn -0.2228 0.1444 0.9641
vn -0.0957 0.5384 0.8373
vn 0.0263 0.7579 0.6518
vn -0.0560 0.7852 0.6167
vn -0.5759 0.6533 0.4915
vn -0.0676 0.6505 0.7565
vn 0.0015 0.5782 0.8159
vn -0.2354 0.6899 0.6845
vn 0.0544 0.7021 0.7100
vn 0.2044 0.4413 0.8738
vn 0.4636 0.3273 0.8234
vn -0.0812 0.3876 0.9182
vn 0.0423 0.5617 0.8263
vn -0.1153 0.4901 0.8640
vn -0.1796 0.3708 0.9112
vn 0.1082 0.2041 0.9730
vn 0.1507 0.1237 0.9808
vn -0.1499 -0.0012 0.9887
vn -0.0895 -0.4237 0.9014
vn 0.1020 0.4695 0.8770
vn 0.0691 0.1848 0.9803
vn 0.0027 0.3088 0.9511
vn -0.0315 0.4144 0.9096
vn -0.0352 0.3280 0.9440
vn -0.0338 0.5220 0.8523
vn -0.1017 0.2040 0.9737
vn -0.2232 0.3235 0.9195
vn -0.3907 0.0926 0.9159
vn -0.3683 0.1233 0.9215
vn -0.1313 -0.0198 0.9911
vn -0.6510 0.2662 0.7109
vn -0.5695 -0.3731 0.7324
vn -0.6462 -0.1448 0.7493
vn -0.6521 -0.0675 0.7551
vn -0.3173 -0.2081 0.9252
vn -0.2281 -0.3778 0.8974
vn 0.1449 -0.1981 0.9694
vn -0.4937 0.1352 0.8591
vn -0.7552 0.1093 0.6463
vn -0.1567 0.4283 0.8900
vn -0.2116 0.2332 0.9491
vn -0.1741 -0.0938 0.9803
vn 0.1570 -0.0611 0.9857
vn 0.0536 0.0174 0.9984
vn -0.1515 -0.1205 0.9811
vn -0.3806 -0.2743 0.8831
vn -0.4462 -0.3838 0.8084
vn -0.4072 -0.3948 0.8236
vn -0.5531 -0.4295 0.7139
vn -0.3576 -0.4515 0.8175
vn -0.2533 -0.6221 0.7408
vn -0.0752 -0.3425 0.9365
vn -0.0657 -0.4263 0.9022
vn -0.3700 -0.5069 0.7786
vn -0.2208 -0.3866 0.8954
vn -0.2087 -0.6382 0.7410
vn -0.2672 -0.7526 0.6018
vn -0.3770 -0.5806 0.7216
vn -0.1649 -0.8315 0.5304
vn -0.0688 -0.8691 0.4899
vn -0.2352 -0.8773 0.4182
vn -0.2538 -0.9240 0.2861
vn -0.2547 -0.9451 0.2047
vn -0.3476 -0.8556 -0.3836
vn -0.3272 -0.8525 -0.4076
vn -0.3400 -0.9299 -0.1400
vn -0.4201 -0.8847 -0.2021
vn -0.5592 -0.6406 -0.5263
vn -0.7619 -0.5153 -0.3924
vn -0.8326 -0.4963 -0.2460
vn -0.8263 -0.5559 0.0910
vn -0.5889 -0.8066 -0.0503
vn -0.3861 -0.7144 -0.5836
vn -0.4410 -0.8442 -0.3046
vn -0.4688 -0.6319 -0.6172
vn -0.8986 -0.1542 -0.4109
vn -0.6541 -0.3324 -0.6795
vn -0.6727 -0.2270 -0.7043
vn -0.8183 -0.4626 -0.3411
vn -0.4647 -0.6250 -0.6273
vn -0.2683 -0.4261 -0.8639
vn -0.3393 -0.7612 -0.5526
vn -0.1310 -0.6519 -0.7469
vn -0.3303 -0.7343 -0.5931
vn -0.1538 -0.5039 -0.8500
vn 0.0344 -0.2220 -0.9745
vn -0.0993 -0.3409 -0.9348
vn -0.1437 -0.5523 -0.8212
vn -0.3857 -0.1379 -0.9123
vn -0.4815 -0.3109 -0.8195
vn -0.4575 -0.5254 -0.7174
vn -0.6528 -0.3132 -0.6897
vn -0.6818 -0.4250 -0.5954
vn -0.7251 -0.2811 -0.6287
vn -0.6614 -0.0525 -0.7482
vn -0.6666 -0.2500 -0.7022
vn -0.7711 -0.4586 -0.4417
vn -0.3481 0.0284 -0.9370
vn -0.5056 0.0583 -0.8608
vn -0.3005 -0.0150 -0.9537
vn -0.2851 0.0320 -0.9580
vn -0.2087 0.0370 -0.9773
vn -0.4516 0.0132 -0.8921
vn -0.7614 -0.1565 -0.6292
vn -0.7943 -0.0323 -0.6067
vn -0.5168 -0.0017 -0.8561
vn -0.7040 0.6296 -0.3287
vn -0.6708 0.5968 -0.4402
vn -0.6438 0.6666 -0.3758
vn -0.6241 0.7389 -0.2540
vn -0.7443 0.6284 -0.2261
vn -0.6350 0.7129 -0.2975
vn -0.6827 0.6204 -0.3860
vn -0.7753 0.5557 -0.3003
vn -0.8752 0.4190 -0.2418
vn -0.8797 0.4605 -0.1189
vn -0.7643 0.6183 -0.1831
vn -0.6980 0.6867 -0.2031
vn -0.6329 0.7658 -0.1140
vn -0.6016 0.7879 -0.1317
vn -0.6837 0.7260 -0.0744
vn -0.6550 0.7556 -0.0000
vn -0.7512 0.6597 0.0207
vn -0.6044 0.7906 0.0986
vn -0.7133 0.6878 0.1345
vn -0.6263 0.7262 0.2834
vn -0.3943 0.7809 0.4844
vn -0.2188 0.7470 0.6278
vn -0.2787 0.6827 0.6755
vn -0.5285 0.1721 0.8313
vn -0.5928 0.4809 0.6460
vn -0.5143 0.6303 0.5815
vn -0.6284 0.6920 0.3553
vn -0.3125 0.4556 0.8335
vn -0.2236 0.7818 0.5821
vn 0.2798 0.8499 0.4466
vn 0.0127 0.4413 0.8973
vn 0.3496 0.5175 0.7810
vn -0.2233 0.2546 0.9409
vn -0.2615 0.1720 0.9498
vn 0.1245 0.7778 0.6161
vn 0.0345 0.9570 0.2880
vn 0.1961 0.9593 0.2031
vn 0.2948 0.8709 0.3932
vn -0.1619 0.9463 0.2798
vn -0.1396 0.9852 0.0994
vn -0.4650 0.8820 0.0758
vn -0.4362 0.7966 0.4185
vn -0.4967 0.8356 0.2345
vn -0.2745 0.7918 0.5457
vn -0.2062 0.8251 0.5261
vn -0.4443 0.7474 0.4940
vn -0.5473 0.6581 0.5170
vn -0.5862 0.7207 0.3700
vn -0.7071 0.5775 0.4080
vn -0.4359 0.6567 0.6154
vn -0.2726 0.7776 0.5666
vn -0.1496 0.9493 0.2766
vn 0.0581 0.9971 0.0490
vn -0.2240 0.9729 0.0572
vn -0.0126 0.9992 0.0383
vn -0.5643 0.7781 0.2758
vn -0.0822 0.4463 0.8911
vn -0.0609 0.9547 0.2914
vn -0.4371 0.6496 0.6221
vn -0.5048 0.7687 0.3928
vn -0.6699 0.4775 0.5685
vn -0.5952 0.6037 0.5304
vn -0.4880 0.7220 0.4905
vn -0.6859 0.3684 0.6276
vn -0.6083 0.5793 0.5425
vn -0.7742 0.2417 0.5850
vn -0.6459 0.4895 0.5858
vn -0.4160 0.6633 0.6221
vn -0.3225 0.9136 0.2475
vn -0.3288 0.8131 0.4804
vn -0.2981 0.9428 0.1494
vn -0.2662 0.9539 0.1383
vn -0.2805 0.8922 0.3541
vn -0.0087 0.9955 0.0939
vn -0.8418 -0.0395 0.5383
vn -0.7807 -0.0493 0.6229
vn -0.7542 -0.2157 0.6202
vn -0.4458 -0.4682 0.7629
vn -0.3514 -0.2758 0.8947
vn -0.0756 -0.5776 0.8128
vn -0.1417 -0.1258 0.9819
vn -0.1685 -0.1690 0.9711
vn -0.3158 -0.2468 0.9162
vn -0.5899 0.1912 0.7845
vn -0.3853 0.0415 0.9218
vn -0.4681 0.3004 0.8310
vn -0.5455 0.1199 0.8295
vn -0.4783 -0.2464 0.8429
vn -0.6257 -0.3910 0.6750
vn -0.4678 -0.6209 0.6290
vn -0.2645 -0.5928 0.7607
vn -0.3080 -0.7358 0.6031
vn -0.4758 -0.5457 0.6898
vn -0.6256 -0.7390 0.2500
vn -0.8005 -0.5876 0.1176
vn -0.8314 -0.2751 0.4828
vn -0.8490 -0.5226 -0.0785
vn -0.9109 -0.1335 0.3905
vn -0.8880 0.0185 0.4596
vn -0.7914 0.1233 0.5988
vn -0.7484 0.3531 0.5614
vn -0.8065 0.2947 0.5126
vn -0.8313 -0.0373 0.5545
vn -0.6513 0.0550 0.7569
vn -0.7965 -0.0431 0.6031
vn -0.7221 -0.1847 0.6667
vn -0.5109 -0.3290 0.7942
vn -0.2545 -0.3714 0.8929
vn -0.2552 -0.4519 0.8548
vn 0.4155 -0.4213 0.8062
vn 0.3434 -0.4968 0.7970
vn 0.6082 -0.5878 0.5335
vn 0.6940 -0.4489 0.5628
vn 0.0346 -0.5794 0.8143
vn 0.1767 -0.8057 0.5654
vn -0.0446 -0.1878 0.9812
vn 0.0557 -0.2447 0.9680
vn 0.0443 -0.5504 0.8337
vn -0.2210 -0.8062 0.5488
vn -0.3302 -0.7455 0.5790
vn -0.1974 -0.3928 0.8982
vn -0.4108 -0.3439 0.8443
vn -0.6640 -0.4338 0.6090
vn -0.5993 -0.4590 0.6559
vn -0.5368 -0.3096 0.7848
vn -0.3506 -0.4323 0.8308
vn -0.4615 -0.3305 0.8233
vn -0.1025 -0.4145 0.9043
vn -0.0330 -0.7107 0.7028
vn -0.0654 -0.7974 0.5999
vn -0.0746 -0.7338 0.6752
vn -0.1587 -0.7718 0.6158
vn 0.0349 -0.7365 0.6755
vn 0.0925 -0.6768 0.7303
vn -0.2258 0.2656 0.9373
vn -0.2490 0.0992 0.9634
vn -0.1956 0.3977 0.8964
vn -0.3318 0.3302 0.8837
vn -0.2192 0.3057 0.9265
vn -0.5978 0.1004 0.7953
vn -0.4596 0.1280 0.8789
vn -0.4662 0.2595 0.8458
vn -0.5204 -0.1927 0.8319
vn -0.4557 -0.4665 0.7581
vn -0.1774 -0.4000 0.8992
vn -0.5852 -0.5480 0.5977
vn -0.2471 -0.5579 0.7923
vn -0.3839 -0.7240 0.5731
vn -0.1037 -0.7037 0.7029
vn -0.5612 -0.7148 0.4174
vn -0.4353 -0.8104 0.3921
vn 0.0485 -0.9443 0.3255
vn 0.1674 -0.9539 0.2490
vn 0.1614 -0.9271 0.3382
vn 0.1101 -0.9078 0.4048
vn 0.2929 -0.9118 0.2878
vn -0.0447 -0.8632 0.5028
vn -0.5238 -0.5531 0.6479
vn -0.6399 -0.6076 0.4705
vn -0.6712 -0.5907 0.4478
vn -0.7215 -0.4412 0.5336
vn -0.7223 -0.4519 0.5234
vn -0.7419 -0.2750 0.6115
vn -0.7537 -0.2409 0.6115
vn -0.6670 -0.0983 0.7385
vn -0.6071 -0.1140 0.7864
vn -0.5919 -0.1499 0.7919
vn -0.4714 -0.1022 0.8760
vn -0.7098 -0.0594 0.7019
vn -0.1287 -0.9276 0.3506
vn 0.2694 -0.9205 0.2829
vn 0.1807 -0.8551 0.4860
vn 0.1809 -0.7612 0.6228
vn -0.0480 -0.8291 0.5570
vn 0.2493 -0.2675 0.9308
vn 0.1575 -0.4803 0.8628
vn 0.3809 -0.1297 0.9155
vn 0.2870 0.0865 0.9540
vn 0.0955 -0.5775 0.8108
vn 0.0096 -0.2162 0.9763
vn -0.1047 -0.5259 0.8441
vn -0.3614 -0.3843 0.8495
vn -0.1942 -0.3644 0.9108
vn -0.4174 -0.3845 0.8234
vn -0.3498 -0.5326 0.7708
vn -0.6504 -0.3272 0.6855
vn -0.5356 -0.4057 0.7407
vn -0.5377 -0.4143 0.7343
vn -0.5654 -0.4251 0.7068
vn -0.7090 -0.3596 0.6067
vn -0.6892 -0.3054 0.6571
vn -0.6891 -0.3099 0.6551
vn -0.6747 -0.3548 0.6472
vn -0.6626 -0.2310 0.7124
vn -0.7303 -0.3135 0.6069
vn -0.5772 -0.0224 0.8163
vn -0.6907 -0.0505 0.7213
vn -0.6805 0.0716 0.7292
vn -0.3440 0.1529 0.9264
vn -0.2018 0.1203 0.9720
vn -0.0729 0.0491 0.9961
vn -0.3184 0.1538 0.9354
vn -0.4548 0.1536 0.8772
vn -0.0484 0.0945 0.9943
vn -0.4787 0.0873 0.8736
vn -0.6024 0.0287 0.7977
vn -0.5783 0.0286 0.8153
vn -0.6497 0.2531 0.7168
vn -0.4297 0.0855 0.8989
vn -0.6070 0.0719 0.7914
vn -0.6689 0.0712 0.7400
vn -0.8647 -0.2858 0.4131
vn -0.7433 -0.4024 0.5343
vn -0.4827 -0.7754 0.4071
vn -0.9573 -0.0979 0.2719
vn -0.8729 -0.1688 0.4578
vn -0.8418 -0.1337 0.5230
vn -0.7045 -0.2934 0.6462
vn -0.6803 -0.2863 0.6747
vn -0.6517 -0.3193 0.6880
vn -0.7778 -0.0836 0.6230
vn -0.6995 0.1515 0.6984
vn -0.3339 0.5443 0.7696
vn -0.1648 0.4722 0.8659
vn -0.4768 0.1630 0.8638
vn -0.0478 0.3863 0.9211
vn -0.0105 0.2503 0.9681
vn -0.2036 0.3001 0.9319
vn -0.1171 0.2395 0.9638
vn -0.3395 0.2769 0.8989
vn -0.5337 0.0285 0.8452
vn -0.5027 -0.1003 0.8586
vn -0.6903 -0.0805 0.7190
vn -0.4482 -0.0271 0.8935
vn -0.9449 -0.0316 0.3258
vn -0.9458 -0.2696 0.1808
vn -0.8282 -0.5605 -0.0063
vn -0.7433 -0.6617 0.0984
vn -0.5967 -0.7612 0.2541
vn -0.8741 -0.4703 -0.1217
vn -0.9820 -0.0874 -0.1672
vn -0.9625 0.0008 -0.2713
vn -0.9870 -0.0527 0.1519
vn -0.9300 0.2090 0.3023
vn -0.9841 0.0881 0.1543
vn -0.7247 0.3843 0.5720
vn -0.5462 0.6436 0.5361
vn -0.2694 0.4838 0.8327
vn -0.1156 0.4832 0.8678
vn -0.5216 0.0267 0.8528
vn -0.7238 0.0055 0.6900
vn -0.9966 0.0819 -0.0064
vn -0.9926 -0.0956 -0.0752
vn -0.9451 -0.1304 -0.2998
vn -0.9342 -0.3106 -0.1756
vn -0.9719 -0.1587 -0.1738
vn -0.9680 0.1713 -0.1833
vn -0.9331 0.3006 -0.1975
vn -0.4174 0.7338 0.5360
vn -0.4468 0.5964 0.6669
vn -0.5098 0.5107 0.6923
vn -0.4698 0.3156 0.8245
vn -0.3041 0.6242 0.7196
vn -0.9696 0.2360 0.0646
vn -0.8833 0.4389 -0.1646
vn -0.9529 0.1175 -0.2796
vn -0.7660 0.6309 0.1234
vn -0.5678 0.7819 0.2573
vn -0.6271 0.7051 0.3311
vn -0.6230 0.6241 0.4716
vn -0.6095 0.3109 0.7293
vn -0.8549 0.4745 0.2099
vn -0.8866 0.4613 -0.0331
vn -0.7473 0.0724 0.6605
vn -0.6884 0.3786 0.6187
vn -0.8421 -0.2168 0.4939
vn -0.8667 -0.3670 0.3379
vn -0.9134 -0.4059 -0.0316
vn -0.8686 -0.4430 -0.2220
vn -0.9512 -0.2933 -0.0960
vn -0.9724 -0.2062 -0.1088
vn -0.9477 -0.3192 0.0067
vn -0.8773 -0.4507 -0.1650
vn -0.7634 -0.6410 0.0801
vn -0.8083 -0.5617 0.1765
vn -0.8118 -0.5740 0.1071
vn -0.8913 -0.4122 0.1886
vn -0.8596 -0.5082 0.0527
vn -0.8829 -0.4412 0.1609
vn -0.7078 -0.5700 0.4174
vn -0.8369 -0.4063 0.3669
vn -0.7035 -0.4264 0.5686
vn -0.6656 -0.4160 0.6196
vn -0.5675 -0.6799 0.4644
vn -0.4401 -0.8136 0.3800
vn -0.3048 -0.9316 0.1979
vn -0.5446 -0.8354 0.0747
vn -0.6586 -0.7061 0.2601
vn -0.3680 -0.8824 0.2933
vn -0.4363 -0.8521 0.2890
vn -0.3229 -0.9418 0.0937
vn -0.3382 -0.9409 -0.0192
vn -0.3165 -0.9412 -0.1180
vn -0.4433 -0.8843 0.1467
vn -0.6966 -0.7162 0.0416
vn -0.5747 -0.7961 0.1896
vn 0.1835 -0.8533 0.4881
vn -0.2430 -0.9040 0.3517
vn 0.4671 -0.7909 0.3954
vn 0.2157 -0.9300 0.2975
vn -0.3847 -0.8301 0.4037
vn -0.6022 -0.6333 0.4861
vn -0.7835 -0.6209 -0.0243
vn -0.5121 -0.8262 -0.2349
vn -0.4749 -0.8351 -0.2777
vn -0.3891 -0.8715 -0.2985
vn -0.2620 -0.9254 -0.2740
vn -0.2120 -0.8479 -0.4859
vn -0.1082 -0.9192 -0.3786
vn -0.1454 -0.9738 -0.1746
vn -0.2709 -0.9297 -0.2496
vn -0.2889 -0.9212 -0.2606
vn -0.3530 -0.8809 -0.3153
vn -0.6820 -0.2696 -0.6798
vn -0.8750 -0.4838 -0.0159
vn -0.6956 -0.6717 0.2547
vn -0.6820 -0.6853 0.2554
vn -0.2863 -0.9200 0.2678
vn -0.2966 -0.9541 -0.0404
vn -0.5047 -0.8490 0.1562
vn 0.1826 -0.9276 -0.3259
vn 0.1893 -0.9811 -0.0396
vn -0.4868 -0.7230 -0.4902
vn -0.1092 -0.6901 -0.7154
vn -0.2181 -0.9149 -0.3398
vn -0.7429 -0.6275 -0.2331
vn -0.8005 -0.3624 -0.4773
vn -0.4325 -0.4274 -0.7939
vn -0.2348 -0.5384 -0.8093
vn -0.0629 -0.6559 -0.7522
vn 0.0179 -0.4855 -0.8741
vn -0.2853 -0.8988 -0.3327
vn -0.3293 -0.8676 -0.3727
vn -0.3287 -0.8549 -0.4013
vn -0.5375 -0.7732 -0.3366
vn -0.6517 -0.6191 -0.4383
vn -0.6840 -0.5241 -0.5074
vn -0.6719 -0.5537 -0.4919
vn -0.6713 -0.6221 -0.4029
vn -0.5874 -0.6624 -0.4649
vn -0.6997 -0.5513 -0.4545
vn -0.7505 -0.4370 -0.4957
vn -0.8063 -0.4828 -0.3418
vn -0.7863 -0.5636 -0.2533
vn -0.8166 -0.5509 -0.1725
vn -0.5630 -0.7468 -0.3540
vn -0.8433 -0.5154 -0.1523
vn -0.4267 -0.8465 -0.3183
vn -0.8163 -0.5318 -0.2257
vn -0.6034 -0.7610 -0.2385
vn -0.9588 -0.2627 -0.1077
vn -0.8968 -0.3287 -0.2962
vn -0.7086 -0.6452 -0.2857
vn -0.8747 -0.4071 -0.2631
vn -0.6634 -0.4299 -0.6124
vn -0.5297 -0.2301 -0.8164
vn -0.7019 -0.1536 -0.6955
vn -0.8764 -0.0250 -0.4810
vn -0.6413 0.6162 -0.4573
vn -0.7861 0.5470 -0.2877
vn -0.5038 0.8104 -0.2990
vn -0.4464 0.8114 -0.3773
vn -0.5272 0.7824 -0.3315
vn -0.5395 0.8386 -0.0758
vn -0.8810 0.4729 -0.0159
vn -0.8286 0.5597 0.0143
vn -0.9111 0.3115 -0.2698
vn -0.7773 0.4016 -0.4844
vn -0.8062 0.5711 -0.1549
vn -0.8352 0.5479 0.0477
vn -0.6202 0.7781 0.1000
vn -0.5568 0.8274 0.0739
vn -0.6823 0.7014 0.2063
vn -0.7681 0.5093 0.3881
vn -0.7759 -0.6033 0.1843
vn -0.9532 0.1499 0.2628
vn -0.9569 0.2543 0.1406
vn -0.9623 0.2326 -0.1412
vn -0.9955 0.0662 -0.0679
vn -0.9031 -0.2104 0.3744
vn -0.9809 0.0113 0.1944
vn -0.7748 -0.0807 0.6270
vn -0.8691 0.1635 0.4669
vn -0.6606 0.3194 0.6794
vn -0.6691 0.6351 0.3860
vn -0.9046 0.3873 0.1781
vn -0.7470 0.6637 -0.0378
vn -0.7978 0.5515 -0.2437
vn -0.9196 0.3505 -0.1775
vn -0.7028 0.5603 0.4383
vn -0.6634 0.7297 0.1658
vn -0.5868 0.7990 0.1312
vn -0.4847 0.1266 0.8655
vn -0.3845 0.3799 0.8413
vn -0.6155 -0.0676 0.7852
vn -0.6375 0.0779 0.7665
vn -0.8044 0.0592 0.5912
vn -0.7937 0.4645 0.3926
vn -0.6129 0.2907 0.7347
vn -0.7668 0.2767 0.5792
vn -0.4173 0.3940 0.8189
vn -0.8703 0.4504 0.1995
vn -0.8572 0.5150 0.0099
vn -0.8540 0.4447 -0.2700
vn -0.6424 0.4757 0.6008
vn -0.8869 0.2632 0.3796
vn -0.8376 0.2629 0.4789
vn -0.7227 0.6043 0.3355
vn -0.8032 0.4952 0.3310
vn -0.8919 0.3982 0.2142
vn -0.8973 0.4366 0.0649
vn -0.8192 0.5736 0.0049
vn -0.9066 0.3984 0.1389
vn -0.7650 0.6141 0.1940
vn -0.6665 0.6267 -0.4039
vn -0.7606 0.6490 -0.0142
vn -0.8188 0.5590 0.1305
vn -0.8608 0.5067 0.0490
vn -0.5935 0.7913 -0.1470
vn -0.4973 0.8419 -0.2095
vn -0.7722 0.4719 0.4254
vn -0.8972 0.4324 0.0896
vn -0.9638 0.1448 0.2239
vn -0.9517 0.0820 0.2959
vn -0.9614 -0.1984 0.1908
vn -0.9969 -0.0687 0.0372
vn -0.9510 -0.2863 -0.1172
vn -0.9328 -0.2140 -0.2899
vn -0.8709 -0.3126 -0.3792
vn -0.9577 -0.1498 -0.2456
vn -0.9259 -0.0391 -0.3756
vn -0.9375 -0.1839 -0.2955
vn -0.7150 -0.6392 -0.2832
vn -0.7110 -0.6979 -0.0862
vn -0.5930 -0.8008 -0.0844
vn -0.6780 -0.7340 0.0398
vn -0.9035 -0.3829 -0.1923
vn -0.9974 0.0492 -0.0524
vn -0.9894 -0.1357 -0.0510
vn -0.9944 0.0098 0.1051
vn -0.9298 -0.3561 0.0925
vn -0.7381 -0.5825 -0.3404
vn -0.7172 -0.6058 -0.3445
vn -0.9322 -0.2826 -0.2263
vn -0.9556 -0.2698 0.1181
vn -0.8589 0.3196 -0.4002
vn -0.7673 0.5308 -0.3599
vn -0.9755 0.1519 -0.1590
vn -0.9548 0.2198 -0.1999
vn -0.9725 0.1822 -0.1455
vn -0.8525 0.5034 -0.1410
vn -0.9940 0.0712 -0.0828
vn -0.9683 -0.2474 0.0333
vn -0.9984 -0.0193 0.0530
vn -0.9692 -0.2111 0.1269
vn -0.9415 -0.2560 -0.2193
vn -0.8278 -0.4987 -0.2571
vn -0.8463 -0.4054 -0.3456
vn -0.6991 -0.2943 -0.6517
vn -0.8230 -0.1975 -0.5326
vn -0.7526 0.1147 -0.6484
vn -0.8087 0.1399 -0.5713
vn -0.8596 0.0539 -0.5081
vn -0.8025 0.4425 0.4002
vn -0.9501 0.2148 0.2263
vn -0.8033 -0.5339 0.2640
vn -0.7061 -0.6930 0.1453
vn -0.6346 -0.5031 0.5867
vn -0.9786 -0.0936 -0.1831
vn -0.9713 0.1905 -0.1427
vn -0.8698 -0.4021 -0.2860
vn -0.7889 -0.5605 -0.2521
vn -0.6063 -0.4599 -0.6488
vn -0.5783 -0.0660 -0.8132
vn -0.7057 0.0326 -0.7078
vn -0.7285 0.2352 -0.6434
vn -0.8325 0.2866 -0.4742
vn -0.9406 0.1950 -0.2780
vn -0.9038 -0.1554 -0.3987
vn -0.9912 0.0984 -0.0882
vn -0.8140 0.5809 0.0046
vn -0.6697 0.7345 0.1096
vn -0.7100 0.6632 0.2368
vn -0.9003 0.4139 0.1350
vn -0.8587 0.3911 0.3310
vn -0.7572 -0.4974 0.4234
vn -0.6625 -0.6061 0.4401
vn -0.5725 -0.5560 0.6026
vn -0.8564 -0.4372 0.2747
vn -0.6226 -0.7641 0.1690
vn -0.9723 -0.2287 -0.0479
vn -0.5915 -0.7412 0.3175
vn -0.5255 -0.8507 0.0104
vn -0.9255 -0.3727 -0.0678
vn -0.5977 -0.7819 -0.1770
vn -0.8485 -0.4675 -0.2480
vn -0.5091 -0.7890 -0.3440
vn -0.4932 -0.4554 -0.7412
vn -0.5432 -0.3116 -0.7796
vn -0.5710 -0.0883 -0.8162
vn -0.5360 -0.1830 -0.8241
vn -0.6232 0.1793 -0.7613
vn -0.7055 0.3803 -0.5981
vn -0.7776 0.4881 -0.3963
vn -0.8351 0.5143 -0.1952
vn -0.7105 0.7034 -0.0196
vn -0.8122 0.5583 0.1691
vn -0.8633 0.4023 0.3049
vn -0.7946 0.2586 0.5493
vn -0.7327 0.4835 0.4788
vn -0.8441 0.2963 0.4468
vn -0.7141 -0.2932 0.6357
vn -0.8210 0.0228 0.5705
vn -0.8155 -0.0405 0.5773
vn -0.7246 -0.5007 0.4735
vn -0.5745 -0.3484 0.7406
vn -0.4817 -0.3516 0.8027
vn -0.5550 -0.4125 0.7224
vn -0.5035 -0.7082 0.4949
vn -0.3559 -0.9171 -0.1797
vn -0.4261 -0.8556 -0.2939
vn -0.4103 -0.7870 -0.4607
vn -0.5142 -0.7274 -0.4544
vn -0.4318 -0.6170 -0.6580
vn -0.4229 -0.7082 -0.5653
vn -0.6183 -0.4760 -0.6254
vn -0.6581 -0.2679 -0.7036
vn -0.7859 0.2080 -0.5823
vn -0.8044 0.1874 -0.5638
vn -0.8994 -0.0358 -0.4356
vn -0.7188 0.2628 -0.6437
vn -0.8312 0.4731 -0.2921
vn -0.8794 0.4761 -0.0028
vn -0.8331 -0.5204 0.1874
vn -0.7420 -0.6379 0.2062
vn -0.6448 -0.5932 0.4820
vn -0.5395 -0.4946 0.6814
vn -0.5030 -0.8639 0.0262
vn -0.6024 -0.7326 -0.3168
vn -0.6074 -0.5986 -0.5222
vn -0.8065 -0.2393 -0.5406
vn -0.8469 -0.0656 -0.5277
vn -0.6989 -0.0686 -0.7119
vn -0.7419 0.0767 -0.6661
vn -0.9258 0.0235 -0.3774
vn -0.9568 -0.2870 0.0474
vn -0.9813 -0.1655 -0.0985
vn -0.8489 -0.4978 -0.1775
vn -0.8838 -0.1067 -0.4555
vn -0.6939 -0.5595 -0.4533
vn -0.9664 0.1748 0.1884
vn -0.9840 0.0129 0.1777
vn -0.9862 -0.0320 0.1622
vn -0.9727 -0.1986 0.1198
vn -0.9740 -0.1100 0.1979
vn -0.8452 -0.4895 0.2145
vn -0.9666 -0.2220 0.1283
vn -0.8047 -0.4531 0.3837
vn -0.7576 -0.3524 0.5494
vn -0.4783 -0.7191 0.5041
vn -0.7711 -0.5308 -0.3516
vn -0.8469 -0.3397 -0.4091
vn -0.9493 -0.1704 -0.2641
vn -0.9624 -0.1172 -0.2450
vn -0.9492 -0.2977 -0.1018
vn -0.9138 -0.3592 -0.1895
vn -0.9429 -0.3300 -0.0446
vn -0.7944 -0.3381 0.5046
vn -0.7695 -0.3720 0.5191
vn -0.6787 -0.3767 0.6305
vn -0.5762 -0.7235 0.3803
vn -0.7348 -0.6310 0.2490
vn -0.5282 -0.8172 0.2307
vn -0.6724 -0.7401 -0.0125
vn -0.8631 -0.5035 0.0392
vn -0.9224 -0.3788 -0.0753
vn -0.7621 -0.6349 -0.1265
vn -0.9881 -0.0379 -0.1493
vn -0.9342 -0.3340 -0.1255
vn -0.9999 0.0045 0.0157
vn -0.9839 -0.1778 -0.0189
vn -0.9735 -0.2244 0.0435
vn -0.9696 -0.2422 -0.0346
vn -0.9248 -0.3726 -0.0765
vn -0.9202 -0.3393 0.1953
vn -0.7712 -0.3717 0.5168
vn -0.9594 -0.2814 -0.0191
vn -0.8882 -0.4062 0.2146
vn -0.9065 -0.3201 0.2754
vn -0.9367 -0.3397 -0.0850
vn -0.9656 -0.2502 -0.0711
vn -0.9673 -0.2367 -0.0910
vn -0.9986 -0.0331 -0.0407
vn -0.7487 -0.4823 0.4548
vn -0.9471 -0.1828 -0.2638
vn -0.5417 0.7878 -0.2932
vn -0.3493 -0.7668 -0.5386
vn -0.3757 -0.7914 -0.4822
vn -0.4428 -0.7175 -0.5377
vn -0.2228 -0.6067 -0.7631
vn -0.3095 -0.5621 -0.7670
vn -0.4103 -0.3970 -0.8210
vn -0.2924 0.0623 -0.9543
vn -0.5782 -0.1463 -0.8027
vn -0.7453 -0.1608 -0.6470
vn -0.7889 -0.3116 -0.5297
vn -0.8819 -0.0335 -0.4703
vn -0.9100 -0.2109 -0.3570
vn -0.8737 0.1685 -0.4563
vn -0.7073 -0.6750 -0.2100
vn -0.6761 -0.7224 0.1452
vn -0.5756 -0.7988 -0.1752
vn -0.4406 -0.6014 -0.6665
vn -0.4282 -0.4064 -0.8071
vn -0.2618 -0.4220 -0.8680
vn -0.4995 -0.3364 -0.7983
vn -0.3702 -0.5673 -0.7356
vn -0.5144 -0.5645 -0.6455
vn 0.0036 -0.8191 -0.5737
vn -0.0515 -0.7231 -0.6888
vn -0.3441 -0.6419 -0.6852
vn 0.1234 -0.2316 -0.9649
vn -0.0388 -0.1893 -0.9812
vn -0.1958 -0.1445 -0.9699
vn -0.1731 0.0577 -0.9832
vn -0.4410 0.0300 -0.8970
vn -0.6523 0.0584 -0.7557
vn -0.6003 -0.2036 -0.7734
vn -0.4087 -0.3017 -0.8614
vn -0.5464 -0.5065 -0.6670
vn -0.7456 -0.5428 -0.3866
vn -0.5044 -0.7615 -0.4071
vn -0.6447 -0.7401 -0.1911
vn -0.5650 -0.8203 0.0883
vn -0.5501 -0.7824 -0.2919
vn -0.5760 -0.6522 -0.4928
vn -0.3313 -0.9257 -0.1824
vn 0.0068 -0.8885 -0.4589
vn -0.3875 -0.3793 -0.8402
vn -0.2337 -0.3657 -0.9009
vn -0.0439 -0.6685 -0.7424
vn 0.1589 -0.8061 -0.5700
vn 0.4379 -0.6147 -0.6561
vn 0.2889 -0.4505 -0.8448
vn 0.2201 -0.1603 -0.9622
vn 0.0442 -0.0973 -0.9943
vn -0.2251 -0.1969 -0.9542
vn -0.1291 -0.3659 -0.9217
vn 0.0424 -0.4531 -0.8904
vn -0.2473 -0.5236 -0.8153
vn 0.0708 -0.7249 -0.6852
vn -0.1037 -0.7592 -0.6425
vn -0.3352 -0.7653 -0.5495
vn -0.2262 -0.8679 -0.4423
vn -0.3869 -0.8973 -0.2125
vn -0.4618 -0.8755 0.1420
vn -0.3806 -0.9245 0.0187
vn -0.1879 -0.9456 -0.2656
vn 0.2911 -0.9014 -0.3205
vn -0.1774 -0.7361 -0.6532
vn 0.0716 -0.7435 -0.6649
vn 0.5172 -0.4646 -0.7188
vn 0.3094 -0.4244 -0.8510
vn 0.2742 -0.7587 -0.5909
vn 0.1318 -0.8625 -0.4886
vn -0.0081 -0.9219 -0.3874
vn -0.0630 -0.9941 -0.0888
vn -0.2054 -0.9150 -0.3473
vn 0.2732 -0.8984 -0.3437
vn 0.1676 -0.9720 -0.1646
vn 0.4283 -0.8296 -0.3581
vn 0.3971 -0.8081 -0.4351
vn 0.4802 -0.6708 -0.5652
vn 0.4834 -0.6766 -0.5554
vn -0.7328 -0.6798 0.0296
vn -0.1195 -0.8517 -0.5102
vn -0.0813 -0.9280 0.3637
vn -0.1885 -0.8679 0.4597
vn 0.0843 -0.9721 0.2189
vn -0.5287 -0.8451 -0.0787
vn -0.3681 -0.9294 0.0254
vn -0.7011 -0.7067 0.0948
vn -0.7342 -0.5738 0.3629
vn -0.3662 -0.8935 0.2598
vn -0.5765 -0.5563 0.5985
vn -0.4358 -0.7166 0.5446
vn -0.2172 -0.9246 0.3129
vn 0.4198 -0.8857 0.1982
vn 0.2005 -0.9726 0.1176
vn 0.1794 -0.9834 -0.0273
vn 0.0399 -0.9827 -0.1809
vn 0.1615 -0.9578 -0.2379
vn -0.0498 -0.9445 -0.3246
vn -0.3217 -0.9377 -0.1314
vn -0.3412 -0.9392 -0.0393
vn -0.4349 -0.8232 -0.3651
vn -0.5721 -0.7512 -0.3293
vn -0.5818 -0.8118 -0.0503
vn -0.6802 -0.7329 -0.0156
vn -0.3149 -0.4383 0.8418
vn 0.0485 -0.7090 0.7035
vn -0.1637 -0.9106 0.3796
vn 0.2595 -0.7226 0.6407
vn 0.1131 -0.8224 0.5576
vn 0.0549 -0.8526 0.5197
vn -0.2131 -0.8794 0.4258
vn -0.1290 -0.9281 0.3494
vn 0.1638 -0.9381 0.3050
vn -0.1724 -0.9650 0.1977
vn -0.2511 -0.9679 -0.0034
vn -0.1530 -0.9073 -0.3916
vn -0.2544 -0.8476 -0.4656
vn -0.0218 -0.5595 -0.8285
vn -0.5975 -0.7885 -0.1461
vn -0.7181 -0.5740 0.3935
vn -0.6835 -0.5536 0.4757
vn -0.5071 -0.8271 0.2426
vn -0.4102 -0.8766 0.2515
vn -0.3697 -0.8680 0.3314
vn -0.3838 -0.9013 0.2009
vn -0.3077 -0.8908 0.3342
vn -0.3575 -0.9246 -0.1313
vn -0.7130 -0.6540 0.2528
vn -0.7949 -0.6015 0.0788
vn -0.4541 -0.8863 0.0903
vn -0.0878 -0.8000 0.5936
vn 0.3980 -0.3258 0.8576
vn 0.4263 -0.3709 0.8250
vn 0.7425 -0.2510 0.6211
vn 0.6927 -0.5367 0.4817
vn 0.5934 -0.4613 0.6596
vn 0.4605 -0.6293 0.6261
vn 0.5869 -0.7041 0.3997
vn 0.4569 -0.8372 0.3004
vn 0.4392 -0.8260 0.3534
vn 0.3816 -0.7882 0.4828
vn 0.0095 -0.6025 0.7981
vn 0.2147 -0.6236 0.7517
vn -0.0739 -0.3560 0.9316
vn -0.0056 -0.4583 0.8888
vn 0.0312 0.0252 0.9992
vn -0.1745 0.2422 0.9544
vn -0.2550 0.0856 0.9631
vn 0.5259 0.3138 0.7906
vn 0.5738 0.2176 0.7896
vn 0.5185 0.0746 0.8518
vn 0.5286 -0.0494 0.8474
vn 0.1991 -0.2569 0.9457
vn 0.6778 -0.1474 0.7203
vn 0.7011 -0.1647 0.6938
vn 0.6943 0.0119 0.7196
vn 0.5948 -0.3021 0.7449
vn 0.7398 -0.3260 0.5886
vn 0.3802 -0.4644 0.7999
vn 0.4633 -0.3053 0.8320
vn 0.3254 -0.3202 0.8897
vn 0.1616 -0.4804 0.8621
vn 0.1768 -0.3286 0.9278
vn 0.2309 0.0637 0.9709
vn 0.3229 -0.1204 0.9387
vn 0.5211 -0.0597 0.8514
vn 0.6274 0.1316 0.7675
vn -0.3641 -0.1496 0.9193
vn -0.1006 0.9105 0.4010
vn -0.5428 0.7654 0.3458
vn -0.4930 0.8396 0.2280
vn -0.4773 0.8725 0.1044
vn -0.3377 0.8986 0.2801
vn -0.2137 0.9001 0.3797
vn -0.2435 0.8466 0.4732
vn -0.3166 0.9153 0.2488
vn -0.3520 0.8790 0.3215
vn -0.3297 0.9417 0.0671
vn -0.3125 0.9484 -0.0534
vn -0.3583 0.9035 -0.2351
vn -0.3521 0.9358 0.0157
vn -0.2746 0.9185 0.2847
vn -0.1942 0.9697 0.1481
vn 0.3329 0.9421 0.0412
vn 0.2874 0.9557 -0.0635
vn 0.1703 0.9750 -0.1429
vn 0.2217 0.9737 -0.0524
vn 0.2957 0.9271 -0.2305
vn 0.2740 0.9352 -0.2242
vn 0.3009 0.9519 0.0576
vn 0.1513 0.9863 0.0657
vn -0.0951 0.9954 0.0071
vn -0.1136 0.9889 -0.0958
vn -0.1875 0.9817 -0.0339
vn -0.1020 0.9875 -0.1200
vn 0.0367 0.9690 -0.2442
vn 0.0798 0.9962 -0.0344
vn 0.1332 0.9559 -0.2619
vn 0.3073 0.9495 0.0627
vn 0.0807 0.9966 0.0163
vn 0.1662 0.9768 -0.1347
vn 0.2910 0.9507 0.1074
vn 0.1747 0.9840 -0.0338
vn 0.1802 0.9827 0.0433
vn 0.0494 0.9716 -0.2315
vn 0.1089 0.9458 -0.3060
vn 0.0230 0.9276 -0.3730
vn -0.2796 0.9132 -0.2965
vn -0.2495 0.8899 -0.3818
vn -0.1438 0.9187 -0.3679
vn -0.4873 0.8484 -0.2067
vn -0.6198 0.7688 -0.1573
vn -0.7365 0.6221 -0.2656
vn -0.5602 0.8208 -0.1122
vn -0.5828 0.7557 -0.2987
vn -0.4426 0.8875 0.1284
vn -0.2528 0.9239 -0.2873
vn 0.2427 0.9503 -0.1948
vn 0.0951 0.9716 0.2166
vn -0.0833 0.8915 0.4454
vn -0.1439 0.9145 0.3782
vn -0.3894 0.9207 0.0256
vn -0.3567 0.8793 0.3155
vn -0.8240 0.5424 0.1639
vn -0.9871 -0.0059 -0.1598
vn -0.9710 0.2390 -0.0045
vn -0.9481 0.2371 0.2119
vn -0.9492 0.2024 0.2408
vn -0.8626 0.3814 0.3324
vn -0.7191 0.6657 0.1996
vn -0.8220 0.5680 0.0407
vn -0.8000 0.5797 -0.1544
vn -0.8279 0.4342 -0.3552
vn -0.6271 0.7454 -0.2261
vn -0.7369 0.5287 -0.4213
vn -0.6323 0.5951 -0.4960
vn -0.6033 0.7803 -0.1650
vn -0.4987 0.4271 -0.7543
vn -0.3073 0.5870 -0.7490
vn -0.5354 0.7759 -0.3336
vn -0.1191 0.6011 -0.7902
vn -0.4268 0.7895 -0.4412
vn 0.0986 0.6953 -0.7119
vn 0.0191 0.8144 -0.5800
vn -0.4725 0.8363 -0.2783
vn 0.1468 0.8994 -0.4117
vn 0.1411 0.9545 -0.2627
vn -0.0325 0.9965 -0.0776
vn -0.1330 0.9738 0.1843
vn -0.4000 0.8491 -0.3449
vn -0.6469 0.7542 -0.1126
vn -0.2706 0.9219 -0.2773
vn -0.8466 0.4100 -0.3394
vn -0.9071 0.1146 -0.4051
vn -0.9541 0.2060 -0.2176
vn -0.6250 0.2884 -0.7254
vn -0.1372 0.4491 -0.8829
vn 0.0342 0.6410 -0.7668
vn 0.1168 0.8539 -0.5071
vn -0.0967 0.7097 -0.6979
vn -0.7834 0.1473 -0.6038
vn -0.6316 0.1879 -0.7521
vn -0.7756 0.1784 -0.6055
vn -0.0706 0.9068 -0.4156
vn 0.0541 0.9241 -0.3784
vn 0.1860 0.9668 -0.1750
vn -0.2899 0.7963 -0.5310
vn -0.0590 0.9077 -0.4154
vn -0.3289 0.7570 -0.5646
vn -0.1683 0.7112 -0.6825
vn -0.1179 0.6337 -0.7645
vn -0.3993 0.8595 -0.3192
vn -0.1525 0.9604 -0.2330
vn -0.0136 0.9951 0.0975
vn -0.1122 0.9771 -0.1806
vn 0.0689 0.9938 0.0870
vn -0.2623 0.8700 0.4176
vn -0.3787 0.8554 0.3534
vn -0.1729 0.9006 0.3989
vn -0.3252 0.7539 0.5708
vn -0.2846 0.8365 0.4682
vn -0.4604 0.6711 0.5811
vn -0.4903 0.6911 0.5311
vn -0.4684 0.6710 0.5748
vn -0.3202 0.7100 0.6272
vn -0.3158 0.7642 0.5623
vn -0.3213 0.7586 0.5668
vn -0.3157 0.6861 0.6554
vn -0.4480 0.8927 -0.0500
vn -0.1732 0.3926 0.9032
vn -0.3156 0.0382 0.9481
vn -0.0533 0.8216 0.5676
vn 0.1269 0.9218 0.3662
vn 0.2398 0.9681 -0.0734
vn 0.2053 0.9489 -0.2398
vn -0.4173 0.5585 0.7169
vn -0.6254 0.7153 0.3118
vn 0.2973 0.6500 0.6993
vn 0.1725 0.7588 0.6281
vn 0.0432 0.3688 0.9285
vn -0.0147 0.6629 0.7486
vn 0.4950 0.7985 0.3426
vn 0.5177 0.8289 0.2119
vn 0.6372 0.7697 0.0385
vn 0.6910 0.7025 -0.1704
vn 0.7238 0.6803 -0.1151
vn -0.0406 0.2452 0.9686
vn 0.1794 0.8223 0.5401
vn 0.5268 0.8453 -0.0892
vn 0.5027 0.7547 -0.4217
vn 0.6194 0.6092 -0.4952
vn 0.3045 0.6452 -0.7007
vn 0.1695 0.7498 -0.6396
vn 0.1662 0.8844 -0.4361
vn -0.0307 0.8522 -0.5224
vn 0.2248 0.8606 -0.4569
vn 0.3740 0.9131 -0.1621
vn 0.5873 0.8091 0.0227
vn 0.5330 0.8419 0.0845
vn 0.4124 0.8701 -0.2697
vn 0.2279 0.9133 -0.3375
vn 0.0772 0.9418 -0.3272
vn -0.1156 0.6531 -0.7484
vn 0.0109 0.2119 -0.9772
vn -0.2072 0.6050 -0.7688
vn 0.2302 -0.1750 -0.9573
vn 0.0564 -0.1711 -0.9836
vn 0.1976 -0.0544 -0.9788
vn 0.3129 0.1231 -0.9418
vn 0.4156 0.3121 -0.8543
vn 0.6330 0.3856 -0.6713
vn 0.2284 0.9578 0.1746
vn 0.4554 0.8512 0.2608
vn 0.5124 0.8566 -0.0610
vn 0.5265 0.8390 -0.1372
vn 0.5270 0.5972 -0.6047
vn 0.5184 0.6882 -0.5076
vn 0.3309 0.9179 -0.2189
vn -0.0837 0.9963 -0.0178
vn -0.0507 0.9634 -0.2630
vn -0.0213 0.8573 -0.5143
vn 0.3128 0.7915 -0.5250
vn 0.1760 0.7260 -0.6648
vn 0.0147 0.7157 -0.6983
vn -0.2196 0.5026 -0.8362
vn -0.2513 0.1365 -0.9582
vn -0.2032 0.0133 -0.9791
vn -0.1213 0.1815 -0.9759
vn 0.0309 0.1013 -0.9944
vn 0.0289 0.3262 -0.9449
vn -0.2621 0.5854 -0.7672
vn -0.2157 0.7557 -0.6184
vn -0.2737 0.8655 -0.4195
vn -0.2034 0.3962 -0.8953
vn -0.0420 -0.0383 -0.9984
vn -0.0860 -0.1613 -0.9832
vn -0.0719 -0.0983 -0.9926
vn 0.0487 0.1492 -0.9876
vn -0.2020 -0.0782 -0.9762
vn 0.4560 0.4850 -0.7462
vn 0.4201 0.4922 -0.7624
vn 0.5864 0.5815 -0.5639
vn 0.0178 0.3486 -0.9371
vn 0.4474 0.7025 -0.5534
vn 0.4149 0.5294 -0.7400
vn 0.7156 0.6741 -0.1833
vn 0.8009 0.5184 -0.2998
vn 0.6813 0.7197 -0.1338
vn 0.7887 0.2790 -0.5479
vn 0.7521 0.5453 -0.3702
vn 0.6813 0.2653 -0.6822
vn 0.6712 0.4187 -0.6117
vn 0.5228 0.0593 -0.8504
vn 0.2396 0.3749 -0.8956
vn 0.1428 0.4986 -0.8550
vn 0.4122 0.3321 -0.8484
vn 0.6119 0.4996 -0.6131
vn 0.2676 0.7481 -0.6073
vn 0.5536 0.5795 -0.5980
vn 0.7856 0.2385 -0.5709
vn 0.6496 0.2244 -0.7264
vn 0.7312 0.3427 -0.5898
vn 0.6438 0.2347 -0.7283
vn 0.6183 0.3713 -0.6927
vn 0.7421 0.4088 -0.5312
vn 0.8862 0.3455 -0.3086
vn 0.9218 0.1411 -0.3611
vn 0.9220 -0.0911 -0.3762
vn 0.8933 -0.2886 -0.3445
vn 0.8636 -0.3132 -0.3951
vn 0.8329 -0.1420 -0.5349
vn 0.7175 0.3488 -0.6029
vn 0.5468 0.1616 -0.8215
vn 0.7977 0.3724 -0.4743
vn 0.6046 0.4794 -0.6361
vn 0.5866 -0.0143 -0.8098
vn 0.3608 0.2331 -0.9030
vn 0.9046 0.3262 -0.2744
vn 0.8900 0.2106 -0.4045
vn 0.6039 0.4430 -0.6626
vn 0.6008 0.5272 -0.6009
vn 0.6813 0.5566 -0.4754
vn 0.5857 0.6312 -0.5085
vn 0.5652 -0.0133 -0.8249
vn 0.5118 -0.4546 -0.7290
vn 0.5198 -0.3818 -0.7642
vn 0.0320 -0.9142 -0.4040
vn -0.1696 -0.9495 -0.2640
vn -0.1099 -0.9909 -0.0777
vn 0.0999 -0.9816 -0.1627
vn 0.3268 -0.9427 0.0667
vn 0.5605 -0.8240 0.0825
vn 0.7448 -0.6311 -0.2168
vn 0.8701 -0.4434 -0.2150
vn 0.8404 -0.4713 -0.2676
vn 0.8919 -0.4462 -0.0741
vn 0.9055 -0.2822 -0.3168
vn 0.8922 -0.1884 -0.4104
vn 0.8857 -0.3095 -0.3460
vn 0.8338 -0.2692 -0.4820
vn 0.7030 -0.2984 -0.6456
vn 0.2133 -0.5356 -0.8171
vn 0.1885 -0.1827 -0.9649
vn 0.4995 -0.5351 -0.6813
vn 0.5941 -0.7030 -0.3908
vn 0.4651 -0.8729 -0.1477
vn 0.4546 -0.8892 -0.0512
vn 0.4781 -0.8741 0.0861
vn 0.3208 -0.9284 0.1875
vn 0.3297 -0.9429 0.0467
vn 0.3464 -0.9117 0.2207
vn 0.3127 -0.9436 0.1092
vn 0.1965 -0.9344 -0.2972
vn 0.0657 -0.9894 -0.1296
vn -0.2426 -0.8106 -0.5329
vn -0.3106 -0.9154 -0.2559
vn -0.0931 -0.7778 -0.6216
vn -0.1594 -0.7934 -0.5875
vn 0.1367 -0.8946 0.4253
vn 0.4392 -0.8152 0.3776
vn 0.3493 -0.8287 0.4372
vn 0.1493 -0.9842 -0.0953
vn 0.4484 -0.8691 0.2088
vn 0.6334 -0.7569 0.1610
vn 0.4873 -0.7889 -0.3744
vn 0.2549 -0.7042 -0.6627
vn 0.4955 -0.6415 -0.5857
vn 0.1832 -0.9491 -0.2562
vn 0.2958 -0.6874 -0.6633
vn 0.3375 -0.8302 -0.4438
vn 0.1949 -0.9291 -0.3144
vn 0.2061 -0.9551 -0.2128
vn 0.5035 -0.8082 -0.3055
vn 0.3626 -0.9194 -0.1522
vn 0.1689 -0.9854 0.0233
vn 0.1816 -0.9833 -0.0151
vn 0.1830 -0.9828 -0.0261
vn 0.1234 -0.9910 -0.0510
vn -0.0879 -0.9951 -0.0448
vn 0.3296 -0.9429 -0.0480
vn 0.2144 -0.9631 0.1627
vn 0.2989 -0.9116 0.2823
vn 0.3385 -0.8066 0.4846
vn 0.3281 -0.7188 0.6129
vn 0.5134 -0.6739 0.5313
vn 0.3487 -0.8950 0.2783
vn 0.1429 -0.9340 0.3274
vn 0.1335 -0.9249 0.3561
vn 0.1523 -0.9398 0.3060
vn 0.2676 -0.8688 0.4166
vn 0.7625 -0.5686 0.3087
vn 0.7288 -0.6586 0.1872
vn 0.4255 -0.7868 0.4470
vn 0.5423 -0.8317 -0.1189
vn 0.3270 -0.9301 -0.1674
vn -0.0918 -0.9257 0.3669
vn -0.4000 -0.9134 0.0750
vn -0.2332 -0.8947 0.3811
vn 0.0378 -0.8830 0.4678
vn 0.1083 -0.7623 0.6381
vn 0.2531 -0.7163 0.6503
vn 0.2382 -0.7914 0.5630
vn 0.3753 -0.6478 0.6630
vn 0.2809 -0.3654 0.8874
vn 0.2282 -0.4553 0.8606
vn 0.4674 -0.1929 0.8627
vn 0.7940 0.1662 0.5847
vn 0.8643 0.1203 0.4884
vn 0.4506 -0.0670 0.8902
vn 0.3406 0.5362 0.7723
vn 0.2339 0.3112 0.9211
vn 0.5019 0.5416 0.6744
vn 0.3641 0.6751 0.6417
vn 0.4422 0.7031 0.5568
vn 0.2798 0.7768 0.5641
vn 0.3031 0.8271 0.4733
vn 0.2187 0.8623 0.4567
vn 0.0110 0.9404 0.3398
vn 0.0625 0.9388 0.3389
vn 0.3852 0.7973 0.4647
vn -0.0042 0.9256 0.3785
vn -0.0215 0.9102 0.4135
vn -0.4219 0.7785 0.4647
vn -0.3504 0.8472 0.3992
vn 0.4741 0.8585 0.1956
vn 0.3695 0.9191 0.1370
vn 0.3966 0.9172 -0.0394
vn -0.2242 0.7544 0.6170
vn 0.2764 0.9182 0.2837
vn -0.5580 0.7571 0.3399
vn -0.5519 0.7921 0.2608
vn -0.1875 0.9693 0.1592
vn -0.4000 0.9124 0.0861
vn 0.2950 0.9326 0.2078
vn 0.0495 0.7519 0.6574
vn 0.2411 0.8821 0.4046
vn 0.0142 0.8240 0.5665
vn -0.0152 0.8103 0.5858
vn -0.0783 0.7691 0.6343
vn -0.2218 0.7521 0.6206
vn 0.1481 0.9889 -0.0144
vn -0.0322 0.9376 0.3463
vn -0.1483 0.9883 -0.0353
vn -0.2331 0.9698 0.0719
vn 0.0856 0.9963 -0.0087
vn 0.1728 0.8582 0.4833
vn 0.3552 0.6598 0.6622
vn 0.4463 0.8547 0.2650
vn 0.7208 0.2246 0.6557
vn 0.6231 0.1934 0.7579
vn 0.6144 0.3538 0.7052
vn 0.0621 0.1911 0.9796
vn -0.1043 0.3225 0.9408
vn -0.4833 0.4636 0.7426
vn -0.3744 0.6838 0.6263
vn -0.6648 0.4484 0.5975
vn -0.7273 0.5586 0.3988
vn -0.5245 0.7812 0.3385
vn -0.5385 0.7097 0.4542
vn -0.3712 0.8986 0.2337
vn -0.0857 0.7873 0.6106
vn -0.0365 0.9470 0.3190
vn -0.3300 0.6478 0.6866
vn 0.0261 0.6289 0.7771
vn 0.1912 0.4196 0.8873
vn 0.4646 0.2035 0.8618
vn 0.4412 0.4764 0.7605
vn 0.6528 0.0612 0.7551
vn 0.4463 -0.1202 0.8868
vn 0.1906 0.0165 0.9815
vn 0.3426 -0.2040 0.9171
vn -0.0536 0.0402 0.9978
vn 0.2650 0.1768 0.9479
vn -0.2732 0.0633 0.9599
vn -0.5008 0.1466 0.8530
vn -0.4052 0.2742 0.8721
vn -0.6209 0.3238 0.7139
vn -0.6233 0.5163 0.5874
vn -0.3072 0.4050 0.8612
vn 0.1998 -0.8755 0.4401
vn 0.5494 0.0791 0.8318
vn 0.5902 -0.0891 0.8024
vn 0.7403 0.4186 0.5260
vn 0.6943 0.6450 0.3192
vn 0.2922 0.9342 -0.2048
vn 0.0900 0.9944 -0.0549
vn -0.0340 0.8712 -0.4897
vn -0.3983 0.9118 -0.1002
vn -0.5278 0.8489 -0.0296
vn -0.1169 0.9922 -0.0434
vn 0.1958 0.9334 0.3007
vn 0.5962 0.8029 0.0047
vn 0.7058 0.6977 -0.1227
vn 0.4730 0.8703 -0.1376
vn 0.2599 0.9567 -0.1307
vn -0.1801 0.9798 -0.0871
vn -0.0066 0.9675 -0.2527
vn 0.5274 0.7134 0.4615
vn 0.5041 0.7971 0.3324
vn 0.5996 0.6758 -0.4287
vn 0.5970 0.7772 -0.1988
vn 0.2506 0.9647 0.0803
vn 0.5535 0.8292 -0.0776
vn 0.2839 0.9128 0.2937
vn -0.0605 0.9406 0.3341
vn 0.6794 0.7329 0.0346
vn 0.7642 0.6410 0.0722
vn 0.8337 0.5444 -0.0921
vn 0.8536 0.4762 -0.2112
vn 0.8209 0.5179 -0.2409
vn 0.6895 0.5486 -0.4728
vn 0.8305 0.4592 -0.3153
vn 0.5985 0.5616 -0.5713
vn 0.2472 0.9689 -0.0096
vn 0.4828 0.8454 -0.2284
vn 0.1640 0.9558 -0.2442
vn 0.6075 0.7943 -0.0027
vn 0.4919 0.8019 0.3392
vn 0.6954 0.6116 0.3774
vn 0.8788 0.4738 0.0559
vn 0.7938 0.5532 -0.2526
vn 0.6332 0.6450 -0.4278
vn 0.9045 0.3229 0.2786
vn 0.9841 0.1636 0.0690
vn 0.9911 -0.1288 0.0331
vn 0.9554 0.0446 0.2920
vn 0.9343 0.1224 0.3347
vn 0.9816 -0.0702 0.1777
vn 0.9941 -0.1052 -0.0270
vn 0.9589 0.0216 -0.2828
vn 0.9421 -0.2866 -0.1742
vn 0.9575 -0.2669 -0.1094
vn 0.8659 0.4197 -0.2722
vn 0.7188 0.4728 -0.5097
vn 0.8474 0.4093 -0.3382
vn 0.5454 0.4920 -0.6785
vn 0.6980 0.4430 -0.5626
vn 0.5366 0.4415 -0.7191
vn 0.4689 0.4567 -0.7560
vn 0.7820 0.3340 -0.5262
vn 0.8874 0.2610 -0.3801
vn 0.9352 0.3083 -0.1742
vn 0.9236 0.0551 -0.3795
vn 0.6757 -0.0394 -0.7362
vn 0.6834 0.2668 -0.6795
vn 0.6095 -0.3640 -0.7043
vn 0.3226 -0.5436 -0.7749
vn 0.2114 -0.7404 -0.6381
vn -0.0936 -0.9899 0.1065
vn 0.0570 -0.9708 0.2332
vn 0.1924 -0.9804 -0.0421
vn 0.3939 -0.9068 0.1504
vn 0.7355 -0.6772 0.0225
vn 0.8666 -0.4989 -0.0105
vn 0.9214 -0.3875 0.0306
vn 0.8410 -0.5300 0.1089
vn 0.9571 -0.2499 0.1466
vn 0.8977 -0.4159 -0.1452
vn 0.9732 -0.1498 -0.1743
vn 0.8727 -0.4209 -0.2475
vn 0.8356 -0.1445 -0.5300
vn 0.8286 -0.1391 -0.5423
vn 0.4236 -0.1350 -0.8957
vn 0.4850 -0.3141 -0.8162
vn 0.6294 -0.4906 -0.6026
vn 0.5459 -0.4357 -0.7156
vn 0.6278 -0.5401 -0.5605
vn 0.2461 -0.4893 -0.8367
vn 0.5944 -0.3982 -0.6987
vn 0.8498 -0.1548 -0.5038
vn 0.1705 -0.6313 -0.7566
vn 0.1520 -0.5175 -0.8421
vn -0.3502 -0.6683 -0.6563
vn -0.4107 -0.8752 -0.2556
vn -0.3333 -0.9393 -0.0809
vn -0.2691 -0.8890 -0.3705
vn 0.1040 -0.9939 -0.0374
vn 0.2376 -0.9408 0.2416
vn 0.4126 -0.8853 0.2146
vn 0.6519 -0.7571 0.0420
vn 0.8768 -0.4475 0.1756
vn 0.9946 -0.0307 0.0987
vn 0.9949 0.0693 -0.0728
vn 0.9096 0.0855 -0.4067
vn 0.9862 0.1265 -0.1070
vn 0.4688 -0.0875 -0.8790
vn 0.6923 -0.1056 -0.7138
vn 0.6866 -0.0821 -0.7224
vn 0.2278 0.0078 -0.9737
vn 0.1990 0.0674 -0.9777
vn 0.1412 -0.1488 -0.9787
vn 0.4091 -0.1542 -0.8994
vn 0.2703 -0.2467 -0.9306
vn 0.2217 0.0417 -0.9742
vn 0.2555 -0.0970 -0.9619
vn 0.1839 -0.2629 -0.9471
vn 0.0986 -0.3672 -0.9249
vn -0.4264 -0.6014 -0.6757
vn -0.5437 -0.6575 -0.5216
vn -0.5250 -0.7653 -0.3724
vn -0.1775 -0.9611 -0.2118
vn -0.2154 -0.9765 -0.0033
vn 0.1310 -0.9545 -0.2678
vn 0.3816 -0.9114 -0.1538
vn 0.3852 -0.9219 0.0406
vn 0.7030 -0.7046 -0.0967
vn 0.5389 -0.8240 -0.1751
vn 0.5390 -0.7380 -0.4060
vn 0.4023 -0.7489 -0.5266
vn 0.5487 -0.6280 -0.5519
vn 0.8209 -0.3300 -0.4662
vn 0.7994 0.0473 -0.5989
vn 0.9405 -0.0162 -0.3394
vn 0.5594 -0.2731 -0.7827
vn 0.6164 0.0369 -0.7866
vn 0.7400 0.2954 -0.6042
vn 0.5854 0.3011 -0.7528
vn 0.4272 0.3317 -0.8411
vn 0.5333 0.3381 -0.7754
vn 0.3144 0.2051 -0.9269
vn 0.4695 0.0301 -0.8824
vn 0.2843 0.0771 -0.9556
vn -0.4657 -0.6013 -0.6493
vn -0.3470 -0.7829 -0.5164
vn 0.0450 -0.8570 -0.5134
vn 0.1171 -0.9630 -0.2429
vn -0.1259 -0.8923 -0.4335
vn 0.4163 -0.9042 -0.0953
vn 0.4934 -0.3427 -0.7994
vn 0.3409 -0.5300 -0.7764
vn 0.5260 -0.4546 -0.7188
vn 0.1640 -0.6011 -0.7822
vn 0.3782 -0.5575 -0.7390
vn 0.1828 -0.5088 -0.8413
vn 0.2775 0.0151 -0.9606
vn 0.4085 0.2146 -0.8872
vn 0.3524 -0.0575 -0.9341
vn -0.2749 -0.0189 -0.9613
vn -0.3666 -0.1544 -0.9175
vn -0.1107 -0.1584 -0.9811
vn -0.4589 -0.2807 -0.8430
vn -0.3043 -0.2863 -0.9085
vn -0.3198 -0.4603 -0.8282
vn -0.5036 -0.4348 -0.7466
vn -0.2623 -0.6222 -0.7377
vn -0.0394 -0.7129 -0.7001
vn 0.3384 -0.8909 -0.3029
vn 0.3135 -0.3962 -0.8630
vn 0.2984 -0.4242 -0.8550
vn 0.5337 -0.5369 -0.6534
vn 0.4039 -0.3188 -0.8575
vn 0.2965 -0.3551 -0.8866
vn 0.0886 -0.5074 -0.8571
vn 0.1710 -0.4812 -0.8598
vn 0.2584 -0.4996 -0.8268
vn 0.2328 -0.4151 -0.8795
vn 0.3161 -0.3310 -0.8891
vn 0.1744 -0.1430 -0.9742
vn -0.0664 0.1015 -0.9926
vn 0.1903 0.2020 -0.9607
vn 0.0103 -0.0989 -0.9950
vn -0.2087 -0.1011 -0.9727
vn -0.0222 -0.3747 -0.9269
vn 0.0273 -0.5123 -0.8584
vn -0.1844 -0.7019 -0.6880
vn 0.4408 -0.3337 -0.8333
vn 0.4511 -0.4617 -0.7638
vn 0.3784 -0.5633 -0.7345
vn 0.3712 -0.4646 -0.8040
vn 0.3045 -0.4306 -0.8496
vn 0.0992 -0.2667 -0.9587
vn 0.3207 -0.4194 -0.8493
vn -0.0000 -0.0532 -0.9986
vn 0.2144 -0.0640 -0.9747
vn 0.8930 0.2055 -0.4003
vn 0.9542 -0.2752 -0.1173
vn 0.9435 -0.3266 0.0559
vn 0.8732 -0.2948 -0.3881
vn 0.7850 -0.3902 -0.4812
vn 0.7059 -0.6857 -0.1778
vn 0.7713 -0.5756 -0.2716
vn 0.4923 -0.5761 -0.6525
vn 0.5060 -0.6913 0.5159
vn 0.7266 -0.5797 0.3688
vn 0.6557 -0.7498 0.0886
vn 0.4498 -0.8360 0.3142
vn 0.1990 -0.9088 0.3668
vn 0.5817 -0.6027 0.5462
vn 0.9729 -0.2274 0.0422
vn 0.9841 0.1004 0.1463
vn 0.9086 -0.3540 -0.2217
vn 0.6228 -0.7760 0.0994
vn 0.4314 -0.8721 0.2310
vn 0.3102 -0.8769 0.3672
vn 0.4308 -0.8819 0.1912
vn 0.3255 -0.8706 0.3688
vn 0.4177 -0.8838 0.2106
vn 0.2187 -0.6269 0.7478
vn 0.2713 -0.8244 0.4967
vn 0.4436 -0.5156 0.7330
vn 0.7007 -0.4695 0.5372
vn 0.6390 -0.6776 0.3642
vn 0.8924 -0.3160 0.3223
vn 0.6542 -0.7000 0.2863
vn 0.5323 -0.8224 0.2006
vn 0.2618 -0.8912 0.3705
vn 0.3587 -0.7912 0.4954
vn 0.4583 -0.6046 0.6514
vn 0.5093 -0.5681 0.6464
vn 0.4548 -0.5696 0.6846
vn 0.4780 -0.5142 0.7121
vn 0.4329 -0.5674 0.7005
vn 0.3298 -0.4985 0.8017
vn 0.3016 -0.3639 0.8813
vn 0.6697 0.3722 0.6427
vn 0.8490 0.3062 0.4307
vn 0.9243 -0.0150 0.3813
vn 0.8748 -0.0128 0.4843
vn 0.5842 -0.0208 0.8113
vn 0.8115 -0.2289 0.5376
vn 0.7459 0.0477 0.6644
vn 0.1885 -0.5383 0.8214
vn 0.2960 -0.1122 0.9486
vn 0.3705 -0.5471 0.7506
vn 0.1729 -0.2905 0.9411
vn 0.2368 0.0668 0.9693
vn 0.2089 0.2295 0.9506
vn 0.5774 0.3361 0.7441
vn 0.5021 0.7184 0.4815
vn 0.5485 0.6966 0.4625
vn 0.5594 0.7071 0.4325
vn 0.4014 0.8439 0.3559
vn 0.2444 0.8689 0.4305
vn 0.5741 0.7636 0.2957
vn 0.6906 0.5751 0.4386
vn 0.6605 0.5826 0.4737
vn 0.5996 0.6598 0.4529
vn 0.7041 0.5480 0.4516
vn 0.6636 0.7056 0.2485
vn 0.8739 0.4784 0.0860
vn 0.8822 0.4698 -0.0326
vn 0.9434 0.3246 0.0679
vn 0.8896 0.4495 -0.0808
vn 0.8006 0.3481 -0.4877
vn 0.8885 0.3164 -0.3324
vn 0.2504 0.9506 -0.1835
vn 0.5586 0.8160 -0.1486
vn 0.3337 0.9229 0.1920
vn 0.8474 0.2488 0.4691
vn 0.7598 0.4033 0.5099
vn 0.7207 0.4573 0.5211
vn 0.8056 0.3669 0.4652
vn 0.8919 0.3490 0.2875
vn 0.9697 0.2443 0.0087
vn 0.8790 0.4352 -0.1949
vn 0.8972 0.4243 -0.1228
vn 0.8437 0.5191 -0.1370
vn 0.8206 0.1823 -0.5416
vn 0.7593 0.3225 -0.5653
vn 0.7830 -0.0235 -0.6215
vn 0.8829 -0.2429 -0.4020
vn 0.7830 -0.1608 -0.6008
vn 0.9231 -0.3229 -0.2090
vn 0.8377 -0.4347 -0.3305
vn 0.7280 -0.6576 -0.1939
vn 0.7321 -0.5966 -0.3288
vn 0.7556 -0.6311 -0.1751
vn 0.4971 -0.8662 0.0508
vn 0.4219 -0.8978 -0.1264
vn 0.1506 -0.9736 0.1714
vn 0.1631 -0.9512 0.2621
vn 0.0027 -0.9990 -0.0444
vn 0.3069 -0.9480 -0.0837
vn 0.7138 -0.6347 -0.2960
vn 0.8219 -0.5388 -0.1851
vn 0.6622 -0.7238 -0.1939
vn 0.9416 -0.3171 0.1137
vn 0.8195 -0.5433 0.1824
vn 0.9634 0.0037 0.2681
vn 0.8749 -0.1841 0.4480
vn 0.9059 0.1166 -0.4072
vn 0.8686 -0.1380 -0.4759
vn 0.7714 -0.5953 -0.2248
vn 0.6156 -0.7794 -0.1165
vn 0.4396 -0.8307 0.3416
vn 0.3585 -0.8850 0.2971
vn 0.5376 -0.7593 0.3667
vn 0.5053 -0.7448 0.4357
vn 0.4069 -0.7332 0.5449
vn 0.1758 -0.9201 0.3500
vn 0.1292 -0.7926 0.5959
vn 0.1505 -0.7095 0.6884
vn 0.2287 -0.3614 0.9039
vn 0.5809 -0.2771 0.7653
vn 0.8392 -0.1987 0.5062
vn 0.2788 -0.9423 0.1851
vn 0.4794 -0.6097 0.6313
vn 0.4250 -0.6023 0.6757
vn 0.4883 -0.4630 0.7397
vn 0.5581 -0.5121 0.6529
vn 0.5957 -0.4412 0.6711
vn 0.5086 -0.4954 0.7042
vn 0.3682 -0.3949 0.8417
vn 0.4720 -0.5693 0.6732
vn 0.6617 0.5115 0.5482
vn 0.5837 0.4711 0.6613
vn 0.3147 -0.1682 0.9342
vn 0.1286 -0.3599 0.9241
vn 0.4695 -0.4063 0.7839
vn 0.6910 -0.4702 0.5490
vn 0.5454 -0.1788 0.8189
vn 0.2597 -0.6495 0.7146
vn 0.5145 -0.6239 0.5883
vn -0.0429 -0.3590 0.9323
vn -0.2053 -0.2314 0.9510
vn 0.1982 0.0355 0.9795
vn 0.4965 0.0174 0.8679
vn 0.0524 0.0324 0.9981
vn 0.5000 0.0081 0.8660
vn 0.6552 0.0493 0.7539
vn 0.6631 0.0195 0.7483
vn 0.7062 -0.1839 0.6838
vn 0.5430 -0.2195 0.8105
vn 0.3568 -0.2379 0.9034
vn 0.2664 -0.0239 0.9636
vn 0.1384 0.0665 0.9881
vn -0.1951 0.3329 0.9225
vn -0.2465 0.4868 0.8380
vn -0.0271 0.5704 0.8209
vn 0.1735 0.6508 0.7392
vn 0.1851 0.6343 0.7506
vn 0.2204 -0.0373 0.9747
vn 0.3898 0.0535 0.9194
vn 0.2184 0.1277 0.9675
vn -0.0879 0.0522 0.9948
vn 0.0116 -0.0727 0.9973
vn -0.1652 -0.3400 0.9258
vn -0.0621 -0.5971 0.7998
vn -0.0133 -0.4620 0.8868
vn -0.2503 -0.0402 0.9673
vn -0.3800 0.1481 0.9131
vn -0.3131 0.3827 0.8692
vn -0.2546 0.2171 0.9424
vn -0.0164 0.2838 0.9587
vn -0.3294 -0.0594 0.9423
vn -0.2153 0.1688 0.9618
vn 0.7423 -0.2768 0.6102
vn 0.6685 -0.2338 0.7060
vn 0.7607 0.0023 0.6491
vn 0.8261 0.1155 0.5515
vn 0.7804 0.0422 0.6239
vn 0.8741 0.2311 0.4272
vn 0.7951 0.5213 0.3099
vn 0.9296 0.1799 0.3218
vn 0.9717 0.1884 0.1427
vn 0.9176 -0.0346 0.3960
vn 0.9758 0.0331 0.2161
vn 0.9067 0.1781 0.3822
vn 0.9004 -0.2813 0.3320
vn 0.9429 -0.2124 0.2565
vn 0.8662 -0.4003 0.2991
vn 0.8572 -0.4917 0.1534
vn 0.8702 -0.4719 0.1419
vn 0.7945 -0.5227 0.3093
vn 0.9070 -0.3905 0.1575
vn 0.8532 -0.5099 0.1092
vn 0.6964 -0.6485 0.3075
vn 0.8327 -0.5139 0.2061
vn 0.7381 -0.6469 0.1916
vn 0.6299 -0.7523 0.1931
vn 0.7539 -0.6498 -0.0970
vn 0.7953 -0.5968 -0.1067
vn 0.6730 -0.5514 -0.4930
vn 0.7598 -0.3714 -0.5336
vn 0.7793 0.1835 -0.5991
vn 0.7418 -0.0887 -0.6647
vn 0.9126 0.3071 -0.2699
vn 0.9449 0.2277 -0.2352
vn 0.9924 0.1062 -0.0629
vn 0.8131 0.1732 -0.5557
vn 0.6310 0.0120 -0.7757
vn 0.5490 -0.0930 -0.8306
vn 0.2654 -0.4482 -0.8536
vn 0.6007 -0.6473 -0.4692
vn 0.9428 -0.3034 0.1382
vn 0.9043 -0.3744 0.2052
vn 0.9429 -0.3023 0.1398
vn 0.7731 -0.5808 0.2551
vn 0.7839 -0.5723 0.2406
vn 0.8709 -0.4482 0.2015
vn 0.9977 -0.0576 -0.0351
vn 0.9551 -0.1666 -0.2450
vn 0.8848 -0.3739 -0.2779
vn 0.9614 -0.2705 0.0495
vn 0.8967 -0.4387 -0.0589
vn 0.8379 -0.5409 -0.0737
vn 0.3166 -0.7942 -0.5187
vn 0.1398 -0.6457 -0.7507
vn 0.4831 -0.2795 -0.8298
vn 0.3302 -0.1734 -0.9279
vn 0.8332 -0.2364 -0.4998
vn 0.2060 -0.6383 -0.7417
vn 0.0166 -0.8112 -0.5845
vn -0.0063 -0.8760 -0.4822
vn 0.1178 -0.9321 -0.3425
vn 0.4301 -0.8194 -0.3788
vn 0.6492 -0.7052 -0.2851
vn 0.0229 -0.9827 -0.1836
vn 0.0934 -0.9933 0.0679
vn 0.3034 -0.8623 -0.4055
vn 0.5738 -0.7693 -0.2811
vn 0.4091 -0.7176 -0.5636
vn 0.6356 -0.6687 -0.3858
vn 0.9318 0.0679 -0.3564
vn 0.0246 -0.9398 -0.3410
vn 0.6813 -0.5848 0.4403
vn 0.7834 -0.3794 0.4923
vn 0.6720 -0.4485 0.5893
vn 0.5660 -0.6580 0.4967
vn 0.5489 -0.4427 0.7090
vn 0.7107 -0.3322 0.6202
vn 0.6010 -0.2757 0.7501
vn 0.4965 -0.7672 0.4061
vn 0.7637 0.0243 0.6452
vn 0.9218 0.3225 0.2149
vn 0.9071 0.1222 0.4028
vn 0.9877 0.0270 0.1539
vn 0.9598 0.0863 0.2670
vn 0.7872 0.2587 0.5598
vn 0.7721 0.2193 0.5964
vn 0.8721 0.2119 0.4410
vn 0.9241 0.3134 0.2188
vn 0.8165 0.1714 0.5513
vn 0.8936 0.2068 0.3984
vn 0.6605 0.1365 0.7383
vn 0.7582 0.2359 0.6079
vn 0.7394 0.2980 0.6037
vn 0.7555 0.3117 0.5762
vn 0.8707 0.1296 0.4744
vn 0.8609 0.1571 0.4840
vn 0.8723 -0.2180 0.4376
vn 0.8144 -0.1360 0.5641
vn 0.7727 0.5335 0.3438
vn 0.8488 0.4158 0.3265
vn 0.9451 0.3087 -0.1074
vn 0.9873 0.0994 -0.1238
vn 0.9705 0.0933 0.2225
vn 0.9691 -0.1570 -0.1904
vn 0.9731 -0.2184 -0.0739
vn 0.8181 -0.4490 0.3594
vn 0.9137 -0.3684 0.1713
vn 0.8034 -0.3744 0.4631
vn 0.6999 -0.1715 0.6933
vn 0.6273 -0.1593 0.7623
vn 0.5487 0.0770 0.8324
vn 0.2851 0.2720 0.9191
vn 0.6808 0.5352 0.5000
vn 0.7924 0.3524 0.4979
vn 0.6385 0.7598 -0.1227
vn 0.8618 0.4604 -0.2127
vn 0.9389 -0.0308 -0.3428
vn 0.4581 -0.4914 0.7407
vn 0.6226 -0.5760 0.5298
vn 0.3230 -0.4571 0.8287
vn 0.1318 0.0945 0.9868
vn 0.3405 0.6830 0.6462
vn 0.3090 0.8183 0.4846
vn 0.3863 0.8540 0.3484
vn 0.6758 0.7210 -0.1534
vn 0.7872 0.6050 -0.1198
vn 0.9687 0.1832 -0.1673
vn 0.9623 -0.2719 0.0024
vn 0.8850 -0.4466 -0.1313
vn 0.2784 -0.4423 0.8525
vn 0.2670 -0.2830 0.9212
vn 0.4561 -0.1895 0.8695
vn 0.1305 0.2467 0.9603
vn 0.2997 0.4038 0.8644
vn 0.0564 0.5760 0.8155
vn 0.2923 0.5157 0.8053
vn 0.1455 0.7856 0.6014
vn 0.2672 0.8466 0.4603
vn 0.3235 0.8917 0.3164
vn 0.3746 0.9061 0.1967
vn 0.4475 0.8573 0.2547
vn 0.6395 0.7688 -0.0043
vn 0.6345 0.7728 -0.0110
vn 0.8899 0.3328 -0.3121
vn 0.9480 -0.0553 -0.3135
vn 0.9528 -0.2054 -0.2234
vn 0.9129 -0.3452 -0.2178
vn 0.9671 -0.2490 0.0521
vn 0.7042 -0.6097 0.3639
vn 0.8172 -0.5123 0.2640
vn 0.7235 -0.3711 0.5821
vn 0.5851 -0.6143 0.5294
vn 0.0827 0.0218 0.9963
vn 0.1318 0.4120 0.9016
vn 0.1265 0.6854 0.7171
vn 0.3652 0.7211 0.5887
vn 0.5942 0.6916 0.4107
vn 0.8278 0.5552 -0.0802
vn 0.8943 0.4346 -0.1069
vn 0.8945 -0.2588 0.3646
vn 0.5764 -0.3207 0.7516
vn 0.4524 -0.5658 0.6893
vn 0.5081 -0.1953 0.8388
vn 0.4774 -0.0623 0.8765
vn 0.2136 -0.1410 0.9667
vn 0.3406 0.0574 0.9385
vn 0.3186 0.5186 0.7934
vn 0.3697 0.6196 0.6924
vn 0.6723 0.6871 0.2755
vn 0.5127 0.8542 0.0860
vn 0.8086 0.5778 0.1112
vn 0.9992 0.0036 0.0401
vn 0.7643 0.0225 0.6445
vn 0.4893 0.1381 0.8611
vn 0.4863 0.3026 0.8197
vn 0.6774 0.4629 0.5717
vn 0.8480 0.3839 0.3654
vn 0.8788 0.3309 0.3438
vn 0.9248 0.2520 0.2851
vn 0.9444 -0.1548 0.2901
vn 0.9454 0.0640 0.3195
vn 0.8853 0.2201 0.4096
vn 0.7840 0.1769 0.5950
vn 0.6054 0.0438 0.7947
vn 0.8186 0.1281 0.5598
vn 0.9770 0.0383 0.2096
vn 0.8403 0.2126 0.4987
vn 0.8725 0.2903 0.3931
vn 0.7088 0.1721 0.6841
vn 0.7177 0.3028 0.6270
vn 0.8065 0.5501 0.2168
vn 0.9089 0.1921 0.3701
vn 0.8989 0.3435 0.2721
vn 0.8660 0.3553 0.3517
vn 0.7064 0.0295 0.7072
vn 0.5885 0.4359 0.6809
vn 0.6713 0.4609 0.5805
vn 0.7108 0.5409 0.4496
vn 0.8063 0.5854 0.0850
vn 0.8742 0.4790 0.0798
vn 0.9896 0.0989 0.1043
vn 0.9498 0.2834 0.1327
vn 0.9926 0.0150 0.1201
vn 0.9927 -0.1121 0.0446
vn 0.9543 -0.0839 0.2867
vn 0.9538 -0.0055 0.3004
vn 0.8800 -0.1417 0.4534
vn 0.8980 -0.1659 0.4074
vn 0.7109 0.2004 0.6741
vn 0.7241 0.4647 0.5096
vn 0.8182 0.4975 0.2882
vn 0.8763 0.1923 0.4418
vn 0.5669 0.2092 0.7968
vn 0.5528 -0.7654 0.3295
vn -0.2092 -0.9202 0.3308
vn -0.1318 -0.8335 0.5365
vn -0.2078 -0.6014 0.7714
vn 0.4291 -0.2667 0.8630
vn 0.7095 -0.3632 0.6040
vn 0.9300 -0.3220 0.1774
vn 0.9149 -0.1960 0.3528
vn 0.9595 -0.2803 0.0264
vn 0.9069 -0.3791 -0.1839
vn 0.8899 -0.4150 -0.1894
vn 0.8447 -0.5300 0.0742
vn 0.7214 -0.5967 -0.3516
vn 0.7900 -0.6109 -0.0513
vn 0.2997 -0.9524 0.0562
vn 0.4095 -0.8781 0.2474
vn 0.6331 -0.7724 -0.0503
vn 0.2091 -0.9671 -0.1447
vn 0.3284 -0.7951 -0.5099
vn 0.0510 -0.8565 -0.5136
vn 0.0410 -0.9720 -0.2314
vn -0.3483 -0.9303 0.1152
vn -0.2671 -0.9593 -0.0918
vn -0.5721 -0.8185 0.0517
vn -0.5016 -0.7975 0.3352
vn -0.2645 -0.4695 0.8424
vn -0.0859 -0.5001 0.8617
vn -0.3127 -0.6438 0.6984
vn -0.0027 -0.6351 0.7725
vn 0.4025 -0.4939 0.7708
vn 0.8968 -0.3422 0.2805
vn -0.0469 -0.9932 -0.1065
vn 0.1665 -0.9494 0.2664
vn -0.2440 -0.9465 0.2113
vn -0.4264 -0.8959 -0.1248
vn -0.4652 -0.8541 0.2324
vn -0.0085 -0.8222 -0.5691
vn -0.1834 -0.8739 -0.4501
vn -0.2791 -0.7964 -0.5365
vn 0.2439 -0.7228 -0.6466
vn 0.5273 -0.7550 -0.3898
vn 0.7649 -0.5775 -0.2852
vn 0.4529 -0.7426 -0.4934
vn 0.0800 -0.9060 -0.4156
vn 0.4243 -0.8830 -0.2006
vn 0.5646 -0.8141 0.1358
vn 0.8645 -0.4956 0.0836
vn 0.3622 -0.7372 0.5704
vn -0.3468 -0.8630 -0.3674
vn 0.9191 -0.3219 -0.2272
vn 0.9235 -0.1932 -0.3313
vn 0.8590 -0.0903 -0.5040
vn 0.8394 0.1726 -0.5154
vn 0.6480 0.6337 0.4225
vn 0.5339 0.8097 0.2435
vn 0.8283 0.5371 0.1593
vn 0.9899 0.1402 -0.0210
vn 0.3814 0.8181 -0.4303
vn 0.7899 0.5559 -0.2589
vn 0.0546 0.5404 -0.8396
vn 0.9488 -0.2412 0.2037
vn 0.5948 0.7941 0.1254
vn 0.1911 -0.5764 0.7945
vn 0.0381 -0.9371 0.3470
vn -0.2673 -0.8982 0.3490
vn -0.2865 -0.7711 0.5687
vn -0.0265 -0.7957 0.6051
vn 0.0627 -0.7259 0.6849
vn 0.3534 -0.7004 0.6201
vn 0.0971 -0.9004 0.4240
vn 0.3567 -0.7133 0.6033
vn 0.6304 -0.4121 0.6579
vn 0.7034 -0.4884 0.5164
vn 0.8052 -0.5047 0.3114
vn 0.3168 -0.8755 0.3650
vn 0.5396 -0.8352 0.1063
vn 0.5035 -0.7770 0.3778
vn 0.2805 -0.9513 0.1278
vn -0.0199 -0.9963 0.0837
vn 0.1052 -0.9796 -0.1713
vn -0.1086 -0.9704 -0.2158
vn -0.2122 -0.9744 0.0743
vn -0.4739 -0.8793 -0.0465
vn -0.3086 -0.9356 -0.1716
vn -0.3870 -0.8999 -0.2010
vn -0.6895 -0.7189 0.0883
vn -0.5250 -0.8483 0.0691
vn -0.5899 -0.7007 0.4011
vn -0.5962 -0.6185 0.5119
vn -0.4708 -0.5464 0.6927
vn -0.2065 -0.5015 0.8402
vn -0.3948 -0.5061 0.7668
vn 0.1137 -0.4118 0.9042
vn 0.2439 -0.6715 0.6997
vn 0.3811 -0.3405 0.8595
vn 0.5916 -0.3194 0.7403
vn 0.5904 -0.3573 0.7237
vn 0.7060 -0.4780 0.5226
vn 0.5051 -0.6266 0.5935
vn 0.3344 -0.7325 0.5930
vn 0.0742 -0.9570 0.2804
vn -0.1651 -0.9260 0.3396
vn -0.3203 -0.9210 0.2215
vn -0.4426 -0.7856 0.4324
vn -0.1654 -0.4152 0.8946
vn -0.0988 -0.4091 0.9071
vn 0.4048 -0.4096 0.8175
vn 0.2218 -0.5826 0.7819
vn 0.1459 -0.3325 0.9318
vn -0.3197 -0.5451 0.7750
vn -0.0128 -0.5861 0.8102
vn -0.4753 -0.5877 0.6548
vn -0.2209 -0.7792 0.5866
vn 0.0368 -0.7320 0.6804
vn -0.0167 -0.8545 0.5192
vn -0.6935 -0.6985 0.1762
vn -0.6487 -0.6237 0.4361
vn -0.1232 -0.9895 -0.0759
vn 0.0765 -0.9942 -0.0755
vn 0.2844 -0.9586 -0.0124
vn 0.3481 -0.8445 0.4070
vn 0.6468 -0.7610 0.0505
vn 0.0466 -0.8745 0.4828
vn 0.2474 -0.9686 0.0263
vn 0.2565 -0.9626 -0.0868
vn 0.4034 -0.8975 0.1783
vn 0.1332 -0.7122 -0.6892
vn 0.5232 0.3990 -0.7530
vn 0.1472 0.3677 -0.9182
vn -0.1310 -0.8909 -0.4349
vn 0.1527 -0.7811 -0.6054
vn -0.1425 -0.6764 -0.7226
vn -0.0101 -0.8320 -0.5547
vn -0.1349 -0.9371 -0.3221
vn 0.1010 -0.9335 -0.3442
vn 0.2901 -0.9247 -0.2464
vn -0.1258 -0.7871 -0.6038
vn -0.2105 -0.8123 -0.5439
vn -0.2662 -0.7529 -0.6019
vn -0.1064 -0.9309 -0.3494
vn 0.0886 -0.8617 -0.4996
vn 0.0622 -0.7278 -0.6830
vn -0.0266 -0.9240 -0.3814
vn -0.3379 -0.8919 -0.3006
vn -0.0934 -0.4847 -0.8697
vn -0.2098 -0.4656 -0.8598
vn -0.1599 -0.8991 -0.4074
vn 0.0274 -0.8808 -0.4728
vn 0.1224 -0.8553 -0.5035
vn -0.2479 -0.7099 -0.6592
vn 0.0888 -0.3718 -0.9241
vn 0.3048 -0.3849 -0.8712
vn -0.4266 -0.8080 0.4064
vn 0.3895 -0.8241 -0.4113
vn 0.1897 0.8983 -0.3964
vn 0.3297 0.8588 -0.3920
vn 0.7583 0.6494 -0.0565
vn 0.1833 0.8540 0.4870
vn -0.0001 0.9960 -0.0890
vn 0.1945 0.9667 -0.1666
vn 0.2661 0.9028 -0.3378
vn -0.3175 0.6308 -0.7080
vn -0.1455 0.8712 -0.4688
vn 0.0129 0.8140 -0.5807
vn -0.4301 0.8902 -0.1501
vn -0.5525 0.6266 -0.5497
vn -0.8852 0.3286 -0.3294
vn -0.8403 0.1648 -0.5165
vn -0.8116 0.3664 -0.4550
vn -0.2522 0.8456 -0.4705
vn -0.5241 -0.2263 -0.8211
vn -0.1439 -0.9437 -0.2980
vn 0.1541 -0.9874 -0.0357
vn 0.4031 0.2050 -0.8919
vn 0.5882 -0.0118 -0.8086
vn 0.4901 -0.7062 -0.5111
vn 0.0845 0.8556 -0.5107
vn -0.6280 0.0554 0.7762
vn -0.2036 -0.1359 0.9696
vn -0.0306 0.6188 0.7849
vn 0.0281 -0.6314 0.7749
vn 0.4050 0.3307 0.8524
vn 0.1605 0.3812 0.9105
vn 0.3080 0.9513 0.0161
vn 0.3359 0.9419 0.0024
vn 0.2533 -0.5811 0.7735
vn 0.8120 0.3518 0.4657
vn 0.6495 0.5548 0.5199
vn -0.0319 -0.8705 0.4912
vn 0.0307 -0.7922 0.6095
vn 0.1787 -0.6998 0.6916
vn 0.4078 0.1978 0.8914
vn 0.7775 -0.5463 0.3115
vn -0.8550 0.1842 0.4848
vn -0.7678 0.3763 0.5185
vn 0.7198 -0.6932 -0.0359
vn 0.7381 -0.6432 0.2035
vn 0.2384 0.9555 0.1739
vn 0.4449 -0.8285 0.3401
vn -0.8550 0.3282 0.4016
vn -0.7642 0.4218 0.4879
vn 0.1542 -0.8591 0.4880
vn -0.9319 0.1286 0.3392
vn 0.3985 -0.8130 0.4245
vn 0.6182 0.6752 0.4024
vn -0.9015 0.3040 0.3079
vn -0.0593 0.8246 -0.5626
vn 0.1553 0.9330 -0.3246
vn -0.3647 0.5556 -0.7471
vn -0.2955 0.3469 -0.8901
vn -0.5195 0.3284 -0.7888
vn 0.7744 0.6143 -0.1517
vn -0.5433 0.7252 -0.4229
vn -0.5202 0.8501 -0.0817
vn 0.3743 -0.9255 0.0578
vn 0.3562 -0.9278 0.1112
vn -0.3856 0.8858 -0.2582
vn 0.3977 -0.9123 -0.0975
vn 0.0734 0.7360 -0.6730
vn 0.5455 0.7327 -0.4069
vn -0.4459 -0.8744 0.1914
vn -0.1418 -0.8583 -0.4932
vn 0.1404 0.5745 -0.8064
vn 0.2529 0.7630 -0.5948
vn -0.6968 0.5450 0.4663
vn -0.8977 0.2940 0.3281
vn 0.1092 -0.8119 -0.5736
vn 0.0955 0.8924 -0.4410
vn 0.0417 0.8676 -0.4955
vn -0.5454 0.5329 -0.6470
vn 0.4887 0.7707 -0.4088
vn 0.5034 0.5431 -0.6720
vn -0.4393 0.2459 -0.8640
vn -0.8189 0.0756 -0.5690
vn 0.1558 -0.1773 -0.9718
vn 0.2493 0.2519 -0.9351
vn -0.1499 -0.7195 -0.6781
vn -0.0292 -0.5330 -0.8456
vn -0.3995 -0.2417 -0.8843
vn 0.2456 0.0850 -0.9656
vn -0.1464 -0.3070 -0.9404
vn 0.0397 -0.2961 -0.9543
vn 0.3170 -0.0124 -0.9483
vn 0.1823 0.6761 -0.7139
vn -0.0569 0.7199 -0.6918
vn -0.0247 0.6313 -0.7751
vn 0.5056 -0.4619 -0.7287
vn 0.2333 -0.5380 -0.8100
vn 0.1212 -0.8293 -0.5455
vn 0.2422 -0.8413 -0.4833
vn 0.0887 -0.2938 -0.9517
vn -0.3869 -0.4225 -0.8196
vn -0.3129 -0.6841 -0.6588
vn 0.2086 -0.9264 0.3133
vn 0.2761 -0.8772 0.3929
vn 0.3199 -0.9366 0.1428
vn 0.0851 -0.9009 0.4256
vn 0.4457 -0.8603 0.2474
vn 0.3854 -0.8621 0.3289
vn 0.4252 -0.7972 0.4286
vn -0.6615 -0.3827 -0.6449
vn -0.5751 -0.7869 0.2237
vn -0.0355 -0.9313 -0.3626
vn -0.2409 -0.8575 -0.4546
vn 0.0515 -0.9457 -0.3208
vn 0.2212 0.4654 -0.8570
vn 0.1041 0.3678 -0.9241
vn -0.2871 0.9026 -0.3207
vn -0.4183 0.4966 -0.7606
vn 0.1609 -0.0938 -0.9825
vn -0.2792 -0.0109 -0.9602
vn 0.4650 0.7312 -0.4992
vn -0.6587 0.4261 -0.6201
vn 0.4874 0.7293 -0.4801
vn -0.2347 0.7562 -0.6109
vn -0.3168 0.0954 -0.9437
vn -0.3458 0.5643 -0.7496
vn -0.6274 0.1877 -0.7557
vn -0.4516 0.6518 -0.6093
vn -0.2825 0.6288 -0.7245
vn -0.5456 -0.1089 -0.8310
vn -0.5929 0.5160 -0.6182
vn -0.0615 0.9892 0.1331
vn -0.3009 0.7845 0.5422
vn -0.7209 0.6762 -0.1517
vn 0.0154 0.6437 -0.7652
vn -0.1315 0.5831 -0.8017
vn 0.3352 0.8544 -0.3969
vn 0.3283 0.9411 -0.0810
vn 0.3641 0.8969 -0.2508
vn 0.8765 0.4808 -0.0232
vn 0.7408 0.6376 0.2113
vn 0.5582 0.6977 0.4491
vn -0.0562 0.8280 -0.5580
vn -0.1192 0.5523 -0.8251
vn -0.1816 0.9102 -0.3721
vn 0.5088 0.3041 -0.8054
vn 0.5107 0.4169 -0.7519
vn 0.4611 -0.6862 -0.5626
vn 0.3612 -0.6740 -0.6444
vn 0.3286 -0.9442 0.0216
vn 0.3405 -0.5933 -0.7294
vn 0.1467 -0.5609 -0.8148
vn -0.4153 -0.8393 -0.3509
vn -0.2736 -0.9552 -0.1128
vn -0.0723 -0.9963 0.0455
vn 0.1459 -0.9619 0.2310
vn -0.0073 -0.9958 0.0912
vn 0.3938 -0.9095 -0.1331
vn 0.0519 -0.9856 -0.1610
vn 0.3530 -0.9102 -0.2167
vn 0.4762 -0.8065 0.3504
vn -0.1339 -0.9909 -0.0133
vn 0.2545 -0.9635 0.0829
vn 0.2885 -0.9523 -0.0991
vn -0.1406 -0.4652 0.8739
vn -0.0349 -0.6991 0.7141
vn 0.0577 0.6013 0.7970
vn -0.0084 0.8923 0.4515
vn -0.2506 0.8030 0.5407
vn -0.4417 0.7333 0.5170
vn -0.1461 0.4996 0.8538
vn -0.2284 0.3367 0.9135
vn 0.2141 0.8986 0.3830
vn 0.2772 0.9605 0.0228
vn -0.0629 0.7385 0.6713
vn 0.6010 0.7890 0.1274
vn 0.7183 0.6666 0.1994
vn 0.3927 0.7652 0.5102
vn 0.3585 0.6484 0.6716
vn 0.4685 0.7644 0.4429
vn -0.6547 0.7505 0.0905
vn -0.2048 0.8958 0.3945
vn -0.2444 0.9238 0.2947
vn 0.7158 0.4840 0.5034
vn 0.0761 0.8332 0.5478
vn 0.0358 0.6246 0.7801
vn 0.3175 0.8847 0.3413
vn 0.3413 0.8642 0.3697
vn 0.5079 0.4679 0.7232
vn 0.1522 0.9694 0.1928
vn 0.2988 0.9543 0.0034
vn 0.5411 0.7470 0.3863
vn 0.1288 0.7848 0.6062
vn -0.3178 0.4469 0.8363
vn -0.2721 0.6746 0.6862
vn -0.2906 0.2717 0.9174
vn -0.0109 0.4576 0.8891
vn -0.0582 0.3785 0.9238
vn 0.2450 0.0312 0.9690
vn -0.5254 -0.4919 0.6942
vn -0.3035 -0.9234 -0.2350
vn -0.7599 -0.0451 -0.6484
vn -0.6100 -0.1308 -0.7816
vn -0.4195 0.9040 -0.0830
vn -0.1465 0.9873 0.0621
vn -0.5280 -0.7047 0.4740
vn -0.9507 -0.1275 0.2827
vn -0.2950 -0.0786 0.9523
vn -0.1004 0.0728 0.9923
vn -0.6372 -0.2652 0.7237
vn -0.2445 -0.1100 0.9634
vn -0.2893 -0.3228 0.9012
vn 0.0209 0.1649 0.9861
vn -0.6493 -0.3189 0.6905
vn -0.0423 0.3794 0.9243
vn -0.4110 0.2898 0.8644
vn -0.5204 0.1610 0.8386
vn -0.2879 -0.8756 0.3879
vn -0.4819 -0.6599 0.5765
vn -0.0208 -0.3781 0.9256
vn 0.1612 0.3650 0.9169
vn 0.3337 0.3386 0.8798
vn -0.9468 -0.3037 -0.1065
vn -0.5777 0.2480 0.7777
vn -0.8777 -0.4662 -0.1109
vn -0.8721 0.2717 0.4070
vn -0.6291 0.0154 0.7771
vn -0.7257 0.6859 0.0545
vn -0.6978 -0.6614 0.2748
vn -0.3153 -0.8599 0.4015
vn 0.0163 -0.9969 0.0776
vn -0.3974 -0.7207 -0.5680
vn -0.3976 -0.3413 -0.8517
vn 0.1289 -0.9802 0.1502
vn -0.6158 -0.2301 -0.7536
vn -0.2544 -0.8685 -0.4254
vn -0.7252 -0.6279 -0.2824
vn -0.8175 -0.4588 -0.3481
vn -0.8226 0.3775 -0.4252
vn -0.5569 0.8125 0.1724
vn -0.4499 0.6035 0.6583
vn -0.9583 0.0984 0.2683
vn -0.8570 -0.4077 0.3152
vn -0.9996 0.0183 -0.0233
vn -0.4609 -0.7234 -0.5141
vn -0.5174 -0.6365 -0.5720
vn -0.5146 -0.8433 -0.1548
vn -0.9675 0.1791 0.1786
vn -0.6099 -0.5790 0.5411
vn -0.7146 -0.5371 0.4482
vn -0.8649 -0.4563 -0.2092
vn -0.2416 -0.9700 0.0272
vn 0.5398 -0.7331 -0.4137
vn 0.0047 -0.7887 0.6148
vn -0.4314 -0.8461 -0.3131
vn -0.6072 -0.5621 0.5616
vn -0.5091 -0.7773 0.3696
vn 0.0519 -0.6848 0.7268
vn -0.0370 -0.3932 0.9187
vn -0.1257 0.9723 -0.1972
vn 0.2731 0.9618 -0.0167
vn 0.3182 0.9370 0.1439
vn 0.0934 0.9952 -0.0299
vn 0.2584 0.9660 -0.0080
vn -0.6906 0.5146 -0.5082
vn -0.5811 0.6899 -0.4316
vn -0.0821 0.0600 -0.9948
vn -0.1045 0.9006 -0.4220
vn -0.2892 0.7482 -0.5971
vn 0.1421 0.7576 0.6371
vn 0.1235 0.8116 0.5711
vn 0.2342 0.9703 0.0607
vn 0.4454 0.8667 0.2246
vn 0.2425 0.8432 0.4799
vn 0.0634 0.7380 -0.6719
vn 0.2738 -0.1281 -0.9532
vn -0.2898 0.3534 -0.8895
vn -0.2093 0.7177 -0.6642
vn 0.1827 0.4497 -0.8743
vn 0.2203 0.7500 -0.6236
vn 0.7136 -0.0380 -0.6996
vn 0.0473 0.6446 -0.7631
vn 0.4490 0.5355 -0.7153
vn 0.6295 0.3446 -0.6964
vn 0.9516 0.2425 -0.1889
vn 0.6009 -0.2134 -0.7703
vn 0.0226 -0.9128 -0.4078
vn 0.4100 -0.7238 0.5551
vn 0.4440 0.1276 0.8869
vn 0.7996 -0.2823 0.5299
vn 0.6903 -0.3643 0.6251
vn 0.5180 -0.4272 0.7410
vn -0.5026 0.8453 0.1815
vn -0.3351 0.9408 -0.0510
vn 0.7112 0.4285 0.5574
vn 0.6769 0.6289 0.3825
vn -0.0603 0.4022 0.9135
vn 0.0694 0.9657 -0.2503
vn 0.0800 0.9281 0.3636
vn 0.1818 0.6536 -0.7346
vn 0.4933 0.6349 -0.5946
vn 0.1162 0.7813 -0.6133
vn 0.3999 0.7865 -0.4706
vn 0.1155 0.8935 -0.4340
vn 0.1714 0.9423 -0.2876
vn 0.8239 -0.1051 -0.5569
vn -0.3234 -0.7942 -0.5145
vn 0.6338 -0.3661 -0.6814
vn 0.7525 0.2039 -0.6263
vn 0.3341 0.0787 -0.9392
vn -0.3015 -0.5139 -0.8032
vn -0.2840 -0.4112 -0.8662
vn -0.1497 -0.9069 -0.3939
vn 0.1453 0.2959 -0.9441
vn 0.2369 0.1705 -0.9565
vn 0.3009 0.3161 -0.8997
vn -0.1785 -0.3218 -0.9298
vn 0.1423 0.0496 -0.9886
vn 0.0010 0.2060 -0.9786
vn -0.1739 0.0998 -0.9797
vn 0.7040 -0.6832 -0.1941
vn 0.8963 -0.3607 0.2581
vn 0.6996 -0.4302 0.5706
vn 0.5879 -0.7982 0.1314
vn 0.4960 -0.5786 0.6474
vn 0.2674 0.1346 0.9541
vn 0.4229 0.6076 0.6723
vn 0.8062 0.1999 0.5569
vn 0.6317 0.0554 0.7732
vn 0.5696 0.7101 -0.4140
vn -0.1564 -0.1333 0.9787
vn 0.4382 0.6189 0.6519
vn 0.6032 0.2701 0.7505
vn -0.1208 0.5513 0.8255
vn 0.8804 -0.4739 0.0155
vn 0.5689 -0.3866 -0.7259
vn 0.7537 -0.4952 -0.4321
vn 0.1864 -0.4676 -0.8641
vn 0.3675 -0.3844 -0.8469
vn 0.5807 0.0657 0.8115
vn 0.3079 0.6191 0.7224
vn 0.4500 0.8896 0.0779
vn 0.2062 -0.1094 0.9724
vn 0.8541 -0.5128 0.0867
vn 0.3401 -0.5133 0.7879
vn 0.8585 -0.1832 0.4790
vn 0.8056 0.2834 0.5202
vn 0.9627 0.2513 0.0998
vn 0.2718 -0.9521 0.1400
vn -0.4150 -0.6546 0.6319
vn -0.4388 -0.7825 -0.4418
vn 0.0489 -0.3506 0.9353
vn -0.4271 -0.7499 0.5052
vn 0.6606 -0.6135 0.4326
vn -0.0669 -0.8399 0.5385
vn 0.0338 0.8026 -0.5955
vn 0.4219 0.5423 -0.7266
vn 0.4083 -0.9090 0.0839
vn 0.2725 0.9582 -0.0875
vt 0.313714 0.584253
vt 0.300965 0.596120
vt 0.298882 0.584464
vt 0.053771 0.630333
vt 0.086394 0.645968
vt 0.054768 0.648654
vt 0.053705 0.681680
vt 0.052722 0.665734
vt 0.096757 0.659918
vt 0.065805 0.689652
vt 0.435398 0.145671
vt 0.447093 0.153861
vt 0.422915 0.159729
vt 0.421893 0.150513
vt 0.013158 0.611983
vt 0.007078 0.611014
vt 0.021710 0.598960
vt 0.344950 0.189707
vt 0.359601 0.181190
vt 0.362279 0.191648
vt 0.035804 0.637909
vt 0.049368 0.633728
vt 0.047138 0.644110
vt 0.341733 0.640650
vt 0.315559 0.637223
vt 0.311480 0.617233
vt 0.321671 0.610084
vt 0.365083 0.631186
vt 0.392753 0.139959
vt 0.393965 0.131597
vt 0.401945 0.135995
vt 0.406709 0.601002
vt 0.410863 0.591782
vt 0.422835 0.608281
vt 0.419692 0.617833
vt 0.518486 0.163122
vt 0.498072 0.155774
vt 0.511691 0.147497
vt 0.393243 0.113378
vt 0.385634 0.127801
vt 0.363666 0.110892
vt 0.369139 0.101719
vt 0.394331 0.629346
vt 0.406298 0.634135
vt 0.387493 0.649785
vt 0.402959 0.660711
vt 0.323417 0.133834
vt 0.311446 0.116778
vt 0.341342 0.114681
vt 0.310064 0.101936
vt 0.314379 0.154843
vt 0.294106 0.129767
vt 0.382744 0.097753
vt 0.360292 0.083526
vt 0.373250 0.082342
vt 0.346173 0.094390
vt 0.354708 0.105566
vt 0.548424 0.437056
vt 0.567267 0.429204
vt 0.577980 0.447297
vt 0.577913 0.476874
vt 0.553708 0.469057
vt 0.404102 0.068570
vt 0.398455 0.063069
vt 0.417591 0.052016
vt 0.417293 0.477153
vt 0.417919 0.460381
vt 0.443541 0.467067
vt 0.441457 0.490249
vt 0.149346 0.625439
vt 0.146063 0.602218
vt 0.158023 0.629118
vt 0.630765 0.421497
vt 0.623178 0.439849
vt 0.613538 0.428610
vt 0.231674 0.963700
vt 0.222318 0.956800
vt 0.229056 0.952368
vt 0.469715 0.620359
vt 0.452533 0.632628
vt 0.446021 0.609329
vt 0.697149 0.625616
vt 0.667206 0.625558
vt 0.688320 0.612031
vt 0.468531 0.054591
vt 0.465726 0.064308
vt 0.454243 0.057877
vt 0.455680 0.050639
vt 0.459912 0.045450
vt 0.466982 0.039605
vt 0.474024 0.059667
vt 0.480509 0.022798
vt 0.449365 0.053673
vt 0.445133 0.059418
vt 0.440587 0.053535
vt 0.446103 0.047748
vt 0.242758 0.066333
vt 0.249297 0.048767
vt 0.259776 0.052841
vt 0.456421 0.015756
vt 0.456539 0.034273
vt 0.446138 0.034599
vt 0.430401 0.048225
vt 0.435994 0.031758
vt 0.106073 0.517697
vt 0.110288 0.533495
vt 0.101932 0.533962
vt 0.450917 0.518260
vt 0.458840 0.508216
vt 0.470864 0.537885
vt 0.441232 0.532467
vt 0.442892 0.550218
vt 0.520960 0.536895
vt 0.540175 0.520994
vt 0.535610 0.534144
vt 0.306356 0.854765
vt 0.297980 0.864095
vt 0.291216 0.857019
vt 0.591162 0.492951
vt 0.607205 0.479186
vt 0.613205 0.500016
vt 0.601436 0.500342
vt 0.584765 0.253286
vt 0.577251 0.247145
vt 0.590188 0.239527
vt 0.504495 0.545874
vt 0.517040 0.553992
vt 0.506404 0.559381
vt 0.606475 0.244362
vt 0.601957 0.256974
vt 0.955870 0.945883
vt 0.965781 0.933785
vt 0.966843 0.945989
vt 0.619013 0.669027
vt 0.598974 0.672061
vt 0.613620 0.634724
vt 0.591159 0.657194
vt 0.681147 0.281781
vt 0.671742 0.263140
vt 0.673786 0.252005
vt 0.309619 0.017249
vt 0.303459 0.016354
vt 0.309289 0.011102
vt 0.840458 0.134791
vt 0.831861 0.136926
vt 0.837515 0.129389
vt 0.899549 0.897686
vt 0.905308 0.916425
vt 0.877985 0.911815
vt 0.882410 0.894911
vt 0.876606 0.865138
vt 0.888944 0.872305
vt 0.852778 0.860962
vt 0.109386 0.854229
vt 0.131541 0.862296
vt 0.119582 0.872048
vt 0.539274 0.272812
vt 0.541458 0.304826
vt 0.518045 0.276464
vt 0.499898 0.265891
vt 0.522705 0.258793
vt 0.823825 0.410226
vt 0.826045 0.425758
vt 0.815638 0.412875
vt 0.837487 0.420629
vt 0.807085 0.400191
vt 0.805207 0.387303
vt 0.691841 0.303665
vt 0.708971 0.286480
vt 0.706978 0.309550
vt 0.558174 0.649535
vt 0.554109 0.615199
vt 0.572451 0.644948
vt 0.869904 0.919125
vt 0.856206 0.925239
vt 0.846484 0.909348
vt 0.841962 0.939300
vt 0.837330 0.935535
vt 0.213091 0.533581
vt 0.246896 0.551819
vt 0.234697 0.557202
vt 0.211965 0.562531
vt 0.052832 0.315395
vt 0.041350 0.312430
vt 0.046492 0.292599
vt 0.499142 0.870283
vt 0.508975 0.883967
vt 0.495779 0.888323
vt 0.231119 0.501976
vt 0.242288 0.491904
vt 0.243908 0.523176
vt 0.502925 0.934372
vt 0.494979 0.923828
vt 0.521223 0.914131
vt 0.517870 0.928621
vt 0.047287 0.271452
vt 0.032971 0.265435
vt 0.054404 0.254711
vt 0.069116 0.243154
vt 0.063487 0.258051
vt 0.773799 0.640140
vt 0.762904 0.638383
vt 0.772679 0.630105
vt 0.064714 0.380663
vt 0.094743 0.380793
vt 0.071628 0.391462
vt 0.215858 0.834195
vt 0.198134 0.827734
vt 0.204416 0.819036
vt 0.437228 0.875762
vt 0.439187 0.861589
vt 0.443681 0.875514
vt 0.766906 0.661175
vt 0.758808 0.669140
vt 0.759744 0.659857
vt 0.681417 0.331950
vt 0.655602 0.338753
vt 0.656181 0.325915
vt 0.642514 0.315807
vt 0.246053 0.684130
vt 0.234813 0.655235
vt 0.251478 0.651609
vt 0.228444 0.448262
vt 0.243880 0.446180
vt 0.259820 0.475497
vt 0.251615 0.476868
vt 0.243567 0.469777
vt 0.261501 0.731619
vt 0.262242 0.748738
vt 0.245702 0.740033
vt 0.248594 0.724498
vt 0.747206 0.630723
vt 0.735723 0.633121
vt 0.741415 0.624669
vt 0.280949 0.549658
vt 0.293495 0.549144
vt 0.283698 0.564860
vt 0.280701 0.584338
vt 0.270638 0.573591
vt 0.101933 0.118205
vt 0.100154 0.138129
vt 0.081404 0.115456
vt 0.808994 0.837892
vt 0.809992 0.816937
vt 0.819710 0.819854
vt 0.729293 0.650709
vt 0.739269 0.646824
vt 0.734307 0.656794
vt 0.698361 0.501258
vt 0.707013 0.494084
vt 0.714926 0.506354
vt 0.707712 0.508501
vt 0.810361 0.801774
vt 0.815811 0.811070
vt 0.286642 0.416292
vt 0.293460 0.445670
vt 0.283683 0.431659
vt 0.098840 0.228062
vt 0.091399 0.210654
vt 0.118572 0.198715
vt 0.112506 0.087900
vt 0.123698 0.097581
vt 0.114582 0.115722
vt 0.717408 0.491973
vt 0.727839 0.485336
vt 0.739141 0.518783
vt 0.729132 0.520764
vt 0.749990 0.483437
vt 0.228507 0.676762
vt 0.220123 0.690439
vt 0.214216 0.673232
vt 0.196859 0.682173
vt 0.294739 0.486862
vt 0.291809 0.467136
vt 0.311333 0.476732
vt 0.774234 0.548387
vt 0.763059 0.541241
vt 0.774989 0.532295
vt 0.765343 0.530377
vt 0.781640 0.515606
vt 0.957295 0.520336
vt 0.964502 0.524673
vt 0.951291 0.527073
vt 0.216375 0.630022
vt 0.188999 0.653592
vt 0.129025 0.133948
vt 0.136800 0.138817
vt 0.130083 0.144241
vt 0.116449 0.143465
vt 0.765746 0.771032
vt 0.768928 0.759463
vt 0.771972 0.772349
vt 0.657667 0.736136
vt 0.660247 0.724975
vt 0.666931 0.736807
vt 0.336482 0.533019
vt 0.342751 0.547622
vt 0.323807 0.547604
vt 0.312855 0.540765
vt 0.933060 0.734097
vt 0.940191 0.725302
vt 0.940583 0.737633
vt 0.927172 0.718340
vt 0.949630 0.554699
vt 0.956988 0.560366
vt 0.952357 0.564919
vt 0.831659 0.296286
vt 0.836748 0.321894
vt 0.819835 0.302180
vt 0.027305 0.395398
vt 0.034044 0.405764
vt 0.023167 0.402039
vt 0.314888 0.501827
vt 0.331399 0.493275
vt 0.339465 0.515566
vt 0.149409 0.383288
vt 0.147941 0.363153
vt 0.159196 0.382086
vt 0.160450 0.362324
vt 0.143500 0.157605
vt 0.153249 0.168872
vt 0.140356 0.171817
vt 0.072351 0.416664
vt 0.068013 0.425208
vt 0.055788 0.421644
vt 0.049485 0.399719
vt 0.045451 0.391007
vt 0.053603 0.395416
vt 0.150799 0.115977
vt 0.162910 0.104548
vt 0.159745 0.118000
vt 0.854199 0.267104
vt 0.841532 0.288305
vt 0.835396 0.270564
vt 0.186319 0.664249
vt 0.173968 0.678345
vt 0.166859 0.666528
vt 0.182491 0.380713
vt 0.183297 0.372299
vt 0.191579 0.377811
vt 0.184104 0.395484
vt 0.161906 0.199848
vt 0.146090 0.191178
vt 0.162307 0.186175
vt 0.148432 0.001926
vt 0.157487 0.007238
vt 0.147313 0.013837
vt 0.168682 0.002814
vt 0.185332 0.401434
vt 0.194095 0.414563
vt 0.177290 0.418899
vt 0.203246 0.391904
vt 0.361311 0.199848
vt 0.387800 0.216114
vt 0.376735 0.233497
vt 0.158212 0.030332
vt 0.152229 0.027454
vt 0.155459 0.023320
vt 0.382163 0.516718
vt 0.355854 0.527384
vt 0.349826 0.502376
vt 0.362462 0.490580
vt 0.377302 0.500206
vt 0.163643 0.088234
vt 0.179883 0.080194
vt 0.182375 0.093385
vt 0.178927 0.101423
vt 0.190810 0.118423
vt 0.772531 0.446751
vt 0.789147 0.451018
vt 0.785366 0.467208
vt 0.602807 0.823577
vt 0.606870 0.810613
vt 0.622101 0.824211
vt 0.326893 0.600471
vt 0.458526 0.195813
vt 0.452838 0.219368
vt 0.442679 0.199364
vt 0.194462 0.231306
vt 0.175653 0.233793
vt 0.185255 0.211217
vt 0.201647 0.201471
vt 0.205631 0.220167
vt 0.810093 0.213162
vt 0.790167 0.214086
vt 0.797020 0.203059
vt 0.780712 0.207207
vt 0.369005 0.248310
vt 0.391848 0.243318
vt 0.385290 0.249185
vt 0.378592 0.260504
vt 0.143899 0.761536
vt 0.114314 0.770471
vt 0.125762 0.749948
vt 0.893613 0.464478
vt 0.901579 0.466426
vt 0.895461 0.472315
vt 0.470350 0.213827
vt 0.480144 0.214116
vt 0.478529 0.226254
vt 0.397710 0.233951
vt 0.428199 0.216109
vt 0.412006 0.242199
vt 0.380893 0.258564
vt 0.388500 0.258894
vt 0.233150 0.347835
vt 0.220062 0.369316
vt 0.215911 0.361819
vt 0.225534 0.342417
vt 0.393560 0.255855
vt 0.398679 0.251926
vt 0.397752 0.260737
vt 0.393688 0.265215
vt 0.360321 0.258768
vt 0.372611 0.266249
vt 0.697256 0.866921
vt 0.683692 0.865467
vt 0.694778 0.859554
vt 0.129630 0.743843
vt 0.112236 0.733761
vt 0.118656 0.725132
vt 0.319268 0.299906
vt 0.310222 0.310491
vt 0.308496 0.301431
vt 0.306263 0.291104
vt 0.313136 0.287334
vt 0.228504 0.329211
vt 0.225531 0.309416
vt 0.238961 0.327102
vt 0.248034 0.306861
vt 0.241725 0.364619
vt 0.229045 0.379020
vt 0.234929 0.366653
vt 0.400563 0.268672
vt 0.405744 0.264012
vt 0.405660 0.277793
vt 0.777828 0.221662
vt 0.437600 0.261820
vt 0.417630 0.275968
vt 0.425019 0.251316
vt 0.687444 0.858667
vt 0.677518 0.857123
vt 0.682360 0.839870
vt 0.672893 0.844127
vt 0.244525 0.256885
vt 0.255970 0.267231
vt 0.229507 0.272588
vt 0.559192 0.790354
vt 0.579286 0.800910
vt 0.556582 0.810452
vt 0.343318 0.338623
vt 0.326562 0.339380
vt 0.329571 0.327732
vt 0.945444 0.629727
vt 0.946405 0.624870
vt 0.951945 0.631596
vt 0.389932 0.775084
vt 0.389286 0.762320
vt 0.400037 0.777510
vt 0.402914 0.768977
vt 0.741794 0.069177
vt 0.750642 0.080245
vt 0.738636 0.090836
vt 0.761328 0.047447
vt 0.730253 0.082779
vt 0.244344 0.247626
vt 0.253178 0.227428
vt 0.261213 0.249019
vt 0.932866 0.618625
vt 0.938363 0.617697
vt 0.938644 0.623808
vt 0.506488 0.744828
vt 0.508275 0.759353
vt 0.487218 0.759973
vt 0.491022 0.740113
vt 0.742088 0.193773
vt 0.732226 0.190276
vt 0.734023 0.182837
vt 0.356843 0.370894
vt 0.361210 0.340582
vt 0.376166 0.371955
vt 0.424507 0.353370
vt 0.405919 0.355129
vt 0.419909 0.334395
vt 0.679013 0.029451
vt 0.655849 0.042877
vt 0.645185 0.025199
vt 0.833580 0.620869
vt 0.830958 0.594591
vt 0.846566 0.603214
vt 0.225670 0.041614
vt 0.220884 0.027504
vt 0.231870 0.029299
vt 0.891367 0.560334
vt 0.880393 0.556261
vt 0.898512 0.549753
vt 0.672278 0.192575
vt 0.650873 0.180639
vt 0.674128 0.176874
vt 0.626130 0.174385
vt 0.618727 0.171176
vt 0.623001 0.167467
vt 0.634429 0.169328
vt 0.630148 0.155718
vt 0.638438 0.053147
vt 0.633272 0.042576
vt 0.636420 0.030657
vt 0.611332 0.180605
vt 0.623921 0.186232
vt 0.626143 0.196764
vt 0.583395 0.064020
vt 0.595680 0.067237
vt 0.590647 0.077535
vt 0.605956 0.092742
vt 0.607325 0.082453
vt 0.627040 0.090883
vt 0.606693 0.106037
vt 0.609499 0.122649
vt 0.594658 0.108264
vt 0.895122 0.626224
vt 0.883987 0.598298
vt 0.900382 0.613800
vt 0.862765 0.606593
vt 0.856182 0.629148
vt 0.842090 0.632982
vt 0.840183 0.646770
vt 0.831222 0.651916
vt 0.821699 0.638927
vt 0.811477 0.665787
vt 0.810671 0.648233
vt 0.802478 0.677336
vt 0.804823 0.663189
vt 0.811790 0.678171
vt 0.804608 0.687730
vt 0.800388 0.702747
vt 0.797700 0.686613
vt 0.812149 0.702103
vt 0.269005 0.257777
vt 0.263571 0.280950
vt 0.227201 0.295794
vt 0.226104 0.242007
vt 0.233920 0.232643
vt 0.241434 0.223752
vt 0.250610 0.219454
vt 0.951196 0.611567
vt 0.948094 0.603149
vt 0.960113 0.589960
vt 0.930954 0.601224
vt 0.940178 0.602326
vt 0.973186 0.591557
vt 0.979357 0.599613
vt 0.803715 0.657512
vt 0.795522 0.674280
vt 0.815326 0.621798
vt 0.813513 0.591605
vt 0.820437 0.578483
vt 0.483594 0.819965
vt 0.456667 0.830158
vt 0.454384 0.805749
vt 0.877122 0.587464
vt 0.894333 0.601173
vt 0.890857 0.587538
vt 0.901741 0.592814
vt 0.910751 0.599814
vt 0.588569 0.059679
vt 0.604032 0.071214
vt 0.611000 0.063721
vt 0.616279 0.067671
vt 0.622726 0.073448
vt 0.196899 0.017957
vt 0.194086 0.022784
vt 0.181240 0.018517
vt 0.891659 0.575351
vt 0.895459 0.585673
vt 0.887406 0.578057
vt 0.866969 0.560077
vt 0.846535 0.572618
vt 0.837191 0.560445
vt 0.856610 0.564325
vt 0.855619 0.581638
vt 0.474414 0.833456
vt 0.458998 0.840563
vt 0.488407 0.827446
vt 0.476441 0.837909
vt 0.492418 0.836456
vt 0.479564 0.843153
vt 0.466809 0.851464
vt 0.462404 0.847477
vt 0.880951 0.548800
vt 0.897243 0.545226
vt 0.193274 0.049072
vt 0.202746 0.039012
vt 0.204734 0.050594
vt 0.196392 0.034290
vt 0.183590 0.039639
vt 0.181465 0.028168
vt 0.209124 0.034627
vt 0.215282 0.046970
vt 0.216399 0.032952
vt 0.632279 0.031708
vt 0.630334 0.019276
vt 0.649085 0.047150
vt 0.651293 0.056663
vt 0.697538 0.047870
vt 0.703533 0.055195
vt 0.717130 0.049839
vt 0.714549 0.072839
vt 0.724284 0.063679
vt 0.738397 0.046760
vt 0.731391 0.040555
vt 0.752378 0.026687
vt 0.352741 0.486694
vt 0.337590 0.478124
vt 0.358978 0.478749
vt 0.953694 0.025696
vt 0.964029 0.038530
vt 0.947093 0.028329
vt 0.952698 0.048210
vt 0.970835 0.053218
vt 0.952888 0.067428
vt 0.961065 0.079655
vt 0.957999 0.090993
vt 0.943385 0.082457
vt 0.891671 0.395930
vt 0.886001 0.404408
vt 0.879284 0.389656
vt 0.897422 0.403319
vt 0.901427 0.412308
vt 0.894729 0.420116
vt 0.913296 0.092046
vt 0.906855 0.074785
vt 0.926549 0.082168
vt 0.924868 0.094235
vt 0.937131 0.077942
vt 0.937053 0.096036
vt 0.942209 0.071463
vt 0.937694 0.059276
vt 0.941010 0.051995
vt 0.931226 0.034276
vt 0.934191 0.013793
vt 0.926129 0.024784
vt 0.379877 0.473222
vt 0.383820 0.478107
vt 0.363339 0.477003
vt 0.389843 0.468184
vt 0.777530 0.060121
vt 0.776199 0.070561
vt 0.765458 0.068852
vt 0.768347 0.058074
vt 0.753134 0.100701
vt 0.758103 0.104366
vt 0.753092 0.110783
vt 0.759123 0.118527
vt 0.754891 0.119830
vt 0.910883 0.413539
vt 0.907454 0.422463
vt 0.904850 0.406030
vt 0.899072 0.440239
vt 0.890310 0.438393
vt 0.883111 0.426045
vt 0.765262 0.084304
vt 0.904364 0.506150
vt 0.911398 0.496021
vt 0.921404 0.494234
vt 0.924983 0.484153
vt 0.918827 0.471779
vt 0.934051 0.473979
vt 0.910973 0.450316
vt 0.900491 0.458828
vt 0.891947 0.456491
vt 0.884787 0.454834
vt 0.881852 0.443025
vt 0.906451 0.066788
vt 0.901422 0.075230
vt 0.898434 0.062761
vt 0.915505 0.050774
vt 0.898759 0.049841
vt 0.904618 0.044393
vt 0.913576 0.039758
vt 0.921681 0.046829
vt 0.920247 0.039552
vt 0.905748 0.034393
vt 0.916542 0.019038
vt 0.904683 0.011993
vt 0.910586 0.484483
vt 0.912035 0.457172
vt 0.885934 0.462648
vt 0.895554 0.025013
vt 0.892417 0.486339
vt 0.882817 0.474526
vt 0.885881 0.468282
vt 0.899784 0.503202
vt 0.897722 0.038342
vt 0.920527 0.396579
vt 0.924224 0.404804
vt 0.944396 0.408453
vt 0.949047 0.419031
vt 0.926378 0.412906
vt 0.758513 0.147618
vt 0.745376 0.144515
vt 0.758490 0.137085
vt 0.747555 0.132681
vt 0.756523 0.128479
vt 0.742825 0.124021
vt 0.735126 0.116770
vt 0.743354 0.101470
vt 0.702719 0.099955
vt 0.688777 0.074477
vt 0.672808 0.091233
vt 0.660383 0.071482
vt 0.655947 0.064957
vt 0.645647 0.070825
vt 0.637800 0.080525
vt 0.646784 0.081912
vt 0.662186 0.101468
vt 0.638514 0.098989
vt 0.690041 0.114316
vt 0.708533 0.118877
vt 0.702810 0.133509
vt 0.688604 0.135993
vt 0.732796 0.129618
vt 0.717524 0.138595
vt 0.723633 0.159903
vt 0.737233 0.137838
vt 0.780495 0.169978
vt 0.798291 0.189335
vt 0.783750 0.183221
vt 0.799138 0.182929
vt 0.808826 0.188539
vt 0.942543 0.397348
vt 0.938006 0.399185
vt 0.932932 0.388772
vt 0.908889 0.382339
vt 0.906073 0.367259
vt 0.915486 0.373422
vt 0.908234 0.390818
vt 0.899479 0.380638
vt 0.915758 0.388406
vt 0.890531 0.377687
vt 0.880485 0.372752
vt 0.894878 0.363411
vt 0.918352 0.369764
vt 0.924954 0.379852
vt 0.777940 0.190309
vt 0.745595 0.172887
vt 0.765722 0.183635
vt 0.750292 0.181815
vt 0.752156 0.204929
vt 0.760408 0.203111
vt 0.711735 0.179034
vt 0.719095 0.172289
vt 0.722532 0.182678
vt 0.710163 0.145828
vt 0.749180 0.154356
vt 0.727110 0.173636
vt 0.704866 0.157847
vt 0.695014 0.164141
vt 0.678173 0.145160
vt 0.666150 0.138972
vt 0.659193 0.123076
vt 0.672411 0.116000
vt 0.629785 0.122074
vt 0.640026 0.128995
vt 0.621406 0.106153
vt 0.605906 0.138712
vt 0.620454 0.138832
vt 0.607997 0.151307
vt 0.599577 0.131718
vt 0.591571 0.126391
vt 0.588284 0.110366
vt 0.576968 0.098726
vt 0.567230 0.074971
vt 0.584978 0.094745
vt 0.569200 0.096722
vt 0.554215 0.075654
vt 0.853648 0.647451
vt 0.854341 0.660815
vt 0.831428 0.679044
vt 0.824070 0.687364
vt 0.287582 0.806050
vt 0.301630 0.819273
vt 0.297398 0.825463
vt 0.276910 0.265302
vt 0.325762 0.843751
vt 0.322209 0.824392
vt 0.337105 0.831535
vt 0.364628 0.838304
vt 0.383065 0.845396
vt 0.348164 0.848043
vt 0.509987 0.246142
vt 0.478580 0.250304
vt 0.500512 0.241295
vt 0.473625 0.237672
vt 0.448783 0.250142
vt 0.460704 0.243207
vt 0.450909 0.259753
vt 0.429348 0.300756
vt 0.435057 0.316810
vt 0.427737 0.326541
vt 0.435063 0.341070
vt 0.447206 0.340176
vt 0.453937 0.360548
vt 0.461281 0.339896
vt 0.471920 0.365234
vt 0.380131 0.723552
vt 0.395367 0.720917
vt 0.392901 0.734709
vt 0.358120 0.747904
vt 0.349447 0.747409
vt 0.359229 0.740193
vt 0.345090 0.757038
vt 0.330974 0.764328
vt 0.349296 0.795508
vt 0.339237 0.797030
vt 0.341314 0.788420
vt 0.377796 0.821419
vt 0.380001 0.799573
vt 0.388743 0.815416
vt 0.480135 0.264471
vt 0.466825 0.274061
vt 0.458591 0.266157
vt 0.460005 0.282064
vt 0.453165 0.291369
vt 0.444407 0.291921
vt 0.446498 0.315397
vt 0.477675 0.360655
vt 0.468626 0.339999
vt 0.477232 0.343096
vt 0.404109 0.744528
vt 0.423201 0.738695
vt 0.427655 0.751909
vt 0.420637 0.772196
vt 0.404385 0.757335
vt 0.393888 0.754420
vt 0.383637 0.756101
vt 0.377172 0.751374
vt 0.372324 0.745751
vt 0.378142 0.758189
vt 0.368523 0.763016
vt 0.370265 0.753911
vt 0.363536 0.775036
vt 0.357374 0.773317
vt 0.361413 0.763428
vt 0.381878 0.770662
vt 0.383494 0.781681
vt 0.374761 0.787879
vt 0.383399 0.793254
vt 0.361472 0.800478
vt 0.349203 0.762112
vt 0.407341 0.794976
vt 0.415609 0.805713
vt 0.431839 0.799454
vt 0.431519 0.812727
vt 0.449050 0.792499
vt 0.445944 0.809930
vt 0.457662 0.300367
vt 0.459438 0.316017
vt 0.428218 0.788971
vt 0.441562 0.781919
vt 0.417523 0.781509
vt 0.387737 0.785942
vt 0.379607 0.836132
vt 0.398207 0.833309
vt 0.351032 0.820020
vt 0.349864 0.835532
vt 0.325840 0.805596
vt 0.335087 0.801732
vt 0.331003 0.784706
vt 0.324439 0.781152
vt 0.342409 0.742762
vt 0.332256 0.732517
vt 0.343886 0.720164
vt 0.362530 0.722694
vt 0.370076 0.706552
vt 0.382391 0.710217
vt 0.579901 0.176182
vt 0.583450 0.190079
vt 0.574017 0.192453
vt 0.576820 0.207935
vt 0.594645 0.213595
vt 0.581792 0.216630
vt 0.461572 0.378706
vt 0.441874 0.375442
vt 0.437037 0.377735
vt 0.446564 0.391502
vt 0.595091 0.227265
vt 0.610444 0.206278
vt 0.608181 0.230752
vt 0.596362 0.186931
vt 0.576072 0.164171
vt 0.570240 0.153375
vt 0.583038 0.158879
vt 0.357027 0.704903
vt 0.338542 0.713435
vt 0.334010 0.707073
vt 0.323916 0.719668
vt 0.310618 0.737364
vt 0.320189 0.753831
vt 0.307656 0.766544
vt 0.317822 0.810725
vt 0.293231 0.797239
vt 0.304430 0.794770
vt 0.301701 0.784330
vt 0.290478 0.779584
vt 0.588067 0.132199
vt 0.602799 0.165818
vt 0.594070 0.164689
vt 0.607399 0.183163
vt 0.620245 0.211409
vt 0.614066 0.225928
vt 0.607440 0.165185
vt 0.582233 0.112958
vt 0.567976 0.121878
vt 0.561265 0.110658
vt 0.546044 0.086198
vt 0.889039 0.663927
vt 0.877187 0.645467
vt 0.892763 0.639063
vt 0.874692 0.663994
vt 0.853972 0.677371
vt 0.287735 0.756322
vt 0.292994 0.765971
vt 0.842291 0.688350
vt 0.637343 0.188336
vt 0.640799 0.206283
vt 0.635932 0.218792
vt 0.418447 0.392944
vt 0.404689 0.383732
vt 0.389868 0.378665
vt 0.393721 0.394179
vt 0.362600 0.390992
vt 0.334581 0.367189
vt 0.357580 0.323410
vt 0.380025 0.327483
vt 0.391550 0.348723
vt 0.383145 0.319161
vt 0.401367 0.334056
vt 0.398401 0.310713
vt 0.408804 0.310401
vt 0.408888 0.322334
vt 0.422848 0.311359
vt 0.410998 0.294635
vt 0.411982 0.274055
vt 0.416278 0.263261
vt 0.408309 0.246524
vt 0.400364 0.241507
vt 0.389045 0.296472
vt 0.380467 0.288289
vt 0.399214 0.292763
vt 0.366748 0.312371
vt 0.345354 0.298729
vt 0.351169 0.289556
vt 0.341913 0.306163
vt 0.329018 0.296616
vt 0.318772 0.293015
vt 0.336821 0.285838
vt 0.341399 0.251793
vt 0.354602 0.253215
vt 0.348271 0.261889
vt 0.325213 0.221841
vt 0.342188 0.215425
vt 0.354431 0.237441
vt 0.350496 0.211985
vt 0.636097 0.389505
vt 0.639116 0.406181
vt 0.627333 0.398321
vt 0.613083 0.782393
vt 0.631035 0.787293
vt 0.643343 0.793316
vt 0.647289 0.789218
vt 0.648111 0.783605
vt 0.659187 0.771209
vt 0.661039 0.782580
vt 0.652571 0.766719
vt 0.648130 0.755243
vt 0.659006 0.751243
vt 0.663354 0.761057
vt 0.667592 0.751850
vt 0.678300 0.767439
vt 0.403082 0.208466
vt 0.417819 0.204934
vt 0.436820 0.194610
vt 0.441754 0.182958
vt 0.448146 0.186245
vt 0.192333 0.439662
vt 0.177217 0.427532
vt 0.200313 0.428478
vt 0.203779 0.422717
vt 0.484135 0.197401
vt 0.492453 0.206377
vt 0.481640 0.204649
vt 0.493651 0.222703
vt 0.195428 0.346029
vt 0.194931 0.322117
vt 0.208625 0.333130
vt 0.213299 0.308626
vt 0.201678 0.305231
vt 0.189749 0.301473
vt 0.193946 0.281024
vt 0.214919 0.277823
vt 0.188645 0.262303
vt 0.207888 0.265448
vt 0.162987 0.255740
vt 0.153831 0.218560
vt 0.160391 0.210745
vt 0.173515 0.215790
vt 0.150252 0.183750
vt 0.135058 0.178781
vt 0.125877 0.164881
vt 0.131335 0.162877
vt 0.145430 0.145081
vt 0.139840 0.151426
vt 0.171926 0.167067
vt 0.168573 0.162793
vt 0.179708 0.155743
vt 0.188261 0.160540
vt 0.193327 0.168178
vt 0.176092 0.180851
vt 0.209391 0.191406
vt 0.200253 0.187183
vt 0.992575 0.619480
vt 0.981735 0.617459
vt 0.989982 0.614773
vt 0.965523 0.607740
vt 0.978742 0.609097
vt 0.965417 0.616675
vt 0.953408 0.617270
vt 0.944970 0.622554
vt 0.944577 0.618285
vt 0.942350 0.625412
vt 0.928985 0.621623
vt 0.802918 0.643210
vt 0.802602 0.653153
vt 0.817759 0.630838
vt 0.808861 0.631236
vt 0.810930 0.638854
vt 0.808886 0.615232
vt 0.454754 0.791193
vt 0.456729 0.777618
vt 0.501387 0.820071
vt 0.864051 0.541683
vt 0.875495 0.539821
vt 0.886409 0.544238
vt 0.626874 0.006371
vt 0.620998 0.011988
vt 0.650736 0.016862
vt 0.632159 0.903674
vt 0.645365 0.910951
vt 0.648377 0.928230
vt 0.715883 0.025402
vt 0.693741 0.042316
vt 0.726570 0.031987
vt 0.742501 0.012375
vt 0.373578 0.562852
vt 0.377246 0.540705
vt 0.390234 0.550464
vt 0.788965 0.257079
vt 0.799439 0.272153
vt 0.783051 0.269492
vt 0.797912 0.293438
vt 0.792351 0.278698
vt 0.804513 0.288521
vt 0.797653 0.313319
vt 0.803776 0.314684
vt 0.063643 0.432694
vt 0.071261 0.398699
vt 0.073588 0.408148
vt 0.057540 0.406086
vt 0.793570 0.290106
vt 0.787993 0.282817
vt 0.797290 0.297830
vt 0.779626 0.276464
vt 0.367009 0.578530
vt 0.362343 0.558724
vt 0.373803 0.578044
vt 0.308733 0.526612
vt 0.325410 0.523961
vt 0.298856 0.523175
vt 0.305101 0.513650
vt 0.299126 0.514861
vt 0.298342 0.507172
vt 0.253550 0.490816
vt 0.228472 0.478409
vt 0.233195 0.465794
vt 0.211584 0.458709
vt 0.215832 0.435626
vt 0.221522 0.430565
vt 0.841737 0.857891
vt 0.840014 0.867182
vt 0.831543 0.857963
vt 0.789628 0.631131
vt 0.794442 0.645878
vt 0.790772 0.642183
vt 0.782589 0.620205
vt 0.756881 0.606594
vt 0.771126 0.610509
vt 0.764963 0.625623
vt 0.264620 0.448982
vt 0.247552 0.442211
vt 0.234163 0.437042
vt 0.276439 0.464091
vt 0.270760 0.441095
vt 0.277411 0.480830
vt 0.298931 0.461316
vt 0.258329 0.441379
vt 0.277502 0.428188
vt 0.732140 0.614586
vt 0.722826 0.618892
vt 0.744721 0.605394
vt 0.750635 0.622918
vt 0.724111 0.626221
vt 0.757280 0.647446
vt 0.731765 0.640957
vt 0.753521 0.659682
vt 0.744017 0.664683
vt 0.744594 0.654098
vt 0.729221 0.675641
vt 0.723110 0.668134
vt 0.717441 0.659199
vt 0.717894 0.646948
vt 0.721930 0.676915
vt 0.216524 0.616073
vt 0.214247 0.603988
vt 0.217649 0.603903
vt 0.835540 0.919361
vt 0.859058 0.898494
vt 0.849180 0.894384
vt 0.851732 0.878966
vt 0.856534 0.873597
vt 0.895880 0.854483
vt 0.913028 0.868503
vt 0.909142 0.853663
vt 0.937334 0.856138
vt 0.668774 0.413199
vt 0.656496 0.414679
vt 0.668808 0.410042
vt 0.598516 0.439655
vt 0.597645 0.421924
vt 0.581268 0.433259
vt 0.121836 0.660795
vt 0.104530 0.688925
vt 0.107452 0.649423
vt 0.094352 0.651819
vt 0.051160 0.691957
vt 0.037092 0.680446
vt 0.031158 0.691230
vt 0.327204 0.575532
vt 0.337671 0.581524
vt 0.339461 0.589814
vt 0.351441 0.607273
vt 0.017501 0.679044
vt 0.365240 0.654352
vt 0.339863 0.652516
vt 0.322923 0.669906
vt 0.317906 0.668506
vt 0.326696 0.659913
vt 0.290929 0.123834
vt 0.295176 0.114451
vt 0.301147 0.113457
vt 0.298984 0.091415
vt 0.290081 0.059912
vt 0.294809 0.077737
vt 0.279488 0.070287
vt 0.263342 0.060847
vt 0.227385 0.074881
vt 0.239046 0.059108
vt 0.146500 0.912213
vt 0.135225 0.899073
vt 0.155048 0.900187
vt 0.145400 0.891281
vt 0.137394 0.888344
vt 0.124546 0.884709
vt 0.140706 0.870766
vt 0.139022 0.855053
vt 0.128527 0.843567
vt 0.115128 0.808176
vt 0.121428 0.797420
vt 0.134924 0.805971
vt 0.146564 0.793121
vt 0.138229 0.798707
vt 0.131189 0.790343
vt 0.140542 0.784039
vt 0.093409 0.176265
vt 0.093014 0.187373
vt 0.078992 0.158480
vt 0.083161 0.150624
vt 0.088932 0.150192
vt 0.112890 0.171320
vt 0.123555 0.214354
vt 0.108432 0.238757
vt 0.094992 0.243065
vt 0.153757 0.804181
vt 0.164707 0.871807
vt 0.153395 0.879034
vt 0.155733 0.869201
vt 0.168346 0.882300
vt 0.173569 0.895841
vt 0.183525 0.912534
vt 0.171015 0.912618
vt 0.215859 0.891113
vt 0.227508 0.880286
vt 0.220879 0.902610
vt 0.202146 0.883916
vt 0.217944 0.874774
vt 0.214642 0.854130
vt 0.196355 0.836159
vt 0.213945 0.841698
vt 0.192192 0.819820
vt 0.199957 0.807072
vt 0.186583 0.812592
vt 0.176711 0.810556
vt 0.180768 0.804747
vt 0.166284 0.797547
vt 0.180810 0.792860
vt 0.195662 0.794293
vt 0.232528 0.844865
vt 0.231430 0.862100
vt 0.244541 0.012448
vt 0.271299 0.010712
vt 0.247532 0.022039
vt 0.272973 0.040087
vt 0.328457 0.088130
vt 0.335304 0.077064
vt 0.316122 0.068374
vt 0.332661 0.070831
vt 0.353023 0.071439
vt 0.320740 0.064438
vt 0.333734 0.064218
vt 0.294808 0.053893
vt 0.308976 0.057838
vt 0.556900 0.953027
vt 0.583759 0.946508
vt 0.572611 0.957382
vt 0.277593 0.009958
vt 0.284339 0.028113
vt 0.273527 0.028288
vt 0.035679 0.256627
vt 0.216354 0.808135
vt 0.206279 0.796617
vt 0.219784 0.803002
vt 0.209107 0.791815
vt 0.220624 0.798267
vt 0.232041 0.810063
vt 0.080310 0.232562
vt 0.072857 0.257265
vt 0.055735 0.286269
vt 0.063079 0.271883
vt 0.063604 0.289466
vt 0.064658 0.328490
vt 0.066086 0.347394
vt 0.056403 0.334938
vt 0.054994 0.349994
vt 0.050328 0.337286
vt 0.492381 0.942465
vt 0.489772 0.931721
vt 0.502238 0.952174
vt 0.524814 0.959644
vt 0.014594 0.282155
vt 0.035055 0.300240
vt 0.009419 0.294142
vt 0.018144 0.295136
vt 0.551929 0.959584
vt 0.548180 0.929284
vt 0.562514 0.935062
vt 0.570548 0.920514
vt 0.576915 0.934056
vt 0.322685 0.058383
vt 0.356621 0.067117
vt 0.345114 0.066984
vt 0.379106 0.074127
vt 0.387564 0.065063
vt 0.391778 0.074391
vt 0.374254 0.067102
vt 0.382057 0.057572
vt 0.402250 0.043630
vt 0.370204 0.055503
vt 0.589763 0.893374
vt 0.600643 0.905933
vt 0.586399 0.903115
vt 0.593352 0.915907
vt 0.575645 0.911172
vt 0.574753 0.894359
vt 0.562208 0.904974
vt 0.552544 0.916608
vt 0.539094 0.923329
vt 0.537997 0.951775
vt 0.530829 0.948300
vt 0.521736 0.946542
vt 0.514749 0.937723
vt 0.481990 0.916888
vt 0.484035 0.903758
vt 0.499720 0.910607
vt 0.512942 0.896309
vt 0.520497 0.906216
vt 0.528155 0.914519
vt 0.539211 0.915100
vt 0.527574 0.905997
vt 0.543344 0.892225
vt 0.545570 0.904383
vt 0.555981 0.871848
vt 0.567226 0.871084
vt 0.565163 0.884743
vt 0.574975 0.881857
vt 0.592366 0.882989
vt 0.583902 0.881277
vt 0.585912 0.863265
vt 0.400566 0.040819
vt 0.401886 0.027208
vt 0.412646 0.022377
vt 0.565825 0.842678
vt 0.549746 0.839259
vt 0.555524 0.834936
vt 0.555568 0.854795
vt 0.542999 0.851591
vt 0.531531 0.840060
vt 0.530280 0.858952
vt 0.527270 0.871566
vt 0.521511 0.855851
vt 0.527531 0.880845
vt 0.518978 0.879862
vt 0.477900 0.892922
vt 0.473181 0.904932
vt 0.069191 0.363497
vt 0.060709 0.365290
vt 0.071806 0.298432
vt 0.095353 0.322392
vt 0.078428 0.324565
vt 0.071228 0.280687
vt 0.077447 0.286240
vt 0.076879 0.273302
vt 0.077716 0.262380
vt 0.084982 0.252083
vt 0.090418 0.239447
vt 0.106828 0.255245
vt 0.099610 0.263071
vt 0.094265 0.258646
vt 0.089584 0.305678
vt 0.086603 0.281745
vt 0.084495 0.336577
vt 0.102374 0.356375
vt 0.769295 0.315466
vt 0.759172 0.297081
vt 0.776331 0.309005
vt 0.763125 0.291367
vt 0.743874 0.274475
vt 0.770596 0.289568
vt 0.784436 0.299699
vt 0.487333 0.856635
vt 0.476218 0.883681
vt 0.475747 0.867647
vt 0.500534 0.841577
vt 0.516812 0.834751
vt 0.416190 0.025632
vt 0.414305 0.034244
vt 0.433664 0.060753
vt 0.420217 0.072706
vt 0.433435 0.077628
vt 0.423982 0.090299
vt 0.426335 0.103582
vt 0.419526 0.099462
vt 0.466673 0.110953
vt 0.473332 0.101628
vt 0.479172 0.109198
vt 0.484882 0.125381
vt 0.470260 0.123276
vt 0.479202 0.117148
vt 0.479929 0.142842
vt 0.497192 0.168482
vt 0.480338 0.161953
vt 0.024270 0.474191
vt 0.012075 0.485193
vt 0.032627 0.459280
vt 0.039982 0.472462
vt 0.025835 0.478791
vt 0.039323 0.464006
vt 0.015613 0.494446
vt 0.470247 0.165397
vt 0.459435 0.160715
vt 0.480216 0.153253
vt 0.406954 0.156909
vt 0.413766 0.144978
vt 0.360442 0.138165
vt 0.381556 0.137539
vt 0.382157 0.153150
vt 0.421159 0.122665
vt 0.431451 0.121639
vt 0.428326 0.136011
vt 0.440594 0.127563
vt 0.453736 0.131807
vt 0.443269 0.116531
vt 0.428745 0.112509
vt 0.443547 0.110156
vt 0.408569 0.078333
vt 0.414218 0.103327
vt 0.395491 0.095978
vt 0.404407 0.092846
vt 0.416407 0.107629
vt 0.405750 0.111688
vt 0.407358 0.119440
vt 0.348223 0.135510
vt 0.328811 0.145346
vt 0.295165 0.630816
vt 0.295196 0.604331
vt 0.031260 0.621700
vt 0.033980 0.608866
vt 0.046878 0.616213
vt 0.007246 0.623700
vt 0.396682 0.163464
vt 0.376484 0.175011
vt 0.378725 0.163093
vt 0.360480 0.156486
vt 0.351528 0.165805
vt 0.319168 0.169317
vt 0.327498 0.158978
vt 0.341579 0.172733
vt 0.287204 0.620222
vt 0.285398 0.613281
vt 0.293380 0.596962
vt 0.034828 0.662539
vt 0.039956 0.649037
vt 0.014550 0.639486
vt 0.020846 0.640173
vt 0.017843 0.652581
vt 0.003980 0.632050
vt 0.325863 0.189499
vt 0.331961 0.179542
vt 0.280017 0.611885
vt 0.015742 0.628104
vt 0.019377 0.621615
vt 0.027923 0.636142
vt 0.028124 0.643731
vt 0.038479 0.628878
vt 0.030814 0.629318
vt 0.022143 0.628367
vt 0.408447 0.172828
vt 0.377904 0.183514
vt 0.012184 0.576220
vt 0.025342 0.591570
vt 0.042636 0.606925
vt 0.059579 0.620940
vt 0.085757 0.637126
vt 0.083840 0.620747
vt 0.106257 0.639203
vt 0.133138 0.622010
vt 0.950738 0.823478
vt 0.945021 0.838818
vt 0.945275 0.820222
vt 0.938424 0.867089
vt 0.942758 0.855596
vt 0.940382 0.887195
vt 0.919621 0.892567
vt 0.937361 0.877362
vt 0.912921 0.907870
vt 0.919160 0.924496
vt 0.926246 0.939291
vt 0.914547 0.930948
vt 0.872061 0.928363
vt 0.232352 0.718553
vt 0.207901 0.716561
vt 0.195355 0.717148
vt 0.179154 0.696980
vt 0.166294 0.687847
vt 0.157302 0.681875
vt 0.148228 0.672581
vt 0.814462 0.217872
vt 0.805316 0.221488
vt 0.794223 0.222877
vt 0.774454 0.233379
vt 0.782807 0.234707
vt 0.763369 0.214847
vt 0.902580 0.351850
vt 0.903755 0.356872
vt 0.879836 0.349836
vt 0.703764 0.191828
vt 0.695387 0.195108
vt 0.693778 0.192326
vt 0.701638 0.184894
vt 0.684293 0.195432
vt 0.689417 0.185094
vt 0.670923 0.207289
vt 0.664007 0.203466
vt 0.639264 0.181054
vt 0.641523 0.159532
vt 0.665367 0.163355
vt 0.426245 0.409767
vt 0.412761 0.414696
vt 0.394860 0.408008
vt 0.344173 0.397079
vt 0.328781 0.397496
vt 0.320100 0.377480
vt 0.319721 0.348524
vt 0.309119 0.346050
vt 0.297316 0.371763
vt 0.310039 0.328597
vt 0.312850 0.333903
vt 0.308630 0.318488
vt 0.320855 0.307142
vt 0.320113 0.317725
vt 0.325292 0.319427
vt 0.336986 0.319736
vt 0.349540 0.314031
vt 0.330525 0.303089
vt 0.320982 0.280880
vt 0.316438 0.269772
vt 0.325183 0.267180
vt 0.328385 0.259080
vt 0.338837 0.269093
vt 0.321491 0.238649
vt 0.315040 0.223000
vt 0.587319 0.402513
vt 0.586141 0.389944
vt 0.598078 0.391919
vt 0.602848 0.382028
vt 0.606005 0.406248
vt 0.332564 0.213005
vt 0.607728 0.366184
vt 0.616859 0.391628
vt 0.614958 0.361636
vt 0.627163 0.379646
vt 0.607691 0.345406
vt 0.630216 0.340692
vt 0.634939 0.324826
vt 0.618917 0.322764
vt 0.629473 0.303624
vt 0.636487 0.297413
vt 0.660630 0.287380
vt 0.644556 0.271531
vt 0.661952 0.272218
vt 0.669088 0.259460
vt 0.303977 0.038911
vt 0.299024 0.033540
vt 0.310815 0.030539
vt 0.312487 0.041708
vt 0.316894 0.031149
vt 0.307406 0.024214
vt 0.314007 0.023473
vt 0.316522 0.013613
vt 0.648216 0.270333
vt 0.641192 0.267284
vt 0.292748 0.021785
vt 0.295504 0.010180
vt 0.301128 0.023636
vt 0.634630 0.261977
vt 0.332350 0.010089
vt 0.322545 0.015000
vt 0.321853 0.003518
vt 0.335141 0.020358
vt 0.324815 0.021402
vt 0.331615 0.034984
vt 0.321884 0.041841
vt 0.320658 0.028620
vt 0.472460 0.012820
vt 0.509184 0.029657
vt 0.505413 0.018879
vt 0.512024 0.020667
vt 0.628860 0.249659
vt 0.636614 0.271527
vt 0.621703 0.252592
vt 0.633720 0.281908
vt 0.621863 0.271902
vt 0.519426 0.022090
vt 0.513544 0.035110
vt 0.493779 0.048905
vt 0.468949 0.072160
vt 0.443546 0.087071
vt 0.445528 0.070844
vt 0.456599 0.077214
vt 0.438066 0.064448
vt 0.451130 0.047720
vt 0.434907 0.103220
vt 0.462726 0.102636
vt 0.468861 0.094988
vt 0.489116 0.094188
vt 0.499671 0.082674
vt 0.498384 0.069636
vt 0.520157 0.064416
vt 0.510063 0.073627
vt 0.528727 0.055521
vt 0.522977 0.038644
vt 0.530947 0.026879
vt 0.535609 0.040894
vt 0.504681 0.056321
vt 0.480131 0.078314
vt 0.485049 0.062740
vt 0.469071 0.082259
vt 0.463140 0.089079
vt 0.458607 0.096728
vt 0.452325 0.093691
vt 0.534775 0.060660
vt 0.550638 0.047356
vt 0.544732 0.055539
vt 0.993852 0.918483
vt 0.993808 0.932494
vt 0.992503 0.924379
vt 0.976928 0.940622
vt 0.992681 0.940980
vt 0.974369 0.930577
vt 0.966787 0.929031
vt 0.971514 0.945155
vt 0.007423 0.205039
vt 0.015597 0.210049
vt 0.005590 0.219618
vt 0.006407 0.225914
vt 0.017502 0.216661
vt 0.017764 0.224852
vt 0.969474 0.923867
vt 0.975617 0.919787
vt 0.009533 0.233284
vt 0.019136 0.236943
vt 0.015364 0.251781
vt 0.024234 0.248257
vt 0.535427 0.074908
vt 0.528095 0.083266
vt 0.530392 0.071106
vt 0.524555 0.094358
vt 0.522265 0.080793
vt 0.515662 0.092470
vt 0.508802 0.105097
vt 0.510004 0.090392
vt 0.517640 0.078143
vt 0.514593 0.117987
vt 0.503625 0.127322
vt 0.520887 0.139618
vt 0.525600 0.156321
vt 0.713139 0.700200
vt 0.729851 0.712746
vt 0.718670 0.723087
vt 0.712686 0.669588
vt 0.071085 0.450390
vt 0.059428 0.453967
vt 0.047575 0.451665
vt 0.051241 0.463565
vt 0.064766 0.460907
vt 0.008299 0.504194
vt 0.011744 0.512494
vt 0.448269 0.166421
vt 0.002050 0.526164
vt 0.011032 0.554946
vt 0.003930 0.548361
vt 0.022203 0.559027
vt 0.028075 0.568671
vt 0.022142 0.576609
vt 0.035899 0.595555
vt 0.074814 0.610720
vt 0.061555 0.611526
vt 0.110284 0.620521
vt 0.122764 0.624459
vt 0.126480 0.609663
vt 0.159642 0.509626
vt 0.167585 0.502076
vt 0.171425 0.511957
vt 0.937224 0.898757
vt 0.935921 0.927931
vt 0.707655 0.588265
vt 0.713977 0.614675
vt 0.698867 0.611926
vt 0.720357 0.593728
vt 0.724259 0.598918
vt 0.159335 0.530053
vt 0.158322 0.551722
vt 0.149418 0.530154
vt 0.142958 0.543897
vt 0.140496 0.532311
vt 0.119797 0.560160
vt 0.117730 0.545244
vt 0.138188 0.552891
vt 0.099409 0.554215
vt 0.082747 0.554255
vt 0.090052 0.545662
vt 0.074679 0.562412
vt 0.075273 0.545792
vt 0.059061 0.551532
vt 0.062746 0.538204
vt 0.046715 0.569203
vt 0.042353 0.560538
vt 0.032488 0.533150
vt 0.016860 0.525126
vt 0.035454 0.516732
vt 0.013630 0.533962
vt 0.022465 0.498721
vt 0.018101 0.547989
vt 0.040721 0.590629
vt 0.049553 0.587566
vt 0.061915 0.579306
vt 0.076967 0.579398
vt 0.068530 0.598836
vt 0.094401 0.597235
vt 0.094030 0.581527
vt 0.110233 0.598230
vt 0.121523 0.598624
vt 0.129428 0.589715
vt 0.138907 0.581047
vt 0.105400 0.577140
vt 0.034111 0.542954
vt 0.033009 0.505751
vt 0.046681 0.514398
vt 0.055369 0.513446
vt 0.051637 0.535121
vt 0.134432 0.461736
vt 0.157552 0.492007
vt 0.144034 0.477325
vt 0.150077 0.494102
vt 0.144272 0.463188
vt 0.125891 0.453838
vt 0.136935 0.454748
vt 0.128945 0.447499
vt 0.116345 0.448664
vt 0.696721 0.646405
vt 0.706444 0.636933
vt 0.709720 0.647783
vt 0.708369 0.658058
vt 0.694084 0.669760
vt 0.693996 0.656582
vt 0.704428 0.670227
vt 0.687451 0.636871
vt 0.636370 0.644440
vt 0.658739 0.660704
vt 0.652062 0.670272
vt 0.639083 0.672453
vt 0.619759 0.682370
vt 0.603708 0.688705
vt 0.607084 0.693928
vt 0.587914 0.708751
vt 0.582273 0.724342
vt 0.596200 0.714219
vt 0.591303 0.726678
vt 0.988656 0.970922
vt 0.993590 0.950490
vt 0.995739 0.961229
vt 0.997112 0.944007
vt 0.973130 0.956929
vt 0.965384 0.955068
vt 0.951807 0.961767
vt 0.947279 0.943905
vt 0.949363 0.929255
vt 0.956159 0.935311
vt 0.010601 0.188356
vt 0.020249 0.202329
vt 0.021264 0.188640
vt 0.025923 0.200719
vt 0.023899 0.208301
vt 0.028315 0.228656
vt 0.527454 0.139404
vt 0.531344 0.151986
vt 0.700775 0.721348
vt 0.693158 0.698778
vt 0.709158 0.725118
vt 0.682930 0.683545
vt 0.704216 0.701352
vt 0.695597 0.683334
vt 0.670309 0.682506
vt 0.647811 0.680824
vt 0.937796 0.992733
vt 0.952606 0.991776
vt 0.948052 0.995454
vt 0.962973 0.974141
vt 0.978258 0.977735
vt 0.970007 0.987615
vt 0.966542 0.964235
vt 0.956546 0.968281
vt 0.940458 0.964377
vt 0.939036 0.951556
vt 0.950630 0.953334
vt 0.012246 0.179080
vt 0.026649 0.175852
vt 0.031063 0.193744
vt 0.042616 0.204903
vt 0.040629 0.212645
vt 0.036938 0.219902
vt 0.060870 0.200387
vt 0.058480 0.210840
vt 0.532141 0.136931
vt 0.539841 0.145281
vt 0.536450 0.147920
vt 0.682904 0.699317
vt 0.687397 0.707138
vt 0.657947 0.686155
vt 0.649619 0.685530
vt 0.944278 0.976036
vt 0.954106 0.977675
vt 0.929019 0.955571
vt 0.931943 0.940769
vt 0.019212 0.173245
vt 0.031169 0.168977
vt 0.036981 0.176621
vt 0.046490 0.177732
vt 0.045001 0.189302
vt 0.062519 0.168322
vt 0.064328 0.179279
vt 0.049991 0.150424
vt 0.041119 0.145792
vt 0.044359 0.142091
vt 0.694575 0.721181
vt 0.689415 0.716968
vt 0.691456 0.727203
vt 0.921610 0.991233
vt 0.924170 0.980564
vt 0.929247 0.992589
vt 0.924460 0.969788
vt 0.937689 0.970280
vt 0.936348 0.980197
vt 0.024644 0.159718
vt 0.028067 0.152527
vt 0.039530 0.163725
vt 0.057434 0.158207
vt 0.024915 0.134891
vt 0.012295 0.141953
vt 0.011001 0.130176
vt 0.010560 0.147570
vt 0.001796 0.138383
vt 0.007194 0.156467
vt 0.005513 0.150355
vt 0.020477 0.154189
vt 0.035233 0.139661
vt 0.922019 0.973339
vt 0.981236 0.981464
vt 0.938242 0.935881
vt 0.541563 0.250257
vt 0.553909 0.249553
vt 0.544607 0.256936
vt 0.508075 0.254136
vt 0.580948 0.702066
vt 0.575104 0.691949
vt 0.556088 0.683231
vt 0.558890 0.668142
vt 0.546062 0.653699
vt 0.542736 0.637853
vt 0.545648 0.615932
vt 0.250614 0.795545
vt 0.236359 0.781032
vt 0.249299 0.776534
vt 0.257265 0.789178
vt 0.260483 0.784319
vt 0.266156 0.772801
vt 0.583354 0.637049
vt 0.558529 0.607961
vt 0.571833 0.606216
vt 0.587859 0.614106
vt 0.593753 0.625714
vt 0.611276 0.618895
vt 0.603520 0.630670
vt 0.631185 0.631788
vt 0.649686 0.635774
vt 0.658061 0.619080
vt 0.674394 0.609013
vt 0.885492 0.925934
vt 0.899831 0.929108
vt 0.873269 0.931428
vt 0.269991 0.679385
vt 0.261840 0.672452
vt 0.279500 0.670264
vt 0.260716 0.690091
vt 0.251795 0.693321
vt 0.246286 0.709738
vt 0.268884 0.742446
vt 0.275264 0.752431
vt 0.596164 0.601405
vt 0.595204 0.592012
vt 0.606087 0.607048
vt 0.601752 0.599103
vt 0.608471 0.605146
vt 0.615763 0.615603
vt 0.637120 0.623442
vt 0.583741 0.597785
vt 0.589989 0.595437
vt 0.231034 0.759338
vt 0.216061 0.756945
vt 0.230392 0.739231
vt 0.203368 0.743437
vt 0.220914 0.728700
vt 0.208521 0.726821
vt 0.196893 0.728209
vt 0.191738 0.742251
vt 0.178334 0.729978
vt 0.177424 0.711865
vt 0.127705 0.033279
vt 0.130569 0.043954
vt 0.122722 0.034796
vt 0.147405 0.036626
vt 0.148020 0.050673
vt 0.138368 0.049652
vt 0.158770 0.048700
vt 0.153630 0.033186
vt 0.123956 0.713638
vt 0.128894 0.725313
vt 0.117298 0.707208
vt 0.122388 0.704091
vt 0.152366 0.017835
vt 0.165932 0.010451
vt 0.147682 0.025070
vt 0.144592 0.018569
vt 0.150759 0.023139
vt 0.147486 0.031080
vt 0.141330 0.032791
vt 0.139659 0.023066
vt 0.126329 0.011736
vt 0.133746 0.003605
vt 0.140216 0.014205
vt 0.138826 0.740735
vt 0.142926 0.733384
vt 0.163280 0.751700
vt 0.173618 0.750956
vt 0.157874 0.762430
vt 0.136772 0.777323
vt 0.126762 0.780951
vt 0.111860 0.783889
vt 0.102363 0.772909
vt 0.090653 0.768742
vt 0.309929 0.395845
vt 0.309151 0.381370
vt 0.091913 0.780940
vt 0.094812 0.794381
vt 0.108003 0.791259
vt 0.165046 0.772327
vt 0.156630 0.775478
vt 0.172948 0.763905
vt 0.173089 0.769622
vt 0.181216 0.757610
vt 0.185412 0.767836
vt 0.195358 0.761786
vt 0.856051 0.752462
vt 0.855013 0.739654
vt 0.860045 0.753155
vt 0.840923 0.716901
vt 0.847451 0.710006
vt 0.856208 0.731309
vt 0.834975 0.703429
vt 0.302168 0.344633
vt 0.304764 0.329867
vt 0.304609 0.317928
vt 0.306588 0.309370
vt 0.309233 0.258485
vt 0.296933 0.248621
vt 0.303199 0.244739
vt 0.306817 0.225994
vt 0.570723 0.399115
vt 0.572645 0.384978
vt 0.579155 0.400498
vt 0.580708 0.377329
vt 0.592521 0.373339
vt 0.590272 0.381260
vt 0.602838 0.366650
vt 0.592506 0.356415
vt 0.591185 0.345871
vt 0.592960 0.331117
vt 0.604930 0.328250
vt 0.612944 0.338950
vt 0.611170 0.307477
vt 0.612930 0.295733
vt 0.613033 0.284907
vt 0.613111 0.276657
vt 0.609522 0.267474
vt 0.600347 0.263399
vt 0.599343 0.274304
vt 0.603645 0.283586
vt 0.599167 0.279206
vt 0.598849 0.288244
vt 0.595536 0.283291
vt 0.588855 0.288419
vt 0.582903 0.281380
vt 0.592307 0.277062
vt 0.583596 0.272646
vt 0.587181 0.268714
vt 0.593404 0.270668
vt 0.566633 0.284645
vt 0.569786 0.273857
vt 0.579822 0.276660
vt 0.591316 0.295249
vt 0.584299 0.293043
vt 0.597709 0.293025
vt 0.599881 0.301799
vt 0.607992 0.293863
vt 0.592183 0.311740
vt 0.590075 0.305771
vt 0.579394 0.305391
vt 0.579378 0.300948
vt 0.573076 0.264228
vt 0.582941 0.259599
vt 0.592249 0.260117
vt 0.570946 0.295367
vt 0.567707 0.306032
vt 0.570819 0.240575
vt 0.555442 0.263352
vt 0.558198 0.322627
vt 0.542472 0.323477
vt 0.568513 0.327056
vt 0.581917 0.338840
vt 0.575214 0.351571
vt 0.584926 0.325716
vt 0.598254 0.321997
vt 0.583227 0.352888
vt 0.565099 0.366540
vt 0.567804 0.351182
vt 0.553563 0.350216
vt 0.569462 0.371465
vt 0.575309 0.360539
vt 0.559986 0.306288
vt 0.542987 0.341246
vt 0.536162 0.325512
vt 0.508040 0.283457
vt 0.487198 0.279230
vt 0.500141 0.290663
vt 0.481622 0.287633
vt 0.548959 0.698016
vt 0.556693 0.704513
vt 0.493344 0.298925
vt 0.476076 0.300934
vt 0.540753 0.684543
vt 0.540857 0.645193
vt 0.538753 0.630149
vt 0.537660 0.618690
vt 0.227258 0.771116
vt 0.237425 0.773420
vt 0.241445 0.762658
vt 0.260468 0.762838
vt 0.197969 0.770001
vt 0.857362 0.794180
vt 0.858111 0.781092
vt 0.861607 0.781647
vt 0.181649 0.772542
vt 0.861173 0.765506
vt 0.862275 0.772653
vt 0.842971 0.729779
vt 0.835024 0.719970
vt 0.295542 0.348016
vt 0.291533 0.368624
vt 0.296568 0.337025
vt 0.299923 0.317385
vt 0.299400 0.302395
vt 0.297764 0.265428
vt 0.303906 0.277980
vt 0.297875 0.280016
vt 0.290729 0.252435
vt 0.282098 0.238434
vt 0.547660 0.391380
vt 0.544328 0.386336
vt 0.554999 0.372206
vt 0.537456 0.343324
vt 0.527711 0.329185
vt 0.514086 0.300350
vt 0.523145 0.313437
vt 0.503403 0.309925
vt 0.508068 0.325135
vt 0.498726 0.315405
vt 0.487174 0.308511
vt 0.733376 0.841327
vt 0.761182 0.855864
vt 0.740762 0.854370
vt 0.787156 0.859653
vt 0.769347 0.861087
vt 0.786236 0.853587
vt 0.807200 0.853163
vt 0.835869 0.838832
vt 0.829222 0.852093
vt 0.820706 0.848160
vt 0.850991 0.757494
vt 0.853726 0.753780
vt 0.290240 0.359045
vt 0.286440 0.368777
vt 0.290634 0.347433
vt 0.283155 0.356531
vt 0.539734 0.372406
vt 0.542609 0.358784
vt 0.527691 0.347589
vt 0.517278 0.335682
vt 0.719624 0.833704
vt 0.724702 0.829567
vt 0.760748 0.846851
vt 0.771917 0.852712
vt 0.813335 0.844994
vt 0.838197 0.829641
vt 0.848866 0.820607
vt 0.848210 0.837065
vt 0.854286 0.808059
vt 0.845660 0.805043
vt 0.848871 0.789507
vt 0.843354 0.780044
vt 0.854167 0.781064
vt 0.853474 0.771802
vt 0.293676 0.327910
vt 0.291899 0.337013
vt 0.293679 0.300596
vt 0.294018 0.282263
vt 0.281892 0.258071
vt 0.286602 0.256737
vt 0.287820 0.270248
vt 0.273304 0.247150
vt 0.276415 0.244052
vt 0.535818 0.391227
vt 0.531317 0.377363
vt 0.533184 0.368501
vt 0.528021 0.364004
vt 0.736596 0.819405
vt 0.745362 0.827240
vt 0.762335 0.835808
vt 0.747326 0.844320
vt 0.783698 0.839767
vt 0.831005 0.827835
vt 0.838493 0.820318
vt 0.842957 0.813480
vt 0.835842 0.798703
vt 0.837820 0.787301
vt 0.837637 0.771435
vt 0.837164 0.732842
vt 0.842156 0.741284
vt 0.831483 0.743435
vt 0.826302 0.717438
vt 0.833141 0.724393
vt 0.825333 0.734444
vt 0.817527 0.725943
vt 0.795448 0.711655
vt 0.779399 0.706008
vt 0.772550 0.698789
vt 0.794828 0.705476
vt 0.727781 0.722701
vt 0.736725 0.711751
vt 0.740371 0.715079
vt 0.712707 0.747489
vt 0.716147 0.762971
vt 0.706265 0.761203
vt 0.705279 0.775664
vt 0.723358 0.776524
vt 0.724167 0.787840
vt 0.703469 0.791192
vt 0.728756 0.810257
vt 0.726115 0.798682
vt 0.744241 0.808200
vt 0.758358 0.819768
vt 0.794734 0.825148
vt 0.804493 0.821710
vt 0.806401 0.807916
vt 0.820532 0.809977
vt 0.825409 0.802935
vt 0.828936 0.796762
vt 0.820587 0.736520
vt 0.807727 0.727056
vt 0.806879 0.720637
vt 0.768420 0.712054
vt 0.755132 0.702699
vt 0.718744 0.734025
vt 0.729848 0.753566
vt 0.737541 0.781040
vt 0.740756 0.794087
vt 0.766906 0.810526
vt 0.779840 0.814381
vt 0.771587 0.826271
vt 0.782618 0.826992
vt 0.792286 0.812197
vt 0.819612 0.785614
vt 0.820831 0.796846
vt 0.814672 0.794323
vt 0.818885 0.802456
vt 0.816461 0.801808
vt 0.826902 0.791272
vt 0.824919 0.767802
vt 0.823371 0.782150
vt 0.817885 0.764711
vt 0.823371 0.755071
vt 0.814305 0.744639
vt 0.823664 0.745306
vt 0.804762 0.732068
vt 0.796908 0.720442
vt 0.749175 0.723453
vt 0.750709 0.787218
vt 0.759173 0.800910
vt 0.778111 0.807689
vt 0.801423 0.802757
vt 0.794815 0.796344
vt 0.807598 0.787021
vt 0.809014 0.773357
vt 0.805997 0.740410
vt 0.783303 0.725979
vt 0.783425 0.716149
vt 0.744671 0.735293
vt 0.754080 0.747932
vt 0.735680 0.743198
vt 0.742090 0.764085
vt 0.757379 0.763755
vt 0.754549 0.772846
vt 0.748730 0.774833
vt 0.763038 0.780316
vt 0.754781 0.782375
vt 0.766320 0.783305
vt 0.767861 0.796521
vt 0.776214 0.789382
vt 0.778016 0.802422
vt 0.795974 0.762376
vt 0.799211 0.753095
vt 0.782730 0.733216
vt 0.762475 0.766024
vt 0.767771 0.752573
vt 0.786098 0.747968
vt 0.786590 0.780671
vt 0.784353 0.762038
vt 0.779725 0.781338
vt 0.772147 0.780388
vt 0.767552 0.738091
vt 0.531399 0.391679
vt 0.853618 0.824828
vt 0.560076 0.395434
vt 0.089424 0.762993
vt 0.097932 0.758504
vt 0.104520 0.751209
vt 0.097086 0.741732
vt 0.103117 0.717717
vt 0.110049 0.711593
vt 0.763379 0.228982
vt 0.870151 0.293174
vt 0.866168 0.308322
vt 0.866771 0.293051
vt 0.895768 0.322481
vt 0.903697 0.327693
vt 0.896193 0.332620
vt 0.903794 0.339456
vt 0.877799 0.341692
vt 0.913527 0.355337
vt 0.923030 0.355451
vt 0.936520 0.347797
vt 0.937376 0.352576
vt 0.681153 0.204140
vt 0.687748 0.198992
vt 0.663976 0.218353
vt 0.657494 0.227123
vt 0.660665 0.213414
vt 0.639573 0.235458
vt 0.362200 0.400053
vt 0.348858 0.405414
vt 0.332895 0.406077
vt 0.084507 0.754072
vt 0.090296 0.748922
vt 0.893859 0.258320
vt 0.882880 0.265313
vt 0.881192 0.262970
vt 0.097736 0.729436
vt 0.099012 0.722255
vt 0.100053 0.714224
vt 0.874314 0.281385
vt 0.883685 0.291465
vt 0.882363 0.301360
vt 0.880735 0.312244
vt 0.894190 0.309127
vt 0.899161 0.301767
vt 0.910175 0.309560
vt 0.917878 0.329093
vt 0.925007 0.319917
vt 0.928452 0.328029
vt 0.953512 0.336783
vt 0.945274 0.350020
vt 0.669934 0.216592
vt 0.663652 0.234309
vt 0.407813 0.425715
vt 0.399338 0.420385
vt 0.409713 0.420985
vt 0.383560 0.410947
vt 0.385704 0.400793
vt 0.365839 0.404728
vt 0.370472 0.406949
vt 0.332294 0.417126
vt 0.320978 0.422588
vt 0.321607 0.411762
vt 0.914225 0.259086
vt 0.904011 0.261192
vt 0.905561 0.256233
vt 0.888867 0.267179
vt 0.895913 0.278685
vt 0.892677 0.283475
vt 0.879971 0.274742
vt 0.893207 0.292978
vt 0.901226 0.290280
vt 0.904144 0.285218
vt 0.909081 0.300275
vt 0.915816 0.291929
vt 0.916151 0.300522
vt 0.917293 0.307385
vt 0.924967 0.311302
vt 0.935820 0.319740
vt 0.944010 0.327079
vt 0.405282 0.427853
vt 0.391928 0.414618
vt 0.374874 0.410481
vt 0.333763 0.412882
vt 0.355010 0.408688
vt 0.911764 0.271062
vt 0.906883 0.276690
vt 0.921193 0.283806
vt 0.934193 0.292880
vt 0.941036 0.303303
vt 0.948054 0.310161
vt 0.936257 0.311976
vt 0.944549 0.293811
vt 0.949071 0.301440
vt 0.958242 0.289731
vt 0.944528 0.283244
vt 0.951482 0.277461
vt 0.922259 0.274409
vt 0.923904 0.258949
vt 0.929416 0.335839
vt 0.161300 0.731972
vt 0.173057 0.023981
vt 0.162064 0.029086
vt 0.160700 0.021424
vt 0.173150 0.707677
vt 0.170495 0.717372
vt 0.690006 0.582737
vt 0.690857 0.591452
vt 0.679881 0.598276
vt 0.452810 0.922860
vt 0.446638 0.934932
vt 0.444555 0.933297
vt 0.457366 0.910820
vt 0.461720 0.912423
vt 0.459969 0.886476
vt 0.455968 0.871968
vt 0.463683 0.885579
vt 0.455506 0.865283
vt 0.259399 0.712370
vt 0.380585 0.875250
vt 0.368137 0.881797
vt 0.372590 0.872087
vt 0.376423 0.890184
vt 0.376284 0.899142
vt 0.366398 0.899541
vt 0.376174 0.907372
vt 0.370584 0.920174
vt 0.366948 0.908780
vt 0.658999 0.613899
vt 0.390678 0.938789
vt 0.406154 0.936063
vt 0.406646 0.945610
vt 0.420035 0.945783
vt 0.425012 0.929382
vt 0.433544 0.941608
vt 0.451228 0.868409
vt 0.442388 0.855397
vt 0.433030 0.851874
vt 0.262115 0.721432
vt 0.265739 0.731064
vt 0.401745 0.859243
vt 0.390240 0.854187
vt 0.400102 0.849764
vt 0.398404 0.867150
vt 0.418266 0.872058
vt 0.390244 0.877697
vt 0.386839 0.874771
vt 0.387522 0.891146
vt 0.385943 0.902795
vt 0.378805 0.915232
vt 0.383799 0.925186
vt 0.377979 0.928528
vt 0.413812 0.931502
vt 0.448257 0.907371
vt 0.458293 0.898098
vt 0.432828 0.907749
vt 0.416227 0.904119
vt 0.427874 0.894311
vt 0.402634 0.903207
vt 0.418591 0.885717
vt 0.390833 0.915601
vt 0.442163 0.915570
vt 0.436919 0.926637
vt 0.407864 0.915664
vt 0.422805 0.864368
vt 0.095445 0.443707
vt 0.094864 0.450057
vt 0.083431 0.449421
vt 0.083681 0.458435
vt 0.061761 0.475182
vt 0.070265 0.480842
vt 0.059987 0.491590
vt 0.049378 0.484691
vt 0.037359 0.493046
vt 0.027951 0.486669
vt 0.048542 0.497290
vt 0.069067 0.528954
vt 0.064103 0.511001
vt 0.086613 0.527385
vt 0.097757 0.517535
vt 0.119406 0.517192
vt 0.124932 0.528473
vt 0.116971 0.536148
vt 0.133283 0.488046
vt 0.135548 0.475809
vt 0.127475 0.464303
vt 0.113627 0.458377
vt 0.114607 0.453690
vt 0.104233 0.455930
vt 0.093888 0.471532
vt 0.109139 0.471731
vt 0.087916 0.479307
vt 0.078561 0.470369
vt 0.076256 0.496036
vt 0.094802 0.491250
vt 0.099144 0.500416
vt 0.076820 0.513163
vt 0.104406 0.508838
vt 0.120620 0.508588
vt 0.112320 0.504265
vt 0.110266 0.486430
vt 0.118841 0.477894
vt 0.110276 0.542366
vt 0.166940 0.490997
vt 0.546959 0.040484
vt 0.451562 0.101039
vt 0.668035 0.305894
vt 0.689027 0.314561
vt 0.699889 0.327452
vt 0.714639 0.326207
vt 0.728860 0.312818
vt 0.733511 0.326078
vt 0.737777 0.339031
vt 0.758589 0.327885
vt 0.753308 0.351528
vt 0.120442 0.388612
vt 0.132360 0.395810
vt 0.117873 0.408478
vt 0.089065 0.393863
vt 0.107311 0.382526
vt 0.111879 0.353787
vt 0.126201 0.341659
vt 0.121966 0.366042
vt 0.109921 0.309775
vt 0.100239 0.304729
vt 0.099429 0.289936
vt 0.116566 0.285634
vt 0.124050 0.274114
vt 0.129392 0.252001
vt 0.137915 0.217392
vt 0.129257 0.237329
vt 0.151266 0.244607
vt 0.141153 0.203694
vt 0.133193 0.199028
vt 0.142654 0.195396
vt 0.142300 0.283165
vt 0.141923 0.264904
vt 0.154379 0.303338
vt 0.133838 0.298054
vt 0.141533 0.326235
vt 0.117059 0.318393
vt 0.155232 0.324262
vt 0.137118 0.352097
vt 0.130616 0.372637
vt 0.154785 0.398288
vt 0.139128 0.389933
vt 0.171261 0.395864
vt 0.135208 0.425518
vt 0.162809 0.429895
vt 0.134422 0.437931
vt 0.711002 0.340666
vt 0.693104 0.340667
vt 0.719152 0.336842
vt 0.595669 0.737892
vt 0.601204 0.752372
vt 0.604690 0.772787
vt 0.625780 0.763297
vt 0.635090 0.768498
vt 0.631718 0.782368
vt 0.639773 0.749668
vt 0.642126 0.759488
vt 0.658256 0.745092
vt 0.669074 0.725281
vt 0.686897 0.734403
vt 0.687455 0.746207
vt 0.669699 0.745466
vt 0.176458 0.444997
vt 0.185467 0.449199
vt 0.183883 0.451471
vt 0.182443 0.441832
vt 0.433237 0.191149
vt 0.168488 0.438136
vt 0.153636 0.435245
vt 0.733239 0.373549
vt 0.725422 0.364981
vt 0.732535 0.359771
vt 0.718214 0.355903
vt 0.708232 0.348857
vt 0.723585 0.348454
vt 0.696932 0.348392
vt 0.677502 0.351653
vt 0.674767 0.342718
vt 0.668288 0.355017
vt 0.662456 0.350549
vt 0.613830 0.709258
vt 0.610233 0.719094
vt 0.604353 0.715808
vt 0.651892 0.366015
vt 0.646698 0.361288
vt 0.603534 0.727481
vt 0.602059 0.737832
vt 0.642675 0.372725
vt 0.620809 0.746424
vt 0.626925 0.751093
vt 0.632593 0.758623
vt 0.639277 0.735147
vt 0.647233 0.739040
vt 0.634347 0.738993
vt 0.654149 0.728189
vt 0.672217 0.706403
vt 0.679476 0.714684
vt 0.156828 0.441707
vt 0.167445 0.443306
vt 0.138639 0.445029
vt 0.725907 0.376876
vt 0.720942 0.368175
vt 0.706317 0.354141
vt 0.631186 0.715300
vt 0.624087 0.722449
vt 0.620647 0.736693
vt 0.629020 0.725764
vt 0.654850 0.717089
vt 0.649268 0.714349
vt 0.663362 0.700089
vt 0.163791 0.343906
vt 0.178265 0.301639
vt 0.175892 0.267058
vt 0.180110 0.347088
vt 0.167450 0.330723
vt 0.182161 0.363509
vt 0.165941 0.363340
vt 0.177050 0.368454
vt 0.192180 0.353401
vt 0.189859 0.367830
vt 0.198454 0.369425
vt 0.202441 0.357202
vt 0.112093 0.372695
vt 0.733733 0.287082
vt 0.747264 0.304951
vt 0.720503 0.295808
vt 0.725185 0.259629
vt 0.747163 0.285849
vt 0.441230 0.016090
vt 0.416512 0.039911
vt 0.440656 0.003669
vt 0.447542 0.004654
vt 0.425831 0.012397
vt 0.706562 0.248734
vt 0.716345 0.238296
vt 0.721238 0.271559
vt 0.702957 0.267043
vt 0.694220 0.249699
vt 0.739957 0.352647
vt 0.371231 0.125371
vt 0.460629 0.142960
vt 0.526853 0.895863
vt 0.546035 0.869321
vt 0.565097 0.855975
vt 0.577483 0.854476
vt 0.576958 0.843308
vt 0.524661 0.953782
vt 0.545236 0.952735
vt 0.198749 0.788356
vt 0.200827 0.784142
vt 0.182601 0.778393
vt 0.175653 0.784185
vt 0.169871 0.778848
vt 0.185759 0.842521
vt 0.177728 0.865821
vt 0.180884 0.877439
vt 0.188280 0.894288
vt 0.204366 0.904062
vt 0.168281 0.791889
vt 0.239277 0.846506
vt 0.003845 0.263123
vt 0.013930 0.263523
vt 0.118562 0.168341
vt 0.109371 0.140775
vt 0.119775 0.156344
vt 0.117230 0.127237
vt 0.122191 0.119964
vt 0.125445 0.111222
vt 0.133275 0.118682
vt 0.137401 0.125771
vt 0.148114 0.131196
vt 0.157015 0.138844
vt 0.190214 0.151786
vt 0.200416 0.159455
vt 0.207246 0.167910
vt 0.209676 0.177707
vt 0.224777 0.197199
vt 0.230012 0.196048
vt 0.229600 0.206101
vt 0.997621 0.638415
vt 0.986269 0.644844
vt 0.980968 0.633768
vt 0.970873 0.630207
vt 0.967156 0.627087
vt 0.967000 0.622338
vt 0.917380 0.615354
vt 0.920866 0.604806
vt 0.915020 0.607821
vt 0.922825 0.595734
vt 0.940147 0.587626
vt 0.803132 0.627757
vt 0.806011 0.621774
vt 0.800060 0.597487
vt 0.792127 0.602109
vt 0.796674 0.614052
vt 0.788303 0.605845
vt 0.917424 0.624391
vt 0.916760 0.631106
vt 0.911666 0.621067
vt 0.918722 0.644550
vt 0.909928 0.631531
vt 0.468715 0.756007
vt 0.477850 0.751515
vt 0.465141 0.762049
vt 0.482475 0.742328
vt 0.482418 0.732754
vt 0.955364 0.652319
vt 0.959523 0.673275
vt 0.947179 0.671995
vt 0.963407 0.640375
vt 0.956611 0.638372
vt 0.943756 0.642527
vt 0.941581 0.632241
vt 0.924744 0.640923
vt 0.949170 0.644199
vt 0.971039 0.646838
vt 0.978357 0.654170
vt 0.989267 0.661435
vt 0.226668 0.159639
vt 0.234491 0.147466
vt 0.235623 0.162954
vt 0.502488 0.730456
vt 0.229372 0.130534
vt 0.218714 0.128320
vt 0.230323 0.118858
vt 0.996544 0.651668
vt 0.993116 0.663180
vt 0.213744 0.158736
vt 0.219710 0.156933
vt 0.124199 0.071598
vt 0.132479 0.066907
vt 0.142745 0.087357
vt 0.131950 0.057042
vt 0.118378 0.052905
vt 0.119869 0.038731
vt 0.926280 0.770751
vt 0.934684 0.759036
vt 0.943162 0.761573
vt 0.909540 0.769687
vt 0.901197 0.756033
vt 0.911613 0.754855
vt 0.895930 0.742659
vt 0.887229 0.743026
vt 0.891091 0.728446
vt 0.900362 0.734890
vt 0.903293 0.721717
vt 0.911842 0.730987
vt 0.898074 0.729000
vt 0.915250 0.717560
vt 0.896780 0.715925
vt 0.907297 0.708417
vt 0.924335 0.710567
vt 0.932437 0.713737
vt 0.940404 0.715425
vt 0.953325 0.718107
vt 0.954362 0.730475
vt 0.917782 0.749152
vt 0.924487 0.750718
vt 0.915009 0.742306
vt 0.923422 0.726545
vt 0.931581 0.747771
vt 0.920575 0.767175
vt 0.156112 0.076737
vt 0.141802 0.063340
vt 0.527321 0.743044
vt 0.521213 0.723734
vt 0.540101 0.713063
vt 0.523751 0.709560
vt 0.196505 0.090833
vt 0.206384 0.108963
vt 0.527813 0.812183
vt 0.541554 0.816286
vt 0.505339 0.824742
vt 0.534976 0.826316
vt 0.540122 0.829452
vt 0.529006 0.829985
vt 0.517804 0.830756
vt 0.043417 0.704443
vt 0.052295 0.716976
vt 0.046819 0.722517
vt 0.617728 0.834806
vt 0.631924 0.846332
vt 0.616154 0.848098
vt 0.884785 0.536494
vt 0.895919 0.537602
vt 0.625333 0.867113
vt 0.639091 0.872731
vt 0.626562 0.879309
vt 0.643352 0.884591
vt 0.656587 0.894271
vt 0.681862 0.912015
vt 0.688820 0.937844
vt 0.669596 0.943047
vt 0.696472 0.949991
vt 0.669416 0.949493
vt 0.734456 0.010346
vt 0.427110 0.527358
vt 0.417050 0.534249
vt 0.417612 0.526922
vt 0.396085 0.550418
vt 0.394995 0.564126
vt 0.805389 0.262775
vt 0.810863 0.281781
vt 0.811290 0.308095
vt 0.826884 0.328742
vt 0.836371 0.344548
vt 0.801048 0.341977
vt 0.809415 0.331718
vt 0.800026 0.366855
vt 0.783281 0.346471
vt 0.774311 0.341172
vt 0.792066 0.331789
vt 0.044975 0.441269
vt 0.055209 0.440511
vt 0.045950 0.445930
vt 0.035206 0.442187
vt 0.039499 0.428827
vt 0.056826 0.382335
vt 0.037791 0.393450
vt 0.041584 0.375720
vt 0.361286 0.580334
vt 0.354779 0.565859
vt 0.349946 0.550799
vt 0.347346 0.555769
vt 0.015962 0.385569
vt 0.028119 0.375833
vt 0.024532 0.410183
vt 0.025890 0.424137
vt 0.020229 0.414722
vt 0.035969 0.414152
vt 0.012863 0.432454
vt 0.003545 0.416863
vt 0.297369 0.571411
vt 0.297337 0.555649
vt 0.304925 0.561161
vt 0.313451 0.554180
vt 0.297098 0.532813
vt 0.289948 0.531198
vt 0.262563 0.541939
vt 0.277137 0.537426
vt 0.256609 0.524343
vt 0.277888 0.529733
vt 0.252673 0.515514
vt 0.253608 0.544984
vt 0.260348 0.576905
vt 0.248331 0.568309
vt 0.238402 0.579049
vt 0.232907 0.574535
vt 0.187927 0.556241
vt 0.183511 0.545145
vt 0.217996 0.509225
vt 0.217310 0.482102
vt 0.211511 0.473605
vt 0.298155 0.941285
vt 0.314667 0.938286
vt 0.297311 0.946406
vt 0.328801 0.907600
vt 0.329998 0.897084
vt 0.337789 0.910046
vt 0.636266 0.428911
vt 0.627389 0.449230
vt 0.625430 0.459677
vt 0.619801 0.482943
vt 0.615111 0.452239
vt 0.593932 0.476909
vt 0.563185 0.490645
vt 0.550775 0.492395
vt 0.524577 0.421265
vt 0.536407 0.404550
vt 0.553071 0.409608
vt 0.525443 0.402671
vt 0.075147 0.702535
vt 0.068218 0.704549
vt 0.049969 0.698593
vt 0.357194 0.601358
vt 0.418687 0.628967
vt 0.396490 0.618815
vt 0.433991 0.631295
vt 0.428802 0.639509
vt 0.449568 0.653235
vt 0.432702 0.661189
vt 0.468888 0.681922
vt 0.429964 0.680243
vt 0.468451 0.695115
vt 0.447386 0.686703
vt 0.496947 0.702275
vt 0.490954 0.706678
vt 0.045098 0.119836
vt 0.043907 0.124174
vt 0.028504 0.118561
vt 0.053754 0.109530
vt 0.073890 0.129798
vt 0.096707 0.146134
vt 0.068440 0.139803
vt 0.052532 0.117432
vt 0.053745 0.130632
vt 0.099567 0.827426
vt 0.107366 0.817548
vt 0.109261 0.837499
vt 0.099893 0.840522
vt 0.458502 0.698835
vt 0.477921 0.705862
vt 0.405027 0.706975
vt 0.400203 0.704932
vt 0.407976 0.692771
vt 0.212814 0.085825
vt 0.218130 0.088385
vt 0.397821 0.695470
vt 0.395372 0.681090
vt 0.390131 0.667671
vt 0.379249 0.661786
vt 0.222189 0.923085
vt 0.230417 0.920422
vt 0.230928 0.927807
vt 0.223865 0.944658
vt 0.216616 0.939085
vt 0.207523 0.950683
vt 0.201137 0.954535
vt 0.201716 0.943964
vt 0.183046 0.959288
vt 0.164494 0.962372
vt 0.166542 0.948529
vt 0.236541 0.075256
vt 0.228421 0.080711
vt 0.390400 0.702809
vt 0.391223 0.688917
vt 0.387724 0.692789
vt 0.384987 0.683449
vt 0.249055 0.952283
vt 0.249855 0.962584
vt 0.244751 0.941492
vt 0.214077 0.957588
vt 0.215516 0.948828
vt 0.218934 0.965793
vt 0.209891 0.962720
vt 0.201846 0.969335
vt 0.192533 0.971782
vt 0.196702 0.960207
vt 0.185031 0.969723
vt 0.190042 0.980116
vt 0.196695 0.981355
vt 0.183987 0.992722
vt 0.202714 0.984298
vt 0.191164 0.996194
vt 0.209869 0.986845
vt 0.218392 0.985393
vt 0.220658 0.995482
vt 0.224385 0.978509
vt 0.232903 0.992706
vt 0.227256 0.970988
vt 0.239088 0.981118
vt 0.245078 0.972539
vt 0.215338 0.975274
vt 0.175995 0.990588
vt 0.169456 0.983141
vt 0.182361 0.977325
vt 0.245306 0.071947
vt 0.259043 0.069013
vt 0.278683 0.075147
vt 0.160909 0.947066
vt 0.292246 0.093987
vt 0.292865 0.104180
vt 0.180459 0.930328
vt 0.190845 0.925912
vt 0.183888 0.935002
vt 0.203523 0.918555
vt 0.214521 0.078897
vt 0.202434 0.087866
vt 0.408924 0.710674
vt 0.431261 0.702006
vt 0.415670 0.710172
vt 0.130462 0.906602
vt 0.107375 0.884680
vt 0.098794 0.868066
vt 0.106380 0.865854
vt 0.443031 0.701392
vt 0.459913 0.703661
vt 0.430807 0.687337
vt 0.062002 0.139804
vt 0.070457 0.147439
vt 0.070591 0.102221
vt 0.090408 0.064755
vt 0.155071 0.096570
vt 0.134922 0.100199
vt 0.144481 0.105060
vt 0.142740 0.118665
vt 0.185229 0.144977
vt 0.184099 0.131399
vt 0.203846 0.147768
vt 0.196910 0.147631
vt 0.172006 0.109210
vt 0.186139 0.123742
vt 0.180786 0.121853
vt 0.169036 0.114078
vt 0.067715 0.071190
vt 0.061033 0.048961
vt 0.804208 0.586203
vt 0.797018 0.555205
vt 0.812359 0.576775
vt 0.809158 0.562503
vt 0.795505 0.542412
vt 0.798007 0.531610
vt 0.870201 0.715133
vt 0.885668 0.716202
vt 0.870718 0.726857
vt 0.887352 0.709617
vt 0.884250 0.703177
vt 0.890081 0.699540
vt 0.897067 0.703192
vt 0.894054 0.709877
vt 0.891070 0.716759
vt 0.902131 0.697080
vt 0.916781 0.700389
vt 0.927496 0.700862
vt 0.917459 0.693765
vt 0.920115 0.674496
vt 0.930449 0.676817
vt 0.950123 0.691403
vt 0.959517 0.709825
vt 0.951101 0.705122
vt 0.934764 0.705236
vt 0.161757 0.071315
vt 0.146083 0.061209
vt 0.181008 0.070399
vt 0.550884 0.748048
vt 0.542387 0.743991
vt 0.548658 0.713269
vt 0.536469 0.760538
vt 0.547119 0.770096
vt 0.537644 0.773598
vt 0.527273 0.766902
vt 0.554331 0.777986
vt 0.572301 0.786952
vt 0.586409 0.789664
vt 0.595136 0.800098
vt 0.541929 0.810910
vt 0.544966 0.792483
vt 0.561340 0.818090
vt 0.574411 0.826295
vt 0.552813 0.825924
vt 0.059224 0.759497
vt 0.054584 0.749788
vt 0.065277 0.742195
vt 0.631935 0.835853
vt 0.636183 0.854510
vt 0.617134 0.859273
vt 0.640508 0.862197
vt 0.648699 0.876622
vt 0.656778 0.862439
vt 0.670226 0.891739
vt 0.672155 0.904545
vt 0.683283 0.901694
vt 0.665642 0.916409
vt 0.702434 0.914165
vt 0.702989 0.942087
vt 0.402114 0.553273
vt 0.836069 0.263076
vt 0.820449 0.268923
vt 0.768648 0.432980
vt 0.745253 0.427528
vt 0.751685 0.419785
vt 0.594804 0.835649
vt 0.592578 0.826649
vt 0.570316 0.830652
vt 0.600230 0.850713
vt 0.576200 0.836627
vt 0.067800 0.786784
vt 0.068534 0.776508
vt 0.084780 0.783910
vt 0.046356 0.763051
vt 0.045316 0.742650
vt 0.027789 0.732479
vt 0.032944 0.720662
vt 0.651745 0.841425
vt 0.674969 0.870314
vt 0.677449 0.890849
vt 0.691916 0.883906
vt 0.701431 0.903923
vt 0.690313 0.895640
vt 0.734028 0.932358
vt 0.723752 0.935686
vt 0.716900 0.914808
vt 0.745280 0.935221
vt 0.764608 0.923670
vt 0.760444 0.940854
vt 0.748366 0.944572
vt 0.807904 0.254668
vt 0.793253 0.247200
vt 0.795446 0.242483
vt 0.838585 0.258530
vt 0.855139 0.259828
vt 0.873552 0.255236
vt 0.089042 0.809270
vt 0.087078 0.823021
vt 0.068585 0.806986
vt 0.072405 0.796537
vt 0.058671 0.779213
vt 0.064082 0.767883
vt 0.042095 0.770578
vt 0.036897 0.764719
vt 0.037009 0.752156
vt 0.021040 0.740178
vt 0.663609 0.847052
vt 0.664815 0.836431
vt 0.019316 0.758769
vt 0.017328 0.775166
vt 0.009998 0.758685
vt 0.696830 0.840347
vt 0.698389 0.854143
vt 0.700685 0.865031
vt 0.699774 0.870862
vt 0.706440 0.879054
vt 0.699221 0.879545
vt 0.707938 0.870790
vt 0.711711 0.876286
vt 0.714516 0.890128
vt 0.722806 0.890044
vt 0.735897 0.893709
vt 0.731383 0.903302
vt 0.760244 0.911275
vt 0.730181 0.911768
vt 0.778741 0.915348
vt 0.061736 0.811080
vt 0.058160 0.797116
vt 0.031727 0.790356
vt 0.039463 0.781019
vt 0.044279 0.790266
vt 0.030300 0.777586
vt 0.020793 0.792628
vt 0.004734 0.788502
vt 0.019061 0.787444
vt 0.009465 0.782702
vt 0.702595 0.840732
vt 0.704356 0.855678
vt 0.704669 0.865425
vt 0.709795 0.865070
vt 0.743093 0.866577
vt 0.729700 0.885443
vt 0.725485 0.871962
vt 0.046625 0.859892
vt 0.053945 0.849669
vt 0.055823 0.872416
vt 0.061809 0.840951
vt 0.044146 0.832580
vt 0.047352 0.821191
vt 0.063994 0.828744
vt 0.045066 0.810035
vt 0.034302 0.795297
vt 0.029108 0.787478
vt 0.029661 0.800737
vt 0.029193 0.794630
vt 0.026794 0.788960
vt 0.015437 0.796846
vt 0.712402 0.841851
vt 0.713777 0.850929
vt 0.721254 0.865225
vt 0.721061 0.847931
vt 0.732738 0.863979
vt 0.739131 0.859978
vt 0.001512 0.841846
vt 0.001669 0.833782
vt 0.013726 0.840009
vt 0.026245 0.856294
vt 0.006624 0.859634
vt 0.026578 0.847136
vt 0.036388 0.845266
vt 0.032283 0.826646
vt 0.035563 0.810924
vt 0.038717 0.800483
vt 0.004502 0.799068
vt 0.019799 0.805007
vt 0.016972 0.817804
vt 0.006236 0.820487
vt 0.004306 0.811288
vt 0.014471 0.828020
vt 0.028019 0.819495
vt 0.026254 0.832237
vt 0.023906 0.826854
vt 0.729760 0.850694
vt 0.042049 0.879555
vt 0.051035 0.897745
vt 0.773938 0.933165
vt 0.750456 0.915719
vt 0.704023 0.885105
vt 0.691912 0.876540
vt 0.685382 0.875140
vt 0.756624 0.466914
vt 0.757169 0.445490
vt 0.873562 0.271273
vt 0.855625 0.277218
vt 0.875187 0.263895
vt 0.723898 0.431491
vt 0.717469 0.416349
vt 0.730256 0.435348
vt 0.728199 0.443515
vt 0.957497 0.579381
vt 0.948802 0.580985
vt 0.961466 0.555599
vt 0.968374 0.570399
vt 0.983275 0.527940
vt 0.977541 0.516585
vt 0.973249 0.503680
vt 0.838344 0.311767
vt 0.851102 0.355887
vt 0.841199 0.359073
vt 0.786579 0.394325
vt 0.779758 0.381190
vt 0.772315 0.391399
vt 0.267239 0.590751
vt 0.240231 0.586425
vt 0.250010 0.582718
vt 0.926718 0.251620
vt 0.916501 0.247587
vt 0.926499 0.242052
vt 0.937545 0.239391
vt 0.934552 0.247147
vt 0.943286 0.246124
vt 0.950094 0.230538
vt 0.966327 0.227053
vt 0.623931 0.511195
vt 0.616524 0.519816
vt 0.571783 0.498431
vt 0.549317 0.508683
vt 0.543641 0.503890
vt 0.511049 0.484271
vt 0.539299 0.478913
vt 0.515406 0.500017
vt 0.527232 0.453757
vt 0.520637 0.441599
vt 0.514684 0.434889
vt 0.110319 0.900256
vt 0.096104 0.905621
vt 0.098794 0.891719
vt 0.077439 0.907649
vt 0.087587 0.891176
vt 0.073147 0.893335
vt 0.080293 0.921043
vt 0.069388 0.918092
vt 0.084892 0.914796
vt 0.057511 0.902652
vt 0.380136 0.600346
vt 0.373783 0.604062
vt 0.370408 0.600223
vt 0.390476 0.600193
vt 0.393068 0.606517
vt 0.375838 0.612271
vt 0.432603 0.619974
vt 0.471881 0.675148
vt 0.492899 0.688923
vt 0.009982 0.092211
vt 0.029526 0.091795
vt 0.008627 0.104150
vt 0.038957 0.105801
vt 0.026500 0.106525
vt 0.043841 0.095340
vt 0.485343 0.657194
vt 0.500861 0.668429
vt 0.024727 0.071987
vt 0.029066 0.060120
vt 0.049639 0.073954
vt 0.061340 0.032032
vt 0.084400 0.034038
vt 0.081871 0.022652
vt 0.779288 0.579009
vt 0.792907 0.577655
vt 0.794660 0.515632
vt 0.790641 0.530984
vt 0.860903 0.723511
vt 0.862243 0.707312
vt 0.870541 0.708167
vt 0.905069 0.688742
vt 0.896252 0.693390
vt 0.892246 0.681125
vt 0.893205 0.670926
vt 0.911415 0.668316
vt 0.922033 0.666409
vt 0.560522 0.767824
vt 0.573481 0.779711
vt 0.597777 0.789729
vt 0.606133 0.797236
vt 0.810962 0.486413
vt 0.801629 0.483774
vt 0.811649 0.480103
vt 0.616721 0.800887
vt 0.773388 0.486469
vt 0.789636 0.478948
vt 0.765557 0.503586
vt 0.744074 0.459763
vt 0.738089 0.452191
vt 0.740029 0.436328
vt 0.730566 0.467380
vt 0.729527 0.454962
vt 0.721066 0.472730
vt 0.725396 0.459640
vt 0.725012 0.451201
vt 0.943971 0.566441
vt 0.939843 0.582021
vt 0.931973 0.565489
vt 0.937421 0.558181
vt 0.944616 0.542582
vt 0.949799 0.537074
vt 0.947015 0.551965
vt 0.956895 0.537459
vt 0.956278 0.545353
vt 0.966453 0.532652
vt 0.969244 0.541364
vt 0.953215 0.499241
vt 0.956366 0.493343
vt 0.941375 0.494414
vt 0.849001 0.348103
vt 0.837636 0.337101
vt 0.847310 0.401945
vt 0.830099 0.386142
vt 0.861115 0.407004
vt 0.864677 0.428726
vt 0.518211 0.564213
vt 0.522445 0.573966
vt 0.536719 0.573468
vt 0.817299 0.425226
vt 0.802276 0.406948
vt 0.782677 0.399886
vt 0.764444 0.392904
vt 0.916166 0.237372
vt 0.929116 0.234102
vt 0.940445 0.231667
vt 0.550774 0.517651
vt 0.521602 0.521967
vt 0.502088 0.528638
vt 0.488998 0.509687
vt 0.484457 0.494775
vt 0.478336 0.466946
vt 0.486189 0.458591
vt 0.496746 0.445300
vt 0.514383 0.456221
vt 0.105293 0.911473
vt 0.116143 0.906427
vt 0.074142 0.936153
vt 0.070215 0.946601
vt 0.066164 0.932000
vt 0.061863 0.923735
vt 0.071884 0.926114
vt 0.058477 0.941932
vt 0.055910 0.930586
vt 0.071889 0.975186
vt 0.081326 0.975640
vt 0.081409 0.980951
vt 0.418481 0.572823
vt 0.422561 0.574590
vt 0.413488 0.581045
vt 0.437052 0.431062
vt 0.446339 0.436775
vt 0.458791 0.448649
vt 0.434459 0.434785
vt 0.448183 0.450929
vt 0.425965 0.447560
vt 0.467619 0.468094
vt 0.474415 0.453174
vt 0.488090 0.446707
vt 0.475144 0.445870
vt 0.500066 0.439013
vt 0.124074 0.956514
vt 0.125728 0.943318
vt 0.132630 0.938436
vt 0.127753 0.934343
vt 0.115669 0.926410
vt 0.126431 0.923360
vt 0.084046 0.940078
vt 0.093310 0.926622
vt 0.100420 0.932156
vt 0.094927 0.950528
vt 0.085268 0.949772
vt 0.076016 0.957514
vt 0.064878 0.954297
vt 0.060477 0.968688
vt 0.090933 0.977216
vt 0.104646 0.970754
vt 0.096932 0.978813
vt 0.112987 0.949696
vt 0.107716 0.949886
vt 0.109210 0.936724
vt 0.090346 0.964177
vt 0.115354 0.966419
vt 0.122882 0.966331
vt 0.469972 0.480914
vt 0.438891 0.504342
vt 0.429293 0.499196
vt 0.468520 0.601820
vt 0.455879 0.598569
vt 0.503147 0.659872
vt 0.005782 0.071048
vt 0.051334 0.041506
vt 0.753043 0.577072
vt 0.757536 0.552730
vt 0.710240 0.561727
vt 0.730471 0.551290
vt 0.733365 0.566896
vt 0.681545 0.562539
vt 0.717097 0.548959
vt 0.658147 0.563367
vt 0.680237 0.551392
vt 0.658651 0.539893
vt 0.640121 0.555277
vt 0.664015 0.523065
vt 0.686427 0.527286
vt 0.629253 0.521323
vt 0.652081 0.504416
vt 0.644584 0.496450
vt 0.864202 0.372381
vt 0.652082 0.487794
vt 0.660382 0.492164
vt 0.870186 0.364534
vt 0.656854 0.483852
vt 0.865046 0.354598
vt 0.878615 0.360085
vt 0.940469 0.500449
vt 0.926812 0.500077
vt 0.952490 0.514516
vt 0.961305 0.503470
vt 0.968903 0.509213
vt 0.942713 0.517180
vt 0.934000 0.517845
vt 0.920779 0.505915
vt 0.667945 0.482909
vt 0.678652 0.490132
vt 0.676350 0.502480
vt 0.686733 0.513221
vt 0.673324 0.518226
vt 0.700042 0.519443
vt 0.713001 0.529469
vt 0.713396 0.542163
vt 0.736122 0.541920
vt 0.744693 0.535983
vt 0.754849 0.531100
vt 0.724478 0.536943
vt 0.720014 0.518970
vt 0.687706 0.496416
vt 0.688652 0.487900
vt 0.680001 0.485597
vt 0.911802 0.511336
vt 0.921179 0.520931
vt 0.940686 0.525033
vt 0.921040 0.539443
vt 0.918653 0.551644
vt 0.902228 0.539977
vt 0.907334 0.562154
vt 0.901585 0.549109
vt 0.699975 0.483253
vt 0.709925 0.479630
vt 0.702761 0.486927
vt 0.719963 0.481286
vt 0.922111 0.576418
vt 0.914358 0.571759
vt 0.930651 0.580228
vt 0.928214 0.552134
vt 0.936849 0.549142
vt 0.926877 0.541968
vt 0.934433 0.539583
vt 0.946701 0.521318
vt 0.925249 0.558703
vt 0.624197 0.562886
vt 0.638950 0.573752
vt 0.480758 0.541177
vt 0.464237 0.564689
vt 0.492072 0.540769
vt 0.474261 0.570480
vt 0.488772 0.532413
vt 0.471258 0.499075
vt 0.477867 0.516939
vt 0.501677 0.539844
vt 0.431805 0.529366
vt 0.421450 0.495514
vt 0.409868 0.482246
vt 0.405757 0.472625
vt 0.477874 0.619108
vt 0.486088 0.638295
vt 0.517337 0.666307
vt 0.516322 0.670149
vt 0.045146 0.038124
vt 0.053946 0.027710
vt 0.061714 0.016732
vt 0.057970 0.011606
vt 0.066180 0.002981
vt 0.762879 0.592051
vt 0.749401 0.586505
vt 0.734497 0.579491
vt 0.718871 0.575544
vt 0.708102 0.575424
vt 0.682550 0.580013
vt 0.669354 0.588009
vt 0.661969 0.575837
vt 0.654020 0.593272
vt 0.795131 0.163410
vt 0.825716 0.180280
vt 0.802628 0.174760
vt 0.838981 0.183004
vt 0.824064 0.185415
vt 0.852955 0.177392
vt 0.866552 0.176579
vt 0.857736 0.185420
vt 0.881648 0.174432
vt 0.889175 0.157364
vt 0.899286 0.145299
vt 0.893889 0.162353
vt 0.902034 0.099043
vt 0.906338 0.100260
vt 0.903237 0.115005
vt 0.015289 0.057239
vt 0.024093 0.056521
vt 0.001962 0.060672
vt 0.029473 0.048977
vt 0.044376 0.031868
vt 0.759800 0.596284
vt 0.803538 0.053007
vt 0.795677 0.064297
vt 0.788657 0.063177
vt 0.771369 0.119119
vt 0.781032 0.151818
vt 0.771672 0.134887
vt 0.814444 0.172631
vt 0.840504 0.174596
vt 0.877735 0.166264
vt 0.883122 0.064793
vt 0.891653 0.066773
vt 0.891003 0.074301
vt 0.867488 0.055235
vt 0.870581 0.051353
vt 0.808341 0.058894
vt 0.775038 0.104570
vt 0.776840 0.118478
vt 0.770130 0.103853
vt 0.778158 0.132650
vt 0.820237 0.162228
vt 0.827486 0.174730
vt 0.859592 0.152232
vt 0.903372 0.130606
vt 0.893096 0.129213
vt 0.857572 0.064584
vt 0.847452 0.064007
vt 0.847826 0.047623
vt 0.808850 0.077136
vt 0.788068 0.072643
vt 0.794790 0.088770
vt 0.782555 0.081633
vt 0.788297 0.106776
vt 0.790492 0.117361
vt 0.791552 0.128131
vt 0.795130 0.139230
vt 0.785230 0.144740
vt 0.813100 0.153920
vt 0.802650 0.166316
vt 0.852824 0.158684
vt 0.867808 0.148962
vt 0.873225 0.142575
vt 0.885291 0.139029
vt 0.876054 0.131190
vt 0.885883 0.091983
vt 0.883769 0.105341
vt 0.870015 0.088638
vt 0.880659 0.082900
vt 0.818076 0.067703
vt 0.803272 0.083891
vt 0.791973 0.097674
vt 0.798974 0.109175
vt 0.805789 0.123194
vt 0.834630 0.156102
vt 0.843569 0.156514
vt 0.875563 0.105884
vt 0.861440 0.081427
vt 0.874014 0.075807
vt 0.854679 0.078126
vt 0.843547 0.075233
vt 0.836550 0.063238
vt 0.820091 0.075882
vt 0.804669 0.094597
vt 0.803314 0.102323
vt 0.808032 0.135833
vt 0.805104 0.146846
vt 0.826726 0.151770
vt 0.867604 0.142473
vt 0.855248 0.090379
vt 0.820173 0.084515
vt 0.812799 0.091599
vt 0.810750 0.107385
vt 0.811590 0.125410
vt 0.837974 0.150166
vt 0.858555 0.147961
vt 0.877987 0.118002
vt 0.869963 0.134956
vt 0.872128 0.111810
vt 0.838443 0.091612
vt 0.837237 0.083366
vt 0.823077 0.095477
vt 0.821375 0.106712
vt 0.814938 0.105752
vt 0.824524 0.140031
vt 0.853283 0.143306
vt 0.863650 0.138235
vt 0.860423 0.105837
vt 0.863991 0.098384
vt 0.858494 0.098126
vt 0.850292 0.092946
vt 0.841887 0.142135
vt 0.857619 0.128163
vt 0.866257 0.119643
vt 0.860662 0.115692
vt 0.853095 0.099208
vt 0.848017 0.106797
vt 0.832107 0.099126
vt 0.838477 0.096515
vt 0.833605 0.112192
vt 0.825472 0.110123
vt 0.832849 0.117031
vt 0.818273 0.121454
vt 0.834805 0.125180
vt 0.822938 0.129664
vt 0.848370 0.127595
vt 0.852778 0.120284
vt 0.850367 0.112409
vt 0.843140 0.119827
vt 0.852413 0.133903
vt 0.453147 0.579541
vt 0.542132 0.557449
vt 0.536131 0.551258
vt 0.811938 0.425790
vt 0.882364 0.198517
vt 0.887172 0.209668
vt 0.878758 0.211351
vt 0.808347 0.416359
vt 0.923401 0.220314
vt 0.930258 0.213093
vt 0.957354 0.220884
vt 0.939347 0.216863
vt 0.942069 0.208417
vt 0.940972 0.200324
vt 0.961603 0.200109
vt 0.964566 0.212789
vt 0.959861 0.184122
vt 0.967796 0.196981
vt 0.570047 0.506578
vt 0.585754 0.502212
vt 0.589220 0.510004
vt 0.947237 0.162426
vt 0.948267 0.170035
vt 0.938402 0.165213
vt 0.929851 0.158853
vt 0.898840 0.172457
vt 0.907527 0.166275
vt 0.910256 0.184989
vt 0.892250 0.187095
vt 0.907575 0.208949
vt 0.890032 0.222279
vt 0.911238 0.202388
vt 0.918514 0.206021
vt 0.924571 0.210766
vt 0.937123 0.210392
vt 0.926744 0.192997
vt 0.926155 0.197720
vt 0.921601 0.195626
vt 0.915409 0.182128
vt 0.911146 0.192251
vt 0.930966 0.178541
vt 0.925333 0.178602
vt 0.924529 0.164592
vt 0.937782 0.179469
vt 0.954933 0.173881
vt 0.935728 0.195391
vt 0.933957 0.192475
vt 0.930147 0.191121
vt 0.931731 0.194926
vt 0.930524 0.198171
vt 0.935828 0.201857
vt 0.925583 0.203256
vt 0.919534 0.177986
vt 0.750551 0.516877
vt 0.776215 0.503060
vt 0.788349 0.492182
vt 0.796126 0.498530
vt 0.864180 0.697330
vt 0.876485 0.685009
vt 0.868595 0.699302
vt 0.878791 0.673161
vt 0.891734 0.666385
vt 0.932705 0.670285
vt 0.884375 0.726015
vt 0.107397 0.017910
vt 0.116461 0.020414
vt 0.111976 0.045724
vt 0.898103 0.768741
vt 0.939661 0.688855
vt 0.058237 0.097123
vt 0.084962 0.697811
vt 0.123781 0.677439
vt 0.543038 0.420428
vt 0.632571 0.503984
vt 0.625236 0.493567
vt 0.636236 0.496955
vt 0.178870 0.540656
vt 0.192315 0.533042
vt 0.208428 0.511290
vt 0.209883 0.490233
vt 0.200380 0.459194
vt 0.199393 0.450367
vt 0.870685 0.843782
vt 0.859998 0.845891
vt 0.856540 0.834504
vt 0.245522 0.926073
vt 0.271248 0.938895
vt 0.271468 0.946051
vt 0.283174 0.942096
vt 0.296316 0.928251
vt 0.299898 0.900280
vt 0.310212 0.914405
vt 0.300745 0.913792
vt 0.311095 0.896701
vt 0.315277 0.881254
vt 0.327952 0.887410
vt 0.326643 0.877851
vt 0.313330 0.873363
vt 0.313541 0.863986
vt 0.320880 0.870111
vt 0.332113 0.864227
vt 0.325555 0.854345
vt 0.339112 0.872693
vt 0.303926 0.842169
vt 0.319064 0.844344
vt 0.316490 0.847969
vt 0.276899 0.837717
vt 0.275837 0.843810
vt 0.266842 0.850410
vt 0.259051 0.847047
vt 0.257474 0.856110
vt 0.204498 0.508265
vt 0.199489 0.517110
vt 0.242816 0.897663
vt 0.238892 0.907365
vt 0.238045 0.892790
vt 0.247232 0.919488
vt 0.260348 0.931012
vt 0.271611 0.921435
vt 0.283881 0.924447
vt 0.282050 0.915800
vt 0.282100 0.904374
vt 0.300792 0.889106
vt 0.295876 0.877437
vt 0.300886 0.870588
vt 0.285336 0.866324
vt 0.258180 0.883690
vt 0.243659 0.884939
vt 0.244606 0.873868
vt 0.265691 0.910515
vt 0.268536 0.899999
vt 0.256271 0.901231
vt 0.265265 0.874817
vt 0.267760 0.889877
vt 0.269680 0.867965
vt 0.280089 0.878222
vt 0.276306 0.887570
vt 0.285826 0.886036
vt 0.288755 0.843459
vt 0.279075 0.858373
vt 0.336632 0.875125
vt 0.338268 0.886225
vt 0.341210 0.898035
vt 0.338814 0.897636
vt 0.924578 0.839543
vt 0.915121 0.840250
vt 0.923625 0.834008
vt 0.873513 0.851498
vt 0.266651 0.562003
vt 0.289802 0.581314
vt 0.758639 0.348306
vt 0.758078 0.342214
vt 0.775323 0.359308
vt 0.025410 0.439406
vt 0.524455 0.794345
vt 0.236071 0.130264
vt 0.844224 0.880590
vt 0.844842 0.896864
vt 0.785903 0.661101
vt 0.778538 0.647715
vt 0.790787 0.660720
vt 0.770016 0.653888
vt 0.762559 0.650828
vt 0.782016 0.671051
vt 0.771917 0.678751
vt 0.296094 0.402102
vt 0.291143 0.417413
vt 0.300554 0.441417
vt 0.205268 0.626473
vt 0.192763 0.629151
vt 0.198164 0.616177
vt 0.185233 0.642189
vt 0.170223 0.647371
vt 0.152080 0.662430
vt 0.299672 0.416051
vt 0.301848 0.429582
vt 0.301481 0.452557
vt 0.316971 0.471415
vt 0.337805 0.487350
vt 0.320799 0.465899
vt 0.340407 0.471766
vt 0.964805 0.105607
vt 0.959310 0.117408
vt 0.949080 0.112743
vt 0.883114 0.358266
vt 0.882483 0.361559
vt 0.183008 0.635893
vt 0.190319 0.626387
vt 0.718549 0.635253
vt 0.745296 0.018653
vt 0.168240 0.183543
vt 0.162797 0.170901
vt 0.161705 0.165808
vt 0.206435 0.378655
vt 0.207418 0.369057
vt 0.202372 0.386265
vt 0.194364 0.392625
vt 0.218967 0.393453
vt 0.202015 0.402333
vt 0.214864 0.386809
vt 0.465555 0.228609
vt 0.460900 0.213446
vt 0.394482 0.276561
vt 0.389079 0.279408
vt 0.406819 0.258848
vt 0.405803 0.254039
vt 0.415791 0.252601
vt 0.384497 0.270734
vt 0.618761 0.160193
vt 0.497713 0.226406
vt 0.775860 0.173739
vt 0.768586 0.158740
vt 0.203740 0.032740
vt 0.200422 0.024732
vt 0.209500 0.001502
vt 0.203768 0.013035
vt 0.199381 0.001502
vt 0.221800 0.252049
vt 0.789718 0.692392
vt 0.821815 0.706212
vt 0.158418 0.724687
vt 0.020058 0.664066
vt 0.031906 0.654982
vt 0.046250 0.656380
vt 0.393429 0.151953
vt 0.052954 0.956115
vt 0.105445 0.922022
vt 0.110168 0.929994
vt 0.207426 0.938015
vt 0.204768 0.924397
vt 0.536394 0.444452
vt 0.476642 0.639262
vt 0.470682 0.647482
vt 0.642594 0.411561
vt 0.645991 0.419662
vt 0.151586 0.645189
vt 0.929504 0.844075
vt 0.938433 0.832800
vt 0.129286 0.495507
vt 0.166407 0.972897
vt 0.018404 0.161892
vt 0.017158 0.155722
vt 0.598982 0.867393
vt 0.313158 0.920519
vt 0.305241 0.922302
vt 0.253502 0.032340
vt 0.242864 0.039011
vt 0.238889 0.016176
vt 0.495599 0.024064
vt 0.481785 0.018285
vt 0.546186 0.029189
vt 0.470169 0.004217
vt 0.497393 0.555170
vt 0.672658 0.240963
vt 0.686509 0.235892
vt 0.495110 0.575431
vt 0.565798 0.272652
vt 0.557278 0.284072
vt 0.290543 0.890402
vt 0.529740 0.299982
vt 0.389582 0.865625
vt 0.032529 0.083009
vt 0.581056 0.314693
vt 0.764303 0.372141
vt 0.759532 0.357878
vt 0.087238 0.270303
vt 0.263692 0.659946
vt 0.092798 0.280251
vt 0.637608 0.721590
vt 0.638402 0.715114
vt 0.643986 0.716565
vt 0.098104 0.050754
vt 0.125352 0.421901
vt 0.110965 0.417396
vt 0.584653 0.363623
vt 0.583773 0.370392
vt 0.292540 0.496677
vt 0.282796 0.508328
vt 0.150894 0.411610
vt 0.272492 0.491088
vt 0.164463 0.380421
vt 0.332880 0.551216
vt 0.144947 0.177936
vt 0.058100 0.413148
vt 0.925917 0.068535
vt 0.175268 0.375315
vt 0.174131 0.390628
vt 0.840722 0.748195
vt 0.833634 0.754207
vt 0.192404 0.083307
vt 0.797333 0.467849
vt 0.394059 0.530815
vt 0.210510 0.237425
vt 0.816707 0.200183
vt 0.203783 0.346963
vt 0.245818 0.332355
vt 0.506180 0.713914
vt 0.096651 0.801715
vt 0.406556 0.283988
vt 0.262968 0.219891
vt 0.262247 0.227788
vt 0.256479 0.219262
vt 0.468756 0.773200
vt 0.785259 0.679146
vt 0.359791 0.756878
vt 0.451094 0.778847
vt 0.881851 0.327053
vt 0.723584 0.189043
vt 0.209124 0.027898
vt 0.863695 0.587306
vt 0.219833 0.018986
vt 0.228191 0.012647
vt 0.214848 0.021978
vt 0.620989 0.150610
vt 0.849955 0.546357
vt 0.844004 0.552315
vt 0.632107 0.178402
vt 0.632751 0.143883
vt 0.619048 0.060486
vt 0.627555 0.053801
vt 0.594890 0.091966
vt 0.579352 0.080396
vt 0.218761 0.230910
vt 0.216145 0.219637
vt 0.229214 0.221825
vt 0.247178 0.216061
vt 0.984307 0.605584
vt 0.949828 0.586544
vt 0.799256 0.660257
vt 0.204315 0.019126
vt 0.912521 0.593426
vt 0.185012 0.010848
vt 0.190785 0.005029
vt 0.209595 0.020536
vt 0.214045 0.012563
vt 0.219054 0.004458
vt 0.626628 0.022598
vt 0.617698 0.015617
vt 0.850327 0.538601
vt 0.400725 0.492072
vt 0.415079 0.508429
vt 0.403410 0.517706
vt 0.387131 0.486150
vt 0.942301 0.016425
vt 0.955157 0.102583
vt 0.972259 0.066786
vt 0.934082 0.105434
vt 0.924353 0.100019
vt 0.931491 0.059464
vt 0.880807 0.408316
vt 0.917758 0.007564
vt 0.759637 0.126802
vt 0.395427 0.477268
vt 0.761200 0.135258
vt 0.927261 0.453691
vt 0.946846 0.457582
vt 0.939506 0.467142
vt 0.924681 0.461620
vt 0.926864 0.421871
vt 0.950710 0.441016
vt 0.932370 0.429795
vt 0.929378 0.046986
vt 0.898854 0.002391
vt 0.891228 0.510835
vt 0.889556 0.505852
vt 0.895610 0.006771
vt 0.883439 0.487844
vt 0.879363 0.468423
vt 0.762539 0.145570
vt 0.762271 0.158331
vt 0.952619 0.429941
vt 0.774482 0.160456
vt 0.754661 0.162379
vt 0.789879 0.176417
vt 0.821372 0.188932
vt 0.820513 0.194194
vt 0.151385 0.650680
vt 0.163391 0.648147
vt 0.151758 0.655931
vt 0.878416 0.634708
vt 0.549528 0.080774
vt 0.893474 0.632800
vt 0.250112 0.366657
vt 0.427097 0.832398
vt 0.411881 0.728471
vt 0.574125 0.220784
vt 0.374098 0.737078
vt 0.357686 0.789836
vt 0.393166 0.824350
vt 0.365360 0.821497
vt 0.440293 0.819316
vt 0.468442 0.327833
vt 0.371553 0.777766
vt 0.428608 0.769012
vt 0.443001 0.766400
vt 0.587587 0.173521
vt 0.440290 0.396772
vt 0.319649 0.711578
vt 0.559447 0.134050
vt 0.315049 0.791763
vt 0.303334 0.730667
vt 0.288330 0.737602
vt 0.300177 0.723406
vt 0.551251 0.121621
vt 0.533098 0.108556
vt 0.578208 0.138205
vt 0.375465 0.392799
vt 0.621143 0.233871
vt 0.366735 0.283082
vt 0.615442 0.408047
vt 0.375200 0.202770
vt 0.367906 0.192788
vt 0.616082 0.777267
vt 0.659895 0.788946
vt 0.645561 0.768091
vt 0.685581 0.756078
vt 0.682291 0.771012
vt 0.670121 0.786722
vt 0.465020 0.199228
vt 0.426993 0.200905
vt 0.471398 0.204416
vt 0.473776 0.196353
vt 0.231054 0.394796
vt 0.169699 0.200032
vt 0.178408 0.200158
vt 0.140839 0.183259
vt 0.153390 0.154845
vt 0.161910 0.147307
vt 0.169342 0.140137
vt 0.216542 0.190895
vt 0.238559 0.217251
vt 0.242166 0.213871
vt 0.985435 0.611369
vt 0.938157 0.627906
vt 0.502733 0.808301
vt 0.499118 0.793240
vt 0.505046 0.831298
vt 0.522650 0.825477
vt 0.642472 0.932645
vt 0.506359 0.834508
vt 0.060590 0.728754
vt 0.057109 0.731543
vt 0.404342 0.539305
vt 0.420727 0.517585
vt 0.385922 0.577638
vt 0.382115 0.593989
vt 0.368228 0.592718
vt 0.793330 0.325777
vt 0.048562 0.426603
vt 0.048318 0.417892
vt 0.045967 0.411929
vt 0.043284 0.403247
vt 0.064375 0.390446
vt 0.360443 0.591510
vt 0.283484 0.515177
vt 0.272826 0.508773
vt 0.274169 0.517229
vt 0.262318 0.511558
vt 0.283751 0.414435
vt 0.284092 0.402277
vt 0.287446 0.402295
vt 0.738739 0.679004
vt 0.760426 0.692266
vt 0.740084 0.690702
vt 0.745156 0.684436
vt 0.759790 0.685299
vt 0.233161 0.643718
vt 0.774880 0.684297
vt 0.942264 0.817928
vt 0.841678 0.906880
vt 0.655383 0.406553
vt 0.141990 0.655361
vt 0.134416 0.668941
vt 0.130740 0.640224
vt 0.038799 0.697537
vt 0.027897 0.699911
vt 0.343374 0.658082
vt 0.286440 0.133487
vt 0.316395 0.075886
vt 0.223283 0.070121
vt 0.200187 0.081994
vt 0.146374 0.832121
vt 0.137828 0.826408
vt 0.128753 0.823247
vt 0.152744 0.780359
vt 0.154975 0.790184
vt 0.085820 0.175553
vt 0.080899 0.165827
vt 0.173363 0.839388
vt 0.130727 0.188377
vt 0.087068 0.221974
vt 0.091044 0.194671
vt 0.158936 0.814529
vt 0.235743 0.056426
vt 0.205829 0.912036
vt 0.192482 0.856005
vt 0.182886 0.829746
vt 0.182314 0.820622
vt 0.003900 0.257088
vt 0.014489 0.258008
vt 0.234794 0.868538
vt 0.297782 0.041975
vt 0.313116 0.050379
vt 0.278092 0.035821
vt 0.274232 0.002154
vt 0.002115 0.293576
vt 0.537302 0.959766
vt 0.053916 0.247588
vt 0.233031 0.825611
vt 0.544710 0.959595
vt 0.595068 0.929022
vt 0.365984 0.075443
vt 0.345440 0.055870
vt 0.354885 0.056294
vt 0.520613 0.894919
vt 0.543613 0.860156
vt 0.389859 0.043823
vt 0.545175 0.833283
vt 0.509747 0.865647
vt 0.091793 0.346774
vt 0.786806 0.293109
vt 0.780876 0.287870
vt 0.100316 0.337256
vt 0.076918 0.399368
vt 0.534854 0.832709
vt 0.417073 0.011432
vt 0.417030 0.001993
vt 0.422202 0.002375
vt 0.457584 0.113516
vt 0.454432 0.105577
vt 0.458541 0.122958
vt 0.511632 0.176658
vt 0.017712 0.470495
vt 0.347791 0.147184
vt 0.303912 0.645665
vt 0.011823 0.653313
vt 0.047924 0.623586
vt 0.025291 0.614223
vt 0.316735 0.182333
vt 0.008055 0.643184
vt 0.330612 0.193327
vt 0.668779 0.403534
vt 0.799123 0.224507
vt 0.861143 0.935730
vt 0.234865 0.692410
vt 0.147800 0.680000
vt 0.788335 0.236236
vt 0.747146 0.203695
vt 0.758524 0.217081
vt 0.867199 0.321918
vt 0.331153 0.318399
vt 0.659303 0.268545
vt 0.309071 0.002070
vt 0.301710 0.004815
vt 0.326650 0.027634
vt 0.632171 0.250571
vt 0.449664 0.062722
vt 0.632106 0.238904
vt 0.560779 0.241205
vt 0.572392 0.228464
vt 0.575056 0.230486
vt 0.554005 0.054391
vt 0.547181 0.059982
vt 0.003741 0.209476
vt 0.031753 0.242083
vt 0.523141 0.105465
vt 0.520880 0.120016
vt 0.159853 0.577511
vt 0.153855 0.591102
vt 0.149277 0.570874
vt 0.004466 0.503446
vt 0.006210 0.490798
vt 0.426722 0.170555
vt 0.425062 0.166811
vt 0.102111 0.606901
vt 0.164129 0.546355
vt 0.171503 0.545971
vt 0.169564 0.562619
vt 0.162118 0.525241
vt 0.169928 0.534118
vt 0.172585 0.522528
vt 0.155282 0.508743
vt 0.943998 0.909626
vt 0.147304 0.459371
vt 0.159664 0.479007
vt 0.090078 0.562964
vt 0.144842 0.515487
vt 0.152223 0.557046
vt 0.143361 0.567862
vt 0.038394 0.551845
vt 0.034526 0.577455
vt 0.078959 0.530764
vt 0.143266 0.506602
vt 0.140129 0.498019
vt 0.711037 0.627668
vt 0.512172 0.245779
vt 0.524033 0.249036
vt 0.604502 0.704046
vt 0.052962 0.220555
vt 0.046076 0.229078
vt 0.525381 0.116133
vt 0.527981 0.126663
vt 0.633011 0.683298
vt 0.623031 0.689044
vt 0.641553 0.685674
vt 0.632918 0.687130
vt 0.065254 0.190137
vt 0.044666 0.197206
vt 0.674818 0.692323
vt 0.010010 0.125503
vt 0.001872 0.126942
vt 0.924541 0.963200
vt 0.014487 0.168867
vt 0.005793 0.167057
vt 0.037271 0.136611
vt 0.028085 0.131472
vt 0.019735 0.147598
vt 0.614290 0.696714
vt 0.552271 0.245736
vt 0.569835 0.717431
vt 0.603293 0.611573
vt 0.912890 0.934492
vt 0.923593 0.942565
vt 0.681843 0.603787
vt 0.614617 0.611289
vt 0.622028 0.614843
vt 0.851100 0.944625
vt 0.587396 0.583857
vt 0.365952 0.890477
vt 0.630312 0.617442
vt 0.639116 0.617503
vt 0.582439 0.586542
vt 0.575059 0.593823
vt 0.270800 0.760912
vt 0.121158 0.020861
vt 0.126327 0.021375
vt 0.173662 0.698083
vt 0.175290 0.033911
vt 0.171288 0.043899
vt 0.170990 0.016322
vt 0.165587 0.053521
vt 0.177586 0.020339
vt 0.135068 0.027564
vt 0.163840 0.741302
vt 0.147078 0.776444
vt 0.316682 0.407077
vt 0.210033 0.767767
vt 0.859786 0.742165
vt 0.298281 0.327398
vt 0.296526 0.230505
vt 0.592523 0.364727
vt 0.607737 0.318683
vt 0.580612 0.287362
vt 0.520715 0.295616
vt 0.539351 0.675928
vt 0.238634 0.792178
vt 0.208303 0.772280
vt 0.296208 0.313583
vt 0.300587 0.292599
vt 0.222167 0.777452
vt 0.858452 0.808189
vt 0.281892 0.367544
vt 0.707808 0.806316
vt 0.716229 0.818169
vt 0.711352 0.821489
vt 0.703663 0.808160
vt 0.523144 0.350095
vt 0.292419 0.316357
vt 0.273405 0.364843
vt 0.279211 0.355109
vt 0.728806 0.765482
vt 0.833585 0.779896
vt 0.759000 0.722167
vt 0.761168 0.732247
vt 0.287888 0.233572
vt 0.916075 0.339039
vt 0.104108 0.731198
vt 0.098374 0.705551
vt 0.863916 0.317784
vt 0.653515 0.235917
vt 0.914016 0.253867
vt 0.927475 0.256043
vt 0.667946 0.227220
vt 0.666337 0.236536
vt 0.946503 0.318523
vt 0.957644 0.327592
vt 0.960650 0.318084
vt 0.366017 0.409966
vt 0.950620 0.272274
vt 0.934109 0.272802
vt 0.959690 0.298864
vt 0.960467 0.308383
vt 0.464155 0.898854
vt 0.388347 0.940083
vt 0.590218 0.582870
vt 0.279093 0.748517
vt 0.272320 0.739815
vt 0.382022 0.859693
vt 0.648101 0.617293
vt 0.413147 0.847799
vt 0.423207 0.846727
vt 0.394748 0.928966
vt 0.449706 0.888563
vt 0.441839 0.892828
vt 0.424962 0.858755
vt 0.082248 0.520805
vt 0.107432 0.443169
vt 0.124563 0.379620
vt 0.088474 0.410823
vt 0.110769 0.327764
vt 0.121823 0.298296
vt 0.743466 0.368670
vt 0.608588 0.769425
vt 0.615736 0.760199
vt 0.647893 0.727054
vt 0.643796 0.731421
vt 0.714682 0.360428
vt 0.620924 0.700875
vt 0.631314 0.697427
vt 0.652874 0.695428
vt 0.641726 0.694593
vt 0.628247 0.737230
vt 0.634640 0.728181
vt 0.740340 0.259678
vt 0.749146 0.270951
vt 0.729730 0.258152
vt 0.721738 0.234347
vt 0.730085 0.246348
vt 0.726314 0.229468
vt 0.166159 0.820884
vt 0.064815 0.238614
vt 0.157520 0.125958
vt 0.163780 0.134028
vt 0.170304 0.129416
vt 0.218400 0.178310
vt 0.239152 0.208497
vt 0.232661 0.198192
vt 0.995327 0.625491
vt 0.456160 0.768054
vt 0.455534 0.764549
vt 0.480412 0.724280
vt 0.489207 0.722694
vt 0.922226 0.657981
vt 0.927319 0.652932
vt 0.932013 0.660733
vt 0.939416 0.665678
vt 0.969777 0.660770
vt 0.916471 0.649913
vt 0.236782 0.169709
vt 0.229661 0.169601
vt 0.494759 0.720684
vt 0.239519 0.137102
vt 0.246557 0.131163
vt 0.222912 0.163632
vt 0.223884 0.178493
vt 0.215388 0.168505
vt 0.226584 0.169533
vt 0.948918 0.745505
vt 0.892540 0.754122
vt 0.898213 0.748533
vt 0.895506 0.723505
vt 0.916630 0.706602
vt 0.137459 0.054307
vt 0.956988 0.746468
vt 0.409304 0.543440
vt 0.028824 0.445830
vt 0.038026 0.420336
vt 0.003041 0.404833
vt 0.004157 0.390933
vt 0.005279 0.431088
vt 0.885661 0.847580
vt 0.227056 0.569974
vt 0.200970 0.567942
vt 0.189522 0.567684
vt 0.341361 0.886112
vt 0.898712 0.846857
vt 0.325033 0.929735
vt 0.520202 0.416202
vt 0.075995 0.710307
vt 0.052156 0.911161
vt 0.048262 0.909119
vt 0.046593 0.919479
vt 0.352066 0.594842
vt 0.360834 0.598583
vt 0.490244 0.713342
vt 0.021112 0.117689
vt 0.007736 0.116780
vt 0.008103 0.110764
vt 0.096204 0.853510
vt 0.213004 0.101140
vt 0.210601 0.100503
vt 0.220980 0.090176
vt 0.374640 0.667181
vt 0.364096 0.661025
vt 0.382925 0.672704
vt 0.238387 0.934862
vt 0.187777 0.952357
vt 0.192887 0.945984
vt 0.174846 0.940435
vt 0.268461 0.070829
vt 0.251744 0.071253
vt 0.209329 0.997622
vt 0.207143 0.972228
vt 0.199612 0.997729
vt 0.408014 0.719773
vt 0.430863 0.707268
vt 0.119288 0.898324
vt 0.134403 0.106488
vt 0.166602 0.123567
vt 0.805211 0.539518
vt 0.800118 0.518744
vt 0.804718 0.518945
vt 0.089169 0.011933
vt 0.804553 0.507192
vt 0.863038 0.742960
vt 0.873355 0.737557
vt 0.870559 0.753255
vt 0.861096 0.732965
vt 0.554061 0.744521
vt 0.555889 0.733232
vt 0.556501 0.713497
vt 0.562364 0.716054
vt 0.572808 0.814162
vt 0.563756 0.832322
vt 0.551593 0.830051
vt 0.072310 0.752078
vt 0.077243 0.762319
vt 0.082221 0.772572
vt 0.737358 0.946488
vt 0.726078 0.947749
vt 0.714425 0.944449
vt 0.394062 0.577591
vt 0.392967 0.593269
vt 0.611884 0.838449
vt 0.608175 0.844284
vt 0.732015 0.411858
vt 0.739104 0.406144
vt 0.784682 0.424775
vt 0.786851 0.435961
vt 0.087320 0.796117
vt 0.091168 0.841143
vt 0.644040 0.834890
vt 0.714199 0.904988
vt 0.398174 0.592690
vt 0.823574 0.256231
vt 0.084217 0.837620
vt 0.077721 0.851532
vt 0.052554 0.787979
vt 0.765393 0.894181
vt 0.770863 0.903944
vt 0.752213 0.891234
vt 0.078262 0.872557
vt 0.066630 0.886109
vt 0.069640 0.864876
vt 0.014057 0.902741
vt 0.028676 0.886908
vt 0.035526 0.905518
vt 0.022010 0.915220
vt 0.025810 0.876390
vt 0.009708 0.879665
vt 0.755214 0.878809
vt 0.008414 0.889619
vt 0.036725 0.868350
vt 0.005784 0.918843
vt 0.003900 0.910583
vt 0.733860 0.426796
vt 0.724552 0.414117
vt 0.872515 0.275639
vt 0.858227 0.281169
vt 0.984134 0.542485
vt 0.981559 0.557694
vt 0.968149 0.550367
vt 0.847300 0.290916
vt 0.251646 0.592356
vt 0.242591 0.593839
vt 0.960856 0.238611
vt 0.201604 0.573643
vt 0.191883 0.573578
vt 0.612016 0.524352
vt 0.602999 0.510561
vt 0.534202 0.513321
vt 0.512895 0.429968
vt 0.519788 0.410335
vt 0.520843 0.402336
vt 0.515672 0.417413
vt 0.092932 0.910955
vt 0.043940 0.929103
vt 0.045918 0.939134
vt 0.432940 0.602244
vt 0.438405 0.576100
vt 0.812365 0.490672
vt 0.814436 0.492942
vt 0.809878 0.500437
vt 0.511547 0.687256
vt 0.792455 0.592241
vt 0.559168 0.752964
vt 0.606108 0.789085
vt 0.719982 0.466592
vt 0.848848 0.341496
vt 0.853008 0.434538
vt 0.891243 0.233625
vt 0.901093 0.231429
vt 0.600736 0.516246
vt 0.130591 0.923254
vt 0.121011 0.913104
vt 0.125593 0.910382
vt 0.112094 0.918726
vt 0.099413 0.916907
vt 0.046664 0.948878
vt 0.047443 0.959377
vt 0.058747 0.974550
vt 0.116874 0.935771
vt 0.465112 0.583850
vt 0.069942 0.014052
vt 0.666940 0.497597
vt 0.876493 0.376637
vt 0.874352 0.404603
vt 0.859578 0.350430
vt 0.875631 0.355132
vt 0.917993 0.502261
vt 0.658858 0.479110
vt 0.931131 0.526898
vt 0.938650 0.529090
vt 0.903826 0.525684
vt 0.918127 0.534398
vt 0.925129 0.527246
vt 0.715099 0.473253
vt 0.877900 0.428797
vt 0.630212 0.584570
vt 0.639474 0.598998
vt 0.474915 0.603302
vt 0.474723 0.588241
vt 0.432116 0.547886
vt 0.905028 0.142110
vt 0.785263 0.162335
vt 0.054380 0.013822
vt 0.898542 0.084660
vt 0.771680 0.604495
vt 0.769293 0.606529
vt 0.058104 0.001652
vt 0.777498 0.078727
vt 0.772833 0.089813
vt 0.777855 0.091880
vt 0.682617 0.582601
vt 0.658473 0.596631
vt 0.794167 0.155460
vt 0.818088 0.046950
vt 0.832483 0.050151
vt 0.833392 0.044336
vt 0.891204 0.116089
vt 0.866721 0.068947
vt 0.868352 0.097103
vt 0.871472 0.118295
vt 0.840719 0.108826
vt 0.566678 0.513137
vt 0.556588 0.519005
vt 0.541954 0.541929
vt 0.886089 0.183894
vt 0.895303 0.168092
vt 0.890340 0.199762
vt 0.915397 0.165061
vt 0.914542 0.217429
vt 0.965057 0.181926
vt 0.578121 0.510444
vt 0.923734 0.155735
vt 0.906673 0.159936
vt 0.910147 0.197266
vt 0.929454 0.204110
vt 0.920620 0.200782
vt 0.614092 0.790309
vt 0.614913 0.793689
vt 0.820394 0.487023
vt 0.575473 0.778335
vt 0.880530 0.746920
vt 0.885193 0.767271
vt 0.812394 0.558548
vt 0.905602 0.773832
vt 0.819924 0.571862
vt 0.283136 0.947665
vt 0.206210 0.478239
vt 0.249662 0.863962
vt 0.244434 0.859986
vt 0.326680 0.935047
vt 0.751371 0.668406
vt 0.205462 0.603446
vt 0.822087 0.933622
vt 0.199903 0.602610
vt 0.301627 0.402118
vt 0.307693 0.441091
vt 0.315187 0.452269
vt 0.325034 0.461726
vt 0.974756 0.079603
vt 0.970737 0.092932
vt 0.962255 0.118947
vt 0.177408 0.190726
vt 0.204775 0.415708
s 1
usemtl Asteroid2b
f 1/1/1 180/2/2 1812/3/3
f 1815/4/4 1531/5/5 2/6/6
f 4/7/7 184/8/8 1529/9/9
f 1529/9/9 1533/10/10 4/7/7
f 5/11/11 186/12/12 187/13/13
f 5/11/11 187/13/13 189/14/14
f 192/15/15 193/16/16 191/17/17
f 193/18/16 194/19/18 191/20/17
f 6/21/19 196/22/20 1814/23/21
f 7/24/22 198/25/23 199/26/24
f 199/26/24 179/27/25 7/24/22
f 179/27/25 200/28/26 7/24/22
f 9/29/27 204/30/28 205/31/29
f 11/32/30 3222/33/31 210/34/32
f 210/34/32 211/35/33 11/32/30
f 215/36/34 216/37/35 12/38/36
f 13/39/37 1797/40/38 218/41/39
f 218/41/39 217/42/40 13/39/37
f 1540/43/41 220/44/42 15/45/43
f 200/28/26 1540/43/41 15/45/43
f 220/44/42 221/46/44 15/45/43
f 224/47/45 18/48/46 17/49/47
f 18/48/46 226/50/48 17/49/47
f 227/51/49 1544/52/50 18/48/46
f 18/48/46 224/47/45 227/51/49
f 21/53/51 217/42/40 238/54/52
f 238/54/52 240/55/53 21/53/51
f 23/56/54 238/54/52 217/42/40
f 217/42/40 225/57/55 23/56/54
f 246/58/56 243/59/57 24/60/58
f 245/61/59 247/62/60 24/60/58
f 25/63/61 1671/64/62 250/65/63
f 253/66/64 252/67/65 27/68/66
f 27/68/66 254/69/67 253/66/64
f 257/70/68 1846/71/69 29/72/70
f 29/73/70 258/74/71 259/75/72
f 260/76/73 262/77/74 261/78/75
f 30/79/76 263/80/77 264/81/78
f 273/82/79 272/83/80 32/84/81
f 35/85/82 283/86/83 284/87/84
f 35/85/82 284/87/84 285/88/85
f 35/85/82 286/89/86 36/90/87
f 36/90/87 287/91/88 35/85/82
f 328/92/89 287/91/88 36/90/87
f 37/93/90 288/94/91 289/95/92
f 37/93/90 289/95/92 290/96/93
f 1554/97/94 296/98/95 38/99/96
f 344/100/97 297/101/98 39/102/99
f 1757/103/100 298/104/101 39/102/99
f 2594/105/102 303/106/103 302/107/104
f 304/108/105 305/109/106 306/110/107
f 3330/111/108 304/108/105 306/110/107
f 307/112/109 3330/111/108 306/110/107
f 314/113/110 312/114/111 40/115/112
f 318/116/113 317/117/114 319/118/115
f 3200/119/116 320/120/117 41/121/118
f 41/121/118 322/122/119 3200/119/116
f 331/123/120 332/124/121 42/125/122
f 338/126/123 316/127/124 339/128/125
f 331/123/120 330/129/126 45/130/127
f 356/131/128 355/132/129 357/133/130
f 359/134/131 358/135/132 48/136/133
f 358/135/132 360/137/134 48/136/133
f 418/138/135 363/139/136 50/140/137
f 364/141/138 366/142/139 365/143/140
f 378/144/141 3519/145/142 379/146/143
f 1512/147/144 381/148/145 55/149/146
f 55/149/146 382/150/147 1512/147/144
f 394/151/148 395/152/149 57/153/150
f 58/154/151 400/155/152 399/156/153
f 401/157/154 402/158/155 59/159/156
f 404/160/157 2086/161/158 59/159/156
f 63/162/159 413/163/160 3274/164/161
f 414/165/162 413/163/160 63/162/159
f 416/166/163 3189/167/164 63/162/159
f 3274/164/161 416/166/163 63/162/159
f 417/168/165 418/138/135 64/169/166
f 419/170/167 417/168/165 64/169/166
f 428/171/168 430/172/169 66/173/170
f 55/149/146 380/174/171 67/175/172
f 67/175/172 1509/176/173 55/149/146
f 435/177/174 434/178/175 67/175/172
f 437/179/176 438/180/177 68/181/178
f 436/182/179 437/179/176 68/181/178
f 441/183/180 442/184/181 69/185/182
f 443/186/183 1719/187/184 444/188/185
f 438/180/177 437/179/176 70/189/186
f 446/190/187 447/191/188 70/189/186
f 70/189/186 447/191/188 438/180/177
f 1689/192/189 448/193/190 449/194/191
f 1689/192/189 449/194/191 450/195/192
f 455/196/193 453/197/194 454/198/195
f 457/199/196 456/200/197 454/198/195
f 72/201/198 460/202/199 459/203/200
f 462/204/201 465/205/202 463/206/203
f 73/207/204 466/208/205 467/209/206
f 468/210/207 2556/211/208 469/212/209
f 74/213/210 470/214/211 471/215/212
f 2650/216/213 472/217/214 75/218/215
f 473/219/216 2650/216/213 75/218/215
f 479/220/217 480/221/218 481/222/219
f 482/223/220 1477/224/221 77/225/222
f 77/225/222 483/226/223 484/227/224
f 495/228/225 494/229/226 80/230/227
f 80/230/227 497/231/228 495/228/225
f 81/232/229 498/233/230 1490/234/231
f 505/235/232 506/236/233 82/237/234
f 477/238/235 503/239/236 82/237/234
f 510/240/237 508/241/238 509/242/239
f 515/243/240 513/244/241 514/245/242
f 519/246/243 517/247/244 518/248/245
f 511/249/246 532/250/247 87/251/248
f 512/252/249 511/249/246 87/251/248
f 513/244/241 2418/253/250 545/254/251
f 547/255/252 548/256/253 90/257/254
f 551/258/255 552/259/256 553/260/257
f 510/240/237 554/261/258 91/262/259
f 91/262/259 555/263/260 510/240/237
f 87/251/248 533/264/261 564/265/262
f 562/266/263 560/267/264 564/265/262
f 563/268/265 562/266/263 564/265/262
f 566/269/266 567/270/267 94/271/268
f 567/270/267 568/272/269 94/271/268
f 480/221/218 566/269/266 94/271/268
f 95/273/270 578/274/271 577/275/272
f 581/276/273 580/277/274 96/278/275
f 571/279/276 582/280/277 96/278/275
f 98/281/278 587/282/279 586/283/280
f 1502/284/281 480/221/218 569/285/282
f 100/286/283 592/287/284 593/288/285
f 100/286/283 593/288/285 594/289/286
f 600/290/287 601/291/288 602/292/289
f 604/293/290 2684/294/291 603/295/292
f 608/296/293 609/297/294 101/298/295
f 101/298/295 607/299/296 608/296/293
f 613/300/297 611/301/298 612/302/299
f 614/303/300 611/301/298 613/300/297
f 103/304/301 3175/305/302 3174/306/303
f 104/307/304 3183/308/305 617/309/306
f 620/310/307 621/311/308 619/312/309
f 105/313/310 623/314/311 622/315/312
f 577/275/272 623/314/311 105/313/310
f 624/316/313 625/317/314 107/318/315
f 625/317/314 627/319/316 107/318/315
f 108/320/317 630/321/318 633/322/319
f 1451/323/320 1450/324/321 631/325/322
f 110/326/323 637/327/324 638/328/325
f 642/329/326 2980/330/327 641/331/328
f 644/332/329 618/333/330 104/307/304
f 645/334/331 644/332/329 104/307/304
f 648/335/332 649/336/333 112/337/334
f 112/337/334 569/285/282 648/335/332
f 114/338/335 653/339/336 654/340/337
f 114/338/335 654/340/337 3646/341/338
f 115/342/339 656/343/340 657/344/341
f 118/345/342 664/346/343 116/347/344
f 118/345/342 665/348/345 664/346/343
f 120/349/346 672/350/347 1346/351/348
f 671/352/349 672/350/347 120/349/346
f 674/353/350 675/354/351 121/355/352
f 691/356/353 692/357/354 688/358/355
f 695/359/356 696/360/357 124/361/358
f 697/362/359 698/363/360 124/361/358
f 700/364/361 2806/365/362 125/366/363
f 701/367/364 700/364/361 125/366/363
f 125/366/363 702/368/365 701/367/364
f 708/369/366 707/370/367 127/371/368
f 707/372/367 3027/373/369 127/374/368
f 180/2/2 1/1/1 178/375/370 179/27/25
f 724/376/371 725/377/372 723/378/373
f 133/379/374 726/380/375 727/381/376
f 727/381/376 728/382/377 133/379/374
f 728/382/377 729/383/378 133/379/374
f 650/384/379 731/385/380 732/386/381
f 731/385/380 147/387/382 732/386/381
f 134/388/383 733/389/384 734/390/385
f 734/390/385 735/391/386 134/388/383
f 2217/392/387 740/393/388 135/394/389
f 744/395/390 742/396/391 743/397/392
f 136/398/393 745/399/394 746/400/395
f 736/401/396 1340/402/397 137/403/398
f 138/404/399 734/390/385 749/405/400
f 778/406/401 750/407/402 751/408/403
f 751/408/403 753/409/404 778/406/401
f 140/410/405 1304/411/406 755/412/407
f 755/412/407 756/413/408 140/410/405
f 684/414/409 134/388/383 757/415/410
f 759/416/411 760/417/412 801/418/413
f 761/419/414 763/420/415 141/421/416
f 769/422/417 770/423/418 143/424/419
f 143/424/419 2243/425/420 771/426/421
f 773/427/422 774/428/423 144/429/424
f 774/428/423 775/430/425 144/429/424
f 779/431/426 777/432/427 145/433/428
f 781/434/429 780/435/430 1299/436/431
f 781/434/429 755/412/407 780/435/430
f 731/385/380 787/437/432 147/387/382
f 790/438/433 155/439/434 148/440/435
f 801/418/413 802/441/436 151/442/437
f 151/442/437 3094/443/438 801/418/413
f 803/444/439 3094/443/438 151/442/437
f 807/445/440 808/446/441 806/447/442
f 809/448/443 810/449/444 3028/450/445
f 153/451/446 149/452/447 791/453/448
f 815/454/449 1406/455/450 2736/456/451
f 817/457/452 818/458/453 820/459/454
f 818/458/453 819/460/455 820/459/454
f 156/461/456 827/462/457 828/463/458
f 830/464/459 827/462/457 156/461/456
f 828/463/458 1098/465/460 156/461/456
f 157/466/461 833/467/462 832/468/463
f 962/469/464 838/470/465 837/471/466
f 842/472/467 841/473/468 160/474/469
f 160/474/469 2749/475/470 842/472/467
f 852/476/471 850/477/472 161/478/473
f 859/479/474 856/480/475 162/481/476
f 861/482/477 863/483/478 860/484/479
f 164/485/480 867/486/481 864/487/482
f 871/488/483 872/489/484 166/490/485
f 880/491/486 878/492/487 167/493/488
f 167/494/488 881/495/489 880/496/486
f 884/497/490 885/498/491 169/499/492
f 172/500/493 894/501/494 895/502/495
f 172/500/493 895/502/495 896/503/496
f 896/503/496 895/502/495 174/504/497
f 175/505/498 905/506/499 906/507/500
f 909/508/501 910/509/502 913/510/503
f 919/511/504 892/512/505 177/513/506
f 921/514/507 914/515/508 176/516/509
f 922/517/510 924/518/511 923/519/512
f 931/520/513 929/521/514 930/522/515
f 931/520/513 932/523/516 929/521/514
f 166/490/485 932/523/516 931/520/513
f 871/488/483 933/524/517 934/525/518
f 935/526/519 937/527/520 936/528/521
f 938/529/522 966/530/523 937/527/520
f 940/531/524 941/532/525 938/529/522
f 940/531/524 939/533/526 942/534/527
f 942/534/527 832/535/463 158/536/528
f 832/535/463 942/534/527 943/537/529
f 943/538/529 944/539/530 808/446/441
f 945/540/531 806/447/442 808/446/441
f 949/541/532 953/542/533 157/466/461
f 953/542/533 954/543/534 955/544/535
f 955/544/535 833/467/462 953/542/533
f 960/545/536 848/546/537 958/547/538
f 963/548/539 849/549/540 838/470/465
f 836/550/541 835/551/542 958/547/538
f 965/552/543 941/532/525 836/553/541
f 941/532/525 940/531/524 158/536/528
f 966/530/523 938/529/522 941/532/525
f 872/489/484 871/488/483 969/554/544
f 969/554/544 970/555/545 872/489/484
f 971/556/546 872/489/484 970/555/545
f 972/557/547 973/558/548 971/559/546
f 974/560/549 929/521/514 932/523/516
f 929/521/514 974/560/549 975/561/550
f 975/561/550 930/522/515 929/521/514
f 975/561/550 976/562/551 977/563/552
f 977/563/552 919/564/504 975/561/550
f 892/512/505 919/511/504 979/565/553
f 980/566/554 981/567/555 902/568/556
f 908/569/557 914/515/508 980/566/554
f 982/570/558 983/571/559 981/572/555
f 879/573/560 978/574/561 882/575/562
f 976/562/551 974/560/549 170/576/563
f 875/577/564 973/578/548 987/579/565
f 987/579/565 873/580/566 875/577/564
f 973/558/548 988/581/567 891/582/568
f 988/581/567 989/583/569 990/584/570
f 991/585/571 992/586/572 990/584/570
f 992/586/572 1427/587/573 890/588/574
f 993/589/575 995/590/576 881/495/489
f 905/591/499 168/592/577 998/593/578
f 883/594/579 168/592/577 905/591/499
f 905/591/499 904/595/580 883/594/579
f 904/595/580 903/596/581 883/594/579
f 168/592/577 165/597/582 997/598/583
f 878/492/487 880/491/486 870/599/584
f 998/600/578 906/507/500 905/506/499
f 906/507/500 996/601/585 864/487/482
f 864/487/482 867/486/481 999/602/586
f 1000/603/587 175/505/498 999/602/586
f 1003/604/588 1001/605/589 1000/603/587
f 1001/605/589 1007/606/590 1005/607/591
f 831/608/592 1005/607/591 1007/606/590
f 1007/606/590 829/609/593 831/608/592
f 156/461/456 831/608/592 829/609/593
f 1008/610/594 1009/611/595 829/609/593
f 699/612/596 1014/613/597 1013/614/598
f 1017/615/599 1018/616/600 1015/617/601
f 1018/616/600 1019/618/602 1015/617/601
f 1018/616/600 1020/619/603 1019/618/602
f 1021/620/604 1019/618/602 1020/619/603
f 1022/621/605 1024/622/606 1025/623/607
f 1031/624/608 1029/625/609 1028/626/610
f 1029/625/609 1031/624/608 1032/627/611
f 1029/625/609 1032/627/611 1033/628/612
f 1033/628/612 1034/629/613 1029/625/609
f 1034/630/613 1035/631/614 636/632/615
f 636/632/615 1030/633/616 1034/630/613
f 1036/634/617 1027/635/618 1030/633/616
f 1036/634/617 1023/636/619 1025/623/607
f 1025/623/607 1027/635/618 1036/634/617
f 1038/637/620 1040/638/621 1021/620/604
f 1021/620/604 1023/636/619 1038/637/620
f 1019/618/602 1021/620/604 1040/638/621
f 1040/638/621 1041/639/622 1015/617/601
f 1015/617/601 1019/618/602 1040/638/621
f 1041/639/622 1016/640/623 1015/617/601
f 1041/639/622 1042/641/624 1016/640/623
f 1043/642/625 1012/643/626 1013/614/598
f 1013/614/598 1016/644/623 1043/642/625
f 1043/642/625 1044/645/627 1012/643/626
f 1012/646/626 1044/647/627 1011/648/628
f 827/462/457 830/464/459 1010/649/629
f 1045/650/630 1049/651/631 1047/652/632
f 1049/651/631 1051/653/633 1048/654/634
f 667/655/635 1064/656/636 1033/628/612
f 1033/628/612 668/657/637 667/655/635
f 1064/656/636 1065/658/638 1034/629/613
f 1034/629/613 1066/659/639 1035/660/614
f 1073/661/640 1011/648/628 1044/647/627
f 1049/651/631 1045/650/630 1073/661/640
f 1073/662/640 1074/663/641 1049/664/631
f 1051/665/633 1075/666/642 1052/667/643
f 1077/668/644 1078/669/645 1064/656/636
f 1065/658/638 1064/656/636 1078/669/645
f 1065/658/638 1078/669/645 1079/670/646
f 1080/671/647 1067/672/648 1066/659/639
f 1067/673/648 1035/631/614 1066/674/639
f 1080/675/647 119/676/649 1067/673/648
f 1086/677/650 1081/678/651 119/676/649
f 1082/679/652 669/680/653 1081/678/651
f 1068/681/654 669/680/653 1082/679/652
f 1083/682/655 1069/683/656 1082/679/652
f 1070/684/657 1069/683/656 1083/682/655
f 1074/663/641 1085/685/658 1051/665/633
f 1075/666/642 1051/665/633 1085/685/658
f 1085/685/658 742/396/391 1075/666/642
f 742/396/391 1078/669/645 1075/666/642
f 1078/669/645 1077/668/644 1076/686/659
f 1078/669/645 742/396/391 744/395/390
f 744/395/390 1079/670/646 1078/669/645
f 1086/687/650 1080/671/647 1079/670/646
f 1084/688/660 1070/684/657 1083/682/655
f 1089/689/661 743/397/392 1085/685/658
f 1085/685/658 1074/663/641 1089/689/661
f 742/396/391 1085/685/658 743/397/392
f 743/397/392 1089/689/661 1088/690/662
f 1088/690/662 1087/691/663 743/397/392
f 1074/663/641 1072/692/664 1089/689/661
f 1082/679/652 1088/693/662 1083/682/655
f 1074/663/641 1073/662/640 1072/692/664
f 667/655/635 666/694/665 1063/695/666
f 1090/696/667 1061/697/668 1062/698/669
f 1094/699/670 1111/700/671 1054/701/672
f 1111/700/671 1095/702/673 1050/703/674
f 1095/702/673 1096/704/675 1048/654/634
f 1096/704/675 1097/705/676 1047/652/632
f 1046/706/677 1098/465/460 828/463/458
f 1046/706/677 1099/707/678 1098/465/460
f 1099/707/678 1005/607/591 1098/465/460
f 1006/708/679 1101/709/680 1004/710/681
f 1002/711/682 1100/712/683 1000/603/587
f 1100/712/683 907/713/684 175/505/498
f 175/505/498 1000/603/587 1100/712/683
f 918/714/685 907/713/684 1100/712/683
f 1004/710/681 888/715/686 918/714/685
f 888/715/686 915/716/687 918/714/685
f 888/715/686 1004/710/681 1101/709/680
f 1006/708/679 1102/717/688 1101/709/680
f 1102/717/688 1006/708/679 1099/707/678
f 1103/718/689 1102/717/688 1099/707/678
f 1099/707/678 1046/706/677 1103/718/689
f 1104/719/690 1105/720/691 1103/718/689
f 1097/705/676 1109/721/692 1106/722/693
f 1111/700/671 1108/723/694 1110/724/695
f 1091/725/696 1117/726/697 1116/727/698
f 1090/728/667 1118/729/699 1117/726/697
f 1118/730/699 1090/696/667 1120/731/700
f 1120/731/700 1119/732/701 1118/730/699
f 1123/733/702 1124/734/703 1122/735/704
f 1126/736/705 1127/737/706 1123/733/702
f 1125/738/707 1126/736/705 1123/733/702
f 1125/738/707 666/694/665 1126/736/705
f 1126/736/705 666/694/665 668/657/637
f 1032/627/611 1031/624/608 1127/737/706
f 1127/737/706 1126/736/705 1032/627/611
f 1128/739/708 1129/740/709 1130/741/710
f 1132/742/711 1121/743/712 1122/735/704
f 1116/727/698 1117/726/697 732/386/381
f 1116/727/698 732/386/381 789/744/713
f 1114/745/714 1136/746/715 854/747/716
f 1114/745/714 854/747/716 161/478/473
f 1137/748/717 852/476/471 788/749/718
f 1140/750/719 855/751/720 851/752/721
f 1107/753/722 1108/723/694 855/751/720
f 1108/723/694 1112/754/723 853/755/724
f 1142/756/725 1141/757/726 1104/719/690
f 1141/757/726 1143/758/727 1105/720/691
f 1144/759/728 887/760/729 889/761/730
f 915/716/687 889/761/730 887/760/729
f 916/762/731 915/716/687 1145/763/732
f 924/518/511 917/764/733 916/762/731
f 1147/765/734 924/518/511 901/766/735
f 1147/765/734 1146/767/736 925/768/737
f 1148/769/738 928/770/739 925/768/737
f 1150/771/740 930/772/515 926/773/741
f 930/772/515 1150/771/740 1151/774/742
f 1151/774/742 931/775/513 930/772/515
f 1156/776/743 1157/777/744 935/526/519
f 1157/777/744 1158/778/745 937/527/520
f 1158/778/745 1159/779/746 939/533/526
f 1159/779/746 943/537/529 939/533/526
f 1160/780/747 1161/781/748 944/782/530
f 944/539/530 943/538/529 1160/783/747
f 944/782/530 1161/781/748 775/784/425
f 1162/785/749 1163/786/750 1161/781/748
f 1163/786/750 775/784/425 1161/781/748
f 1165/787/751 1167/788/752 776/789/753
f 1167/790/752 1169/791/754 779/792/426
f 1169/791/754 1171/793/755 779/792/426
f 1174/794/756 1170/795/757 1173/796/758
f 1173/796/758 790/438/433 1174/794/756
f 1173/796/758 821/797/759 790/438/433
f 790/438/433 821/797/759 155/439/434
f 1175/798/760 1176/799/761 821/797/759
f 1175/798/760 1178/800/762 1176/799/761
f 1178/800/762 1175/798/760 1179/801/763
f 1179/801/763 1180/802/764 1178/800/762
f 1179/801/763 1181/803/765 1182/804/766
f 1189/805/767 1186/806/768 1188/807/769
f 1197/808/770 1195/809/771 1192/810/772
f 1195/809/771 1197/808/770 1198/811/773
f 1198/811/773 1199/812/774 1195/809/771
f 1203/813/775 1204/814/776 1201/815/777
f 1210/816/778 1209/817/779 1211/818/780
f 1168/819/781 1216/820/782 1169/791/754
f 1172/821/783 1169/791/754 1216/820/782
f 1217/822/784 1218/823/785 1172/821/783
f 1173/796/758 1172/821/783 1219/824/786
f 821/797/759 1173/796/758 1219/824/786
f 1220/825/787 1179/801/763 1175/798/760
f 1181/803/765 1179/801/763 1220/825/787
f 1184/826/788 1183/827/789 1224/828/790
f 1187/829/791 1184/830/788 1224/831/790
f 1225/832/792 1226/833/793 1187/829/791
f 1188/807/769 1187/829/791 1227/834/794
f 1227/834/794 1228/835/795 1188/807/769
f 1190/836/796 1188/807/769 1228/835/795
f 1197/808/770 1194/837/797 1190/836/796
f 1229/838/798 825/839/799 1230/840/800
f 1231/841/801 1232/842/802 840/843/803
f 824/844/804 799/845/805 150/846/806
f 824/844/804 817/457/452 799/845/805
f 1234/847/807 1209/817/779 1207/848/808
f 839/849/809 840/843/803 1232/842/802
f 1211/818/780 1209/817/779 1234/847/807
f 1234/847/807 1235/850/810 1211/818/780
f 1214/851/811 1238/852/812 1215/853/813
f 1238/852/812 844/854/814 1217/855/784
f 1218/823/785 1217/822/784 844/856/814
f 1221/857/815 1181/803/765 1220/825/787
f 1237/858/816 845/859/817 844/854/814
f 1225/832/792 819/460/455 1226/833/793
f 1236/860/818 820/459/454 819/460/455
f 1233/861/819 820/459/454 1235/850/810
f 1227/834/794 819/460/455 818/458/453
f 1167/788/752 1165/787/751 1213/862/820
f 1213/862/820 1165/787/751 1210/816/778
f 1213/862/820 1166/863/821 1167/788/752
f 1163/786/750 1205/864/822 1164/865/823
f 1205/864/822 1163/786/750 1239/866/824
f 1239/866/824 1206/867/825 1205/864/822
f 1200/868/826 1201/815/777 1204/814/776
f 1200/868/826 1267/869/827 1199/812/774
f 1199/812/774 1198/811/773 1200/868/826
f 1196/870/828 1195/809/771 1199/812/774
f 1241/871/829 1242/872/830 1193/873/831
f 1245/874/832 1246/875/833 1189/805/767
f 1189/805/767 1193/873/831 1245/874/832
f 1246/876/833 1247/877/834 1186/878/768
f 1186/806/768 1189/805/767 1246/875/833
f 1185/879/835 1186/878/768 1247/877/834
f 1249/880/836 1182/881/766 1247/877/834
f 1182/881/766 1185/879/835 1247/877/834
f 1250/882/837 1180/802/764 1182/804/766
f 1251/883/838 1178/800/762 1180/802/764
f 1251/883/838 1252/884/839 861/482/477
f 1251/883/838 1253/885/840 1252/884/839
f 1250/886/837 1255/887/841 1251/888/838
f 1255/887/841 1250/886/837 1249/880/836
f 1249/880/836 1256/889/842 1255/887/841
f 1245/890/832 1244/891/843 1257/892/844
f 1244/893/843 1243/894/845 1260/895/846
f 1242/872/830 1241/871/829 1262/896/847
f 1262/896/847 1241/871/829 1264/897/848
f 1241/871/829 1196/870/828 1240/898/849
f 1240/898/849 1264/897/848 1241/871/829
f 1240/898/849 1266/899/850 1264/897/848
f 1199/812/774 1266/899/850 1240/898/849
f 1266/899/850 1199/812/774 1267/869/827
f 1270/900/851 1239/866/824 1163/786/750
f 1163/786/750 1162/785/749 1270/900/851
f 1162/785/749 1161/781/748 1272/901/852
f 1271/902/853 1272/901/852 1269/903/854
f 1273/904/855 1266/899/850 1269/903/854
f 1279/905/856 1280/906/857 1258/907/858
f 1255/887/841 912/908/859 911/909/860
f 911/909/860 1253/910/840 1255/887/841
f 1146/767/736 1281/911/861 1280/906/857
f 1280/906/857 1279/905/856 1148/769/738
f 1149/912/862 1148/769/738 1279/905/856
f 1279/905/856 1261/913/863 1149/912/862
f 1261/913/863 1278/914/864 1151/774/742
f 1278/914/864 1154/915/865 1151/774/742
f 1277/916/866 1155/917/867 1154/918/865
f 1276/919/868 1275/920/869 1157/777/744
f 1275/921/869 1274/922/870 1273/904/855
f 1158/778/745 1157/777/744 1273/923/855
f 1159/779/746 1158/778/745 1273/923/855
f 1273/904/855 1272/901/852 1160/780/747
f 1281/911/861 894/501/494 909/508/501
f 894/501/494 172/500/493 910/509/502
f 910/509/502 909/508/501 894/501/494
f 1283/924/871 913/510/503 910/509/502
f 1284/925/872 1285/926/873 913/510/503
f 1287/927/874 1288/928/875 863/483/478
f 863/483/478 1252/884/839 1287/927/874
f 1288/928/875 858/929/876 863/483/478
f 1287/927/874 1289/930/877 1288/928/875
f 1288/928/875 1289/930/877 858/929/876
f 859/479/474 1291/931/878 1292/932/879
f 856/480/475 153/451/446 813/933/880
f 813/933/880 1293/934/881 857/935/882
f 1294/936/883 862/937/884 1293/934/881
f 1295/938/885 1297/939/886 1296/940/887
f 1296/940/887 860/484/479 862/937/884
f 1177/941/888 860/484/479 1296/940/887
f 1297/939/886 823/942/889 1177/941/888
f 1300/943/890 1301/944/891 155/439/434
f 1301/944/891 148/440/435 155/439/434
f 1302/945/892 1303/946/893 137/403/398
f 1307/947/894 1306/948/895 1298/949/896
f 1307/947/894 1298/949/896 1295/938/885
f 1295/938/885 1294/936/883 1307/947/894
f 1308/950/897 783/951/898 146/952/899
f 1308/950/897 1309/953/900 783/951/898
f 1311/954/901 768/955/902 782/956/903
f 1311/954/901 782/956/903 146/952/899
f 684/414/409 146/952/899 782/956/903
f 1316/957/904 685/958/905 1315/959/906
f 685/958/905 684/414/409 1315/959/906
f 1317/960/907 685/958/905 1316/957/904
f 1317/960/907 1318/961/908 683/962/909
f 1317/960/907 683/962/909 685/958/905
f 683/962/909 676/963/910 121/355/352
f 1320/964/911 1322/965/912 674/966/350
f 1321/967/913 1325/968/914 1323/969/915
f 1326/970/916 1323/969/915 1325/968/914
f 1328/971/917 111/972/918 1329/973/919
f 1331/974/920 1332/975/921 1333/976/922
f 1333/976/922 647/977/923 1331/974/920
f 647/977/923 1333/976/922 1334/978/924
f 1334/978/924 1336/979/925 647/977/923
f 1336/979/925 111/972/918 647/977/923
f 1323/980/915 1339/981/926 1340/402/397
f 1342/982/927 1343/983/928 1344/984/929
f 1344/984/929 723/378/373 1342/982/927
f 723/378/373 1340/402/397 1342/982/927
f 1344/985/929 1345/986/930 1346/351/348
f 1346/351/348 724/987/371 1344/985/929
f 1344/984/929 724/376/371 723/378/373
f 672/350/347 1347/988/931 724/987/371
f 673/989/932 1352/990/933 1351/991/934
f 1353/992/935 746/400/395 745/399/394
f 671/352/349 751/408/403 750/407/402
f 1356/993/936 1357/994/937 1358/995/938
f 1357/994/937 1359/996/939 774/428/423
f 1360/997/940 945/540/531 1359/996/939
f 1361/998/941 1362/999/942 1360/997/940
f 1362/999/942 946/1000/943 1360/997/940
f 1363/1001/944 947/1002/945 1362/999/942
f 947/1002/945 1363/1001/944 133/379/374
f 1363/1001/944 1365/1003/946 726/380/375
f 726/380/375 133/379/374 1363/1001/944
f 2637/1004/947 1371/1005/948 1367/1006/949
f 656/343/340 115/342/339 1371/1005/948
f 1373/1007/950 657/344/341 656/343/340
f 1375/1008/951 1377/1009/952 633/322/319
f 629/1010/953 633/322/319 1377/1009/952
f 592/287/284 1380/1011/954 1379/1012/955
f 1388/1013/956 1385/1014/957 1387/1015/958
f 1388/1013/956 1387/1015/958 1389/1016/959
f 1390/1017/960 1391/1018/961 1388/1013/956
f 1394/1019/962 728/382/377 1392/1020/963
f 1400/1021/964 1401/1022/965 956/1023/966
f 959/1024/967 957/1025/968 1404/1026/969
f 1404/1026/969 1405/1027/970 959/1024/967
f 960/545/536 959/1024/967 1405/1027/970
f 1405/1027/970 1406/455/450 1407/1028/971
f 1407/1028/971 961/1029/972 1405/1027/970
f 1407/1028/971 1408/1030/973 837/471/466
f 837/471/466 838/470/465 1407/1028/971
f 1410/1031/974 962/469/464 837/471/466
f 1413/1032/975 965/552/543 964/1033/976
f 969/554/544 968/1034/977 1414/1035/978
f 968/1034/977 967/1036/979 1414/1035/978
f 1416/1037/980 970/555/545 969/554/544
f 971/559/546 970/1038/545 1417/1039/981
f 972/557/547 989/583/569 988/581/567
f 988/581/567 973/558/548 972/557/547
f 972/557/547 1420/1040/982 989/583/569
f 1428/1041/983 2820/1042/984 993/589/575
f 2820/1042/984 994/1043/985 993/589/575
f 1429/1044/986 996/601/585 995/1045/576
f 864/487/482 996/601/585 1429/1044/986
f 1429/1044/986 865/1046/987 864/487/482
f 865/1047/987 1430/1048/988 1431/1049/989
f 1433/1050/990 866/1051/991 164/485/480
f 1433/1050/990 1434/1052/992 866/1051/991
f 1433/1050/990 1436/1053/993 1434/1052/992
f 716/1054/994 129/1055/995 1439/1056/996
f 2832/1057/997 1443/1058/998 1442/1059/999
f 1446/1060/1000 1444/1061/1001 1445/1062/1002
f 1449/1063/1003 1446/1060/1000 99/1064/1004
f 1450/324/321 1451/323/320 1449/1065/1003
f 1457/1066/1005 1458/1067/1006 1455/1068/1007
f 1458/1069/1006 1457/1070/1005 1446/1060/1000
f 1446/1060/1000 1451/1071/320 1458/1069/1006
f 1457/1070/1005 1459/1072/1008 1444/1061/1001
f 1460/1073/1009 1461/1074/1010 716/1054/994
f 716/1054/994 1441/1075/1011 1460/1073/1009
f 1461/1074/1010 608/296/293 696/360/357
f 696/360/357 129/1055/995 1461/1074/1010
f 608/296/293 622/315/312 696/360/357
f 607/299/296 1463/1076/1012 1462/1077/1013
f 1462/1077/1013 608/296/293 607/299/296
f 1463/1076/1012 535/1078/1014 1464/1079/1015
f 1464/1079/1015 105/313/310 1463/1076/1012
f 1464/1079/1015 1465/1080/1016 539/1081/1017
f 1464/1079/1015 535/1078/1014 1465/1080/1016
f 1472/1082/1018 483/226/223 77/225/222
f 447/191/188 446/190/187 1472/1082/1018
f 1473/1083/1019 1474/1084/1020 484/227/224
f 1474/1084/1020 482/223/220 484/227/224
f 2866/1085/1021 397/1086/1022 482/223/220
f 1476/1087/1023 1477/224/221 397/1086/1022
f 397/1088/1022 1478/1089/1024 1476/1090/1023
f 1478/1091/1024 1479/1092/1025 1481/1093/1026
f 1478/1091/1024 459/203/200 1476/1094/1023
f 1483/1095/1027 1480/1096/1028 1482/1097/1029
f 1485/1098/1030 1477/224/221 1483/1099/1027
f 1483/1099/1027 1477/224/221 1480/1100/1028
f 1486/1101/1031 77/225/222 1485/1098/1030
f 1485/1098/1030 549/1102/1032 1486/1101/1031
f 1486/1101/1031 485/1103/1033 77/225/222
f 550/1104/1034 578/274/271 549/1102/1032
f 549/1102/1032 1484/1105/1035 1487/1106/1036
f 1488/1107/1037 1487/1108/1036 1484/1109/1035
f 1488/1107/1037 1484/1109/1035 499/1110/1038
f 499/1110/1038 1490/234/231 1488/1107/1037
f 1490/234/231 1489/1111/1039 1488/1107/1037
f 1482/1097/1029 460/202/199 499/1110/1038
f 517/247/244 81/232/229 1491/1112/1040
f 517/247/244 519/246/243 1493/1113/1041
f 1494/1114/1042 1495/1115/1043 1492/1116/1044
f 1496/1117/1045 1498/1118/1046 518/248/245
f 519/246/243 518/248/245 1498/1118/1046
f 1498/1118/1046 1499/1119/1047 519/246/243
f 1500/1120/1048 519/246/243 1499/1119/1047
f 1499/1119/1047 1498/1118/1046 1502/1121/281
f 1499/1122/1047 1503/1123/1049 1500/1124/1048
f 1509/176/173 434/178/175 1508/1125/1050
f 1511/1126/1051 1510/1127/1052 1475/1128/1053
f 396/1129/1054 1511/1126/1051 1475/1128/1053
f 396/1129/1054 395/152/149 382/150/147
f 382/150/147 395/152/149 1512/147/144
f 394/151/148 1514/1130/1055 1513/1131/1056
f 1515/1132/1057 33/1133/1058 1513/1131/1056
f 1518/1134/1059 1521/1135/1060 1520/1136/1061
f 1524/1137/1062 1525/1138/1063 259/75/72
f 1524/1137/1062 244/1139/1064 1525/1138/1063
f 1526/1140/1065 2890/1141/1066 1529/9/9
f 1529/9/9 1528/1142/1067 1526/1140/1065
f 1530/1143/1068 1529/9/9 184/8/8
f 1533/10/10 1536/1144/1069 4/7/7
f 182/1145/1070 4/7/7 1536/1144/1069
f 1536/1144/1069 1537/1146/1071 182/1145/1070
f 1537/1147/1071 206/1148/1072 1539/1149/1073
f 2900/1150/1074 178/375/370 1539/1149/1073
f 182/1145/1070 1537/1146/1071 1/1151/1
f 200/28/26 15/45/43 7/24/22
f 7/24/22 1541/1152/1075 1543/1153/1076
f 1546/1154/1077 1544/1155/50 1542/1156/1078
f 1547/1157/1079 1548/1158/1080 1544/52/50
f 226/50/48 18/48/46 228/1159/1081
f 228/1159/1081 1549/1160/1082 226/50/48
f 1552/1161/1083 1550/1162/1084 1551/1163/1085
f 1551/1163/1085 1553/1164/1086 1552/1161/1083
f 1554/97/94 1556/1165/1087 1555/1166/1088
f 1560/1167/1089 1562/1168/1090 1561/1169/1091
f 1563/1170/1092 1562/1168/1090 1564/1171/1093
f 1564/1171/1093 1567/1172/1094 1565/1173/1095
f 1565/1173/1095 399/156/153 400/155/152
f 400/155/152 1568/1174/1096 1565/1173/1095
f 1568/1174/1096 400/155/152 1570/1175/1097
f 2927/1176/1098 1575/1177/1099 1573/1178/1100
f 1577/1179/1101 1574/1180/1102 1576/1181/1103
f 1576/1181/1103 1580/1182/1104 1577/1179/1101
f 1584/1183/1105 1581/1184/1106 1580/1185/1104
f 1584/1183/1105 1585/1186/1107 553/260/257
f 553/260/257 2926/1187/1108 1586/1188/1109
f 1589/1189/1110 551/258/255 553/260/257
f 1590/1190/1111 1591/1191/1112 551/258/255
f 1577/1179/1101 1573/1178/1100 1574/1180/1102
f 1577/1179/1101 1595/1192/1113 1573/1178/1100
f 1599/1193/1114 1566/1194/1115 1569/1195/1116
f 1599/1193/1114 1600/1196/1117 1566/1194/1115
f 1600/1196/1117 1601/1197/1118 1561/1169/1091
f 1561/1169/1091 1566/1194/1115 1600/1196/1117
f 1557/1198/1119 1558/1199/1120 1601/1197/1118
f 1602/1200/1121 335/1201/1122 43/1202/1123
f 1604/1203/1124 1603/1204/1125 1602/1200/1121
f 1605/1205/1126 1610/1206/1127 1608/1207/1128
f 466/208/205 1612/1208/1129 467/209/206
f 1613/1209/1130 467/209/206 1612/1208/1129
f 1612/1208/1129 1615/1210/1131 1613/1209/1130
f 1615/1210/1131 1616/1211/1132 1617/1212/1133
f 1617/1212/1133 501/1213/1134 500/1214/1135
f 1618/1215/1136 1613/1209/1130 1615/1210/1131
f 1608/1207/1128 73/207/204 1620/1216/1137
f 1606/1217/1138 335/1201/1122 1603/1204/1125
f 335/1201/1122 1602/1200/1121 1603/1204/1125
f 1623/1218/1139 1641/1219/1140 336/1220/1141
f 1625/1221/1142 1552/1161/1083 38/99/96
f 1629/1222/1143 1630/1223/1144 23/56/54
f 1627/1224/1145 1631/1225/1146 1630/1223/1144
f 1631/1225/1146 1632/1226/1147 1630/1223/1144
f 1633/1227/1148 1634/1228/1149 1631/1225/1146
f 1627/1224/1145 1626/1229/1150 1635/1230/1151
f 324/1231/1152 1636/1232/1153 1639/1233/1154
f 1640/1234/1155 1639/1235/1154 1624/1236/1156
f 1641/1219/1140 1640/1234/1155 1624/1236/1156
f 1645/1237/1157 454/198/195 453/197/194
f 1619/1238/1158 1648/1239/1159 1647/1240/1160
f 1649/1241/1161 1650/1242/1162 1647/1240/1160
f 1650/1242/1162 457/1243/196 1647/1240/1160
f 1650/1244/1162 1651/1245/1163 457/199/196
f 457/199/196 1651/1245/1163 456/200/197
f 440/1246/1164 455/196/193 1652/1247/1165
f 1653/1248/1166 1654/1249/1167 441/183/180
f 1655/1250/1168 1656/1251/1169 1654/1249/1167
f 1656/1251/1169 442/184/181 441/183/180
f 1657/1252/1170 1658/1253/1171 1656/1251/1169
f 1656/1254/1169 1658/1255/1171 442/1256/181
f 442/1256/181 1658/1255/1171 1659/1257/1172
f 1643/1258/1173 455/196/193 439/1259/1174
f 1644/1260/1175 1643/1258/1173 1659/1261/1172
f 324/1231/1152 1639/1233/1154 1640/1262/1155
f 324/1231/1152 1683/1263/1176 325/1264/1177
f 325/1264/1177 1663/1265/1178 323/1266/1179
f 1634/1228/1149 1633/1227/1148 1664/1267/1180
f 1666/1268/1181 1632/1226/1147 1665/1269/1182
f 1669/1270/1183 1670/1271/1184 249/1272/1185
f 1667/1273/1186 1672/1274/1187 1702/1275/1188
f 1702/1275/1188 1670/1271/1184 1667/1273/1186
f 1672/1274/1187 1667/1273/1186 1666/1268/1181
f 1666/1268/1181 1673/1276/1189 1672/1274/1187
f 1675/1277/1190 1634/1278/1149 1676/1279/1191
f 1664/1280/1180 1663/1265/1178 1677/1281/1192
f 1678/1282/1193 1675/1277/1190 1676/1279/1191
f 1677/1281/1192 1663/1265/1178 1679/1283/1194
f 1663/1265/1178 325/1264/1177 1681/1284/1195
f 1684/1285/1196 1683/1263/1176 1661/1286/1197
f 1661/1286/1197 1686/1287/1198 1684/1285/1196
f 450/195/192 1687/1288/1199 1688/1289/1200
f 1687/1288/1199 1658/1255/1171 1689/192/189
f 1689/192/189 450/195/192 1688/1289/1200
f 1689/192/189 1658/1255/1171 448/193/190
f 1657/1290/1170 1691/1291/1201 1690/1292/1202
f 1690/1292/1202 449/194/191 448/193/190
f 1692/1293/1203 1693/1294/1204 1690/1292/1202
f 1696/1295/1205 450/195/192 449/194/191
f 1696/1295/1205 1685/1296/1206 1684/1285/1196
f 1696/1295/1205 1695/1297/1207 1685/1296/1206
f 1695/1297/1207 1697/1298/1208 1682/1299/1209
f 1698/1300/1210 1699/1301/1211 1680/1302/1212
f 1680/1302/1212 1699/1301/1211 1700/1303/1213
f 1674/1304/1214 1675/1277/1190 1701/1305/1215
f 1701/1305/1215 281/1306/1216 1674/1304/1214
f 1703/1307/1217 1702/1275/1188 1672/1274/1187
f 1703/1307/1217 1705/1308/1218 1704/1309/1219
f 1705/1310/1218 1706/1311/1220 1704/1312/1219
f 1705/1310/1218 1708/1313/1221 1706/1311/1220
f 1708/1313/1221 1710/1314/1222 1706/1311/1220
f 1706/1311/1220 1710/1314/1222 1709/1315/1223
f 1711/1316/1224 1709/1315/1223 1710/1314/1222
f 1715/1317/1225 1713/1318/1226 1711/1316/1224
f 1718/1319/1227 1716/1320/1228 1715/1317/1225
f 1692/1293/1203 444/188/185 1719/187/184
f 444/188/185 1692/1293/1203 1691/1291/1201
f 444/188/185 1691/1291/1201 1721/1321/1229
f 1723/1322/1230 1721/1321/1229 1691/1291/1201
f 1691/1291/1201 1657/1290/1170 1723/1322/1230
f 1725/1323/1231 462/204/201 1723/1324/1230
f 1655/1250/1168 1725/1323/1231 1723/1324/1230
f 1731/1325/1232 1730/1326/1233 1729/1327/1234
f 1733/1328/1235 488/1329/1236 1731/1325/1232
f 488/1329/1236 1733/1328/1235 489/1330/1237
f 1734/1331/1238 1651/1245/1163 1736/1332/1239
f 1651/1245/1163 1650/1244/1162 1592/1333/1240
f 1651/1245/1163 1733/1328/1235 1652/1247/1165
f 1652/1247/1165 1733/1328/1235 1653/1248/1166
f 1737/1334/1241 1738/1335/1242 1735/1336/1243
f 1732/1337/1244 488/1329/1236 78/1338/1245
f 1728/1339/1246 1729/1327/1234 1730/1326/1233
f 465/205/202 462/204/201 1727/1340/1247
f 1745/1341/1248 464/1342/1249 463/1343/203
f 461/1344/1250 2705/1345/1251 1724/1346/1252
f 1724/1346/1252 462/1347/201 461/1344/1250
f 1748/1348/1253 1722/1349/1254 1724/1350/1252
f 443/186/183 1722/1349/1254 1748/1348/1253
f 1749/1351/1255 1750/1352/1256 1713/1318/1226
f 1754/1353/1257 1755/1354/1258 1702/1275/1188
f 1670/1271/1184 1702/1275/1188 1755/1354/1258
f 298/104/101 1757/103/100 250/65/63
f 1757/103/100 1758/1355/1259 250/65/63
f 251/1356/1260 1760/1357/1261 1759/1358/1262
f 1762/1359/1263 1761/1360/1264 1759/1358/1262
f 1771/1361/1265 1774/1362/1266 230/1363/1267
f 213/1364/1268 1772/1365/1269 229/1366/1270
f 213/1364/1268 1775/1367/1271 1772/1365/1269
f 1780/1368/1272 1781/1369/1273 216/37/35
f 1783/1370/1274 1782/1371/1275 1780/1372/1272
f 1786/1373/1276 1787/1374/1277 1784/1375/1278
f 1787/1374/1277 1789/1376/1279 1783/1370/1274
f 1782/1377/1275 1790/1378/1280 1781/1369/1273
f 1781/1369/1273 1790/1378/1280 1778/1379/1281
f 1791/1380/1282 189/14/14 187/13/13
f 1791/1380/1282 188/1381/1283 189/14/14
f 1805/1382/1284 1795/1383/1285 1794/1384/1286
f 1799/1385/1287 1800/1386/1288 190/1387/1289
f 1800/1386/1288 1801/1388/1290 190/1387/1289
f 1801/1388/1290 1777/1389/1291 5/11/11
f 1801/1388/1290 1800/1386/1288 1767/1390/1292
f 1764/1391/1293 1765/1392/1294 1767/1390/1292
f 26/1393/1295 1759/1358/1262 1761/1360/1264
f 1803/1394/1296 237/1395/1297 239/1396/1298
f 1802/1397/1299 1804/1398/1300 1803/1394/1296
f 1804/1398/1300 1802/1397/1299 1799/1385/1287
f 1804/1398/1300 13/39/37 217/42/40
f 217/42/40 21/53/51 1804/1398/1300
f 1799/1385/1287 1798/1399/1301 1804/1398/1300
f 1806/1400/1302 17/49/47 225/57/55
f 1806/1400/1302 1807/1401/1303 17/49/47
f 1807/1401/1303 224/47/45 17/49/47
f 1807/1401/1303 227/51/49 224/47/45
f 199/26/24 1810/1402/1304 1811/1403/1305
f 1814/23/21 196/22/20 1815/4/4
f 1818/1404/1306 1819/1405/1307 1817/1406/1308
f 1822/1407/1309 193/16/16 192/15/15
f 1792/1408/1310 1824/1409/1311 1793/1410/1312
f 1826/1411/1313 1794/1384/1286 1793/1410/1312
f 1825/1412/1314 1810/1413/1304 1809/1414/1315
f 1825/1412/1314 1823/1415/1316 1810/1413/1304
f 1827/1416/1317 1828/1417/1318 1811/1403/1305
f 1828/1417/1318 1829/1418/1319 1811/1403/1305
f 1829/1418/1319 1812/3/3 180/2/2
f 1814/23/21 181/1419/1320 195/1420/1321
f 1832/1421/1322 3/1422/1323 1831/1423/1324
f 193/16/16 1822/1407/1309 1833/1424/1325
f 1828/1425/1318 1827/1426/1317 193/18/16
f 1829/1418/1319 1828/1417/1318 1833/1427/1325
f 201/1428/1326 1822/1407/1309 202/1429/1327
f 197/1430/1328 6/21/19 185/1431/1329
f 1820/1432/1330 196/22/20 6/21/19
f 1834/1433/1331 1818/1404/1306 1820/1432/1330
f 1834/1433/1331 8/1434/1332 1818/1404/1306
f 1835/1435/1333 1836/1436/1334 1824/1409/1311
f 1836/1437/1334 1838/1438/1335 191/17/17
f 1838/1438/1335 1819/1405/1307 191/17/17
f 1838/1438/1335 1817/1406/1308 1819/1405/1307
f 1817/1406/1308 1839/1439/1336 1840/1440/1337
f 1840/1440/1337 1815/4/4 1817/1406/1308
f 1840/1440/1337 1532/1441/1338 1815/4/4
f 1531/5/5 1815/4/4 1532/1441/1338
f 1532/1441/1338 1842/1442/1339 1843/1443/1340
f 1843/1443/1340 1531/5/5 1532/1441/1338
f 1845/1444/1341 1846/71/69 257/70/68
f 1848/1445/1342 276/1446/1343 1520/1447/1061
f 275/1448/1344 33/1133/1058 1849/1449/1345
f 1851/1450/1346 1852/1451/1347 1850/1452/1348
f 1852/1451/1347 1513/1131/1056 33/1133/1058
f 1512/147/144 395/152/149 1853/1453/1349
f 1853/1453/1349 1855/1454/1350 381/148/145
f 1855/1454/1350 1856/1455/1351 1857/1456/1352
f 1857/1456/1352 381/148/145 1855/1454/1350
f 1859/1457/1353 67/175/172 380/174/171
f 566/269/266 480/221/218 479/220/217
f 496/1458/1354 1861/1459/1355 567/270/267
f 1862/1460/1356 1863/1461/1357 568/272/269
f 649/336/333 648/335/332 568/272/269
f 1864/1462/1358 1865/1463/1359 649/336/333
f 1865/1463/1359 650/1464/379 649/336/333
f 1866/1465/1360 1867/1466/1361 650/384/379
f 1869/1467/1362 731/385/380 650/384/379
f 764/1468/1363 787/437/432 762/1469/1364
f 787/437/432 764/1468/1363 1871/1470/1365
f 1877/1471/1366 1138/1472/1367 1874/1473/1368
f 1138/1474/1367 2475/1475/1369 1878/1476/1370
f 1878/1476/1370 1139/1477/1371 1138/1474/1367
f 1879/1478/1372 1880/1479/1373 1878/1476/1370
f 884/497/490 2479/1480/1374 1881/1481/1375
f 1283/924/871 885/498/491 1881/1481/1375
f 1283/924/871 1282/1482/1376 885/498/491
f 900/1483/1377 1144/759/728 886/1484/1378
f 886/1484/1378 1144/759/728 1143/758/727
f 1286/1485/1379 1883/1486/1380 1287/927/874
f 1883/1486/1380 2482/1487/1381 1289/930/877
f 1884/1488/1382 1885/1489/1383 1886/1490/1384
f 1884/1488/1382 1292/932/879 1291/931/878
f 1886/1490/1384 1292/932/879 1884/1488/1382
f 1292/932/879 1886/1490/1384 792/1491/1385
f 1886/1490/1384 1887/1492/1386 792/1491/1385
f 1886/1490/1384 796/1493/1387 1887/1492/1386
f 1887/1492/1386 1888/1494/1388 786/1495/1389
f 786/1495/1389 792/1491/1385 1887/1492/1386
f 1889/1496/1390 1890/1497/1391 784/1498/1392
f 1890/1497/1391 785/1499/1393 784/1498/1392
f 813/933/880 812/1500/1394 1892/1501/1395
f 1892/1501/1395 1308/950/897 813/933/880
f 1311/954/901 1310/1502/1396 1890/1497/1391
f 768/955/902 771/426/421 1312/1503/1397
f 1893/1504/1398 1313/1505/1399 1312/1503/1397
f 1894/1506/1400 1314/1507/1401 1313/1505/1399
f 1895/1508/1402 1896/1509/1403 1316/957/904
f 1317/1510/907 1897/1511/1404 1898/1512/1405
f 1898/1512/1405 1899/1513/1406 1318/1514/908
f 1318/961/908 1317/960/907 1898/1515/1405
f 1900/1516/1407 1319/1517/1408 1899/1513/1406
f 1319/1517/1408 1900/1516/1407 524/1518/1409
f 524/1518/1409 84/1519/1410 1319/1517/1408
f 524/1518/1409 1900/1516/1407 1901/1520/1411
f 1903/1521/1412 524/1518/1409 1901/1520/1411
f 1903/1521/1412 474/1522/1413 75/218/215
f 1904/1523/1414 474/1522/1413 1903/1521/1412
f 474/1522/1413 1904/1523/1414 1905/1524/1415
f 1905/1524/1415 473/219/216 474/1522/1413
f 1905/1524/1415 1906/1525/1416 473/219/216
f 418/138/135 417/168/165 1908/1526/1417
f 1908/1526/1417 1909/1527/1418 1910/1528/1419
f 377/1529/1420 50/140/137 363/139/136
f 50/1530/137 377/1531/1420 1912/1532/1421
f 50/1530/137 1912/1532/1421 44/1533/1422
f 354/1534/1423 44/1533/1422 1912/1532/1421
f 1912/1532/1421 376/1535/1424 1913/1536/1425
f 1913/1536/1425 364/141/138 1914/1537/1426
f 1918/1538/1427 1909/1527/1418 1917/1539/1428
f 1911/1540/1429 1918/1541/1427 54/1542/1430
f 1915/1543/1431 1917/1539/1428 1909/1527/1418
f 326/1544/1432 347/1545/1433 1916/1546/1434
f 326/1544/1432 327/1547/1435 346/1548/1436
f 346/1548/1436 347/1545/1433 326/1544/1432
f 329/1549/1437 343/1550/1438 354/1534/1423
f 354/1534/1423 47/1551/1439 329/1549/1437
f 44/1533/1422 354/1534/1423 343/1550/1438
f 328/92/89 297/101/98 343/1552/1438
f 1921/1553/1440 326/1554/1432 1920/1555/1441
f 1920/1556/1441 1915/1543/1431 1919/1557/1442
f 1919/1557/1442 1922/1558/1443 1920/1556/1441
f 383/1559/1444 56/1560/1445 1919/1557/1442
f 1919/1557/1442 1908/1526/1417 383/1559/1444
f 1908/1526/1417 1919/1557/1442 1909/1527/1418
f 1921/1553/1440 1920/1555/1441 1922/1561/1443
f 1921/1553/1440 1923/1562/1446 1924/1563/1447
f 1926/1564/1448 283/86/83 287/91/88
f 219/1565/1449 1927/1566/1450 1929/1567/1451
f 1760/1357/1261 1930/1568/1452 1927/1566/1450
f 37/93/90 285/88/85 284/87/84
f 285/88/85 291/1569/1453 286/89/86
f 1760/1357/1261 1927/1566/1450 1762/1359/1263
f 219/1565/1449 1763/1570/1454 1927/1566/1450
f 1774/1362/1266 1771/1361/1265 1770/1571/1455
f 1774/1362/1266 1932/1572/1456 1933/1573/1457
f 1933/1573/1457 230/1363/1267 1774/1362/1266
f 1933/1573/1457 1934/1574/1458 230/1363/1267
f 1935/1575/1459 1937/1576/1460 1936/1577/1461
f 1938/1578/1462 1937/1576/1460 1939/1579/1463
f 330/1580/126 42/1581/122 1939/1579/1463
f 1924/1563/1447 1923/1562/1446 1940/1582/1464
f 1935/1575/1459 1941/1583/1465 1925/1584/1466
f 1942/1585/1467 1926/1564/1448 1941/1583/1465
f 1943/1586/1468 1929/1567/1451 1942/1585/1467
f 1943/1586/1468 1931/1587/1469 14/1588/1470
f 14/1588/1470 1929/1567/1451 1943/1586/1468
f 1933/1573/1457 1932/1572/1456 1935/1575/1459
f 1935/1575/1459 1934/1574/1458 1933/1573/1457
f 1937/1576/1460 1935/1575/1459 1940/1582/1464
f 1938/1578/1462 42/1581/122 1945/1589/1471
f 42/1581/122 1951/1590/1472 1948/1591/1473
f 1952/1592/1474 1955/1593/1475 1954/1594/1476
f 1958/1595/1477 1955/1593/1475 1956/1596/1478
f 1959/1597/1479 1954/1594/1476 1955/1593/1475
f 355/132/129 349/1598/1480 1960/1599/1481
f 1960/1599/1481 357/133/130 355/132/129
f 1963/1600/1482 350/1601/1483 349/1602/1480
f 1961/1603/1484 349/1602/1480 1966/1604/1485
f 1966/1604/1485 1967/1605/1486 1961/1603/1484
f 1959/1597/1479 1961/1606/1484 1968/1607/1487
f 1968/1608/1487 1969/1609/1488 1952/1610/1474
f 1952/1592/1474 1954/1594/1476 1968/1607/1487
f 1949/1611/1489 1952/1610/1474 1969/1609/1488
f 1971/1612/1490 1972/1613/1491 1946/1614/1492
f 1973/1615/1493 1947/1616/1494 1972/1613/1491
f 1947/1616/1494 1946/1614/1492 1972/1613/1491
f 1975/1617/1495 19/1618/1496 231/1619/1497
f 231/1619/1497 1944/1620/1498 1975/1617/1495
f 19/1618/1496 1976/1621/1499 214/1622/1500
f 12/38/36 214/1622/1500 1977/1623/1501
f 1977/1623/1501 1978/1624/1502 12/38/36
f 1980/1625/1503 1779/1626/1504 215/1627/34
f 2069/1628/1505 1779/1626/1504 1980/1625/1503
f 1981/1629/1506 1982/1630/1507 1779/1631/1504
f 1982/1630/1507 1784/1375/1278 1780/1372/1272
f 1982/1630/1507 1785/1632/1508 1784/1375/1278
f 1981/1629/1506 1983/1633/1509 1982/1630/1507
f 1986/1634/1510 1789/1376/1279 1985/1635/1511
f 1986/1634/1510 1782/1371/1275 1789/1376/1279
f 187/13/13 186/12/12 1987/1636/1512
f 186/12/12 1790/1378/1280 1987/1636/1512
f 1988/1637/1513 1837/1638/1514 1835/1639/1333
f 1835/1639/1333 1837/1638/1514 1836/1437/1334
f 1991/1640/1515 2041/1641/1516 1992/1642/1517
f 1993/1643/1518 1838/1438/1335 1992/1642/1517
f 1839/1439/1336 1993/1643/1518 1840/1440/1337
f 1996/1644/1519 1842/1442/1339 1841/1645/1520
f 1998/1646/1521 1843/1443/1340 1842/1442/1339
f 1844/1647/1522 1843/1443/1340 1998/1646/1521
f 2000/1648/1523 1846/71/69 1845/1444/1341
f 2004/1649/1524 2005/1650/1525 1851/1651/1346
f 2005/1652/1525 1852/1451/1347 1851/1450/1346
f 2005/1652/1525 1854/1653/1526 1853/1453/1349
f 1853/1453/1349 1852/1451/1347 2005/1652/1525
f 1854/1654/1526 2007/1655/1527 274/1656/1528
f 2006/1657/1529 2008/1658/1530 2007/1655/1527
f 2013/1659/1531 2015/1660/1532 2014/1661/1533
f 2016/1662/1534 2059/1663/1535 2014/1661/1533
f 2021/1664/1536 2020/1665/1537 2018/1666/1538
f 2022/1667/1539 2020/1665/1537 2021/1664/1536
f 2025/1668/1540 2026/1669/1541 2022/1667/1539
f 2027/1670/1542 2028/1671/1543 2025/1668/1540
f 2029/1672/1544 2028/1671/1543 2027/1670/1542
f 2029/1672/1544 2030/1673/1545 2028/1671/1543
f 2029/1672/1544 2031/1674/1546 2032/1675/1547
f 2036/1676/1548 2038/1677/1549 2037/1678/1550
f 2038/1677/1549 2036/1676/1548 2040/1679/1551
f 2038/1677/1549 1985/1635/1511 209/1680/1552
f 1837/1638/1514 1986/1634/1510 2040/1679/1551
f 2040/1679/1551 1986/1634/1510 1985/1635/1511
f 1837/1638/1514 1988/1637/1513 1986/1634/1510
f 1990/1681/1553 1837/1638/1514 2040/1679/1551
f 2043/1682/1554 1994/1683/1555 1841/1645/1520
f 2044/1684/1556 2045/1685/1557 1995/1686/1558
f 1997/1687/1559 2045/1685/1557 2046/1688/1560
f 1997/1687/1559 1996/1644/1519 1995/1686/1558
f 2047/1689/1561 2048/1690/1562 2000/1648/1523
f 2048/1690/1562 2049/1691/1563 2000/1648/1523
f 2049/1691/1563 2050/1692/1564 1846/71/69
f 1846/71/69 2000/1648/1523 2049/1691/1563
f 2050/1692/1564 2049/1691/1563 2021/1664/1536
f 2047/1689/1561 2023/1693/1565 2049/1691/1563
f 2044/1684/1556 2027/1670/1542 2045/1685/1557
f 2036/1676/1548 2034/1694/1566 1990/1681/1553
f 1990/1681/1553 2040/1679/1551 2036/1676/1548
f 2039/1695/1567 2037/1678/1550 2038/1677/1549
f 2051/1696/1568 2052/1697/1569 2035/1698/1570
f 2035/1698/1570 2034/1694/1566 2036/1676/1548
f 2030/1673/1545 2029/1672/1544 2035/1698/1570
f 2026/1669/1541 2025/1668/1540 2028/1671/1543
f 2016/1662/1534 2018/1666/1538 2020/1665/1537
f 2064/1699/1571 2010/1700/1572 2063/1701/1573
f 2010/1700/1572 2012/1702/1574 2063/1701/1573
f 2064/1699/1571 2009/1703/1575 2010/1700/1572
f 2064/1699/1571 2066/1704/1576 2065/1705/1577
f 2072/1706/1578 2065/1705/1577 2066/1704/1576
f 2066/1704/1576 2067/1707/1579 2072/1706/1578
f 2071/1708/1580 2072/1709/1578 2067/1710/1579
f 2067/1710/1579 2068/1711/1581 2071/1708/1580
f 28/1712/1582 256/1713/1583 2070/1714/1584
f 2072/1709/1578 2071/1708/1580 2073/1715/1585
f 2075/1716/1586 2073/1715/1585 2076/1717/1587
f 2077/1718/1588 2102/1719/1589 359/134/131
f 2102/1719/1589 2079/1720/1590 359/134/131
f 2079/1720/1590 2078/1721/1591 359/134/131
f 2078/1721/1591 2079/1720/1590 2080/1722/1592
f 2080/1722/1592 2081/1723/1593 2078/1721/1591
f 2083/1724/1594 2081/1723/1593 2082/1725/1595
f 2082/1725/1595 2084/1726/1596 2083/1724/1594
f 2084/1727/1596 1957/1728/1597 2085/1729/1598
f 1957/1728/1597 2087/1730/1599 2085/1729/1598
f 2084/1727/1596 2088/1731/1600 1957/1728/1597
f 2088/1731/1600 2089/1732/1601 1960/1599/1481
f 1960/1599/1481 1958/1595/1477 2088/1731/1600
f 2089/1732/1601 357/133/130 1960/1599/1481
f 356/131/128 2089/1732/1601 2115/1733/1602
f 352/1734/1603 1963/1735/1482 1962/1736/1604
f 2090/1737/1605 1964/1738/1606 1963/1600/1482
f 1964/1738/1606 350/1601/1483 1963/1600/1482
f 2120/1739/1607 2092/1740/1608 1964/1738/1606
f 1965/1741/1609 1970/1742/1610 1966/1604/1485
f 1970/1742/1610 1969/1609/1488 1967/1605/1486
f 2097/1743/1611 2098/1744/1612 1977/1623/1501
f 2098/1745/1612 2099/1746/1613 1978/1747/1502
f 2100/1748/1614 1979/1749/1615 2099/1746/1613
f 1979/1749/1615 1978/1747/1502 2099/1746/1613
f 2100/1748/1614 2077/1718/1588 255/1750/1616
f 2101/1751/1617 2077/1718/1588 2100/1748/1614
f 2102/1719/1589 2077/1718/1588 2101/1751/1617
f 2101/1751/1617 2103/1752/1618 2102/1719/1589
f 2107/1753/1619 2108/1754/1620 2105/1755/1621
f 2112/1756/1622 2110/1757/1623 2109/1758/1624
f 2110/1757/1623 2112/1756/1622 2113/1759/1625
f 2113/1759/1625 2114/1760/1626 2089/1732/1601
f 2089/1732/1601 2088/1731/1600 2113/1759/1625
f 2115/1733/1602 2116/1761/1627 351/1762/1628
f 351/1762/1628 46/1763/1629 2115/1733/1602
f 2090/1737/1605 2118/1764/1630 2120/1739/1607
f 2121/1765/1631 2091/1766/1632 2092/1740/1608
f 2091/1766/1632 2124/1767/1633 2092/1740/1608
f 2124/1767/1633 2126/1768/1634 1965/1741/1609
f 1965/1741/1609 2092/1740/1608 2124/1767/1633
f 2093/1769/1635 1965/1741/1609 2126/1768/1634
f 1970/1742/1610 1965/1741/1609 2093/1769/1635
f 2094/1770/1636 1973/1771/1493 2124/1767/1633
f 2127/1772/1637 2141/1773/1638 2128/1774/1639
f 2127/1772/1637 2128/1774/1639 2097/1743/1611
f 2130/1775/1640 2099/1746/1613 2129/1776/1641
f 2100/1748/1614 2099/1746/1613 2101/1751/1617
f 2131/1777/1642 2132/1778/1643 2103/1752/1618
f 2135/1779/1644 2114/1760/1626 2111/1780/1645
f 2111/1780/1645 2114/1760/1626 2112/1756/1622
f 2117/1781/1646 351/1762/1628 2116/1761/1627
f 2117/1781/1646 2118/1782/1630 351/1762/1628
f 2121/1765/1631 2120/1739/1607 2119/1783/1647
f 2121/1765/1631 2139/1784/1648 2122/1785/1649
f 2140/1786/1650 2123/1787/1651 2122/1785/1649
f 2127/1788/1637 2096/1789/1652 2140/1786/1650
f 2142/1790/1653 2143/1791/1654 2129/1792/1641
f 2129/1776/1641 2128/1793/1639 2142/1794/1653
f 2142/1794/1653 2128/1793/1639 2141/1795/1638
f 2132/1796/1643 2147/1797/1655 2106/1798/1656
f 2148/1799/1657 2136/1800/1658 2134/1801/1659
f 292/1802/1660 2149/1803/1661 2150/1804/1662
f 2150/1804/1662 2139/1784/1648 292/1802/1660
f 2142/1790/1653 2141/1805/1638 2150/1804/1662
f 2142/1790/1653 2149/1803/1661 2143/1791/1654
f 2151/1806/1663 2146/1807/1664 2133/1808/1665
f 2146/1807/1664 2153/1809/1666 2147/1810/1655
f 2153/1809/1666 2137/1811/1667 2148/1812/1657
f 2149/1803/1661 292/1802/1660 295/1813/1668
f 2151/1806/1663 2144/1814/1669 2149/1803/1661
f 2148/1799/1657 2147/1797/1655 2153/1815/1666
f 2084/1727/1596 2082/1816/1595 2110/1757/1623
f 2082/1816/1595 2109/1758/1624 2110/1757/1623
f 2079/1720/1590 2102/1719/1589 2103/1752/1618
f 2076/1717/1587 28/1712/1582 2077/1718/1588
f 1963/1735/1482 352/1734/1603 2090/1817/1605
f 356/131/128 46/1763/1629 352/1734/1603
f 1956/1596/1478 1955/1593/1475 2087/1730/1599
f 2087/1818/1599 1953/1819/1670 2154/1820/1671
f 2086/161/158 404/160/157 2083/1821/1594
f 2155/1822/1672 2078/1721/1591 2081/1723/1593
f 360/137/134 358/135/132 2156/1823/1673
f 360/137/134 2156/1823/1673 66/173/170
f 66/173/170 2157/1824/1674 2158/1825/1675
f 428/171/168 2158/1825/1675 2159/1826/1676
f 2160/1827/1677 430/172/169 428/171/168
f 2160/1827/1677 2161/1828/1678 430/172/169
f 2161/1829/1678 2162/1830/1679 2163/1831/1680
f 2163/1831/1680 430/1832/169 2161/1829/1678
f 2163/1831/1680 431/1833/1681 430/1832/169
f 2163/1831/1680 2164/1834/1682 431/1833/1681
f 429/1835/1683 431/1836/1681 2164/1837/1682
f 2164/1837/1682 2165/1838/1684 429/1835/1683
f 2166/1839/1685 429/1835/1683 2165/1838/1684
f 2168/1840/1686 48/136/133 2167/1841/1687
f 2168/1840/1686 2169/1842/1688 48/136/133
f 2167/1841/1687 48/136/133 360/137/134
f 272/83/80 2073/1715/1585 2074/1843/1689
f 2170/1844/1690 2535/1845/1691 272/83/80
f 1858/1846/1692 381/148/145 2173/1847/1693
f 1858/1846/1692 2540/1848/1694 1859/1457/1353
f 2176/1849/1695 435/1850/174 2175/1851/1696
f 2177/1852/1697 435/1850/174 2176/1849/1695
f 2178/1853/1698 479/220/217 2177/1852/1697
f 2178/1853/1698 2179/1854/1699 479/220/217
f 2179/1854/1699 497/231/228 496/1458/1354
f 495/228/225 2180/1855/1700 494/229/226
f 2180/1855/1700 2182/1856/1701 494/229/226
f 2183/1857/1702 2186/1858/1703 2184/1859/1704
f 2184/1859/1704 2188/1860/1705 2187/1861/1706
f 2192/1862/1707 2534/1863/1708 2168/1840/1686
f 2183/1857/1702 2181/1864/1709 2182/1865/1701
f 2195/1866/1710 2196/1867/1711 493/1868/1712
f 2197/1869/1713 2198/1870/1714 493/1868/1712
f 2198/1870/1714 496/1458/1354 493/1868/1712
f 2199/1871/1715 1861/1459/1355 2198/1870/1714
f 2201/1872/1716 2200/1873/1717 2202/1874/1718
f 2202/1874/1718 2203/1875/1719 1862/1460/1356
f 2207/1876/1720 1865/1877/1359 1864/1878/1358
f 123/1879/1721 1867/1880/1361 1866/1881/1360
f 123/1879/1721 1868/1882/1722 1867/1880/1361
f 2208/1883/1723 691/356/353 1868/1882/1722
f 2209/1884/1724 2210/1885/1725 762/1886/1364
f 762/1886/1364 1870/1887/1726 2209/1884/1724
f 658/1888/1727 664/346/343 2213/1889/1728
f 661/1890/1729 660/1891/1730 2214/1892/1731
f 692/357/354 2208/1883/1723 694/1893/1732
f 1868/1882/1722 123/1879/1721 2208/1883/1723
f 692/357/354 691/356/353 2208/1883/1723
f 693/1894/1733 117/1895/1734 661/1890/1729
f 2205/1896/1735 663/1897/1736 659/1898/1737
f 2214/1892/1731 688/358/355 692/357/354
f 2216/1899/1738 2210/1885/1725 665/1900/345
f 2210/1885/1725 2216/1899/1738 761/419/414
f 2217/392/387 135/394/389 761/419/414
f 761/419/414 2216/1899/1738 2217/392/387
f 2216/1899/1738 2218/1901/1739 2217/392/387
f 2202/1874/1718 2200/1873/1717 2220/1902/1740
f 2221/1903/1741 2217/392/387 2218/1901/1739
f 2222/1904/1742 2227/1905/1743 740/393/388
f 740/393/388 2217/392/387 2222/1904/1742
f 794/1906/1744 2224/1907/1745 740/393/388
f 2224/1907/1745 2226/1908/1746 740/393/388
f 2225/1909/1747 793/1910/1748 1885/1489/1383
f 2225/1911/1747 794/1906/1744 793/1912/1748
f 2227/1905/1743 795/1913/1749 794/1906/1744
f 2221/1903/1741 2229/1914/1750 2228/1915/1751
f 2230/1916/1752 2231/1917/1753 2229/1914/1750
f 2200/1873/1717 2196/1867/1711 2232/1918/1754
f 2196/1867/1711 2200/1873/1717 2197/1869/1713
f 2234/1919/1755 2230/1916/1752 2233/1920/1756
f 2235/1921/1757 2236/1922/1758 2223/1923/1759
f 2236/1922/1758 2237/1924/1760 795/1925/1749
f 795/1925/1749 2227/1926/1743 2236/1922/1758
f 796/1927/1387 795/1925/1749 2237/1924/1760
f 1887/1492/1386 2238/1928/1761 2239/1929/1762
f 769/422/417 1890/1497/1391 770/423/418
f 2240/1930/1763 772/1931/1764 770/423/418
f 1893/1504/1398 1312/1503/1397 771/426/421
f 2245/1932/1765 2323/1933/1766 2246/1934/1767
f 2246/1934/1767 1894/1506/1400 2245/1932/1765
f 2248/1935/1768 1896/1509/1403 1895/1508/1402
f 1895/1508/1402 1894/1506/1400 2248/1935/1768
f 2248/1936/1768 2249/1937/1769 1896/1938/1403
f 2249/1937/1769 2250/1939/1770 1897/1511/1404
f 2252/1940/1771 1899/1513/1406 2251/1941/1772
f 2253/1942/1773 1900/1516/1407 1899/1513/1406
f 2253/1942/1773 2255/1943/1774 2256/1944/1775
f 2256/1944/1775 1900/1516/1407 2253/1942/1773
f 2256/1944/1775 1901/1520/1411 1900/1516/1407
f 1901/1520/1411 2256/1944/1775 2257/1945/1776
f 2258/1946/1777 1902/1947/1778 1901/1520/1411
f 2260/1948/1779 1905/1524/1415 1904/1523/1414
f 2260/1948/1779 384/1949/1780 1906/1525/1416
f 2261/1950/1781 2262/1951/1782 384/1949/1780
f 348/1952/1783 2263/1953/1784 45/130/127
f 348/1952/1783 2262/1951/1782 406/1954/1785
f 2264/1955/1786 60/1956/1787 2262/1951/1782
f 60/1956/1787 406/1954/1785 2262/1951/1782
f 2265/1957/1788 405/1958/1789 2264/1955/1786
f 2267/1959/1790 61/1960/1791 405/1958/1789
f 61/1960/1791 387/1961/1792 405/1958/1789
f 387/1961/1792 61/1960/1791 2268/1962/1793
f 2268/1962/1793 386/1963/1794 385/1964/1795
f 2269/1965/1796 2278/1966/1797 408/1967/1798
f 2267/1959/1790 445/1968/1799 2271/1969/1800
f 445/1968/1799 2267/1959/1790 2265/1957/1788
f 2265/1957/1788 2266/1970/1801 445/1968/1799
f 2266/1970/1801 2273/1971/1802 445/1968/1799
f 2272/1972/1803 2273/1971/1802 2266/1970/1801
f 384/1949/1780 2273/1971/1802 2272/1972/1803
f 2272/1972/1803 2261/1950/1781 384/1949/1780
f 2260/1948/1779 2274/1973/1804 384/1949/1780
f 2274/1973/1804 2275/1974/1805 2273/1971/1802
f 2273/1971/1802 384/1949/1780 2274/1973/1804
f 2275/1974/1805 2276/1975/1806 2277/1976/1807
f 2277/1976/1807 445/1968/1799 2275/1974/1805
f 2271/1969/1800 445/1968/1799 2277/1976/1807
f 2279/1977/1808 2280/1978/1809 2268/1962/1793
f 386/1963/1794 2268/1962/1793 2280/1978/1809
f 2281/1979/1810 2263/1953/1784 385/1964/1795
f 2281/1979/1810 45/130/127 2263/1953/1784
f 2281/1979/1810 2280/1978/1809 45/130/127
f 2280/1978/1809 331/123/120 45/130/127
f 2279/1977/1808 331/123/120 2280/1978/1809
f 2269/1965/1796 2270/1980/1811 71/1981/1812
f 1953/1819/1670 1951/1982/1472 51/1983/1813
f 332/124/121 51/1983/1813 1951/1982/1472
f 402/158/155 2283/1984/1814 2282/1985/1815
f 2285/1986/1816 2287/1987/1817 2286/1988/1818
f 2288/1989/1819 2257/1945/1776 2287/1987/1817
f 2289/1990/1820 2258/1946/1777 2257/1945/1776
f 2289/1990/1820 2274/1973/1804 2260/1948/1779
f 2276/1975/1806 2275/1974/1805 2274/1973/1804
f 2256/1944/1775 531/1991/1821 2286/1988/1818
f 2256/1944/1775 2286/1988/1818 2287/1987/1817
f 2286/1988/1818 558/1992/1822 2284/1993/1823
f 558/1992/1822 557/1994/1824 2284/1993/1823
f 559/1995/1825 530/1996/1826 2250/1939/1770
f 2285/1986/1816 452/1997/1827 71/1981/1812
f 2284/1993/1823 557/1994/1824 2283/1984/1814
f 2290/1998/1828 2291/1999/1829 2282/1985/1815
f 2293/2000/1830 404/160/157 59/159/156
f 2294/2001/1831 2295/2002/1832 2296/2003/1833
f 2296/2004/1833 2157/1824/1674 2294/2005/1831
f 2296/2003/1833 2297/2006/1834 2298/2007/1835
f 2298/2008/1835 2157/1824/1674 2296/2004/1833
f 2300/2009/1836 2160/1827/1677 2159/1826/1676
f 2336/2010/1837 2301/2011/1838 2160/1827/1677
f 2302/2012/1839 2303/2013/1840 2162/1830/1679
f 2195/1866/1710 2194/2014/1841 2303/2013/1840
f 2194/2014/1841 2193/2015/1842 2163/1831/1680
f 2195/1866/1710 2302/2012/1839 2196/1867/1711
f 2305/2016/1843 2234/1919/1755 2233/1920/1756
f 2307/2017/1844 2309/2018/1845 2231/2019/1753
f 2307/2020/1844 2231/1917/1753 2234/1919/1755
f 2309/2018/1845 2228/2021/1751 2229/2022/1750
f 2309/2018/1845 2229/2022/1750 2231/2019/1753
f 2309/2018/1845 2235/1921/1757 2228/2021/1751
f 2235/1921/1757 2312/2023/1846 2236/1922/1758
f 2236/1922/1758 2312/2023/1846 2237/1924/1760
f 2312/2023/1846 2345/2024/1847 2237/1924/1760
f 2313/2025/1848 796/1493/1387 2237/2026/1760
f 2314/2027/1849 2238/1928/1761 2313/2025/1848
f 2242/2028/1850 2350/2029/1851 143/424/419
f 143/424/419 772/1931/1764 2242/2028/1850
f 2320/2030/1852 2244/2031/1853 2319/2032/1854
f 2321/2033/1855 2322/2034/1856 2323/1933/1766
f 2323/1933/1766 2320/2030/1852 2321/2033/1855
f 2323/2035/1766 2322/2036/1856 92/2037/1857
f 2325/2038/1858 2326/2039/1859 2291/1999/1829
f 2291/1999/1829 2290/1998/1828 2325/2038/1858
f 2328/2040/1860 2327/2041/1861 2329/2042/1862
f 2329/2042/1862 2295/2002/1832 2328/2040/1860
f 2329/2042/1862 2297/2006/1834 2295/2002/1832
f 2330/2043/1863 2331/2044/1864 2329/2042/1862
f 2331/2044/1864 2332/2045/1865 2329/2042/1862
f 2332/2045/1865 2298/2007/1835 2329/2042/1862
f 2329/2042/1862 2298/2007/1835 2297/2006/1834
f 2332/2046/1865 2299/2047/1866 2298/2048/1835
f 2299/2047/1866 2300/2049/1836 2159/2050/1676
f 2335/2051/1867 2336/2052/1837 2300/2049/1836
f 2338/2053/1868 2301/2054/1838 2337/2055/1869
f 2343/2056/1870 2312/2023/1846 2311/2057/1871
f 2346/2058/1872 2237/2026/1760 2345/2059/1847
f 2346/2058/1872 2315/2060/1873 2313/2025/1848
f 2313/2025/1848 2237/2026/1760 2346/2058/1872
f 2346/2058/1872 2348/2061/1874 2315/2060/1873
f 2322/2036/1856 2353/2062/1875 2324/2063/1876
f 2353/2062/1875 2354/2064/1877 2325/2038/1858
f 2325/2038/1858 2324/2063/1876 2353/2062/1875
f 2326/2039/1859 2330/2043/1863 2327/2041/1861
f 2354/2064/1877 2355/2065/1878 2326/2039/1859
f 2332/2046/1865 2331/2066/1864 2359/2067/1879
f 2361/2068/1880 2334/2069/1881 2299/2047/1866
f 2362/2070/1882 2336/2052/1837 2335/2051/1867
f 2362/2070/1882 2337/2055/1869 2336/2052/1837
f 2338/2053/1868 2337/2055/1869 2362/2070/1882
f 2363/2071/1883 2341/2072/1884 2339/2073/1885
f 2307/2017/1844 2340/2074/1886 2342/2075/1887
f 2365/2076/1888 2366/2077/1889 2308/2078/1890
f 2308/2078/1890 2342/2075/1887 2365/2076/1888
f 2310/2079/1891 2308/2078/1890 2366/2077/1889
f 2348/2061/1874 2317/2080/1892 2316/2081/1893
f 2350/2029/1851 2384/2082/1894 2369/2083/1895
f 2370/2084/1896 2351/2085/1897 2431/2086/1898
f 2370/2084/1896 2371/2087/1899 2352/2088/1900
f 2352/2088/1900 2351/2085/1897 2370/2084/1896
f 2352/2089/1900 2372/2090/1901 2373/2091/1902
f 2372/2090/1901 2374/2092/1903 2373/2091/1902
f 2376/2093/1904 2360/2094/1905 2359/2067/1879
f 2377/2095/1906 2361/2068/1880 2333/2096/1907
f 2377/2095/1906 2378/2097/1908 2361/2068/1880
f 2378/2097/1908 2335/2051/1867 2334/2069/1881
f 2378/2097/1908 2362/2070/1882 2335/2051/1867
f 515/243/240 516/2098/1909 2362/2070/1882
f 2363/2071/1883 2338/2053/1868 516/2098/1909
f 2379/2099/1910 2364/2100/1911 2341/2072/1884
f 2380/2101/1912 2400/2102/1913 2365/2076/1888
f 2381/2103/1914 2343/2056/1870 2310/2079/1891
f 2367/2104/1915 2344/2105/1916 128/2106/1917
f 2347/2107/1918 2368/2108/1919 714/2109/1920
f 714/2109/1920 2382/2110/1921 2347/2107/1918
f 2405/2111/1922 2406/2112/1923 2407/2113/1924
f 2407/2113/1924 2317/2114/1892 2405/2111/1922
f 2431/2115/1898 2369/2116/1895 2385/2117/1925
f 2371/2118/1899 2386/2119/1926 2372/2120/1901
f 2374/2121/1903 2372/2120/1901 2386/2119/1926
f 2386/2119/1926 2387/2122/1927 2374/2121/1903
f 2387/2122/1927 2388/2123/1928 2356/2124/1929
f 2375/2125/1930 2389/2126/1931 2390/2127/1932
f 2390/2127/1932 2376/2093/1904 2375/2125/1930
f 2391/2128/1933 2377/2095/1906 2360/2094/1905
f 2394/2129/1934 515/243/240 2378/2097/1908
f 2394/2129/1934 2395/2130/1935 515/243/240
f 513/244/241 2396/2131/1936 2418/253/250
f 2399/2132/1937 574/2133/1938 2379/2099/1910
f 2379/2099/1910 516/2098/1909 2399/2132/1937
f 2399/2132/1937 516/2098/1909 514/245/242
f 2379/2099/1910 574/2133/1938 2364/2100/1911
f 574/2133/1938 573/2134/1939 2380/2101/1912
f 2403/2135/1940 2382/2110/1921 714/2109/1920
f 2404/2136/1941 2405/2111/1922 2383/2137/1942
f 2407/2113/1924 2429/2138/1943 2384/2139/1894
f 2370/2140/1896 2408/2141/1944 2371/2118/1899
f 2386/2119/1926 2371/2118/1899 2408/2141/1944
f 2388/2123/1928 2387/2122/1927 2411/2142/1945
f 2412/2143/1946 2390/2127/1932 2389/2126/1931
f 2414/2144/1947 2415/2145/1948 2392/2146/1949
f 2415/2145/1948 2393/2147/1950 2392/2146/1949
f 2416/2148/1951 2394/2129/1934 2393/2147/1950
f 2420/2149/1952 2421/2150/1953 2419/2151/1954
f 2421/2150/1953 2398/2152/1955 2397/2153/1956
f 2421/2150/1953 574/2133/1938 2398/2152/1955
f 2422/2154/1957 573/2134/1939 2421/2150/1953
f 573/2134/1939 2422/2154/1957 2400/2102/1913
f 2381/2103/1914 2366/2077/1889 2400/2102/1913
f 2401/2155/1958 2424/2156/1959 2425/2157/1960
f 2402/2158/1961 2426/2159/1962 713/2160/1963
f 2426/2159/1962 2403/2135/1940 713/2160/1963
f 2426/2159/1962 2404/2136/1941 2403/2135/1940
f 2404/2136/1941 2426/2159/1962 2427/2161/1964
f 2427/2161/1964 2428/2162/1965 2404/2136/1941
f 2428/2162/1965 2405/2111/1922 2404/2136/1941
f 2431/2115/1898 2385/2117/1925 2430/2163/1966
f 2434/2164/1967 2412/2143/1946 2411/2142/1945
f 2434/2164/1967 2413/2165/1968 2412/2143/1946
f 2437/2166/1969 2415/2145/1948 2414/2144/1947
f 2437/2166/1969 2416/2148/1951 2415/2145/1948
f 2416/2148/1951 2437/2166/1969 2417/2167/1970
f 2418/253/250 2438/2168/1971 2439/2169/1972
f 2419/2151/1954 2440/2170/1973 2420/2149/1952
f 2441/2171/1974 2427/2161/1964 2426/2159/1962
f 2442/2172/1975 131/2173/1976 2428/2162/1965
f 2432/2174/1977 2445/2175/1978 2409/2176/1979
f 2445/2175/1978 2433/2177/1980 2409/2176/1979
f 2445/2175/1978 2446/2178/1981 2433/2177/1980
f 2446/2178/1981 2447/2179/1982 2435/2180/1983
f 2435/2180/1983 2411/2142/1945 2433/2177/1980
f 2447/2179/1982 584/2181/1984 2436/2182/1985
f 584/2181/1984 97/2183/1986 2436/2182/1985
f 583/2184/1987 2437/2166/1969 2413/2165/1968
f 2449/2185/1988 2438/2168/1971 2448/2186/1989
f 2439/2169/1972 2452/2187/1990 2440/2170/1973
f 2440/2170/1973 2452/2187/1990 2453/2188/1991
f 2426/2159/1962 2402/2158/1961 2453/2188/1991
f 2453/2188/1991 2441/2171/1974 2426/2159/1962
f 2455/2189/1992 2442/2172/1975 2441/2171/1974
f 2458/2190/1993 601/291/288 600/290/287
f 601/291/288 2457/2191/1994 2454/2192/1995
f 2451/2193/1996 2459/2194/1997 2452/2187/1990
f 2451/2193/1996 2450/2195/1998 2459/2194/1997
f 2449/2185/1988 97/2183/1986 585/2196/1999
f 2449/2185/1988 583/2184/1987 97/2183/1986
f 2451/2193/1996 2438/2168/1971 2450/2195/1998
f 2457/2191/1994 2456/2197/2000 2454/2192/1995
f 2372/2090/1901 2352/2089/1900 2371/2198/1899
f 2306/2199/2001 2339/2073/1885 2341/2072/1884
f 92/2037/1857 559/1995/1825 2247/2200/2002
f 2461/2201/2003 2462/2202/2004 2226/1908/1746
f 741/2203/2005 2463/2204/2006 763/420/415
f 2465/2205/2007 764/2206/1363 763/420/415
f 1871/1470/1365 764/1468/1363 1872/2207/2008
f 2467/2208/2009 1873/2209/2010 1872/2210/2008
f 2469/2211/2011 2470/2212/2012 847/2213/2013
f 1877/1471/1366 847/2213/2013 2471/2214/2014
f 1877/1471/1366 1876/2215/2015 847/2213/2013
f 2475/2216/1369 1138/1472/1367 1877/1471/1366
f 2474/2217/2016 2476/2218/2017 2477/2219/2018
f 2477/2220/2018 1879/1478/1372 2474/2221/2016
f 2480/2222/2019 2481/2223/2020 1882/2224/2021
f 2481/2223/2020 1286/2225/1379 1285/926/873
f 2484/2226/2022 1884/1488/1382 1291/931/878
f 2485/2227/2023 2460/2228/2024 1884/1488/1382
f 2460/2228/2024 1885/1489/1383 1884/1488/1382
f 2487/2229/2025 2488/2230/2026 2462/2202/2004
f 2463/2231/2006 2465/2232/2007 2464/2233/2027
f 2465/2205/2007 2489/2234/2028 2490/2235/2029
f 2490/2235/2029 2466/2236/2030 2465/2205/2007
f 2467/2208/2009 2466/2237/2030 2491/2238/2031
f 2492/2239/2032 1873/2209/2010 2467/2208/2009
f 2492/2239/2032 2468/2240/2033 1873/2209/2010
f 2492/2239/2032 2493/2241/2034 2468/2240/2033
f 2494/2242/2035 2495/2243/2036 2493/2241/2034
f 2493/2241/2034 2495/2243/2036 2469/2211/2011
f 2470/2212/2012 2469/2211/2011 2495/2243/2036
f 2472/2244/2037 2470/2212/2012 2495/2243/2036
f 2472/2244/2037 2496/2245/2038 2497/2246/2039
f 2477/2219/2018 2499/2247/2040 2478/2248/2041
f 2480/2222/2019 2478/2249/2041 2500/2250/2042
f 2500/2251/2042 2520/2252/2043 2481/2253/2020
f 2481/2223/2020 2480/2222/2019 2500/2250/2042
f 2482/1487/1381 1883/1486/1380 2481/2253/2020
f 2482/1487/1381 2522/2254/2044 2483/2255/2045
f 2503/2256/2046 2484/2226/2022 2502/2257/2047
f 2503/2256/2046 2485/2227/2023 2484/2226/2022
f 2505/2258/2048 2487/2259/2025 2461/2260/2003
f 2507/2261/2049 2508/2262/2050 2488/2263/2026
f 2488/2263/2026 2508/2262/2050 2463/2231/2006
f 2489/2264/2028 2463/2231/2006 2508/2262/2050
f 805/2265/2051 152/2266/2052 2490/2267/2029
f 804/2268/2053 2494/2242/2035 2492/2239/2032
f 2509/2269/2054 2494/2242/2035 804/2268/2053
f 2509/2269/2054 2528/2270/2055 2510/2271/2056
f 2510/2271/2056 2494/2242/2035 2509/2269/2054
f 2510/2271/2056 2495/2243/2036 2494/2242/2035
f 2510/2271/2056 2511/2272/2057 2512/2273/2058
f 2513/2274/2059 2512/2273/2058 2514/2275/2060
f 2514/2275/2060 2496/2245/2038 2513/2274/2059
f 2497/2246/2039 2496/2245/2038 2517/2276/2061
f 2517/2276/2061 163/2277/2062 2497/2246/2039
f 2499/2247/2040 2477/2219/2018 2476/2218/2017
f 2520/2252/2043 2500/2251/2042 2501/2278/2063
f 2522/2254/2044 2482/1487/1381 2521/2279/2064
f 2522/2254/2044 2523/2280/2065 2502/2257/2047
f 2505/2258/2048 2486/2281/2066 2504/2282/2067
f 2507/2261/2049 2526/2283/2068 2508/2262/2050
f 2526/2283/2068 2527/2284/2069 2508/2262/2050
f 2527/2284/2069 2528/2270/2055 805/2265/2051
f 2511/2272/2057 2510/2271/2056 2528/2270/2055
f 2511/2272/2057 2529/2285/2070 2530/2286/2071
f 2530/2286/2071 2512/2273/2058 2511/2272/2057
f 2515/2287/2072 2518/2288/2073 2516/2289/2074
f 2531/2290/2075 2532/2291/2076 2515/2287/2072
f 2523/2292/2065 2533/2293/2077 2524/2294/2078
f 2527/2284/2069 2526/2283/2068 826/2295/2079
f 2533/2293/2077 2523/2292/2065 2531/2290/2075
f 2507/2261/2049 2506/2296/2080 2526/2283/2068
f 2476/2218/2017 163/2277/2062 2499/2247/2040
f 2497/2246/2039 163/2277/2062 2498/2297/2081
f 2216/1899/1738 665/1900/345 662/2298/2082
f 2211/2299/2083 690/2300/2084 689/2301/2085
f 141/421/416 762/1886/1364 2210/1885/1725
f 2205/2302/1735 2203/1875/1719 663/2303/1736
f 2164/1834/1682 2163/1831/1680 2193/2015/1842
f 2534/1863/1708 272/83/80 2169/1842/1688
f 2169/1842/1688 272/83/80 2074/1843/1689
f 2172/2304/2086 1856/2305/1351 2536/2306/2087
f 2540/2307/1694 1858/2308/1692 2539/2309/2088
f 2540/2307/1694 2541/2310/2089 2174/2311/2090
f 2542/2312/2091 2543/2313/2092 2176/2314/1695
f 2543/2313/2092 2177/2315/1697 2176/2314/1695
f 2545/2316/2093 495/228/225 2179/1854/1699
f 409/2317/2094 2189/2318/2095 2187/2319/1706
f 2549/2320/2096 2550/2321/2097 2191/2322/2098
f 2563/2323/2099 2552/2324/2100 2551/2325/2101
f 2552/2326/2100 2535/1845/1691 2170/1844/1690
f 2537/2327/2102 2554/2328/2103 2172/2329/2086
f 2538/2330/2104 2567/2331/2105 2173/2332/1693
f 2544/2333/2106 2545/2334/2093 2543/2313/2092
f 2556/211/208 2557/2335/2107 2545/2334/2093
f 2557/2336/2107 2546/2337/2108 2545/2316/2093
f 2558/2338/2109 2186/2339/1703 2547/2340/2110
f 2559/2341/2111 2560/2342/2112 411/2343/2113
f 411/2343/2113 62/2344/2114 2559/2341/2111
f 2561/2345/2115 62/2344/2114 411/2343/2113
f 2561/2345/2115 2549/2320/2096 62/2344/2114
f 2550/2321/2097 2562/2346/2116 2563/2323/2099
f 2563/2323/2099 2191/2322/2098 2550/2321/2097
f 2552/2324/2100 2563/2323/2099 2564/2347/2117
f 2565/2348/2118 2537/2327/2102 2553/2349/2119
f 2567/2331/2105 2538/2330/2104 2566/2350/2120
f 2570/2351/2121 2555/2352/2122 2541/2310/2089
f 469/212/209 2544/2333/2106 2543/2313/2092
f 390/2353/2123 391/2354/2124 2573/2355/2125
f 391/2354/2124 2575/2356/2126 2574/2357/2127
f 2575/2356/2126 2561/2345/2115 2574/2357/2127
f 2575/2356/2126 2562/2346/2116 2561/2345/2115
f 2577/2358/2128 2565/2348/2118 2564/2347/2117
f 2567/2331/2105 390/2353/2123 2569/2359/2129
f 2569/2359/2129 2568/2360/2130 2567/2331/2105
f 2566/2350/2120 2576/2361/2131 2567/2331/2105
f 2575/2356/2126 391/2354/2124 2576/2361/2131
f 468/210/207 2574/2357/2127 2560/2342/2112
f 2560/2342/2112 2559/2341/2111 2578/2362/2132
f 495/228/225 2545/2316/2093 2546/2337/2108
f 2069/2363/1505 2580/2364/2133 2581/2365/2134
f 2581/2365/2134 1981/1629/1506 2069/2363/1505
f 2581/2365/2134 2580/2364/2133 2582/2366/2135
f 1984/2367/2136 1785/1632/1508 1983/1633/1509
f 1984/2367/2136 2585/2368/2137 2588/2369/2138
f 2588/2369/2138 2586/2370/2139 1984/2367/2136
f 208/2371/2140 1788/2372/2141 1786/1373/1276
f 2587/2373/2142 2052/1697/1569 2051/1696/1568
f 2053/2374/2143 2052/1697/1569 2589/2375/2144
f 302/107/104 2026/1669/1541 2055/2376/2145
f 2593/2377/2146 2594/105/102 302/107/104
f 2594/105/102 2595/2378/2147 303/106/103
f 2595/2378/2147 2058/2379/2148 2057/2380/2149
f 267/2381/2150 2062/2382/2151 2012/1702/1574
f 2599/2383/2152 2063/1701/1573 2062/2382/2151
f 2599/2383/2152 2064/1699/1571 2063/1701/1573
f 2600/2384/2153 2602/2385/2154 2066/1704/1576
f 2067/1707/1579 2066/1704/1576 2602/2385/2154
f 2602/2385/2154 2580/2364/2133 2067/1707/1579
f 2601/2386/2155 2580/2364/2133 2602/2385/2154
f 2601/2386/2155 2583/2387/2156 2580/2364/2133
f 2603/2388/2157 2583/2387/2156 2601/2386/2155
f 2583/2387/2156 2604/2389/2158 2584/2390/2159
f 2585/2368/2137 1984/2367/2136 2584/2390/2159
f 2590/2391/2160 2588/2369/2138 2585/2368/2137
f 2590/2391/2160 2610/2392/2161 2605/2393/2162
f 2605/2393/2162 2591/2394/2163 2590/2391/2160
f 2591/2394/2163 2605/2393/2162 2606/2395/2164
f 2606/2395/2164 2593/2377/2146 2591/2394/2163
f 2596/2396/2165 2595/2378/2147 2607/2397/2166
f 2603/2388/2157 2608/2398/2167 2583/2387/2156
f 2608/2398/2167 2610/2392/2161 2604/2389/2158
f 2062/2382/2151 267/2381/2150 2609/2399/2168
f 2056/2400/2169 303/106/103 2057/2380/2149
f 2026/1669/1541 302/107/104 303/106/103
f 2039/1695/1567 208/2371/2140 2587/2373/2142
f 2006/2401/1529 2005/1650/1525 2010/1700/1572
f 1951/1590/1472 42/1581/122 332/2402/121
f 1944/1620/1498 231/1619/1497 1936/1577/1461
f 1766/2403/2170 14/1588/1470 1931/1587/1469
f 1929/1567/1451 14/1588/1470 219/1565/1449
f 365/143/140 366/142/139 1918/1541/1427
f 366/142/139 54/1542/1430 1918/1541/1427
f 1907/2404/2171 2611/2405/2172 473/219/216
f 1907/2404/2171 417/168/165 2611/2405/2172
f 2612/2406/2173 2650/216/213 2611/2405/2172
f 2650/216/213 473/219/216 2611/2405/2172
f 2611/2405/2172 2613/2407/2174 2612/2406/2173
f 419/170/167 2617/2408/2175 2613/2407/2174
f 2613/2407/2174 2615/2409/2176 540/2410/2177
f 2616/2411/2178 540/2410/2177 2615/2409/2176
f 541/2412/2179 540/2410/2177 2616/2411/2178
f 2618/2413/2180 2619/2414/2181 542/2415/2182
f 1743/2416/2183 1744/2417/2184 2618/2413/2180
f 1742/2418/2185 2624/2419/2186 2622/2420/2187
f 2627/2421/2188 1740/2422/2189 1739/2423/2190
f 1739/2423/2190 2628/2424/2191 2627/2421/2188
f 2631/2425/2192 1737/1334/1241 2633/2426/2193
f 1589/1189/1110 2636/2427/2194 2635/2428/2195
f 2637/1004/947 1366/2429/2196 2636/2427/2194
f 1366/2429/2196 2635/2428/2195 2636/2427/2194
f 1370/2430/2197 2637/1004/947 2636/2427/2194
f 2636/2427/2194 1589/1189/1110 1370/2430/2197
f 1588/2431/2198 1372/2432/2199 1370/2430/2197
f 2632/2433/2200 2631/2425/2192 2634/2434/2201
f 2638/2435/2202 2630/2436/2203 2632/2433/2200
f 2638/2435/2202 2639/2437/2204 2630/2436/2203
f 2639/2437/2204 2626/2438/2205 2630/2436/2203
f 2639/2437/2204 2624/2419/2186 2626/2438/2205
f 2639/2437/2204 2640/2439/2206 2641/2440/2207
f 2641/2440/2207 2624/2419/2186 2639/2437/2204
f 2623/2441/2208 2622/2420/2187 2641/2440/2207
f 625/317/314 624/316/313 2623/2441/2208
f 624/316/313 2643/2442/2209 2642/2443/2210
f 2643/2442/2209 624/316/313 107/318/315
f 107/318/315 670/2444/2211 2643/2442/2209
f 1345/986/930 543/2445/2212 1346/351/348
f 2644/2446/2213 543/2445/2212 1345/986/930
f 2644/2446/2213 2645/2447/2214 543/2445/2212
f 2648/2448/2215 2649/2449/2216 2612/2406/2173
f 2612/2406/2173 2614/2450/2217 2648/2448/2215
f 2650/216/213 2612/2406/2173 2649/2449/2216
f 2653/2451/2218 2654/2452/2219 1322/2453/912
f 2657/2454/2220 2658/2455/2221 1327/2456/2222
f 2661/2457/2223 1332/975/921 2660/2458/2224
f 2662/2459/2225 1333/976/922 1332/975/921
f 2664/2460/2226 2665/2461/2227 603/295/292
f 2665/2461/2227 2666/2462/2228 1335/2463/2229
f 1337/2464/2230 1338/2465/2231 1336/2466/925
f 1337/2464/2230 1343/2467/928 1338/2465/2231
f 1343/983/928 1342/982/927 1338/2468/2231
f 2667/2469/2232 2644/2446/2213 1343/2467/928
f 2645/2447/2214 2644/2446/2213 2668/2470/2233
f 2645/2471/2214 2669/2472/2234 2646/2473/2235
f 2670/2474/2236 2671/2475/2237 2648/2448/2215
f 2648/2448/2215 2647/2476/2238 2670/2474/2236
f 2671/2475/2237 2672/2477/2239 2649/2449/2216
f 2649/2449/2216 2648/2448/2215 2671/2475/2237
f 2672/2477/2239 2673/2478/2240 2649/2449/2216
f 2649/2449/2216 2673/2478/2240 2651/2479/2241
f 2673/2478/2240 2674/2480/2242 2652/2481/2243
f 2674/2482/2242 2675/2483/2244 2652/2484/2243
f 2676/2485/2245 523/2486/2246 2652/2481/2243
f 2676/2487/2245 2677/2488/2247 2653/2451/2218
f 2653/2489/2218 523/2486/2246 2676/2485/2245
f 2654/2452/2219 2653/2451/2218 2677/2488/2247
f 2677/2488/2247 597/2490/2248 2654/2452/2219
f 596/2491/2249 2659/2492/2250 2657/2454/2220
f 2657/2454/2220 2659/2492/2250 2658/2455/2221
f 2679/2493/2251 2663/2494/2252 2678/2495/2253
f 2682/2496/2254 604/293/290 2663/2494/2252
f 2682/2496/2254 2684/294/291 604/293/290
f 2684/294/291 2664/2460/2226 603/295/292
f 2685/2497/2255 2686/2498/2256 2664/2460/2226
f 2665/2499/2227 2667/2469/2232 2666/2500/2228
f 2686/2501/2256 2668/2470/2233 2665/2499/2227
f 2686/2502/2256 2685/2503/2255 2669/2472/2234
f 2669/2472/2234 2645/2471/2214 2686/2502/2256
f 2672/2477/2239 2671/2475/2237 2688/2504/2257
f 522/2505/2258 2690/2506/2259 2674/2482/2242
f 2674/2482/2242 2690/2506/2259 2675/2483/2244
f 2690/2506/2259 2691/2507/2260 2676/2487/2245
f 2676/2487/2245 2691/2507/2260 2677/2488/2247
f 597/2490/2248 2677/2488/2247 2691/2507/2260
f 2691/2507/2260 2690/2506/2259 2694/2508/2261
f 2683/2509/2262 2685/2497/2255 2684/294/291
f 2695/2510/2263 2687/2511/2264 2683/2509/2262
f 2696/2512/2265 627/319/316 625/317/314
f 625/317/314 2641/2440/2207 2696/2512/2265
f 2640/2439/2206 2638/2435/2202 2698/2513/2266
f 1363/1001/944 1362/999/942 1364/2514/2267
f 1357/994/937 2699/2515/2268 2697/2516/2269
f 2699/2515/2268 2696/2512/2265 2697/2516/2269
f 2699/2515/2268 2700/2517/2270 628/2518/2271
f 628/2518/2271 627/319/316 2699/2515/2268
f 2700/2517/2270 652/2519/2272 628/2518/2271
f 2701/2520/2273 2702/2521/2274 2700/2517/2270
f 2702/2521/2274 717/2522/2275 654/340/337
f 654/340/337 653/339/336 2702/2521/2274
f 2702/2521/2274 2701/2520/2273 1355/2523/2276
f 1357/994/937 1356/993/936 2699/2515/2268
f 2641/2440/2207 2640/2439/2206 2696/2512/2265
f 2628/2424/2191 1739/2423/2190 1738/1335/1242
f 2621/2524/2277 465/205/202 1727/1340/1247
f 2617/2408/2175 2703/2525/2278 1746/2526/2279
f 2617/2408/2175 420/2527/2280 2703/2525/2278
f 2707/2528/2281 1747/2529/2282 2703/2525/2278
f 2708/2530/2283 298/104/101 1756/2531/2284
f 2708/2530/2283 2709/2532/2285 345/2533/2286
f 2708/2530/2283 1753/2534/2287 2709/2532/2285
f 2709/2535/2285 1753/2536/2287 2707/2528/2281
f 2707/2528/2281 2704/2537/2288 2709/2535/2285
f 2704/2537/2288 64/169/166 421/2538/2289
f 421/2538/2289 2709/2535/2285 2704/2537/2288
f 421/2538/2289 418/138/135 345/2539/2286
f 2617/2408/2175 419/170/167 420/2527/2280
f 2614/2450/2217 540/2410/2177 88/2540/2290
f 785/1499/1393 1890/1497/1391 1310/1502/1396
f 1871/1470/1365 788/749/718 147/387/382
f 1805/1382/1284 1796/2541/2291 1795/1383/1285
f 1790/1378/1280 186/12/12 1776/2542/2292
f 1757/103/100 289/95/92 1758/1355/1259
f 1729/1327/1234 1653/1248/1166 1731/1325/1232
f 1697/1298/1208 1695/1297/1207 1720/2543/2293
f 1720/2543/2293 1718/1319/1227 1697/1298/1208
f 1718/1319/1227 1715/1317/1225 1714/2544/2294
f 1714/2544/2294 1697/1298/1208 1718/1319/1227
f 2710/2545/2295 282/2546/2296 1699/1301/1211
f 1705/1310/1218 1703/2547/1217 282/2546/2296
f 1708/1313/1221 1705/1310/1218 2710/2545/2295
f 1686/1287/1198 1661/1286/1197 1660/2548/2297
f 1683/1263/1176 324/1231/1152 1662/2549/2298
f 1634/1278/1149 1664/1280/1180 1676/1279/1191
f 1649/1241/1161 2711/2550/2299 552/2551/256
f 552/2551/256 2711/2550/2299 1593/2552/2300
f 1594/2553/2301 1582/2554/2302 1593/2552/2300
f 1609/2555/2303 2713/2556/2304 1599/1193/1114
f 2713/2556/2304 2714/2557/2305 1600/1196/1117
f 1600/1196/1117 1599/1193/1114 2713/2556/2304
f 2714/2557/2305 342/2558/2306 1601/1197/1118
f 1601/1197/1118 1600/1196/1117 2714/2557/2305
f 1604/1203/1124 341/2559/2307 342/2558/2306
f 1594/2553/2301 500/1214/1135 502/2560/2308
f 1594/2553/2301 1618/1215/1136 500/1214/1135
f 2711/2550/2299 1649/1241/1161 1648/1239/1159
f 1645/2561/1157 1606/1217/1138 1620/1216/1137
f 453/197/194 455/196/193 1643/1258/1173
f 1623/2562/1139 1622/2563/2309 1643/1258/1173
f 1602/1200/1121 341/2559/2307 1604/1203/1124
f 1586/1188/1109 1376/2564/2310 1375/1008/951
f 1376/2564/2310 2716/2565/2311 1378/2566/2312
f 593/288/285 1378/2566/2312 594/289/286
f 2716/2565/2311 595/2567/2313 594/289/286
f 595/2567/2313 555/263/260 2717/2568/2314
f 2717/2568/2314 2718/2569/2315 2719/2570/2316
f 2719/2570/2316 2720/2571/2317 2717/2568/2314
f 592/287/284 100/286/283 2720/2571/2317
f 592/287/284 2721/2572/2318 1380/1011/954
f 1381/2573/2319 1380/1011/954 2721/2572/2318
f 2727/2574/2320 1389/1016/959 1387/1015/958
f 2728/2575/2321 1390/1017/960 1389/1016/959
f 2730/2576/2322 1393/2577/2323 1390/1017/960
f 1396/2578/2324 2732/2579/2325 1397/2580/2326
f 2733/2581/2327 2760/2582/2328 2734/2583/2329
f 1401/1022/965 1400/1021/964 2735/2584/2330
f 2735/2584/2330 1402/2585/2331 1401/1022/965
f 1402/2585/2331 2736/456/451 1403/2586/2332
f 2736/456/451 1406/455/450 1403/2586/2332
f 1406/455/450 815/454/449 1408/1030/973
f 1408/1030/973 1407/1028/971 1406/455/450
f 2738/2587/2333 962/469/464 1410/1031/974
f 1412/2588/2334 2739/2589/2335 2740/2590/2336
f 2740/2590/2336 1413/2591/975 963/548/539
f 2740/2592/2336 1415/2593/2337 1414/1035/978
f 1415/2593/2337 1417/2594/981 1416/1037/980
f 2741/2595/2338 2739/2596/2335 2743/2597/2339
f 1415/2593/2337 2740/2592/2336 2739/2596/2335
f 1411/2598/2340 2744/2599/2341 2743/2600/2339
f 2744/2599/2341 2745/2601/2342 2742/2602/2343
f 2745/2603/2342 2746/2604/2344 2742/2605/2343
f 2749/475/470 160/474/469 2746/2604/2344
f 2746/2604/2344 160/474/469 2742/2605/2343
f 2746/2604/2344 2747/2606/2345 2749/475/470
f 2748/2607/2346 2749/475/470 2747/2606/2345
f 2754/2608/2347 2763/2609/2348 2753/2610/2349
f 2735/2584/2330 2734/2583/2329 2757/2611/2350
f 2757/2611/2350 2758/2612/2351 2735/2584/2330
f 1402/2585/2331 2735/2584/2330 2758/2612/2351
f 2758/2612/2351 2736/456/451 1402/2585/2331
f 2759/2613/2352 816/2614/2353 815/454/449
f 2745/2601/2342 2744/2599/2341 2737/2615/2354
f 2736/456/451 2758/2612/2351 2755/2616/2355
f 2734/2583/2329 2760/2582/2328 2756/2617/2356
f 2756/2617/2356 2760/2582/2328 798/2618/2357
f 798/2618/2357 2760/2582/2328 2761/2619/2358
f 2762/2620/2359 2763/2621/2348 797/2622/2360
f 767/2623/2361 842/472/467 2749/475/470
f 2764/2624/2362 142/2625/2363 767/2626/2361
f 2761/2619/2358 2732/2627/2325 2767/2628/2364
f 2769/2629/2365 142/2625/2363 2766/2630/2366
f 2774/2631/2367 2773/2632/2368 2772/2633/2369
f 2776/2634/2370 527/2635/2371 2778/2636/2372
f 2780/2637/2373 2779/2638/2374 2778/2639/2372
f 2782/2640/2375 2784/2641/2376 2783/2642/2377
f 2788/2643/2378 2787/2644/2379 2789/2645/2380
f 2789/2645/2380 102/2646/2381 2788/2643/2378
f 2792/2647/2382 2793/2648/2383 2790/2649/2384
f 2794/2650/2385 3008/2651/2386 2795/2652/2387
f 614/303/300 2794/2650/2385 2795/2652/2387
f 2795/2652/2387 2796/2653/2388 614/303/300
f 2796/2653/2388 2798/2654/2389 614/303/300
f 2799/2655/2390 2800/2656/2391 611/301/298
f 2801/2657/2392 612/302/299 611/301/298
f 598/2658/2393 2804/2659/2394 2783/2642/2377
f 599/2660/2395 598/2658/2393 2788/2643/2378
f 2788/2643/2378 102/2646/2381 599/2660/2395
f 102/2646/2381 2793/2648/2383 599/2660/2395
f 599/2660/2395 2793/2648/2383 106/2661/2396
f 2794/2650/2385 614/303/300 106/2661/2396
f 2793/2648/2383 2792/2647/2382 2794/2650/2385
f 599/2660/2395 613/300/297 598/2658/2393
f 598/2658/2393 613/300/297 2804/2659/2394
f 2804/2659/2394 613/300/297 2803/2662/2397
f 2779/2638/2374 2781/2663/2398 2804/2659/2394
f 2775/2664/2399 2773/2632/2368 2777/2665/2400
f 2806/365/362 700/364/361 2775/2664/2399
f 2809/2666/2401 766/2667/2402 703/2668/2403
f 766/2667/2402 765/2669/2404 703/2668/2403
f 703/2670/2403 765/2671/2404 702/368/365
f 842/472/467 767/2623/2361 766/2667/2402
f 2813/2672/2405 1420/1040/982 972/557/547
f 2813/2672/2405 2815/2673/2406 1421/2674/2407
f 1421/2674/2407 1420/1040/982 2813/2672/2405
f 2816/2675/2408 2817/2676/2409 2818/2677/2410
f 2818/2677/2410 1424/2678/2411 2816/2675/2408
f 1427/2679/573 992/2680/572 2819/2681/2412
f 1427/2682/573 3041/2683/2413 1428/2684/983
f 2821/2685/2414 1429/2686/986 994/1043/985
f 2821/2687/2414 2822/2688/2415 1429/2689/986
f 2822/2688/2415 2823/2690/2416 1429/2689/986
f 2823/2690/2416 2824/2691/2417 1430/1048/988
f 1430/1048/988 865/1047/987 2823/2690/2416
f 2826/2692/2418 2827/2693/2419 1432/2694/2420
f 2827/2693/2419 2828/2695/2421 1432/2694/2420
f 1432/2694/2420 2828/2695/2421 1433/2696/990
f 1436/1053/993 1433/1050/990 2828/2697/2421
f 2828/2698/2421 3052/2699/2422 1436/2700/993
f 2831/2701/2423 3054/2702/2424 1439/1056/996
f 2833/2703/2425 643/2704/2426 1443/1058/998
f 1445/1062/1002 643/2704/2426 617/309/306
f 590/2705/2427 617/309/306 2834/2706/2428
f 3185/2707/2429 589/2708/2430 588/2709/2431
f 2835/2710/2432 478/2711/2433 589/2708/2430
f 478/2711/2433 588/2709/2431 589/2708/2430
f 478/2711/2433 2836/2712/2434 1447/2713/2435
f 2838/2714/2436 1448/2715/2437 1447/2716/2435
f 2837/2717/2438 2839/2718/2439 2838/2714/2436
f 637/327/324 1456/2719/2440 638/328/325
f 2842/2720/2441 2843/2721/2442 637/327/324
f 1456/2722/2440 2843/2723/2442 1460/1073/1009
f 2844/2724/2443 608/296/293 1461/1074/1010
f 2845/2725/2444 2844/2724/2443 2843/2723/2442
f 610/2726/2445 2845/2727/2444 620/310/307
f 2842/2720/2441 620/310/307 2845/2727/2444
f 2845/2727/2444 2843/2721/2442 2842/2720/2441
f 2846/2728/2446 576/2729/2447 2847/2730/2448
f 2846/2728/2446 621/311/308 2841/2731/2449
f 2848/2732/2450 2849/2733/2451 2847/2730/2448
f 2847/2730/2448 576/2729/2447 2848/2732/2450
f 2850/2734/2452 606/2735/2453 2849/2736/2451
f 2849/2736/2451 606/2735/2453 605/2737/2454
f 506/236/233 2851/2738/2455 607/299/296
f 607/299/296 606/2735/2453 506/236/233
f 536/2739/2456 535/1078/1014 2851/2738/2455
f 506/236/233 505/235/232 2851/2738/2455
f 505/235/232 2852/2740/2457 2853/2741/2458
f 1469/2742/2459 1466/2743/2460 2853/2741/2458
f 1469/2742/2459 447/191/188 1471/2744/2461
f 2854/2745/2462 438/180/177 447/191/188
f 2855/2746/2463 2856/2747/2464 438/180/177
f 2856/2747/2464 2857/2748/2465 2858/2749/2466
f 2858/2749/2466 68/181/178 2856/2747/2464
f 321/2750/2467 437/179/176 436/182/179
f 2862/2751/2468 2863/2752/2469 437/179/176
f 2863/2752/2469 2864/2753/2470 1473/1083/1019
f 1473/1083/1019 70/189/186 2863/2752/2469
f 2865/2754/2471 2866/1085/1021 1473/1083/1019
f 1473/1083/1019 2866/1085/1021 1474/1084/1020
f 2872/2755/2472 2871/2756/2473 2870/2757/2474
f 2874/2758/2475 2875/2759/2476 1518/2760/1059
f 2879/2761/2477 3601/2762/2478 258/74/71
f 2881/2763/2479 2882/2764/2480 1523/2765/2481
f 2883/2766/2482 1524/1137/1062 320/120/117
f 24/60/58 1524/1137/1062 2883/2766/2482
f 245/61/59 3201/2767/2483 247/62/60
f 3201/2767/2483 2884/2768/2484 247/62/60
f 2891/2769/2485 1534/2770/2486 2890/2771/1066
f 2891/2769/2485 1535/2772/2487 1534/2770/2486
f 1536/1144/1069 1535/2773/2487 2894/2774/2488
f 2894/2774/2488 2895/2775/2489 1536/1144/1069
f 2900/1150/1074 1539/1149/1073 2898/2776/2490
f 211/35/33 2904/2777/2491 2903/2778/2492
f 2903/2778/2492 2904/2777/2491 220/44/42
f 2904/2777/2491 2905/2779/2493 2906/2780/2494
f 2906/2780/2494 220/44/42 2904/2777/2491
f 2908/2781/2495 2907/2782/2496 2906/2780/2494
f 2911/2783/2497 268/2784/2498 2907/2782/2496
f 2912/2785/2499 2910/2786/2500 2911/2783/2497
f 2912/2785/2499 2913/2787/2501 2914/2788/2502
f 2920/2789/2503 2921/2790/2504 2919/2791/2505
f 2925/2792/2506 509/242/239 2924/2793/2507
f 509/242/239 508/241/238 2715/2794/2508
f 2715/2794/2508 1586/1188/1109 2926/1187/1108
f 2926/1187/1108 1585/1186/1107 2924/2793/2507
f 1585/1186/1107 1583/2795/2509 2922/2796/2510
f 2922/2796/2510 2924/2793/2507 1585/1186/1107
f 1583/2795/2509 2927/2797/1098 2920/2789/2503
f 2920/2789/2503 2922/2796/2510 1583/2795/2509
f 2921/2790/2504 2920/2789/2503 2927/2797/1098
f 2919/2798/2505 2921/2799/2504 2928/2800/2511
f 2928/2800/2511 2918/2801/2512 2919/2798/2505
f 2931/2802/2513 2912/2785/2499 2916/2803/2514
f 2932/2804/2515 270/2805/2516 31/2806/2517
f 2932/2807/2515 1556/1165/1087 270/2808/2516
f 271/2809/2518 2935/2810/2519 221/46/44
f 221/46/44 31/2806/2517 271/2809/2518
f 222/2811/2520 2937/2812/2521 15/45/43
f 2943/2813/2522 1545/2814/2523 2942/2815/2524
f 2942/2815/2524 2944/2816/2525 242/2817/2526
f 2942/2815/2524 242/2817/2526 2943/2813/2522
f 2947/2818/2527 2949/2819/2528 2948/2820/2529
f 2955/2821/2530 277/2822/2531 2956/2823/2532
f 2960/2824/2533 2933/2825/2534 1554/97/94
f 2962/2826/2535 2936/2827/2536 2935/2810/2519
f 2962/2826/2535 2963/2828/2537 2936/2827/2536
f 2963/2828/2537 2964/2829/2538 2936/2827/2536
f 2939/2830/2539 2938/2831/2540 261/78/75
f 261/78/75 2940/2832/2541 2939/2830/2539
f 262/77/74 2946/2833/2542 2945/2834/2543
f 301/2835/2544 2965/2836/2545 2946/2833/2542
f 2967/2837/2546 2968/2838/2547 2951/2839/2548
f 2968/2838/2547 278/2840/2549 2955/2821/2530
f 2969/2841/2550 2973/2842/2551 2958/2843/2552
f 2973/2842/2551 2970/2844/2553 2959/2845/2554
f 2961/2846/2555 2971/2847/2556 2934/2848/2557
f 2971/2847/2556 300/2849/2558 2962/2850/2535
f 300/2849/2558 2972/2851/2559 2963/2852/2537
f 2938/2831/2540 2964/2853/2538 260/76/73
f 2961/2846/2555 299/2854/2560 2971/2847/2556
f 2968/2838/2547 2967/2837/2546 2973/2842/2551
f 2973/2842/2551 2969/2841/2550 2968/2838/2547
f 2957/2855/2561 280/2856/2562 279/2857/2563
f 1551/1163/1085 2959/2858/2554 1553/1164/1086
f 1551/1163/1085 2957/2859/2561 2959/2858/2554
f 1551/1163/1085 1549/1160/1082 277/2860/2531
f 1549/2861/1082 2956/2823/2532 277/2822/2531
f 1549/1160/1082 228/1159/1081 2956/2862/2532
f 228/1159/1081 1548/1158/1080 2953/2863/2564
f 1548/2864/1080 1547/2865/1079 2954/2866/2565
f 2943/2813/2522 1546/2867/1077 1545/2814/2523
f 1541/1152/1075 7/24/22 15/45/43
f 1556/1165/1087 2932/2807/2515 1558/2868/1120
f 2932/2807/2515 1559/2869/2566 1558/2868/1120
f 1559/2870/2566 2974/2871/2567 1560/2872/1089
f 1562/1168/1090 1560/1167/1089 2975/2873/2568
f 1567/1172/1094 1564/1171/1093 1562/1168/1090
f 399/156/153 1565/1173/1095 1567/1172/1094
f 1567/1172/1094 2930/2874/2569 399/156/153
f 1570/1175/1097 58/154/151 2928/2800/2511
f 2930/2874/2569 2916/2875/2514 2929/2876/2570
f 2976/2877/2571 2931/2802/2513 2930/2878/2569
f 2974/2871/2567 1559/2870/2566 269/2879/2572
f 1575/2880/1099 1583/2795/2509 1576/2881/1103
f 1584/1183/1105 1583/2795/2509 1585/1186/1107
f 2977/2882/2573 528/2883/2574 509/242/239
f 528/2883/2574 2774/2631/2367 554/261/258
f 2772/2633/2369 91/262/259 554/261/258
f 2771/2884/2575 556/2885/2576 91/262/259
f 2980/330/327 640/2886/2577 556/2885/2576
f 2718/2569/2315 2717/2568/2314 555/263/260
f 555/263/260 91/262/259 2718/2569/2315
f 2982/2887/2578 2720/2571/2317 2719/2570/2316
f 2982/2887/2578 2721/2572/2318 2720/2571/2317
f 2727/2574/2320 2726/2888/2579 2725/2889/2580
f 2770/2890/2581 2728/2575/2321 2729/2891/2582
f 2728/2575/2321 2770/2890/2581 2769/2629/2365
f 702/368/365 2770/2890/2581 2729/2891/2582
f 2987/2892/2583 701/367/364 2986/2893/2584
f 2985/2894/2585 2984/2895/2586 2987/2892/2583
f 2984/2895/2586 641/331/328 2980/330/327
f 2979/2896/2587 3228/2897/2588 528/2883/2574
f 526/2898/2589 2991/2899/2590 2990/2900/2591
f 2992/2901/2592 2990/2900/2591 2991/2899/2590
f 2991/2899/2590 2993/2902/2593 2992/2901/2592
f 2994/2903/2594 2992/2901/2592 2993/2902/2593
f 3002/2904/2595 3003/2905/2596 3001/2906/2597
f 3005/2907/2598 3006/2908/2599 126/2909/2600
f 126/2909/2600 705/2910/2601 3005/2907/2598
f 3007/2911/2602 3008/2651/2386 3009/2912/2603
f 705/2910/2601 2795/2652/2387 3007/2911/2602
f 3010/2913/2604 3011/2914/2605 705/2910/2601
f 678/2915/2606 3011/2914/2605 3012/2916/2607
f 3013/2917/2608 3014/2918/2609 3012/2916/2607
f 3016/2919/2610 2805/2920/2611 3017/2921/2612
f 3017/2921/2612 677/2922/2613 3016/2919/2610
f 3017/2921/2612 2805/2920/2611 2800/2656/2391
f 2805/2923/2611 2777/2665/2400 2801/2924/2392
f 2805/2923/2611 3016/2925/2610 2806/365/362
f 3020/2926/2614 2808/2927/2615 2807/2928/2616
f 3021/2929/2617 3022/2930/2618 2811/2931/2619
f 2811/2931/2619 2810/2932/2620 3021/2929/2617
f 809/448/443 3023/2933/2621 3024/2934/2622
f 3024/2934/2622 810/449/444 809/448/443
f 3244/2935/2623 3025/2936/2624 810/449/444
f 3028/450/445 2814/2937/2625 811/2938/2626
f 3030/2939/2627 3031/2940/2628 3032/2941/2629
f 3038/2942/2630 3039/2943/2631 1425/2944/2632
f 3041/2683/2413 1427/2682/573 3040/2945/2633
f 3041/2683/2413 3042/2946/2634 2820/2947/984
f 3042/2946/2634 3043/2948/2635 2821/2687/2414
f 2821/2687/2414 2820/2947/984 3042/2946/2634
f 3043/2948/2635 3045/2949/2636 2822/2688/2415
f 2822/2688/2415 2821/2687/2414 3043/2948/2635
f 3043/2948/2635 3044/2950/2637 3045/2949/2636
f 2824/2691/2417 2823/2690/2416 3045/2949/2636
f 3046/2951/2638 3047/2952/2639 2824/2691/2417
f 3048/2953/2640 2826/2692/2418 3047/2952/2639
f 2826/2692/2418 2825/2954/2641 3047/2952/2639
f 3049/2955/2642 3050/2956/2643 2827/2693/2419
f 3054/2702/2424 2831/2701/2423 2830/2957/2644
f 3057/2958/2645 645/334/331 646/2959/2646
f 3057/2958/2645 644/332/329 645/334/331
f 681/2960/2647 122/2961/2648 3081/2962/2649
f 3059/2963/2650 3030/2939/2627 3060/2964/2651
f 3031/2940/2628 3030/2939/2627 3059/2963/2650
f 3031/2940/2628 3059/2963/2650 3033/2965/2652
f 3033/2965/2652 3082/2966/2653 3061/2967/2654
f 3064/2968/2655 3036/2969/2656 3035/2970/2657
f 3038/2942/2630 3090/2971/2658 3039/2943/2631
f 3065/2972/2659 3066/2973/2660 3040/2974/2633
f 3042/2946/2634 3041/2683/2413 3067/2975/2661
f 3044/2950/2637 814/2976/2662 3045/2949/2636
f 814/2976/2662 3046/2951/2638 3045/2949/2636
f 3069/2977/2663 3048/2953/2640 3046/2951/2638
f 3070/2978/2664 3072/2979/2665 3071/2980/2666
f 3071/2980/2666 3072/2979/2665 3048/2953/2640
f 3053/2981/2667 3051/2982/2668 3074/2983/2669
f 3075/2984/2670 3117/2985/2671 3076/2986/2672
f 3076/2986/2672 3054/2987/2424 3075/2984/2670
f 3056/2988/2673 3055/2989/2674 3077/2990/2675
f 3119/2991/2676 3079/2992/2677 3057/2958/2645
f 3079/2992/2677 3080/2993/2678 644/332/329
f 3061/2994/2654 3062/2995/2679 3085/2996/2680
f 3085/2996/2680 3063/2997/2681 3061/2994/2654
f 3064/2968/2655 3087/2998/2682 3036/2969/2656
f 3037/2999/2683 3036/2969/2656 3087/2998/2682
f 3087/2998/2682 3089/3000/2684 3090/2971/2658
f 3090/2971/2658 3091/3001/2685 3092/3002/2686
f 3067/3003/2661 3066/2973/2660 3092/3002/2686
f 803/444/439 3068/3004/2687 3093/3005/2688
f 3093/3006/2688 3094/3007/438 803/3008/439
f 3095/3009/2689 3096/3010/2690 3094/443/438
f 3098/3011/2691 759/416/411 801/418/413
f 3098/3011/2691 3099/3012/2692 759/416/411
f 3101/3013/2693 3102/3014/2694 3099/3012/2692
f 3101/3013/2693 3100/3015/2695 3103/3016/2696
f 3103/3016/2696 3105/3017/2697 3101/3013/2693
f 3106/3018/2698 3105/3017/2697 3103/3016/2696
f 3108/3019/2699 3109/3020/2700 3106/3018/2698
f 3110/3021/2701 3111/3022/2702 3109/3020/2700
f 3116/3023/2703 3117/2985/2671 3110/3021/2701
f 3125/3024/2704 3085/2996/2680 3062/2995/2679
f 3125/3024/2704 3086/3025/2705 3085/2996/2680
f 738/3026/2706 3129/3027/2707 3128/3028/2708
f 3130/3029/2709 3094/3007/438 3093/3006/2688
f 3093/3006/2688 3091/3001/2685 3130/3029/2709
f 3132/3030/2710 3133/3031/2711 3131/3032/2712
f 3133/3031/2711 3095/3033/2689 3131/3032/2712
f 3133/3034/2711 3096/3010/2690 3095/3009/2689
f 3134/3035/2713 3097/3036/2714 3096/3010/2690
f 3135/3037/2715 3100/3015/2695 3097/3036/2714
f 3138/3038/2716 3107/3039/2717 3136/3040/2718
f 3144/3041/2719 3122/3042/2720 3120/3043/2721
f 3123/3044/2722 3122/3042/2720 3145/3045/2723
f 3146/3046/2724 3125/3024/2704 3124/3047/2725
f 3125/3024/2704 3146/3046/2724 3126/3048/2726
f 3147/3049/2727 738/3026/2706 3128/3028/2708
f 739/3050/2728 3130/3029/2709 3129/3027/2707
f 3147/3049/2727 3158/3051/2729 3148/3052/2730
f 3132/3030/2710 737/3053/2731 3148/3052/2730
f 3150/3054/2732 3133/3031/2711 3132/3030/2710
f 722/3055/2733 720/3056/2734 3133/3034/2711
f 3137/3057/2735 132/3058/2736 3151/3059/2737
f 3151/3059/2737 3136/3040/2718 3137/3057/2735
f 3152/3060/2738 3138/3038/2716 3151/3059/2737
f 3138/3061/2716 3152/3062/2738 3153/3063/2739
f 3140/3064/2740 3139/3065/2741 3153/3063/2739
f 3154/3066/2742 3155/3067/2743 3140/3064/2740
f 3155/3067/2743 3122/3042/2720 3144/3041/2719
f 3145/3045/2723 3155/3067/2743 3156/3068/2744
f 3156/3068/2744 3146/3046/2724 3145/3045/2723
f 3156/3068/2744 3157/3069/2745 3146/3046/2724
f 3146/3046/2724 3157/3069/2745 3126/3048/2726
f 3157/3069/2745 3127/3070/2746 3126/3048/2726
f 3158/3051/2729 3147/3049/2727 3157/3069/2745
f 722/3071/2733 3150/3054/2732 3149/3072/2747
f 712/3073/2748 721/3074/2749 132/3075/2736
f 3159/3076/2750 721/3074/2749 712/3073/2748
f 712/3073/2748 710/3077/2751 3159/3076/2750
f 3160/3078/2752 3156/3068/2744 3155/3067/2743
f 3160/3078/2752 711/3079/2753 3156/3068/2744
f 3152/3060/2738 3151/3059/2737 132/3058/2736
f 132/3058/2736 721/3080/2749 3152/3060/2738
f 721/3074/2749 3159/3076/2750 3152/3062/2738
f 3143/3081/2754 3120/3043/2721 3079/3082/2677
f 3117/2985/2671 3116/3023/2703 3077/3083/2675
f 3113/3084/2755 3110/3021/2701 3117/2985/2671
f 3111/3022/2702 3110/3021/2701 3113/3084/2755
f 3072/2979/2665 3070/2978/2664 3104/3085/2756
f 3070/2978/2664 3161/3086/2757 3102/3014/2694
f 3102/3014/2694 3161/3086/2757 3099/3012/2692
f 759/416/411 3099/3012/2692 3161/3086/2757
f 3069/2977/2663 154/3087/2758 3070/2978/2664
f 3070/2978/2664 3071/2980/2666 3069/2977/2663
f 708/369/366 3162/3088/2759 679/3089/2760
f 3166/3090/2761 3167/3091/2762 682/3092/2763
f 3169/3093/2764 3168/3094/2765 3170/3095/2766
f 3170/3095/2766 3171/3096/2767 3169/3093/2764
f 3171/3097/2767 3173/3098/2768 3174/306/303
f 3175/305/302 3176/3099/2769 3169/3100/2764
f 3181/3101/2770 3263/3102/2771 3182/3103/2772
f 104/307/304 3182/3104/2772 3183/308/305
f 3185/2707/2429 3186/3105/2773 3187/3106/2774
f 3187/3106/2774 589/2708/2430 3185/2707/2429
f 416/166/163 3190/3107/2775 3189/167/164
f 3189/167/164 3190/3107/2775 475/3108/2776
f 3190/3107/2775 3191/3109/2777 475/3108/2776
f 503/239/236 477/238/235 476/3110/2778
f 3193/3111/2779 2857/2748/2465 3192/3112/2780
f 2857/3113/2465 3193/3114/2779 3194/3115/2781
f 3194/3115/2781 3195/3116/2782 2858/3117/2466
f 2858/3117/2466 3195/3116/2782 2859/3118/2783
f 3196/3119/2784 2860/3120/2785 2859/3118/2783
f 41/121/118 321/3121/2467 2861/3122/2786
f 3200/119/116 3285/3123/2787 245/61/59
f 3201/2767/2483 3202/3124/2788 2884/2768/2484
f 3202/3124/2788 3203/3125/2789 2884/2768/2484
f 3206/3126/2790 2885/3127/2791 3205/3128/2792
f 2886/3129/2793 2885/3127/2791 3206/3126/2790
f 2889/3130/2794 3208/3131/2795 2891/2769/2485
f 2893/3132/2796 3212/3133/2797 2894/3134/2488
f 3212/3133/2797 10/3135/2798 2895/3136/2489
f 2895/3136/2489 10/3135/2798 1538/3137/2799
f 3215/3138/2800 207/3139/2801 3214/3140/2802
f 207/3139/2801 206/3141/1072 10/3135/2798
f 3220/3142/2803 3221/3143/2804 3219/3144/2805
f 3221/3143/2804 3302/3145/2806 2902/3146/2807
f 2902/3146/2807 2901/3147/2808 3221/3143/2804
f 3225/3148/2809 211/35/33 210/34/32
f 263/80/77 2905/2779/2493 3225/3148/2809
f 2908/2781/2495 2906/2780/2494 2905/2779/2493
f 2911/2783/2497 2909/3149/2810 423/3150/2811
f 423/3150/2811 2913/2787/2501 2911/2783/2497
f 423/3151/2811 422/3152/2812 2913/3153/2501
f 422/3152/2812 2923/3154/2813 2917/3155/2814
f 2923/3154/2813 422/3152/2812 426/3156/2815
f 426/3156/2815 2925/2792/2506 2923/3154/2813
f 3226/3157/2816 3227/3158/2817 423/3150/2811
f 424/3159/2818 3400/3160/2819 425/3161/2820
f 3228/2897/2588 3336/3162/2821 526/3163/2589
f 3336/3162/2821 2988/3164/2822 526/3163/2589
f 3229/3165/2823 581/276/273 2989/3166/2824
f 3231/3167/2825 2994/2903/2594 3230/3168/2826
f 3002/2904/2595 3001/2906/2597 3234/3169/2827
f 3002/2904/2595 3235/3170/2828 3004/3171/2829
f 3239/3172/2830 704/3173/2831 3238/3174/2832
f 3238/3174/2832 3241/3175/2833 3239/3172/2830
f 3240/3176/2834 3019/3177/2835 3013/2917/2608
f 3022/2930/2618 2808/2927/2615 3020/2926/2614
f 3242/3178/2836 3024/2934/2622 3023/2933/2621
f 3243/3179/2837 3244/2935/2623 3024/2934/2622
f 3245/3180/2838 3026/3181/2839 3025/2936/2624
f 3246/3182/2840 3247/3183/2841 3026/3184/2839
f 3247/3185/2841 3027/373/369 3026/3181/2839
f 709/3186/2842 127/371/368 706/3187/2843
f 3250/3188/2844 563/268/265 709/3186/2842
f 563/268/265 3162/3088/2759 709/3186/2842
f 563/268/265 3163/3189/2845 3162/3088/2759
f 3164/3190/2846 680/3191/2847 3163/3189/2845
f 3251/3192/2848 3172/3193/2849 3164/3190/2846
f 3172/3193/2849 3251/3192/2848 3252/3194/2850
f 3252/3194/2850 3253/3195/2851 3172/3193/2849
f 3253/3195/2851 3173/3196/2768 3172/3193/2849
f 615/3197/2852 3173/3098/2768 3253/3198/2851
f 3255/3199/2853 3256/3200/2854 615/3197/2852
f 3256/3200/2854 103/304/301 615/3197/2852
f 3259/3201/2855 3260/3202/2856 616/3203/2857
f 3260/3202/2856 3261/3204/2858 3177/3205/2859
f 3262/3206/2860 3179/3207/2861 3261/3204/2858
f 3263/3102/2771 3181/3101/2770 3262/3206/2860
f 3266/3208/2862 3183/3209/305 3182/3103/2772
f 3266/3208/2862 3267/3210/2863 3183/3209/305
f 3268/3211/2864 3184/3212/2865 3183/308/305
f 415/3213/2866 3188/3214/2867 3187/3106/2774
f 3271/3215/2868 370/3216/2869 415/3213/2866
f 339/128/125 3272/3217/2870 414/3218/162
f 339/128/125 316/127/124 3272/3217/2870
f 3272/3217/2870 316/127/124 413/3219/160
f 413/3219/160 414/3218/162 3272/3217/2870
f 3273/3220/2871 3274/164/161 413/163/160
f 3275/3221/2872 3276/3222/2873 3190/3107/2775
f 3190/3107/2775 3276/3222/2873 3191/3109/2777
f 3191/3109/2777 3276/3222/2873 3192/3223/2780
f 3278/3224/2874 3279/3225/2875 3194/3115/2781
f 3278/3224/2874 3194/3115/2781 3193/3114/2779
f 3280/3226/2876 3195/3116/2782 3279/3225/2875
f 3285/3123/2787 3202/3124/2788 3201/2767/2483
f 313/3227/2877 312/114/111 3202/3124/2788
f 3286/3228/2878 3287/3229/2879 3288/3230/2880
f 3289/3231/2881 3290/3232/2882 3207/3233/2883
f 3207/3233/2883 3206/3126/2790 3289/3231/2881
f 3291/3234/2884 2887/3235/2885 3207/3233/2883
f 3291/3234/2884 2889/3130/2794 2887/3235/2885
f 3291/3234/2884 3208/3131/2795 2889/3130/2794
f 3297/3236/2886 2893/3132/2796 3210/3237/2887
f 3297/3236/2886 3212/3133/2797 2893/3132/2796
f 3299/3238/2888 3322/3239/2889 3300/3240/2890
f 3300/3240/2890 3217/3241/2891 3216/3242/2892
f 3301/3243/2893 3218/3244/2894 3300/3240/2890
f 3302/3145/2806 3221/3143/2804 3220/3142/2803
f 3304/3245/2895 3323/3246/2896 3305/3247/2897
f 3305/3248/2897 3223/3249/2898 3304/3250/2895
f 3305/3251/2897 3306/3252/2899 3307/3253/2900
f 3307/3253/2900 3223/3254/2898 3305/3251/2897
f 3307/3253/2900 3308/3255/2901 3223/3254/2898
f 3308/3255/2901 3224/3256/2902 3223/3254/2898
f 3309/3257/2903 27/68/66 3308/3255/2901
f 3308/3255/2901 3307/3253/2900 3309/3257/2903
f 3310/3258/2904 3311/3259/2905 3207/3233/2883
f 3311/3259/2905 3291/3234/2884 3207/3233/2883
f 3311/3259/2905 3312/3260/2906 3292/3261/2907
f 3311/3259/2905 3292/3261/2907 3291/3234/2884
f 3313/3262/2908 3314/3263/2909 3292/3264/2907
f 3293/3265/2910 3292/3264/2907 3314/3263/2909
f 3293/3265/2910 3295/3266/2911 3294/3267/2912
f 3298/3268/2913 233/3269/2914 3317/3270/2915
f 3318/3271/2916 3319/3272/2917 3298/3268/2913
f 3319/3272/2917 3321/3273/2918 3322/3239/2889
f 3322/3239/2889 16/3274/2919 3301/3243/2893
f 3304/3245/2895 3303/3275/2920 16/3274/2919
f 3324/3276/2921 3325/3277/2922 3306/3278/2899
f 3312/3260/2906 3307/3253/2900 3306/3252/2899
f 3312/3260/2906 3310/3258/2904 3307/3253/2900
f 3313/3262/2908 235/3279/2923 3314/3263/2909
f 236/3280/2924 3318/3271/2916 3316/3281/2925
f 3320/3282/2926 3323/3246/2896 3321/3273/2918
f 3325/3277/2922 3324/3276/2921 3320/3282/2926
f 3326/3283/2927 3306/3278/2899 3325/3277/2922
f 3325/3277/2922 236/3280/2924 3326/3283/2927
f 3326/3283/2927 235/3279/2923 3313/3262/2908
f 3326/3283/2927 3312/3284/2906 3306/3278/2899
f 3207/3233/2883 3290/3232/2882 3310/3258/2904
f 3290/3232/2882 3327/3285/2928 3309/3257/2903
f 3327/3285/2928 305/109/106 254/69/67
f 305/109/106 304/108/105 254/69/67
f 254/69/67 304/108/105 3329/3286/2929
f 3331/3287/2930 253/66/64 254/69/67
f 3332/3288/2931 30/79/76 3333/3289/2932
f 3226/3157/2816 3334/3290/2933 3227/3158/2817
f 3227/3291/2817 3400/3160/2819 424/3159/2818
f 3335/3292/2934 3336/3162/2821 3228/2897/2588
f 3229/3165/2823 491/3293/2935 79/3294/2936
f 3339/3295/2937 490/3296/2938 492/3297/2939
f 3339/3295/2937 3340/3298/2940 3338/3299/2941
f 3340/3298/2940 3343/3300/2942 3341/3301/2943
f 3344/3302/2944 3341/3301/2943 3343/3300/2942
f 3343/3300/2942 369/3303/2945 3344/3302/2944
f 3345/3304/2946 3346/3305/2947 3344/3302/2944
f 3344/3302/2944 369/3303/2945 3345/3304/2946
f 369/3303/2945 3349/3306/2948 3348/3307/2949
f 3350/3308/2950 3348/3307/2949 3349/3306/2948
f 3271/3215/2868 415/3213/2866 3270/3309/2951
f 3269/3310/2952 3351/3311/2953 3350/3308/2950
f 3270/3309/2951 3186/3105/2773 3269/3312/2952
f 3352/3313/2954 3351/3311/2953 3269/3310/2952
f 3269/3312/2952 3353/3314/2955 3352/3315/2954
f 3357/3316/2956 3354/3317/2957 3267/3210/2863
f 3267/3210/2863 3266/3208/2862 3357/3316/2956
f 3356/3318/2958 3266/3208/2862 3265/3319/2959
f 3265/3319/2959 3264/3320/2960 3356/3318/2958
f 98/281/278 3356/3318/2958 3264/3320/2960
f 3264/3320/2960 3263/3102/2771 587/282/279
f 587/282/279 98/281/278 3264/3320/2960
f 3356/3318/2958 89/3321/2961 3266/3208/2862
f 3377/3322/2962 3355/3323/2963 3354/3317/2957
f 3359/3324/2964 3360/3325/2965 3352/3313/2954
f 3352/3313/2954 3360/3325/2965 3351/3311/2953
f 3363/3326/2966 3364/3327/2967 3347/3328/2968
f 3364/3327/2967 3365/3329/2969 3346/3305/2947
f 3365/3329/2969 3366/3330/2970 3342/3331/2971
f 3368/3332/2972 3369/3333/2973 580/277/274
f 580/277/274 581/276/273 79/3294/2936
f 3369/3333/2973 572/3334/2974 571/279/276
f 3369/3333/2973 3368/3332/2972 560/267/264
f 560/267/264 562/266/263 3369/3333/2973
f 560/267/264 3367/3335/2975 561/3336/2976
f 3367/3335/2975 3366/3330/2970 561/3336/2976
f 3361/3337/2977 511/249/246 3364/3327/2967
f 3364/3327/2967 3363/3326/2966 3361/3337/2977
f 3361/3337/2977 3360/3325/2965 3370/3338/2978
f 3360/3325/2965 3359/3324/2964 3373/3339/2979
f 3358/3340/2980 3355/3323/2963 3375/3341/2981
f 3377/3322/2962 89/3321/2961 3379/3342/2982
f 3381/3343/2983 93/3344/2984 3373/3345/2979
f 93/3344/2984 3372/3346/2985 3370/3347/2978
f 3370/3347/2978 3373/3345/2979 93/3344/2984
f 3372/3348/2985 3382/3349/2986 3371/3350/2987
f 3383/3351/2988 3371/3350/2987 3382/3349/2986
f 3382/3349/2986 3252/3194/2850 3383/3351/2988
f 533/264/261 532/250/247 3383/3351/2988
f 564/265/262 533/264/261 3383/3351/2988
f 3384/3352/2989 3382/3353/2986 3255/3199/2853
f 3384/3352/2989 3255/3199/2853 3254/3354/2990
f 3385/3355/2991 3257/3356/2992 3256/3200/2854
f 3386/3357/2993 3258/3358/2994 3257/3356/2992
f 3260/3202/2856 586/283/280 3261/3204/2858
f 546/3359/2995 89/3321/2961 3356/3318/2958
f 3379/3342/2982 89/3321/2961 546/3359/2995
f 3386/3357/2993 93/3344/2984 3381/3343/2983
f 3372/3346/2985 93/3344/2984 565/3360/2996
f 3349/3306/2948 369/3303/2945 52/3361/2997
f 3387/3362/2998 52/3361/2997 369/3303/2945
f 306/110/107 3388/3363/2999 3387/3364/2998
f 3388/3363/2999 3389/3365/3000 52/3366/2997
f 3287/3229/2879 3389/3365/3000 3391/3367/3001
f 3391/3367/3001 3288/3230/2880 3287/3229/2879
f 305/109/106 3328/3368/3002 3392/3369/3003
f 3286/3228/2878 3390/3370/3004 3287/3229/2879
f 3287/3229/2879 3390/3370/3004 3389/3365/3000
f 3395/3371/3005 3331/3287/2930 3330/111/108
f 3414/3372/3006 3396/3373/3007 3331/3287/2930
f 3396/3373/3007 3332/3374/2931 253/66/64
f 3398/3375/3008 3399/3376/3009 30/79/76
f 3334/3290/2933 3401/3377/3010 3400/3378/2819
f 3400/3378/2819 3227/3158/2817 3334/3290/2933
f 3400/3160/2819 3402/3379/3011 3335/3292/2934
f 3402/3379/3011 3403/3380/3012 3335/3292/2934
f 3336/3162/2821 3335/3292/2934 3403/3380/3012
f 3404/3381/3013 3405/3382/3014 3337/3383/3015
f 3337/3384/3015 3426/3385/3016 491/3293/2935
f 3406/3386/3017 3407/3387/3018 492/3297/2939
f 3339/3295/2937 492/3297/2939 3407/3387/3018
f 3408/3388/3019 3409/3389/3020 3339/3295/2937
f 3339/3295/2937 3409/3389/3020 3340/3298/2940
f 3409/3389/3020 3410/3390/3021 3393/3391/3022
f 3394/3392/3023 3393/3391/3022 3410/3390/3021
f 3412/3393/3024 3413/3394/3025 3395/3395/3005
f 3413/3394/3025 3414/3396/3006 3331/3397/2930
f 3445/3398/3026 3415/3399/3027 3396/3400/3007
f 3415/3399/3027 3397/3401/3028 3396/3400/3007
f 3416/3402/3029 3417/3403/3030 3398/3404/3008
f 3449/3405/3031 3334/3406/2933 3419/3407/3032
f 3420/3408/3033 3401/3409/3010 3334/3410/2933
f 3401/3409/3010 3421/3411/3034 3402/3379/3011
f 3422/3412/3035 3403/3380/3012 3402/3379/3011
f 3426/3385/3016 3337/3384/3015 3425/3413/3036
f 3426/3414/3016 3438/3415/3037 3406/3416/3017
f 3427/3417/3038 3411/3418/3039 3410/3419/3021
f 3412/3393/3024 3395/3395/3005 3411/3418/3039
f 3432/3420/3040 3413/3394/3025 3412/3393/3024
f 3444/3421/3041 3445/3398/3026 3414/3396/3006
f 3447/3422/3042 3416/3402/3029 3398/3404/3008
f 3434/3423/3043 3421/3424/3034 3433/3425/3044
f 3434/3423/3043 3435/3426/3045 3422/3427/3035
f 3422/3427/3035 3421/3424/3034 3434/3423/3043
f 3438/3415/3037 3426/3414/3016 3437/3428/3046
f 3442/3429/3047 3443/3430/3048 3427/3417/3038
f 3442/3429/3047 3427/3417/3038 3409/3431/3020
f 3428/3432/3049 3427/3417/3038 3443/3430/3048
f 3456/3433/3050 3457/3434/3051 3432/3420/3040
f 3446/3435/3052 3447/3422/3042 3415/3399/3027
f 3419/3407/3032 3418/3436/3053 3448/3437/3054
f 3464/3438/3055 3465/3439/3056 3423/3440/3057
f 3423/3440/3057 3435/3426/3045 3464/3438/3055
f 3437/3428/3046 3468/3441/3058 3438/3415/3037
f 3439/3442/3059 3470/3443/3060 3440/3444/3061
f 3452/3445/3062 3453/3446/3063 3443/3430/3048
f 3454/3447/3064 3455/3448/3065 3429/3449/3066
f 3429/3449/3066 3428/3432/3049 3454/3447/3064
f 3474/3450/3067 3456/3433/3050 3430/3451/3068
f 3475/3452/3069 3446/3435/3052 3445/3398/3026
f 3476/3453/3070 3458/3454/3071 3447/3422/3042
f 3458/3454/3071 3459/3455/3072 3416/3402/3029
f 3459/3455/3072 3491/3456/3073 3448/3437/3054
f 3450/3457/3074 3449/3405/3031 3461/3458/3075
f 3450/3457/3074 3477/3459/3076 3451/3460/3077
f 3468/3441/3058 3437/3428/3046 3467/3461/3078
f 3470/3443/3060 3439/3442/3059 3469/3462/3079
f 3452/3445/3062 3471/3463/3080 3472/3464/3081
f 3453/3446/3063 3485/3465/3082 3454/3447/3064
f 3488/3466/3083 3489/3467/3084 3457/3434/3051
f 3489/3467/3084 3475/3452/3069 3444/3421/3041
f 3461/3458/3075 3493/3468/3085 3450/3457/3074
f 3478/3469/3086 3462/3470/3087 3477/3459/3076
f 3479/3471/3088 3480/3472/3089 3465/3439/3056
f 3465/3439/3056 3464/3438/3055 3479/3471/3088
f 3465/3439/3056 3480/3472/3089 3466/3473/3090
f 3468/3441/3058 3467/3461/3078 3481/3474/3091
f 3482/3475/3092 3471/3463/3080 3470/3443/3060
f 3483/3476/3093 3472/3464/3081 3471/3463/3080
f 3472/3464/3081 3485/3465/3082 3453/3446/3063
f 3486/3477/3094 3474/3450/3067 3473/3478/3095
f 3487/3479/3096 3488/3466/3083 3456/3433/3050
f 3490/3480/3097 3458/3454/3071 3476/3453/3070
f 3490/3480/3097 3491/3456/3073 3458/3454/3071
f 3478/3469/3086 3504/3481/3098 3479/3471/3088
f 3495/3482/3099 3481/3474/3091 3480/3472/3089
f 3482/3475/3092 3469/3462/3079 3496/3483/3100
f 3496/3483/3100 3484/3484/3101 3482/3475/3092
f 3482/3475/3092 3484/3484/3101 3483/3476/3093
f 3498/3485/3102 3486/3477/3094 3485/3465/3082
f 3499/3486/3103 3488/3466/3083 3487/3479/3096
f 3499/3486/3103 3489/3467/3084 3488/3466/3083
f 3499/3486/3103 3446/3435/3052 3489/3467/3084
f 3499/3486/3103 3500/3487/3104 3446/3435/3052
f 3500/3487/3104 3490/3480/3097 3446/3435/3052
f 3492/3488/3105 3491/3456/3073 3501/3489/3106
f 3492/3488/3105 3502/3490/3107 3493/3468/3085
f 3504/3481/3098 3505/3491/3108 3506/3492/3109
f 3507/3493/3110 3508/3494/3111 3497/3495/3112
f 3498/3485/3102 3484/3484/3101 3497/3495/3112
f 3510/3496/3113 3499/3486/3103 3487/3479/3096
f 3511/3497/3114 3500/3487/3104 3499/3486/3103
f 3511/3497/3114 3512/3498/3115 3500/3487/3104
f 3502/3490/3107 3524/3499/3116 3503/3500/3117
f 3514/3501/3118 3504/3481/3098 3503/3500/3117
f 3515/3502/3119 3504/3481/3098 3514/3501/3118
f 3505/3491/3108 3504/3481/3098 3515/3502/3119
f 3507/3493/3110 3506/3492/3109 3505/3491/3108
f 3519/145/142 3499/3486/3103 3510/3496/3113
f 3520/3503/3120 3511/3497/3114 3499/3486/3103
f 3512/3498/3115 3521/3504/3121 3522/3505/3122
f 3524/3499/3116 3502/3490/3107 3523/3506/3123
f 412/3507/3124 3531/3508/3125 3515/3502/3119
f 3515/3502/3119 3514/3501/3118 412/3507/3124
f 3517/3509/3126 3505/3491/3108 3516/3510/3127
f 3525/3511/3128 427/3512/3129 3517/3509/3126
f 3526/3513/3130 3509/3514/3131 3525/3511/3128
f 3526/3513/3130 3527/3515/3132 3518/3516/3133
f 378/144/141 3511/3497/3114 3520/3503/3120
f 3521/3504/3121 3528/3517/3134 3529/3518/3135
f 3521/3504/3121 3529/3518/3135 3523/3506/3123
f 3524/3499/3116 3530/3519/3136 3531/3508/3125
f 3531/3508/3125 412/3507/3124 3524/3499/3116
f 3526/3513/3130 3533/3520/3137 3527/3515/3132
f 3533/3520/3137 3530/3519/3136 3529/3518/3135
f 3523/3506/3123 3529/3518/3135 3530/3519/3136
f 3530/3519/3136 3524/3499/3116 3523/3506/3123
f 3521/3504/3121 3511/3497/3114 361/3521/3138
f 3404/3381/3013 3403/3380/3012 3405/3382/3014
f 3333/3289/2932 264/81/78 252/3522/65
f 3327/3285/2928 3290/3232/2882 3289/3231/2881
f 3273/3523/2871 413/3219/160 315/3524/3139
f 3537/3525/3140 3274/164/161 3273/3220/2871
f 3539/3526/3141 3540/3527/3142 3275/3528/2872
f 3275/3221/2872 3274/164/161 3539/3529/3141
f 3543/3530/3143 3557/3531/3144 3279/3225/2875
f 3279/3225/2875 3557/3531/3144 3280/3226/2876
f 3545/3532/3145 3196/3119/2784 3544/3533/3146
f 388/3534/3147 3574/3535/3148 3281/3536/3149
f 3281/3536/3149 3197/3537/3150 388/3534/3147
f 3546/3538/3151 3282/3539/3152 3281/3536/3149
f 3284/3540/3153 3199/3541/3154 3283/3542/3155
f 3534/3543/3156 3548/3544/3157 3549/3545/3158
f 3549/3545/3158 3535/3546/3159 3534/3543/3156
f 3538/3547/3160 3551/3548/3161 3566/3549/3162
f 3566/3549/3162 3552/3550/3163 3538/3547/3160
f 3540/3527/3142 432/3551/3164 3542/3552/3165
f 432/3551/3164 3554/3553/3166 3555/3554/3167
f 3557/3531/3144 3543/3530/3143 3556/3555/3168
f 3557/3531/3144 389/3556/3169 3544/3533/3146
f 371/3557/3170 3562/3558/3171 3564/3559/3172
f 3566/3549/3162 372/3560/3173 3565/3561/3174
f 3570/3562/3175 3568/3563/3176 3569/3564/3177
f 3569/3564/3177 3549/3545/3158 3570/3562/3175
f 3571/3565/3178 3570/3562/3175 3549/3545/3158
f 3547/3566/3179 3571/3565/3178 3548/3544/3157
f 3572/3567/3180 49/3568/3181 3547/3566/3179
f 3547/3566/3179 49/3568/3181 3571/3565/3178
f 49/3568/3181 3573/3569/3182 3570/3562/3175
f 3570/3562/3175 3571/3565/3178 49/3568/3181
f 362/3570/3183 3572/3567/3180 3560/3571/3184
f 3572/3567/3180 3574/3535/3148 3559/3572/3185
f 372/3560/3173 3566/3549/3162 3551/3548/3161
f 3561/3573/3186 3556/3555/3168 3555/3554/3167
f 3568/3563/3176 371/3557/3170 3567/3574/3187
f 3163/3189/2845 563/268/265 564/265/262
f 563/268/265 3250/3188/2844 570/3575/3188
f 582/280/277 571/279/276 3249/3576/3189
f 3248/3577/3190 582/280/277 3249/3576/3189
f 3248/3577/3190 3232/3578/3191 582/280/277
f 3247/3183/2841 3232/3578/3191 3248/3577/3190
f 3232/3578/3191 3231/3167/2825 582/280/277
f 3232/3578/3191 3247/3183/2841 3246/3182/2840
f 3246/3182/2840 3231/3167/2825 3232/3578/3191
f 3245/3579/2838 3237/3580/3192 3236/3581/3193
f 3237/3580/3192 3238/3174/2832 126/2909/2600
f 3238/3174/2832 3237/3580/3192 3575/3582/3194
f 3575/3582/3194 3241/3175/2833 3238/3174/2832
f 3241/3175/2833 3575/3582/3194 3243/3583/2837
f 3237/3580/3192 3245/3579/2838 3575/3582/3194
f 3240/3176/2834 3241/3175/2833 3243/3583/2837
f 581/276/273 96/278/275 3230/3168/2826
f 2909/3149/2810 2907/2782/2496 2908/2781/2495
f 3022/2930/2618 3021/2929/2617 2808/2927/2615
f 3016/2919/2610 3014/2918/2609 3018/3584/3195
f 3017/2921/2612 2799/2655/2390 677/2922/2613
f 3008/2651/2386 3007/2911/2602 2795/2652/2387
f 3576/3585/3196 3001/2906/2597 3003/2905/2596
f 2990/3586/2591 2780/3587/2373 525/3588/3197
f 2780/3587/2373 2778/2636/2372 527/2635/2371
f 2784/2641/2376 2782/2640/2375 3578/3589/3198
f 3576/3585/3196 2789/2645/2380 2787/2644/2379
f 677/2922/2613 678/2915/2606 3015/3590/3199
f 705/2910/2601 126/2909/2600 3010/2913/2604
f 2978/3591/3200 425/3161/2820 2979/2896/2587
f 268/2784/2498 221/46/44 2907/2782/2496
f 1534/3592/2486 1533/10/10 2890/1141/1066
f 2890/1141/1066 1526/1140/1065 243/3593/57
f 243/59/57 246/58/56 2888/3594/3201
f 2862/3595/2468 3580/3596/3202 3581/3597/3203
f 3581/3598/3203 3582/3599/3204 2862/2751/2468
f 2862/2751/2468 3582/3599/3204 2863/2752/2469
f 3583/3600/3205 2863/2752/2469 3582/3599/3204
f 3583/3600/3205 3584/3601/3206 2864/2753/2470
f 2864/2753/2470 2863/2752/2469 3583/3600/3205
f 3586/3602/3207 398/3603/3208 2866/1085/1021
f 2868/3604/3209 398/3605/3208 3586/3606/3207
f 3586/3607/3207 3587/3608/3210 2868/3609/3209
f 3588/3610/3211 3589/3611/3212 2872/2755/2472
f 3591/3612/3213 310/3613/3214 311/3614/3215
f 3592/3615/3216 3595/3616/3217 3594/3617/3218
f 3596/3618/3219 3594/3617/3218 3595/3616/3217
f 3597/3619/3220 3599/3620/3221 3598/3621/3222
f 2880/3622/3223 3596/3618/3219 3598/3621/3222
f 3601/3623/2478 2879/3624/2477 2880/3622/3223
f 3602/3625/3224 2881/3626/2479 3600/3627/3225
f 2881/3626/2479 3602/3625/3224 3581/3628/3203
f 3581/3597/3203 3580/3596/3202 2882/2764/2480
f 3603/3629/3226 3605/3630/3227 3582/3631/3204
f 3582/3631/3204 3581/3628/3203 3603/3629/3226
f 3606/3632/3228 3582/3631/3204 3605/3630/3227
f 3608/3633/3229 3583/3600/3205 3607/3634/3230
f 3584/3601/3206 3583/3600/3205 3608/3633/3229
f 3610/3635/3231 3585/3636/3232 3584/3637/3206
f 3611/3638/3233 3586/3607/3207 3585/3636/3232
f 3587/3608/3210 3586/3607/3207 393/3639/3234
f 393/3639/3234 392/3640/3235 3587/3608/3210
f 3589/3611/3212 3588/3610/3211 3590/3641/3236
f 392/3640/3235 3613/3642/3237 3590/3641/3236
f 3615/3643/3238 3591/3612/3213 311/3614/3215
f 3593/3644/3239 3616/3645/3240 3595/3616/3217
f 3597/3619/3220 3595/3616/3217 3616/3645/3240
f 3616/3645/3240 3617/3646/3241 3597/3619/3220
f 3599/3620/3221 3597/3619/3220 3617/3646/3241
f 3617/3646/3241 317/117/114 3599/3620/3221
f 3618/3647/3242 319/118/115 317/117/114
f 3622/3648/3243 3609/3649/3244 3608/3650/3229
f 3623/3651/3245 3614/3652/3246 3613/3642/3237
f 3613/3642/3237 392/3640/3235 3623/3651/3245
f 3612/3653/3247 3614/3652/3246 3623/3651/3245
f 3622/3648/3243 3621/3654/3248 3624/3655/3249
f 3621/3654/3248 3620/3656/3250 375/3657/3251
f 375/3657/3251 374/3658/3252 3621/3654/3248
f 3616/3645/3240 53/3659/3253 375/3657/3251
f 3603/3629/3226 3604/3660/3254 3619/3661/3255
f 3605/3630/3227 3603/3629/3226 3619/3661/3255
f 3604/3660/3254 318/116/113 319/118/115
f 3604/3660/3254 3581/3628/3203 3602/3625/3224
f 3611/3638/3233 392/3640/3235 393/3639/3234
f 2878/3662/3256 2877/3663/3257 3596/3618/3219
f 2877/3663/3257 2875/2759/2476 3594/3617/3218
f 1521/3664/1060 1518/2760/1059 2876/3665/3258
f 1517/3666/3259 2871/3667/2473 2873/3668/3260
f 1514/1130/1055 394/151/148 2867/3669/3261
f 2852/2740/2457 505/235/232 504/3670/3262
f 507/3671/3263 82/237/234 2850/2734/2452
f 2836/2712/2434 507/3672/3263 2850/3673/2452
f 478/2711/2433 76/3674/3264 507/3672/3263
f 621/311/308 620/310/307 2842/2720/2441
f 2839/2718/2439 575/3675/3265 576/2729/2447
f 2833/2703/2425 646/2959/2646 643/2704/2426
f 2812/3676/3266 2811/2931/2619 811/2938/2626
f 102/2646/2381 2790/2649/2384 2793/2648/2383
f 2760/2582/2328 2733/2581/2327 2732/2627/2325
f 2763/2621/2348 2762/2620/2359 2751/3677/3267
f 2739/2589/2335 1412/2588/2334 2738/2587/2333
f 1417/2594/981 1415/2593/2337 2741/2595/2338
f 2716/2565/2311 1376/2564/2310 508/241/238
f 2715/2794/2508 508/241/238 1376/2564/2310
f 24/60/58 244/1139/1064 1524/1137/1062
f 1510/1127/1052 1479/3678/1025 1475/1128/1053
f 1510/1127/1052 3626/3679/3268 1479/3678/1025
f 3625/3680/3269 458/3681/3270 3626/3682/3268
f 460/202/199 72/201/198 3627/3683/3271
f 3627/3683/3271 3628/3684/3272 460/202/199
f 1491/1112/1040 460/202/199 3628/3684/3272
f 1492/1116/1044 1491/1112/1040 1494/1114/1042
f 1496/1117/1045 1502/1121/281 1498/1118/1046
f 3630/3685/3273 1507/3686/3274 74/213/210
f 1507/3686/3274 470/214/211 74/213/210
f 3631/3687/3275 3632/3688/3276 547/255/252
f 3632/3688/3276 3636/3689/3277 548/256/253
f 548/256/253 547/255/252 3632/3688/3276
f 591/3690/3278 1133/3691/3279 3633/3692/3280
f 591/3690/3278 1134/3693/3281 1133/3691/3279
f 1134/3693/3281 1132/3694/711 1133/3691/3279
f 651/3695/3282 569/285/282 112/337/334
f 1134/3693/3281 591/3690/3278 569/285/282
f 3634/3696/3283 3635/3697/3284 3632/3688/3276
f 3637/3698/3285 548/256/253 3636/3689/3277
f 550/1104/1034 577/275/272 578/274/271
f 3638/3699/3286 3639/3700/3287 623/314/311
f 623/314/311 577/275/272 3638/3699/3286
f 3640/3701/3288 1017/3702/599 1014/613/597
f 3642/3703/3289 1131/3704/3290 1129/3705/709
f 3636/3689/3277 3632/3688/3276 3635/3697/3284
f 3637/3698/3285 3636/3689/3277 3640/3701/3288
f 3633/3706/3280 1130/741/710 1131/3707/3290
f 1133/3691/3279 1124/3708/703 1130/3709/710
f 1501/3710/3291 1489/1111/1039 1493/1113/1041
f 498/233/230 81/232/229 517/247/244
f 1447/2713/2435 99/1064/1004 588/2709/2431
f 1008/610/594 1007/606/590 1434/1052/992
f 1434/1052/992 1435/3711/3292 1008/610/594
f 1007/606/590 1001/605/589 1003/604/588
f 727/381/376 1392/1020/963 728/382/377
f 1391/1018/961 3644/3712/3293 1388/1013/956
f 634/3713/3294 630/321/318 1383/3714/3295
f 634/3713/3294 657/344/341 1373/1007/950
f 3644/3712/3293 657/344/341 634/3713/3294
f 773/427/422 753/409/404 1358/995/938
f 671/352/349 130/3715/3296 718/3716/3297
f 671/352/349 719/3717/3298 130/3715/3296
f 671/352/349 3645/3718/3299 719/3717/3298
f 3645/3718/3299 3646/341/338 654/340/337
f 654/340/337 719/3717/3298 3645/3718/3299
f 1352/3719/933 673/3720/932 1354/3721/3300
f 747/3722/3301 725/377/372 1348/3723/3302
f 1348/3723/3302 136/398/393 747/3722/3301
f 3648/3724/3303 1299/436/431 3647/3725/3304
f 780/435/430 1301/944/891 1300/943/890
f 1301/944/891 780/435/430 754/3726/3305
f 139/3727/3306 1302/945/892 748/3728/3307
f 756/413/408 1305/3729/3308 749/405/400
f 757/415/410 134/388/383 735/391/386
f 173/3730/3309 895/502/495 894/501/494
f 777/3731/427 779/792/426 1171/793/755
f 1143/758/727 1141/757/726 886/1484/1378
f 1115/3732/3310 1092/3733/3311 1091/725/696
f 1112/754/723 1108/723/694 1111/700/671
f 889/761/730 888/715/686 1101/709/680
f 915/716/687 888/715/686 889/761/730
f 974/560/549 976/562/551 975/561/550
f 868/3734/3312 883/594/579 984/3735/3313
f 977/3736/552 171/3737/3314 979/3738/553
f 157/466/461 807/445/440 949/541/532
f 949/541/532 807/445/440 948/3739/3315
f 775/430/425 774/428/423 808/446/441
f 158/536/528 832/535/463 833/3740/462
f 754/3726/3305 780/435/430 755/412/407
f 129/1055/995 696/360/357 695/359/356
f 124/361/358 622/315/312 623/314/311
f 658/1888/1727 116/347/344 664/346/343
f 360/137/134 66/173/170 429/1835/1683
f 387/1961/1792 385/1964/1795 406/1954/1785
f 1273/923/855 1157/777/744 1275/920/869
f 1160/3741/747 1159/779/746 1273/923/855
f 663/2303/1736 662/2298/2082 118/3742/342
f 665/1900/345 118/3742/342 662/2298/2082
f 182/1145/1070 1/1151/1 1812/3743/3 181/1419/1320
f 1831/1423/1324 3/1422/1323 185/1431/1329 1813/3744/3316
f 2/6/6 184/8/8 183/3745/3317
f 184/8/8 4/7/7 182/1145/1070 181/1419/1320
f 1791/1380/1282 9/29/27 205/31/29 188/1381/1283
f 5/11/11 1777/1389/1291 186/12/12
f 5/11/11 189/14/14 190/1387/1289
f 6/21/19 1814/23/21 195/1420/1321
f 7/24/22 1542/1156/1078 198/25/23
f 8/1434/1332 201/1428/1326 202/1429/1327
f 9/29/27 1791/1380/1282 203/3746/3318
f 214/1622/1500 12/38/36 216/37/35 213/1364/1268
f 1629/1222/1143 23/56/54 17/49/47 226/50/48
f 12/38/36 1978/1624/1502 215/36/34
f 221/46/44 222/2811/2520 15/45/43
f 16/3274/2919 3303/3275/2920 223/3747/3319
f 23/56/54 225/57/55 17/49/47
f 231/1619/1497 19/1618/1496 230/1363/1267 1934/1574/1458
f 18/48/46 1544/52/50 228/1159/1081
f 19/1618/1496 229/1366/1270 230/1363/1267
f 229/1366/1270 19/1618/1496 214/1622/1500 213/1364/1268
f 237/1395/1297 21/53/51 1669/1270/1183 239/1396/1298
f 20/3748/3320 232/3749/3321 233/3269/2914
f 2943/2813/2522 242/2817/2526 22/3750/3322 241/3751/3323
f 21/53/51 240/55/53 1669/1270/1183
f 246/58/56 24/60/58 247/62/60 248/3752/3324
f 243/59/57 244/1139/1064 24/60/58
f 263/80/77 30/79/76 265/3753/3325 266/3754/3326
f 26/1393/1295 25/63/61 251/1356/1260
f 28/1712/1582 2070/1714/1584 255/1750/1616
f 28/1712/1582 255/1750/1616 2077/1718/1588
f 1846/3755/69 1522/3756/3327 29/73/70
f 29/72/70 259/3757/72 257/70/68
f 276/1446/1343 33/1133/1058 1516/3758/3328 1519/3759/3329
f 2609/2399/2168 267/2381/2150 2597/3760/3330
f 31/2806/2517 268/2784/2498 269/2879/2572
f 270/2805/2516 271/2809/2518 31/2806/2517
f 32/84/81 272/83/80 2535/1845/1691
f 32/84/81 274/1656/1528 273/82/79
f 278/2840/2549 279/2857/2563 34/3761/3331 277/2822/2531
f 293/3762/3332 294/3763/3333 295/1813/1668 292/1802/1660
f 34/3761/3331 279/2857/2563 280/2856/2562
f 1673/3764/1189 281/1306/1216 282/2546/2296
f 285/88/85 286/89/86 35/85/82
f 37/93/90 290/96/93 291/1569/1453
f 291/1569/1453 290/96/93 39/102/99 297/101/98
f 38/99/96 1553/1164/1086 1554/97/94
f 38/99/96 1552/1161/1083 1553/1164/1086
f 2708/2530/2283 344/100/97 39/102/99 298/104/101
f 1757/103/100 39/102/99 290/96/93 289/95/92
f 314/113/110 40/115/112 315/3524/3139 316/127/124
f 310/3613/3214 308/3765/3334 309/3766/3335
f 310/3613/3214 309/3766/3335 311/3614/3215
f 312/114/111 313/3227/2877 40/115/112
f 2882/2764/2480 3580/3596/3202 41/121/118 320/120/117
f 321/3121/2467 41/121/118 3580/3596/3202 2862/3595/2468
f 1636/1232/1153 324/1231/1152 325/1264/1177 323/1266/1179
f 334/3767/3336 43/3768/1123 335/3769/1122 336/1220/1141
f 327/3770/1435 328/92/89 329/3771/1437
f 42/1581/122 330/1580/126 331/3772/120
f 43/3768/1123 334/3767/3336 296/98/95
f 344/100/97 44/3773/1422 343/1552/1438 297/101/98
f 338/126/123 339/128/125 340/3774/3337
f 345/2539/2286 50/140/137 44/3775/1422 344/3776/97
f 2279/1977/1808 51/1983/1813 332/124/121 331/123/120
f 45/130/127 56/1560/1445 348/1952/1783
f 46/1763/1629 351/1762/1628 352/1734/1603
f 48/136/133 2075/1716/1586 359/134/131
f 49/3568/3181 3572/3567/3180 362/3570/3183
f 370/3777/2869 52/3366/2997 3389/3365/3000 340/3774/3337
f 51/1983/1813 2279/1977/1808 367/3778/3338
f 367/3778/3338 368/3779/3339 51/1983/1813
f 415/3213/2866 414/165/162 63/162/159 3189/167/164
f 53/3659/3253 373/3780/3340 374/3658/3252
f 53/3659/3253 374/3658/3252 375/3657/3251
f 55/149/146 1511/1126/1051 382/150/147
f 388/3534/3147 389/3556/3169 3559/3572/3185
f 2576/2361/2131 390/2353/2123 2567/2331/2105
f 2576/2361/2131 391/2354/2124 390/2353/2123
f 57/153/150 395/152/149 396/1129/1054
f 57/153/150 397/1088/1022 398/3605/3208
f 57/153/150 398/3605/3208 394/151/148
f 59/159/156 402/158/155 403/3781/3341
f 59/159/156 2086/161/158 401/157/154
f 60/1956/1787 387/1961/1792 406/1954/1785
f 60/1956/1787 405/1958/1789 387/1961/1792
f 409/2317/2094 410/3782/3342 62/2344/2114
f 426/3156/2815 422/3152/2812 65/3783/3343 425/3161/2820
f 64/169/166 420/2527/2280 419/170/167
f 64/169/166 418/138/135 421/2538/2289
f 422/3152/2812 423/3151/2811 65/3783/3343
f 65/3783/3343 424/3159/2818 425/3161/2820
f 429/1835/1683 66/173/170 430/172/169 431/1836/1681
f 2276/1975/1806 451/3784/3344 71/1981/1812 2270/1980/1811
f 67/175/172 434/178/175 1509/176/173
f 439/1259/1174 455/196/193 69/185/182
f 69/185/182 440/1246/1164 441/183/180
f 69/185/182 442/184/181 439/1259/1174
f 443/186/183 444/188/185 1722/1349/1254
f 461/1344/1250 462/1347/201 463/1343/203 464/1342/1249
f 454/198/195 456/200/197 455/196/193
f 475/3108/2776 76/3674/3264 478/2711/2433 2835/2710/2432
f 73/207/204 467/209/206 1619/1238/1158
f 75/218/215 474/1522/1413 473/219/216
f 76/3674/3264 475/3108/2776 476/3785/2778
f 476/3785/2778 477/3786/235 76/3674/3264
f 489/1330/1237 486/3787/3345 78/1338/1245 488/1329/1236
f 481/222/219 434/3788/175 479/220/217
f 77/225/222 1477/224/221 1485/1098/1030
f 78/1338/1245 486/3787/3345 487/3789/3346
f 492/3297/2939 490/3296/2938 79/3294/2936 491/3293/2935
f 497/231/228 80/230/227 493/1868/1712 496/1458/1354
f 504/3670/3262 505/235/232 82/237/234 503/239/236
f 81/232/229 1490/234/231 499/1110/1038
f 502/2560/2308 500/1214/1135 501/1213/1134
f 2399/2132/1937 514/245/242 513/244/241 545/254/251
f 82/237/234 506/236/233 606/2735/2453
f 82/237/234 507/3671/3263 477/238/235
f 523/2486/2246 84/1519/1410 524/1518/1409 1903/1521/1412
f 514/245/242 516/2098/1909 515/243/240
f 521/3790/3347 522/2505/2258 83/3791/3348
f 83/3791/3348 520/3792/3349 521/3790/3347
f 527/2635/2371 528/2883/2574 85/3793/3350 525/3588/3197
f 85/3793/3350 526/3163/2589 525/3588/3197
f 542/2415/2182 2619/2414/2181 88/3794/2290 541/3795/2179
f 86/3796/3351 529/3797/3352 530/1996/1826
f 86/3796/3351 530/1996/1826 531/1991/1821
f 87/251/248 532/250/247 533/264/261
f 538/3798/3353 539/1081/1017 537/3799/3354
f 88/2540/2290 540/2410/2177 541/2412/2179
f 543/2445/2212 88/3794/2290 2619/2414/2181 544/3800/3355
f 558/1992/1822 559/1995/1825 92/2037/1857 557/1994/1824
f 90/257/254 548/256/253 550/1104/1034
f 87/251/248 564/265/262 560/267/264 561/3336/2976
f 648/335/332 569/285/282 94/271/268 568/272/269
f 485/1103/1033 95/273/270 538/3798/3353 579/3801/3356
f 577/275/272 105/313/310 95/273/270
f 2834/2706/2428 588/2709/2431 99/1064/1004 590/2705/2427
f 96/278/275 580/277/274 571/279/276
f 97/2183/1986 584/2181/1984 585/2196/1999
f 607/299/296 101/298/295 605/2737/2454 606/2735/2453
f 100/286/283 594/289/286 595/2567/2313
f 626/3802/3357 107/318/315 627/319/316 628/2518/2271
f 101/298/295 609/297/294 610/3803/2445
f 103/304/301 3174/306/303 615/3197/2852
f 630/321/318 634/3713/3294 109/3804/3358 633/322/319
f 108/320/317 633/322/319 629/1010/953
f 1451/323/320 631/325/322 632/3805/3359
f 1451/323/320 632/3805/3359 1458/1067/1006
f 646/2959/2646 645/334/331 104/307/304 643/2704/2426
f 1035/631/614 635/3806/3360 636/632/615
f 644/332/329 3167/3091/2762 618/333/330
f 651/3695/3282 112/337/334 649/336/333 650/1464/379
f 628/2518/2271 652/2519/2272 113/3807/3361 626/3802/3357
f 663/1897/1736 118/345/342 116/347/344 659/1898/1737
f 113/3807/3361 652/2519/2272 653/339/336
f 114/338/335 3646/341/338 655/3808/3362
f 116/347/344 660/1891/1730 659/1898/1737
f 116/347/344 658/1888/1727 660/1891/1730
f 660/1891/1730 661/1890/1729 117/1895/1734
f 670/2444/2211 120/349/346 1346/351/348 544/3800/3355
f 666/694/665 667/655/635 668/657/637
f 684/414/409 685/958/905 683/962/909 134/388/383
f 671/352/349 673/3720/932 672/350/347
f 122/2961/2648 679/3089/2760 680/3191/2847
f 689/2301/2085 690/2300/2084 691/356/353 688/358/355
f 128/2106/1917 687/3809/3363 686/3810/3364
f 2807/3811/2616 703/2670/2403 125/366/363 2806/365/362
f 123/1879/1721 693/1894/1733 694/1893/1732
f 123/1879/1721 1865/1877/1359 693/1894/1733
f 124/361/358 696/360/357 622/315/312
f 124/361/358 699/612/596 697/362/359
f 124/361/358 698/363/360 695/359/356
f 654/340/337 717/2522/2275 130/3715/3296 719/3717/3298
f 127/371/368 3027/3812/369 706/3187/2843
f 127/371/368 709/3186/2842 708/369/366
f 128/2106/1917 713/2160/1963 714/2109/1920
f 129/1055/995 695/359/356 715/3813/3365
f 130/3715/3296 717/2522/2275 718/3716/3297
f 1340/402/397 723/378/373 725/377/372 148/440/435
f 132/3058/2736 720/3056/2734 722/3055/2733
f 947/1002/945 133/379/374 729/383/378 730/3814/3366
f 733/389/384 134/388/383 121/355/352 736/401/396
f 732/386/381 651/3815/3282 650/384/379
f 741/2203/2005 763/420/415 135/394/389 740/393/388
f 739/3050/2728 738/3026/2706 737/3053/2731
f 762/1886/1364 141/421/416 763/420/415 764/2206/1363
f 136/398/393 746/400/395 747/3722/3301
f 137/403/398 1303/946/893 736/401/396
f 137/403/398 148/440/435 748/3728/3307
f 137/403/398 1340/402/397 148/440/435
f 751/408/403 752/3816/3367 753/409/404
f 140/410/405 756/413/408 749/405/400
f 776/3817/753 779/431/426 145/433/428 778/406/401
f 142/3818/2363 765/2669/2404 766/2667/2402
f 766/2667/2402 767/2623/2361 142/3818/2363
f 143/424/419 768/955/902 769/422/417
f 770/423/418 772/1931/1764 143/424/419
f 775/430/425 776/3817/753 144/429/424
f 750/407/402 778/406/401 145/433/428 777/432/427
f 785/1499/1393 786/1495/1389 1888/1494/1388 784/1498/1392
f 1174/794/756 790/438/433 148/440/435 725/377/372
f 147/387/382 788/749/718 789/744/713
f 791/453/448 149/452/447 786/1495/1389 785/1499/1393
f 795/1913/1749 796/3819/1387 793/1912/1748 794/1906/1744
f 149/452/447 792/1491/1385 786/1495/1389
f 822/3820/3368 155/439/434 821/797/759 823/942/889
f 796/1493/1387 1886/1490/1384 793/1910/1748
f 151/442/437 3068/3004/2687 803/444/439
f 152/2266/2052 804/2268/2053 2491/2238/2031
f 3028/450/445 811/2938/2626 809/448/443
f 153/451/446 812/1500/1394 813/933/880
f 153/451/446 791/453/448 812/1500/1394
f 154/3087/2758 3046/2951/2638 814/2976/2662
f 835/3821/542 158/3822/528 833/467/462 834/3823/3369
f 824/844/804 825/839/799 1229/838/798
f 156/461/456 829/609/593 830/464/459
f 156/461/456 1098/465/460 831/608/592
f 2810/2932/2620 843/3824/3370 160/474/469 841/473/468
f 158/536/528 835/3825/542 836/553/541
f 159/3826/3371 840/843/803 839/849/809
f 961/1029/972 838/470/465 849/549/540 848/546/537
f 1221/3827/815 844/854/814 845/859/817
f 846/3828/3372 847/2213/2013 1876/2215/2015
f 1874/3829/1368 851/752/721 161/478/473 850/477/472
f 853/755/724 161/478/473 851/752/721 855/751/720
f 853/755/724 1112/754/723 161/478/473
f 161/478/473 854/747/716 852/476/471
f 858/929/876 162/481/476 857/935/882 863/483/478
f 162/481/476 856/480/475 857/935/882
f 862/937/884 860/484/479 863/483/478 857/935/882
f 873/580/566 166/490/485 872/489/484 875/577/564
f 864/487/482 865/1046/987 164/485/480
f 164/485/480 866/1051/991 867/486/481
f 165/597/582 868/3734/3312 869/3830/3373
f 165/597/582 869/3830/3373 870/599/584
f 873/580/566 874/3831/3374 166/490/485
f 877/3832/3375 879/3833/560 167/493/488 878/492/487
f 877/3832/3375 878/492/487 876/3834/3376
f 881/495/489 167/494/488 879/573/560 882/575/562
f 174/504/497 895/502/495 173/3730/3309 898/3835/3377
f 168/592/577 883/594/579 868/3734/3312
f 169/499/492 885/498/491 886/1484/1378
f 169/499/492 1880/1479/1373 884/497/490
f 170/576/563 890/3836/574 881/495/489
f 170/576/563 891/3837/568 890/3836/574
f 172/500/493 896/503/496 897/3838/3378
f 896/503/496 174/504/497 899/3839/3379 900/1483/1377
f 899/3839/3379 174/504/497 898/3835/3377 901/766/735
f 903/3840/581 904/3841/580 175/505/498 902/568/556
f 902/568/556 175/505/498 907/713/684 908/569/557
f 175/505/498 904/3841/580 905/506/499
f 909/508/501 913/510/503 911/909/860 912/908/859
f 917/764/733 176/516/509 915/716/687 916/762/731
f 913/510/503 1285/926/873 911/909/860
f 918/714/685 915/716/687 176/516/509 907/713/684
f 980/566/554 914/515/508 177/513/506 892/512/505
f 920/3842/3380 177/513/506 914/515/508 921/514/507
f 917/764/733 922/517/510 921/514/507 176/516/509
f 923/519/512 920/3842/3380 921/514/507 922/517/510
f 177/513/506 920/3842/3380 926/773/741 927/3843/3381
f 923/519/512 924/518/511 925/768/737
f 923/519/512 926/773/741 920/3842/3380
f 934/525/518 935/526/519 936/528/521 968/1034/977
f 923/519/512 928/770/739 926/773/741
f 927/3843/3381 930/772/515 919/511/504
f 933/524/517 871/488/483 166/490/485
f 808/446/441 807/445/440 832/468/463 943/538/529
f 937/527/520 966/530/523 936/528/521
f 939/533/526 940/531/524 938/529/522
f 942/534/527 158/536/528 940/531/524
f 832/468/463 807/445/440 157/466/461
f 948/3739/3315 806/447/442 946/1000/943 947/1002/945
f 808/446/441 944/539/530 775/430/425
f 808/446/441 774/428/423 945/540/531
f 806/447/442 945/540/531 946/1000/943
f 949/541/532 948/3739/3315 730/3814/3366 950/3844/3382
f 948/3739/3315 807/445/440 806/447/442
f 948/3739/3315 947/1002/945 730/3814/3366
f 729/383/378 951/3845/3383 950/3844/3382 730/3814/3366
f 953/542/533 949/541/532 950/3844/3382 952/3846/3384
f 875/577/564 872/489/484 971/556/546 973/578/548
f 953/542/533 833/467/462 157/466/461
f 955/544/535 954/543/534 956/3847/966
f 955/544/535 834/3823/3369 833/467/462
f 834/3848/3369 957/1025/968 835/551/542
f 835/551/542 959/1024/967 958/547/538
f 959/1024/967 835/551/542 957/1025/968
f 959/1024/967 960/545/536 958/547/538
f 960/545/536 961/1029/972 848/546/537
f 848/546/537 849/549/540 1413/2591/975
f 958/547/538 848/546/537 964/3849/976
f 958/3850/538 965/552/543 836/553/541
f 836/553/541 941/532/525 158/536/528
f 967/1036/979 936/528/521 966/530/523
f 936/528/521 967/1036/979 968/1034/977
f 968/1034/977 969/554/544 871/488/483
f 871/488/483 934/525/518 968/1034/977
f 984/3735/3313 983/571/559 982/570/558 893/3851/3385
f 974/560/549 932/523/516 874/3831/3374
f 975/561/550 919/564/504 930/522/515
f 977/563/552 976/562/551 978/574/561
f 977/563/552 979/3852/553 919/564/504
f 902/568/556 908/569/557 980/566/554
f 908/569/557 176/516/509 914/515/508
f 981/567/555 903/3840/581 902/568/556
f 980/3853/554 982/570/558 981/572/555
f 982/570/558 980/3853/554 892/3854/505
f 892/3854/505 171/3737/3314 982/570/558
f 983/571/559 903/596/581 981/572/555
f 869/3830/3373 984/3735/3313 893/3851/3385 985/3855/3386
f 171/3737/3314 986/3856/3387 985/3855/3386 893/3851/3385
f 893/3851/3385 982/570/558 171/3737/3314
f 876/3834/3376 985/3855/3386 986/3856/3387 877/3832/3375
f 978/3857/561 879/3833/560 877/3832/3375 986/3856/3387
f 891/582/568 988/581/567 990/584/570 890/588/574
f 882/575/562 978/574/561 976/562/551
f 882/575/562 170/576/563 881/495/489
f 882/575/562 976/562/551 170/576/563
f 974/560/549 987/579/565 170/576/563
f 987/579/565 973/578/548 891/3837/568
f 891/3837/568 170/576/563 987/579/565
f 997/3858/583 880/3859/486 995/1045/576 996/601/585
f 989/583/569 991/585/571 990/584/570
f 990/584/570 992/586/572 890/588/574
f 890/3836/574 1427/3860/573 993/589/575
f 993/589/575 881/495/489 890/3836/574
f 881/495/489 995/590/576 880/496/486
f 998/600/578 997/3858/583 996/601/585 906/507/500
f 870/599/584 880/491/486 997/598/583 165/597/582
f 998/593/578 168/592/577 997/598/583
f 903/596/581 983/571/559 883/594/579
f 906/507/500 864/487/482 999/602/586 175/505/498
f 168/592/577 868/3734/3312 165/597/582
f 866/1051/991 1003/604/588 1000/603/587 999/602/586
f 1000/603/587 1001/605/589 1002/711/682
f 695/359/356 830/3861/459 1009/3862/595 1437/3863/3388
f 1001/605/589 1005/607/591 1006/708/679
f 1007/606/590 1008/610/594 829/609/593
f 829/609/593 1009/611/595 830/464/459
f 1010/3864/629 697/362/359 699/612/596 1012/643/626
f 830/3861/459 695/359/356 698/363/360
f 830/3861/459 698/363/360 1010/3864/629
f 1010/3864/629 698/363/360 697/362/359
f 1013/3865/598 1017/615/599 1015/617/601 1016/640/623
f 1013/614/598 1014/613/597 1017/3702/599
f 1027/635/618 1025/623/607 1024/622/606 1026/3866/3389
f 1020/619/603 3641/3867/3390 1021/620/604
f 1021/620/604 1022/621/605 1025/623/607
f 1025/623/607 1023/636/619 1021/620/604
f 1030/633/616 1027/635/618 1028/3868/610 1029/3869/609
f 1038/637/620 1023/636/619 1036/634/617 1037/3870/3391
f 1034/629/613 1030/3871/616 1029/625/609
f 636/632/615 1036/634/617 1030/633/616
f 1043/3872/625 1016/640/623 1042/641/624 1069/683/656
f 1052/3873/643 1050/703/674 1048/654/634 1051/653/633
f 1012/643/626 699/612/596 1013/614/598
f 1011/3874/628 1010/3864/629 1012/643/626
f 1011/648/628 827/462/457 1010/649/629
f 827/462/457 1011/648/628 1045/650/630
f 1045/650/630 1046/706/677 827/462/457
f 1047/652/632 1049/651/631 1048/654/634
f 1050/703/674 1052/3873/643 1053/3875/3392 1054/701/672
f 1058/3876/3393 1055/3877/3394 1053/3878/3392 1056/3879/3395
f 1064/656/636 667/655/635 1062/698/669 1060/3880/3396
f 1055/3877/3394 1058/3876/3393 1057/3881/3397
f 1058/3876/3393 1059/3882/3398 1057/3881/3397
f 1059/3882/3398 1060/3880/3396 1061/697/668
f 1062/698/669 667/655/635 1063/695/666
f 1036/634/617 636/632/615 635/3806/3360 1037/3870/3391
f 1033/628/612 1064/656/636 1034/629/613
f 1033/628/612 1032/627/611 668/657/637
f 1034/629/613 1065/658/638 1066/659/639
f 1035/631/614 1067/673/648 635/3806/3360
f 1039/3883/3399 1038/637/620 1037/3870/3391 669/680/653
f 1044/3884/627 1043/3872/625 1069/683/656 1070/684/657
f 1039/3883/3399 1040/638/621 1038/637/620
f 1039/3883/3399 1068/681/654 1041/639/622
f 1041/639/622 1040/638/621 1039/3883/3399
f 1068/681/654 1042/641/624 1041/639/622
f 1042/641/624 1068/681/654 1069/683/656
f 1072/692/664 1073/662/640 1044/3885/627 1071/3886/3400
f 1044/3884/627 1070/684/657 1071/3887/3400
f 1077/668/644 1058/3876/3393 1056/3879/3395 1076/686/659
f 1073/661/640 1045/650/630 1011/648/628
f 1049/664/631 1074/663/641 1051/665/633
f 1056/3879/3395 1053/3878/3392 1052/667/643
f 1052/667/643 1075/666/642 1056/3879/3395
f 669/680/653 1037/3870/3391 635/3806/3360 119/676/649
f 1060/3880/3396 1059/3882/3398 1058/3876/3393
f 1058/3876/3393 1077/668/644 1060/3880/3396
f 1077/668/644 1064/656/636 1060/3880/3396
f 1079/670/646 1066/659/639 1065/658/638
f 1079/670/646 1080/671/647 1066/659/639
f 119/676/649 635/3806/3360 1067/673/648
f 1089/689/661 1072/692/664 1071/3886/3400 1084/3888/660
f 1081/678/651 669/680/653 119/676/649
f 1081/678/651 1088/693/662 1082/679/652
f 1068/681/654 1039/3883/3399 669/680/653
f 1082/679/652 1069/683/656 1068/681/654
f 1084/688/660 1071/3887/3400 1070/684/657
f 1120/731/700 1090/696/667 1062/698/669 1063/695/666
f 1076/686/659 1056/3879/3395 1075/666/642
f 1075/666/642 1078/669/645 1076/686/659
f 744/395/390 1086/687/650 1079/670/646
f 1086/687/650 1087/691/663 1081/3889/651
f 1086/677/650 119/676/649 1080/675/647
f 1088/693/662 1084/688/660 1083/682/655
f 743/397/392 1087/691/663 744/395/390
f 1088/690/662 1089/689/661 1084/3888/660
f 1088/690/662 1081/3889/651 1087/691/663
f 1087/691/663 1086/687/650 744/395/390
f 1094/699/670 1055/3890/3394 1092/3733/3311 1093/3891/3401
f 1062/698/669 1061/697/668 1060/3880/3396
f 1061/697/668 1057/3881/3397 1059/3882/3398
f 1057/3881/3397 1061/697/668 1091/3892/696
f 1055/3890/3394 1057/3893/3397 1092/3733/3311
f 918/714/685 1100/712/683 1002/711/682 1004/710/681
f 1055/3890/3394 1094/699/670 1054/701/672
f 1054/701/672 1053/3875/3392 1055/3890/3394
f 1054/701/672 1111/700/671 1050/703/674
f 1050/703/674 1095/702/673 1048/654/634
f 1048/654/634 1096/704/675 1047/652/632
f 1047/652/632 1097/705/676 1046/706/677
f 1046/706/677 1045/650/630 1047/652/632
f 828/463/458 827/462/457 1046/706/677
f 1005/607/591 831/608/592 1098/465/460
f 1006/708/679 1004/710/681 1001/605/589
f 1004/710/681 1002/711/682 1001/605/589
f 1104/719/690 1103/718/689 1106/722/693 1107/753/722
f 1101/709/680 1102/717/688 889/761/730
f 1103/718/689 1105/720/691 1102/717/688
f 1110/724/695 1108/723/694 1106/722/693 1109/721/692
f 1103/718/689 1046/706/677 1097/705/676
f 1103/718/689 1097/705/676 1106/722/693
f 1093/3891/3401 1113/3894/3402 1112/754/723 1094/699/670
f 1109/721/692 1096/704/675 1110/724/695
f 1110/724/695 1095/702/673 1111/700/671
f 1113/3894/3402 1114/745/714 1112/754/723
f 1093/3891/3401 1114/745/714 1113/3894/3402
f 1061/3895/668 1090/728/667 1117/726/697 1091/725/696
f 1115/3732/3310 1093/3891/3401 1092/3733/3311
f 1116/727/698 1115/3732/3310 1091/725/696
f 666/694/665 1125/738/707 1121/743/712 1119/732/701
f 1118/729/699 1119/3896/701 1135/3897/3403
f 1121/743/712 1123/733/702 1122/735/704
f 1123/733/702 1127/737/706 1124/734/703
f 1123/733/702 1121/743/712 1125/738/707
f 1127/737/706 1128/739/708 1130/741/710 1124/734/703
f 1126/736/705 668/657/637 1032/627/611
f 1031/624/608 1128/739/708 1127/737/706
f 1128/739/708 1031/624/608 1028/626/610
f 1128/739/708 1028/626/610 1129/740/709
f 1119/3898/701 1121/3899/712 1132/3694/711 1135/3900/3403
f 1130/741/710 1129/740/709 1131/3707/3290
f 1124/734/703 1132/742/711 1122/735/704
f 1132/3694/711 1124/3708/703 1133/3691/3279
f 1115/3732/3310 1116/727/698 789/744/713 1136/746/715
f 1135/3897/3403 1117/726/697 1118/729/699
f 1117/726/697 1135/3897/3403 651/3815/3282
f 651/3815/3282 732/386/381 1117/726/697
f 1093/3891/3401 1115/3732/3310 1136/746/715 1114/745/714
f 854/747/716 1136/746/715 788/749/718 852/476/471
f 1114/745/714 161/478/473 1112/754/723
f 851/752/721 1874/3829/1368 1139/1477/1371 1140/750/719
f 1136/746/715 789/744/713 788/749/718
f 1142/756/725 1107/753/722 855/751/720 1140/750/719
f 1139/1477/1371 1141/757/726 1140/750/719
f 900/1483/1377 1145/763/732 887/760/729 1144/759/728
f 1108/723/694 853/755/724 855/751/720
f 1107/753/722 1142/756/725 1104/719/690
f 1107/753/722 1106/722/693 1108/723/694
f 1104/719/690 1141/757/726 1105/720/691
f 1105/720/691 1143/758/727 1144/759/728
f 1105/720/691 1144/759/728 889/761/730
f 889/761/730 1102/717/688 1105/720/691
f 899/3839/3379 916/762/731 1145/763/732 900/1483/1377
f 1145/763/732 915/716/687 887/760/729
f 901/766/735 924/518/511 916/762/731 899/3839/3379
f 1146/767/736 1147/765/734 901/766/735 898/3835/3377
f 924/518/511 922/517/510 917/764/733
f 1150/771/740 926/773/741 928/770/739 1149/912/862
f 1147/765/734 925/768/737 924/518/511
f 925/768/737 928/770/739 923/519/512
f 926/773/741 930/772/515 927/3843/3381
f 931/520/513 1153/3901/3404 933/524/517 166/490/485
f 931/775/513 1151/774/742 1152/3902/3405
f 931/520/513 1152/3903/3405 1153/3901/3404
f 1155/917/867 1156/776/743 933/524/517 1153/3901/3404
f 1152/3903/3405 1154/918/865 1153/3901/3404
f 934/525/518 933/524/517 1156/776/743 935/526/519
f 776/789/753 775/784/425 1163/786/750 1164/865/823
f 935/526/519 1157/777/744 937/527/520
f 939/533/526 938/529/522 937/527/520
f 937/527/520 1158/778/745 939/533/526
f 939/533/526 943/537/529 942/534/527
f 1159/779/746 1160/3741/747 943/537/529
f 1173/796/758 1170/795/757 1169/791/754 1172/821/783
f 1164/865/823 1165/787/751 776/789/753
f 776/3817/753 1167/3904/752 779/431/426
f 1166/863/821 1168/3905/781 1167/788/752
f 1167/790/752 1168/819/781 1169/791/754
f 1170/795/757 1171/793/755 1169/791/754
f 860/484/479 1177/941/888 821/797/759 1176/799/761
f 1184/826/788 1182/804/766 1181/803/765 1183/827/789
f 1179/801/763 1182/804/766 1180/802/764
f 1188/807/769 1186/806/768 1185/3906/835 1187/829/791
f 1184/3907/788 1185/879/835 1182/881/766
f 1184/830/788 1187/829/791 1185/3906/835
f 1191/3908/3406 1189/805/767 1188/807/769 1190/836/796
f 1232/842/802 1202/3909/3407 1201/815/777 839/849/809
f 1191/3908/3406 1193/873/831 1189/805/767
f 1192/810/772 1193/873/831 1191/3908/3406
f 1191/3908/3406 1194/837/797 1192/810/772
f 1192/810/772 1195/809/771 1196/870/828
f 1192/810/772 1194/837/797 1197/808/770
f 839/849/809 1200/868/826 1198/811/773
f 839/849/809 1201/815/777 1200/868/826
f 1206/867/825 1204/814/776 1207/848/808 1205/864/822
f 1202/3909/3407 1203/813/775 1201/815/777
f 1203/813/775 1207/848/808 1204/814/776
f 1210/816/778 1212/3910/3408 1166/863/821 1213/862/820
f 1207/848/808 1208/3911/3409 1205/864/822
f 1208/3911/3409 1207/848/808 1209/817/779
f 1209/817/779 1210/816/778 1208/3911/3409
f 1210/816/778 1165/787/751 1208/3911/3409
f 1210/816/778 1211/818/780 1212/3910/3408
f 1175/798/760 821/797/759 1219/824/786 1220/825/787
f 1212/3910/3408 1214/851/811 1166/863/821
f 1166/863/821 1215/853/813 1168/3905/781
f 1168/3905/781 1215/853/813 1216/3912/782
f 1216/820/782 1217/822/784 1172/821/783
f 1172/821/783 1218/823/785 1219/824/786
f 1222/3913/3410 1224/828/790 1183/827/789 1221/857/815
f 1221/857/815 1183/827/789 1181/803/765
f 1198/811/773 1197/808/770 159/3826/3371 839/849/809
f 1224/831/790 1225/832/792 1187/829/791
f 1187/829/791 1226/833/793 1227/834/794
f 1226/833/793 819/460/455 1227/834/794
f 1227/834/794 818/458/453 1228/835/795
f 1194/837/797 1191/3908/3406 1190/836/796
f 1190/836/796 1229/838/798 1230/840/800
f 1190/836/796 1230/840/800 1197/808/770
f 1230/840/800 159/3826/3371 1197/808/770
f 159/3826/3371 1230/840/800 825/839/799 840/843/803
f 824/844/804 800/3914/3411 1231/841/801 825/839/799
f 825/839/799 1231/841/801 840/843/803
f 800/3914/3411 150/846/806 1231/841/801
f 800/3914/3411 824/844/804 150/846/806
f 799/845/805 1233/861/819 1234/847/807 150/846/806
f 799/845/805 817/457/452 1233/861/819
f 150/846/806 1234/847/807 1207/848/808 1202/3909/3407
f 817/457/452 820/459/454 1233/861/819
f 1211/818/780 1235/850/810 1214/851/811 1212/3910/3408
f 1202/3909/3407 1231/841/801 150/846/806
f 1202/3909/3407 1207/848/808 1203/813/775
f 1202/3909/3407 1232/842/802 1231/841/801
f 1234/847/807 1233/861/819 1235/850/810
f 1238/852/812 1214/851/811 1235/850/810 1236/860/818
f 1215/853/813 1166/863/821 1214/851/811
f 1215/853/813 1238/852/812 1217/855/784 1216/3912/782
f 1220/825/787 1218/823/785 844/856/814 1221/857/815
f 1238/852/812 1237/858/816 844/854/814
f 845/859/817 1237/858/816 1236/860/818 1223/3915/3412
f 818/458/453 817/457/452 1229/838/798 1228/835/795
f 1223/3915/3412 1236/860/818 1225/832/792
f 1223/3915/3412 1222/3916/3410 845/859/817
f 1223/3915/3412 1224/831/790 1222/3916/3410
f 1222/3916/3410 1221/3827/815 845/859/817
f 1225/832/792 1224/831/790 1223/3915/3412
f 1225/832/792 1236/860/818 819/460/455
f 1237/858/816 1238/852/812 1236/860/818
f 1236/860/818 1235/850/810 820/459/454
f 1229/838/798 1190/836/796 1228/835/795
f 1205/864/822 1208/3911/3409 1165/787/751 1164/865/823
f 1229/838/798 817/457/452 824/844/804
f 1220/825/787 1219/824/786 1218/823/785
f 1244/893/843 1193/873/831 1242/872/830 1243/894/845
f 1206/867/825 1200/868/826 1204/814/776
f 1200/868/826 1206/867/825 1267/869/827
f 1196/870/828 1199/812/774 1240/898/849
f 1241/871/829 1193/873/831 1196/870/828
f 1193/873/831 1192/810/772 1196/870/828
f 1245/890/832 1257/892/844 1248/3917/3413 1246/876/833
f 1193/873/831 1244/893/843 1245/874/832
f 1246/876/833 1248/3917/3413 1247/877/834
f 1247/877/834 1256/889/842 1249/880/836
f 1249/880/836 1250/886/837 1182/881/766
f 1250/882/837 1251/883/838 1180/802/764
f 1251/883/838 861/482/477 1178/800/762
f 861/482/477 860/484/479 1176/799/761
f 861/482/477 1176/799/761 1178/800/762
f 1252/884/839 1253/885/840 1254/3918/3414
f 1252/884/839 863/483/478 861/482/477
f 1251/888/838 1255/887/841 1253/910/840
f 1248/3917/3413 1258/907/858 1256/889/842
f 1257/892/844 1258/907/858 1248/3917/3413
f 1256/889/842 1247/877/834 1248/3917/3413
f 1260/895/846 1243/894/845 1262/896/847 1263/3919/3415
f 1257/892/844 1244/891/843 1260/3920/846
f 1260/3920/846 1261/913/863 1257/892/844
f 1271/902/853 1268/3921/3416 1239/866/824 1270/900/851
f 1243/894/845 1242/872/830 1262/896/847
f 1264/897/848 1265/3922/3417 1262/896/847
f 1267/869/827 1268/3921/3416 1269/903/854
f 1267/869/827 1239/866/824 1268/3921/3416
f 1270/900/851 1162/785/749 1272/901/852 1271/902/853
f 1239/866/824 1267/869/827 1206/867/825
f 1276/3923/868 1277/3924/866 1265/3922/3417 1275/921/869
f 1272/901/852 1161/781/748 1160/780/747
f 1271/902/853 1269/903/854 1268/3921/3416
f 1269/903/854 1266/899/850 1267/869/827
f 1266/899/850 1273/904/855 1274/922/870
f 1274/922/870 1264/897/848 1266/899/850
f 1264/897/848 1274/922/870 1275/921/869
f 1275/921/869 1265/3922/3417 1264/897/848
f 1265/3922/3417 1277/3924/866 1263/3919/3415 1262/896/847
f 912/908/859 1256/889/842 1258/907/858 1280/906/857
f 1263/3925/3415 1277/3926/866 1278/914/864
f 1263/3925/3415 1278/914/864 1261/913/863
f 1261/913/863 1260/3920/846 1263/3925/3415
f 1259/3927/3418 1257/892/844 1261/913/863
f 1259/3927/3418 1261/913/863 1279/905/856
f 1259/3927/3418 1279/905/856 1258/907/858
f 1258/907/858 1257/892/844 1259/3927/3418
f 909/508/501 912/908/859 1280/906/857 1281/911/861
f 912/908/859 1255/887/841 1256/889/842
f 925/768/737 1146/767/736 1280/906/857 1148/769/738
f 1156/776/743 1155/917/867 1276/919/868 1157/777/744
f 1151/774/742 1150/771/740 1149/912/862
f 1149/912/862 1261/913/863 1151/774/742
f 1151/774/742 1154/915/865 1152/3902/3405
f 1278/914/864 1277/3926/866 1154/915/865
f 1277/916/866 1276/919/868 1155/917/867
f 1282/1482/1376 1283/924/871 910/509/502 897/3838/3378
f 1273/904/855 1269/903/854 1272/901/852
f 1154/918/865 1155/917/867 1153/3901/3404
f 1149/912/862 928/770/739 1148/769/738
f 1281/911/861 173/3730/3309 894/501/494
f 910/509/502 172/500/493 897/3838/3378
f 858/929/876 1289/930/877 1290/3928/3419 162/481/476
f 1283/924/871 1284/925/872 913/510/503
f 1285/926/873 1286/2225/1379 1254/3929/3414
f 1254/3918/3414 1286/1485/1379 1287/927/874
f 1254/3929/3414 911/909/860 1285/926/873
f 1254/3918/3414 1287/927/874 1252/884/839
f 162/481/476 1290/3928/3419 1291/931/878 859/479/474
f 862/937/884 1294/936/883 1295/938/885 1296/940/887
f 859/479/474 1292/932/879 856/480/475
f 1292/932/879 149/452/447 153/451/446
f 1292/932/879 153/451/446 856/480/475
f 856/480/475 813/933/880 857/935/882
f 813/933/880 1308/950/897 1293/934/881
f 1293/934/881 862/937/884 857/935/882
f 1295/938/885 1298/949/896 823/942/889 1297/939/886
f 1297/939/886 1177/941/888 1296/940/887
f 823/942/889 821/797/759 1177/941/888
f 822/3820/3368 823/942/889 1298/949/896 1306/948/895
f 1299/436/431 1300/943/890 155/439/434 822/3820/3368
f 1305/3729/3308 3647/3725/3304 757/415/410 735/391/386
f 1301/944/891 748/3728/3307 148/440/435
f 748/3728/3307 1302/945/892 137/403/398
f 733/389/384 1303/946/893 1304/411/406
f 734/390/385 138/404/399 735/391/386
f 735/391/386 138/404/399 1305/3729/3308
f 1308/950/897 1306/948/895 1307/947/894 1294/936/883
f 3647/3725/3304 1306/948/895 757/415/410
f 758/3930/3420 757/415/410 1306/948/895
f 758/3930/3420 1306/948/895 1308/950/897 146/952/899
f 1310/1502/1396 1311/954/901 783/951/898 1309/953/900
f 1294/936/883 1293/934/881 1308/950/897
f 1315/959/906 684/414/409 782/956/903 1314/1507/1401
f 1311/954/901 146/952/899 783/951/898
f 782/956/903 768/955/902 1312/1503/1397
f 782/956/903 1313/1505/1399 1314/1507/1401
f 1328/971/917 1326/970/916 1325/968/914 1327/2456/2222
f 684/414/409 757/415/410 146/952/899
f 683/962/909 1318/961/908 676/963/910
f 121/355/352 134/388/383 683/962/909
f 676/3931/910 1319/1517/1408 674/966/350
f 674/353/350 121/355/352 676/963/910
f 674/966/350 1319/1517/1408 84/1519/1410
f 674/966/350 84/1519/1410 1320/964/911
f 1321/3932/913 675/354/351 674/353/350
f 674/353/350 1322/3933/912 1321/3932/913
f 1321/967/913 1324/3934/3421 1325/968/914
f 1328/971/917 1329/973/919 1339/3935/926 1326/970/916
f 1328/971/917 1331/974/920 111/972/918
f 1331/974/920 1328/971/917 1330/3936/3422
f 1331/974/920 1330/3936/3422 1332/975/921
f 1331/974/920 647/977/923 111/972/918
f 1336/979/925 1334/978/924 1337/3937/2230
f 1336/979/925 1329/973/919 111/972/918
f 1329/973/919 1336/979/925 1338/3938/2231
f 1338/3938/2231 1339/3935/926 1329/973/919
f 1339/3935/926 1338/3938/2231 1341/3939/3423
f 1339/3935/926 1323/969/915 1326/970/916
f 724/376/371 1347/3940/931 1348/3723/3302 725/377/372
f 675/354/351 1321/3932/913 1323/980/915
f 1323/980/915 736/401/396 675/354/351
f 675/354/351 736/401/396 121/355/352
f 736/401/396 1323/980/915 1340/402/397
f 1339/981/926 1341/3941/3423 1340/402/397
f 1341/3941/3423 1338/2468/2231 1342/982/927
f 1342/982/927 1340/402/397 1341/3941/3423
f 1346/351/348 672/350/347 724/987/371
f 136/398/393 1348/3723/3302 1347/3940/931 1350/3942/3424
f 1347/3940/931 1349/3943/3425 1350/3942/3424
f 1351/991/934 1350/3942/3424 1349/3943/3425 673/989/932
f 745/399/394 136/398/393 1350/3942/3424 1351/991/934
f 745/399/394 1351/991/934 1352/990/933 1353/992/935
f 1354/3721/3300 750/407/402 777/432/427 1352/3719/933
f 1353/992/935 1171/793/755 746/400/395
f 1353/992/935 777/3731/427 1171/793/755
f 1171/793/755 747/3722/3301 746/400/395
f 747/3722/3301 1171/793/755 1170/795/757
f 1170/795/757 725/377/372 747/3722/3301
f 1170/795/757 1174/794/756 725/377/372
f 777/432/427 1353/3944/935 1352/3719/933
f 752/3816/3367 751/408/403 718/3716/3297 1355/2523/2276
f 751/408/403 671/352/349 718/3716/3297
f 1372/2432/2199 656/343/340 1371/1005/948 1370/2430/2197
f 1355/2523/2276 1356/993/936 752/3816/3367
f 752/3816/3367 1356/993/936 1358/995/938
f 1358/995/938 753/409/404 752/3816/3367
f 1358/995/938 1357/994/937 774/428/423
f 774/428/423 773/427/422 1358/995/938
f 1359/996/939 945/540/531 774/428/423
f 1360/997/940 946/1000/943 945/540/531
f 1362/999/942 947/1002/945 946/1000/943
f 1363/1001/944 1364/2514/2267 1365/1003/946
f 726/380/375 1365/1003/946 1366/2429/2196
f 1367/1006/949 727/381/376 726/380/375
f 726/380/375 2637/1004/947 1367/1006/949
f 1367/1006/949 1371/1005/948 1368/3945/3426
f 1368/3945/3426 1369/3946/3427 1367/1006/949
f 1368/3945/3426 1371/1005/948 115/342/339
f 1374/3947/3428 109/3804/3358 1373/1007/950 656/343/340
f 109/3804/3358 1374/3947/3428 1375/1008/951 633/322/319
f 656/343/340 1372/2432/2199 1374/3947/3428
f 1379/1012/955 629/1010/953 1378/2566/2312 593/288/285
f 1375/1008/951 1376/2564/2310 1377/1009/952
f 1382/3948/3429 108/320/317 1379/1012/955 1380/1011/954
f 629/1010/953 1379/1012/955 108/320/317
f 593/288/285 592/287/284 1379/1012/955
f 1384/3949/3430 1382/3948/3429 1380/1011/954 1381/2573/2319
f 1382/3948/3429 630/321/318 108/320/317
f 1385/1014/957 1383/3714/3295 1382/3948/3429 1384/3949/3430
f 1383/3714/3295 630/321/318 1382/3948/3429
f 1387/1015/958 1385/1014/957 1384/3949/3430 1386/3950/3431
f 1392/1020/963 1390/1017/960 1393/2577/2323 1394/1019/962
f 1389/1016/959 1390/1017/960 1388/1013/956
f 729/383/378 1394/1019/962 1395/3951/3432 951/3845/3383
f 956/3847/966 954/543/534 1398/3952/3433 1400/3953/964
f 951/3845/3383 1395/3951/3432 1396/2578/2324
f 1396/2578/2324 952/3846/3384 951/3845/3383
f 952/3846/3384 950/3844/3382 951/3845/3383
f 952/3846/3384 1396/2578/2324 1397/2580/2326
f 954/543/534 953/542/533 952/3846/3384
f 952/3846/3384 1398/3952/3433 954/543/534
f 1404/1026/969 957/1025/968 1401/1022/965 1403/2586/2332
f 956/1023/966 1401/1022/965 955/3954/535
f 955/3954/535 957/1025/968 834/3848/3369
f 955/3954/535 1401/1022/965 957/1025/968
f 1401/1022/965 1402/2585/2331 1403/2586/2332
f 967/1036/979 966/530/523 965/552/543 1414/1035/978
f 1404/1026/969 1406/455/450 1405/1027/970
f 1405/1027/970 961/1029/972 960/545/536
f 1407/1028/971 838/470/465 961/1029/972
f 837/471/466 1408/1030/973 1409/3955/3434
f 1410/1031/974 837/471/466 1411/2598/2340
f 962/469/464 963/548/539 838/470/465
f 963/548/539 962/469/464 1412/2588/2334
f 963/548/539 1413/2591/975 849/549/540
f 1413/2591/975 964/3849/976 848/546/537
f 965/552/543 958/3850/538 964/1033/976
f 965/552/543 966/530/523 941/532/525
f 1419/3956/3435 971/559/546 1417/1039/981 1418/3957/3436
f 1414/1035/978 1415/2593/2337 969/554/544
f 1416/1037/980 1417/2594/981 970/555/545
f 1417/1039/981 843/3824/3370 1418/3957/3436
f 991/585/571 989/583/569 1421/2674/2407 1423/3958/3437
f 1419/3956/3435 972/557/547 971/559/546
f 1420/1040/982 1421/2674/2407 989/583/569
f 1421/2674/2407 1422/3959/3438 1423/3958/3437
f 1432/2694/2420 1433/2696/990 164/3960/480 1431/1049/989
f 1422/3959/3438 1424/2678/2411 1423/3958/3437
f 1423/3958/3437 1425/3961/2632 991/585/571
f 991/3962/571 1426/3963/3439 992/2680/572
f 1428/1041/983 993/589/575 1427/3860/573
f 994/1043/985 1429/2686/986 995/590/576
f 995/590/576 993/589/575 994/1043/985
f 1431/1049/989 164/3960/480 865/1047/987
f 1431/1049/989 1430/1048/988 2825/2954/2641
f 715/3813/3365 1437/3863/3388 1436/2700/993 1438/3964/3440
f 1434/1052/992 1436/1053/993 1435/3711/3292
f 1435/3965/3292 1436/2700/993 1437/3863/3388
f 1437/3863/3388 1009/3862/595 1435/3965/3292
f 1445/1062/1002 1444/1061/1001 1443/1058/998 643/2704/2426
f 1439/1056/996 129/1055/995 715/3813/3365
f 716/1054/994 1439/1056/996 1440/3966/3441
f 1440/3966/3441 1441/1075/1011 716/1054/994
f 1441/1075/1011 1440/3966/3441 2832/3967/997
f 2832/3967/997 1442/3968/999 1441/1075/1011
f 1442/1059/999 1443/1058/998 1444/1061/1001
f 1448/3969/2437 1449/1063/1003 99/1064/1004 1447/2713/2435
f 1446/1060/1000 1445/1062/1002 590/2705/2427
f 1446/1060/1000 590/2705/2427 99/1064/1004
f 1448/2715/2437 1452/3970/3442 631/325/322 1449/1065/1003
f 1449/1063/1003 1451/1071/320 1446/1060/1000
f 1449/1065/1003 631/325/322 1450/324/321
f 632/3805/3359 1453/3971/3443 1454/3972/3444 1455/1068/1007
f 631/325/322 1452/3970/3442 1453/3971/3443
f 1453/3971/3443 632/3805/3359 631/325/322
f 639/3973/3445 110/326/323 1455/1068/1007 1454/3972/3444
f 1457/1066/1005 1455/1068/1007 638/328/325 1459/3974/1008
f 110/326/323 638/328/325 1455/1068/1007
f 1455/1068/1007 1458/1067/1006 632/3805/3359
f 638/328/325 1456/2719/2440 1459/3974/1008
f 622/315/312 1462/1077/1013 1463/1076/1012 105/313/310
f 1446/1060/1000 1457/1070/1005 1444/1061/1001
f 1444/1061/1001 1459/1072/1008 1442/1059/999
f 1442/3968/999 1459/3975/1008 1460/1073/1009
f 1460/1073/1009 1441/1075/1011 1442/3968/999
f 1461/1074/1010 129/1055/995 716/1054/994
f 622/315/312 608/296/293 1462/1077/1013
f 95/273/270 1464/1079/1015 539/1081/1017 538/3798/3353
f 539/1081/1017 1465/1080/1016 534/3976/3446 537/3799/3354
f 1464/1079/1015 95/273/270 105/313/310
f 1465/1080/1016 535/1078/1014 534/3976/3446
f 1468/3977/3447 537/3799/3354 534/3976/3446 1467/3978/3448
f 534/3976/3446 1466/2743/2460 1467/3978/3448
f 1470/3979/3449 1468/3977/3447 1467/3978/3448 1469/2742/2459
f 537/3799/3354 1468/3977/3447 579/3801/3356 538/3798/3353
f 1468/3977/3447 1470/3979/3449 579/3801/3356
f 1472/1082/1018 579/3801/3356 1470/3979/3449 1471/2744/2461
f 485/1103/1033 579/3801/3356 1472/1082/1018 77/225/222
f 484/227/224 483/226/223 1472/1082/1018 446/190/187
f 1471/2744/2461 447/191/188 1472/1082/1018
f 70/189/186 1473/1083/1019 484/227/224 446/190/187
f 1475/1128/1053 397/1088/1022 57/153/150 396/1129/1054
f 1474/1084/1020 2866/1085/1021 482/223/220
f 482/223/220 77/225/222 484/227/224
f 1475/1128/1053 1479/3678/1025 1478/1089/1024 397/1088/1022
f 397/1086/1022 1477/224/221 482/223/220
f 1482/1097/1029 1480/1096/1028 1476/1094/1023 459/203/200
f 1480/1100/1028 1477/224/221 1476/1087/1023
f 72/201/198 1478/1091/1024 1481/1093/1026 458/3681/3270
f 485/1103/1033 1486/1101/1031 578/274/271 95/273/270
f 1478/1091/1024 72/201/198 459/203/200
f 499/1110/1038 1483/1095/1027 1482/1097/1029
f 499/1110/1038 1484/1109/1035 1483/1095/1027
f 1484/1105/1035 1485/1098/1030 1483/1099/1027
f 549/1102/1032 578/274/271 1486/1101/1031
f 518/248/245 517/247/244 1492/1116/1044 1495/1115/1043
f 549/1102/1032 90/257/254 550/1104/1034
f 549/1102/1032 1487/1106/1036 90/257/254
f 1484/1105/1035 549/1102/1032 1485/1098/1030
f 1488/1107/1037 1489/1111/1039 1487/1108/1036
f 1490/234/231 498/233/230 1489/1111/1039
f 499/1110/1038 460/202/199 81/232/229
f 460/202/199 1482/1097/1029 459/203/200
f 460/202/199 1491/1112/1040 81/232/229
f 1491/1112/1040 1492/1116/1044 517/247/244
f 1493/1113/1041 498/233/230 517/247/244
f 1501/3980/3291 1500/3981/1048 1503/3982/1049 547/255/252
f 1495/1115/1043 1496/1117/1045 518/248/245
f 1495/1115/1043 1497/3983/3450 1496/1117/1045
f 481/3984/219 1504/3985/3451 1505/3986/3452 1506/3987/3453
f 1499/1122/1047 1502/284/281 1503/1123/1049
f 1504/3988/3451 480/221/218 1502/284/281
f 1504/3988/3451 481/222/219 480/221/218
f 1508/3989/1050 481/3984/219 1506/3987/3453 1507/3686/3274
f 1519/3759/3329 1516/3758/3328 1517/3666/3259 1518/3990/1059
f 1508/1125/1050 3630/3991/3273 1509/176/173
f 1510/1127/1052 1511/1126/1051 1509/176/173
f 396/1129/1054 382/150/147 1511/1126/1051
f 395/152/149 394/151/148 1513/1131/1056
f 1513/1131/1056 1514/1130/1055 1515/1132/1057
f 1515/1132/1057 1517/3666/3259 1516/3758/3328
f 259/75/72 258/74/71 1523/2765/2481 1524/1137/1062
f 1519/3759/3329 1518/3990/1059 1520/1447/1061
f 1522/3756/3327 1847/3992/3454 1521/1135/1060
f 1522/3756/3327 2879/2761/2477 29/73/70
f 29/73/70 2879/2761/2477 258/74/71
f 2/6/6 1531/5/5 1530/1143/1068 184/8/8
f 1525/3993/1063 257/70/68 259/3757/72
f 1525/3993/1063 244/3994/1064 1526/1140/1065
f 1526/1140/1065 1527/3995/3455 1525/3993/1063
f 244/3994/1064 243/3593/57 1526/1140/1065
f 1529/9/9 1530/1143/1068 1528/1142/1067
f 1/1/1 1537/1147/1071 1539/1149/1073 178/375/370
f 1534/3592/2486 1535/2773/2487 1533/10/10
f 1533/10/10 1535/2773/2487 1536/1144/1069
f 1537/1146/1071 1538/3996/2799 206/3997/1072
f 200/28/26 179/27/25 2900/1150/1074 2901/3147/2808
f 2900/1150/1074 179/27/25 178/375/370
f 1545/3998/2523 1546/1154/1077 1542/1156/1078 1543/1153/1076
f 1566/1194/1115 1563/1170/1092 1564/1171/1093 1565/1173/1095
f 1546/3999/1077 1547/1157/1079 1544/52/50
f 1544/52/50 1548/1158/1080 228/1159/1081
f 1550/1162/1084 1628/4000/3456 1549/1160/1082
f 1556/1165/1087 1557/4001/1119 1555/1166/1088
f 1556/1165/1087 1558/2868/1120 1557/4001/1119
f 1558/2868/1120 1559/2869/2566 1561/4002/1091
f 1561/1169/1091 1601/1197/1118 1558/1199/1120
f 1561/1169/1091 1562/1168/1090 1563/1170/1092
f 1563/1170/1092 1566/1194/1115 1561/1169/1091
f 1597/4003/3457 1568/1174/1096 1570/1175/1097 1571/4004/3458
f 1565/1173/1095 1568/1174/1096 1569/1195/1116
f 1576/1181/1103 1574/1180/1102 1573/1178/1100 1575/1177/1099
f 1570/1175/1097 1572/4005/3459 1571/4004/3458
f 1572/4005/3459 1570/1175/1097 2928/2800/2511
f 1572/4005/3459 2921/2799/2504 2927/1176/1098
f 1572/4005/3459 2927/1176/1098 1573/1178/1100
f 1577/1179/1101 1580/1182/1104 1578/4006/3460 1579/4007/3461
f 1582/4008/2302 1578/4009/3460 1580/1185/1104 1581/1184/1106
f 1598/4010/3462 1569/1195/1116 1568/1174/1096 1597/4003/3457
f 1580/1185/1104 1583/2795/2509 1584/1183/1105
f 1584/1183/1105 553/260/257 1581/1184/1106
f 553/260/257 1585/1186/1107 2926/1187/1108
f 1586/1188/1109 1587/4011/3463 553/260/257
f 1587/4011/3463 1586/1188/1109 1375/1008/951
f 1587/4011/3463 1375/1008/951 1374/3947/3428
f 553/260/257 1587/4011/3463 1588/2431/2198
f 1588/2431/2198 1589/1189/1110 553/260/257
f 1589/1189/1110 1588/2431/2198 1370/2430/2197
f 1589/1189/1110 1590/1190/1111 551/258/255
f 551/258/255 1591/1191/1112 1592/1333/1240
f 1592/1333/1240 1650/1244/1162 551/258/255
f 551/258/255 1649/4012/1161 552/259/256
f 552/259/256 1581/1184/1106 553/260/257
f 1581/1184/1106 552/259/256 1593/4013/2300
f 1593/4013/2300 1582/4008/2302 1581/1184/1106
f 1578/4006/3460 1582/2554/2302 1594/2553/2301
f 1579/4007/3461 1578/4006/3460 502/2560/2308
f 1573/1178/1100 1595/1192/1113 1571/4004/3458
f 1571/4004/3458 1595/1192/1113 1596/4014/3464
f 1596/4014/3464 1597/4003/3457 1571/4004/3458
f 1571/4004/3458 1572/4005/3459 1573/1178/1100
f 1555/1166/1088 337/4015/3465 43/3768/1123 296/98/95
f 1569/1195/1116 1566/1194/1115 1565/1173/1095
f 1601/1197/1118 342/2558/2306 1557/1198/1119
f 1557/1198/1119 342/2558/2306 341/2559/2307
f 341/2559/2307 337/4016/3465 1557/1198/1119
f 43/1202/1123 337/4016/3465 341/2559/2307 1602/1200/1121
f 337/4015/3465 1555/1166/1088 1557/4001/1119
f 1608/1207/1128 1610/1206/1127 466/208/205 73/207/204
f 1605/1205/1126 1606/1217/1138 1603/1204/1125
f 1603/1204/1125 1604/1203/1124 1605/1205/1126
f 1604/1203/1124 1607/4017/3466 1605/1205/1126
f 1605/1205/1126 1607/4017/3466 1610/1206/1127
f 1612/1208/1129 466/208/205 1610/1206/1127 1611/4018/3467
f 1618/1215/1136 1615/1210/1131 1617/1212/1133 500/1214/1135
f 1612/1208/1129 1614/4019/3468 1615/1210/1131
f 1606/1217/1138 1605/1205/1126 1608/1207/1128 1620/1216/1137
f 1613/1209/1130 1619/1238/1158 467/209/206
f 1619/1238/1158 1620/1216/1137 73/207/204
f 1623/2562/1139 335/4020/1122 1621/4021/3469 1622/2563/2309
f 1606/1217/1138 1621/4022/3469 335/1201/1122
f 1624/1236/1156 334/3767/3336 336/1220/1141 1641/1219/1140
f 335/3769/1122 1623/1218/1139 336/1220/1141
f 38/99/96 296/98/95 334/3767/3336 1625/1221/1142
f 1630/1223/1144 1629/1222/1143 1628/4000/3456 1627/1224/1145
f 1625/1221/1142 1626/1229/1150 1552/1161/1083
f 1552/1161/1083 1627/1224/1145 1628/4000/3456
f 1552/1161/1083 1628/4000/3456 1550/1162/1084
f 23/56/54 1630/1223/1144 238/54/52
f 1635/1230/1151 1626/1229/1150 1636/4023/1153 1637/4024/3470
f 1627/1224/1145 1633/1227/1148 1631/1225/1146
f 1633/1227/1148 1627/1224/1145 1635/1230/1151
f 1635/1230/1151 1664/1267/1180 1633/1227/1148
f 1639/1235/1154 1636/4023/1153 1626/1229/1150 1638/4025/3471
f 1621/4021/3469 1645/1237/1157 453/197/194 1622/2563/2309
f 1624/1236/1156 1639/1235/1154 1638/4025/3471
f 1623/1218/1139 1642/4026/3472 1641/1219/1140
f 1642/4027/3472 1643/1258/1173 1644/1260/1175
f 1642/4027/3472 1623/2562/1139 1643/1258/1173
f 453/197/194 1643/1258/1173 1622/2563/2309
f 1660/2548/2297 1661/1286/1197 1644/4028/1175 1659/1257/1172
f 1645/1237/1157 1646/4029/3473 454/198/195
f 1646/4030/3473 1619/1238/1158 1647/1240/1160
f 1646/4030/3473 1645/2561/1157 1620/1216/1137
f 1619/1238/1158 1646/4030/3473 1620/1216/1137
f 1619/1238/1158 1613/1209/1130 1648/1239/1159
f 1648/1239/1159 1649/1241/1161 1647/1240/1160
f 456/200/197 1651/1245/1163 1652/1247/1165
f 1652/1247/1165 455/196/193 456/200/197
f 1652/1247/1165 1653/1248/1166 440/1246/1164
f 1653/1248/1166 441/183/180 440/1246/1164
f 1656/1251/1169 441/183/180 1654/1249/1167
f 1655/1250/1168 1657/1252/1170 1656/1251/1169
f 1659/1261/1172 439/1259/1174 442/184/181
f 1659/1257/1172 1658/1255/1171 1660/2548/2297
f 1659/1261/1172 1643/1258/1173 439/1259/1174
f 1642/4031/3472 1644/4028/1175 1661/1286/1197 1662/2549/2298
f 1640/1262/1155 1642/4031/3472 1662/2549/2298 324/1231/1152
f 1637/4032/3470 1636/1232/1153 323/1266/1179 1663/1265/1178
f 1642/4026/3472 1640/1234/1155 1641/1219/1140
f 1631/1225/1146 1634/1228/1149 1665/1269/1182 1632/1226/1147
f 1664/1267/1180 1635/1230/1151 1637/4024/3470
f 1668/4033/3474 1632/1226/1147 1667/1273/1186 1669/1270/1183
f 1632/1226/1147 1666/1268/1181 1667/1273/1186
f 1632/1226/1147 1668/4033/3474 1630/1223/1144
f 1668/4033/3474 240/55/53 238/54/52
f 1668/4033/3474 238/54/52 1630/1223/1144
f 240/55/53 1668/4033/3474 1669/1270/1183
f 249/1272/1185 1670/1271/1184 1671/64/62
f 1671/64/62 25/63/61 249/1272/1185
f 1669/1270/1183 1667/1273/1186 1670/1271/1184
f 1665/1269/1182 1675/4034/1190 1674/4035/1214 1666/1268/1181
f 1666/1268/1181 1674/4035/1214 1673/1276/1189
f 1681/1284/1195 1683/1263/1176 1684/1285/1196 1685/1296/1206
f 1676/1279/1191 1664/1280/1180 1677/1281/1192
f 1677/1281/1192 1678/1282/1193 1676/1279/1191
f 1679/1283/1194 1680/1302/1212 1678/1282/1193
f 1678/1282/1193 1677/1281/1192 1679/1283/1194
f 1679/1283/1194 1663/1265/1178 1681/1284/1195
f 1681/1284/1195 1682/1299/1209 1679/1283/1194
f 1681/1284/1195 325/1264/1177 1683/1263/1176
f 1695/1297/1207 1696/1295/1205 449/194/191 1693/1294/1204
f 1687/1288/1199 1686/1287/1198 1660/2548/2297
f 1660/2548/2297 1658/1255/1171 1687/1288/1199
f 1688/1289/1200 1687/1288/1199 1689/192/189
f 448/193/190 1658/1255/1171 1657/1290/1170
f 1657/1290/1170 1690/1292/1202 448/193/190
f 1691/1291/1201 1692/1293/1203 1690/1292/1202
f 1690/1292/1202 1693/1294/1204 449/194/191
f 1692/1293/1203 1694/4036/3475 1693/1294/1204
f 1686/1287/1198 1687/1288/1199 1696/1295/1205 1684/1285/1196
f 450/195/192 1696/1295/1205 1687/1288/1199
f 1698/1300/1210 1680/1302/1212 1697/1298/1208 1714/2544/2294
f 1685/1296/1206 1695/1297/1207 1682/1299/1209
f 1682/1299/1209 1681/1284/1195 1685/1296/1206
f 1682/1299/1209 1697/1298/1208 1680/1302/1212
f 1678/1282/1193 1700/1303/1213 1701/1305/1215 1675/1277/1190
f 1680/1302/1212 1679/1283/1194 1682/1299/1209
f 1700/1303/1213 1678/1282/1193 1680/1302/1212
f 1700/1303/1213 1699/1301/1211 1701/1305/1215
f 1715/1317/1225 1711/1316/1224 1712/4037/3476 1714/2544/2294
f 1674/1304/1214 281/1306/1216 1673/3764/1189
f 1672/1274/1187 1673/1276/1189 282/4038/2296
f 282/4038/2296 1703/1307/1217 1672/1274/1187
f 1706/1311/1220 1707/4039/3477 1704/1312/1219
f 1710/1314/1222 1712/4037/3476 1711/1316/1224
f 1717/4040/3478 1713/1318/1226 1715/1317/1225 1716/1320/1228
f 1720/2543/2293 1694/4036/3475 1716/1320/1228 1718/1319/1227
f 1716/1320/1228 1719/187/184 1717/4040/3478
f 1719/187/184 1716/1320/1228 1694/4036/3475 1692/1293/1203
f 1727/1340/1247 462/204/201 1725/1323/1231 1726/4041/3479
f 1722/1349/1254 444/188/185 1721/1321/1229
f 1723/1322/1230 1722/1349/1254 1721/1321/1229
f 1723/4042/1230 1724/1346/1252 1722/4043/1254
f 1723/1324/1230 1657/1252/1170 1655/1250/1168
f 1726/4041/3479 1725/1323/1231 1655/1250/1168 1728/1339/1246
f 1736/1332/1239 1735/1336/1243 486/3787/3345 1734/1331/1238
f 1728/1339/1246 1655/1250/1168 1654/1249/1167
f 1654/1249/1167 1729/1327/1234 1728/1339/1246
f 1729/1327/1234 1654/1249/1167 1653/1248/1166
f 1731/1325/1232 488/1329/1236 1732/1337/1244
f 489/1330/1237 1733/1328/1235 1734/1331/1238
f 1734/1331/1238 486/3787/3345 489/1330/1237
f 1735/1336/1243 1736/1332/1239 1591/1191/1112 1590/1190/1111
f 1592/1333/1240 1591/1191/1112 1736/1332/1239 1651/1245/1163
f 486/3787/3345 1735/1336/1243 1738/1335/1242 487/3789/3346
f 1653/1248/1166 1733/1328/1235 1731/1325/1232
f 1651/1245/1163 1734/1331/1238 1733/1328/1235
f 1590/1190/1111 1737/1334/1241 1735/1336/1243
f 1738/1335/1242 1737/1334/1241 2631/2425/2192
f 1738/1335/1242 1739/2423/2190 487/3789/3346
f 78/1338/1245 487/3789/3346 1739/2423/2190 1732/1337/1244
f 1739/2423/2190 1740/2422/2189 1732/1337/1244
f 1742/2418/2185 1727/1340/1247 1726/4041/3479 1741/4044/3480
f 1732/1337/1244 1730/1326/1233 1731/1325/1232
f 1728/1339/1246 1730/1326/1233 1741/4044/3480
f 1741/4044/3480 1726/4041/3479 1728/1339/1246
f 463/206/203 465/205/202 1743/2416/2183 1745/4045/1248
f 465/205/202 1744/2417/2184 1743/2416/2183
f 1717/4040/3478 443/186/183 1748/1348/1253 1749/1351/1255
f 1745/1341/1248 1746/2526/2279 464/1342/1249
f 464/1342/1249 1746/2526/2279 1747/2529/2282
f 464/1342/1249 1747/2529/2282 461/1344/1250
f 1709/1315/1223 1751/4046/3481 1707/4039/3477 1706/1311/1220
f 1717/4040/3478 1719/187/184 443/186/183
f 1717/4040/3478 1749/1351/1255 1713/1318/1226
f 1713/1318/1226 1750/1352/1256 1709/1315/1223
f 1709/1315/1223 1711/1316/1224 1713/1318/1226
f 1709/1315/1223 1750/1352/1256 1751/4046/3481
f 1754/1353/1257 1704/1309/1219 1707/4047/3477 1753/2534/2287
f 1751/4048/3481 1752/4049/3482 1707/4047/3477
f 1704/1309/1219 1754/1353/1257 1702/1275/1188 1703/1307/1217
f 1754/1353/1257 1753/2534/2287 1755/1354/1258
f 251/1356/1260 25/63/61 250/65/63 1758/1355/1259
f 1755/1354/1258 1756/2531/2284 1671/64/62
f 1755/1354/1258 1671/64/62 1670/1271/1184
f 1756/2531/2284 298/104/101 250/65/63
f 1756/2531/2284 250/65/63 1671/64/62
f 1770/1571/1455 1771/1361/1265 1769/4050/3483 1768/4051/3484
f 251/1356/1260 1758/1355/1259 1930/1568/1452
f 251/1356/1260 1759/1358/1262 26/1393/1295
f 1763/1570/1454 1764/1391/1293 1762/1359/1263
f 1763/1570/1454 1765/1392/1294 1764/1391/1293
f 1765/1392/1294 1763/1570/1454 1766/2403/2170
f 1767/1390/1292 1765/1392/1294 1768/4051/3484
f 1767/1390/1292 1768/4051/3484 1769/4050/3483
f 1769/4050/3483 1771/1361/1265 1772/1365/1269 1773/4052/3485
f 229/1366/1270 1772/1365/1269 1771/1361/1265 230/1363/1267
f 1777/1389/1291 1772/1365/1269 1775/1367/1271 1776/2542/2292
f 1776/2542/2292 1775/1367/1271 1778/1379/1281 1790/1378/1280
f 1772/1365/1269 1777/1389/1291 1773/4052/3485
f 213/1364/1268 216/37/35 1775/1367/1271
f 1780/1368/1272 216/37/35 215/36/34 1779/4053/1504
f 1778/1379/1281 1775/1367/1271 216/37/35
f 216/37/35 1781/1369/1273 1778/1379/1281
f 1789/1376/1279 1787/1374/1277 1788/2372/2141 209/1680/1552
f 1780/1372/1272 1782/1371/1275 1781/4054/1273
f 1783/1370/1274 1780/1372/1272 1784/1375/1278
f 1784/1375/1278 1787/1374/1277 1783/1370/1274
f 1786/1373/1276 1784/1375/1278 1785/1632/1508
f 1786/1373/1276 1788/2372/2141 1787/1374/1277
f 1793/1410/1312 1794/1384/1286 203/3746/3318 1792/1408/1310
f 1783/1370/1274 1789/1376/1279 1782/1371/1275
f 1791/1380/1282 187/13/13 1792/1408/1310
f 1792/1408/1310 203/3746/3318 1791/1380/1282
f 9/29/27 203/3746/3318 1794/1384/1286 1795/1383/1285
f 9/29/27 1795/1383/1285 1797/40/38 204/30/28
f 1795/1383/1285 1796/2541/2291 1797/40/38
f 1799/1385/1287 188/1381/1283 205/31/29 1798/1399/1301
f 1797/40/38 1796/2541/2291 218/41/39
f 204/30/28 1797/40/38 13/39/37
f 204/30/28 1798/1399/1301 205/31/29
f 190/1387/1289 189/14/14 188/1381/1283 1799/1385/1287
f 1799/1385/1287 1802/1397/1299 1764/1391/1293 1800/1386/1288
f 1801/1388/1290 5/11/11 190/1387/1289
f 1801/1388/1290 1773/4052/3485 1777/1389/1291
f 1773/4052/3485 1801/1388/1290 1767/1390/1292
f 1767/1390/1292 1769/4050/3483 1773/4052/3485
f 1800/1386/1288 1764/1391/1293 1767/1390/1292
f 1762/1359/1263 1764/1391/1293 1802/1397/1299 1803/1394/1296
f 249/1272/1185 25/63/61 26/1393/1295 239/1396/1298
f 1803/1394/1296 1761/1360/1264 1762/1359/1263
f 1761/1360/1264 1803/1394/1296 239/1396/1298
f 239/1396/1298 26/1393/1295 1761/1360/1264
f 1805/1382/1284 1806/1400/1302 225/57/55 1796/2541/2291
f 239/1396/1298 1669/1270/1183 249/1272/1185
f 1803/1394/1296 1804/1398/1300 21/53/51
f 1804/1398/1300 1798/1399/1301 13/39/37
f 21/53/51 237/1395/1297 1803/1394/1296
f 13/39/37 1798/1399/1301 204/30/28
f 1796/2541/2291 225/57/55 218/41/39
f 218/41/39 225/57/55 217/42/40
f 227/51/49 1807/1401/1303 1809/1414/1315 1810/1413/1304
f 1806/1400/1302 1808/4055/3486 1807/1401/1303
f 198/25/23 227/4056/49 1810/1402/1304 199/26/24
f 179/27/25 199/26/24 1811/1403/1305 180/2/2
f 1814/23/21 2/6/6 183/3745/3317 181/1419/1320
f 181/1419/1320 183/3745/3317 184/8/8
f 1812/3743/3 1829/4057/1319 181/1419/1320
f 1793/1410/1312 1824/1409/1311 194/19/18 1825/1412/1314
f 2/6/6 1814/23/21 1815/4/4
f 196/22/20 1816/4058/3487 1815/4/4
f 1816/4058/3487 196/22/20 1820/1432/1330
f 1816/4058/3487 1818/1404/1306 1817/1406/1308
f 1818/1404/1306 1816/4058/3487 1820/1432/1330
f 1818/1404/1306 1821/4059/3488 1819/1405/1307
f 192/15/15 1821/4059/3488 202/1429/1327
f 202/1429/1327 1822/1407/1309 192/15/15
f 193/18/16 1823/1415/1316 194/19/18
f 1825/1412/1314 1808/4055/3486 1805/1382/1284 1826/1411/1313
f 1826/1411/1313 1793/1410/1312 1825/1412/1314
f 1826/1411/1313 1805/1382/1284 1794/1384/1286
f 1808/4055/3486 1825/1412/1314 1809/1414/1315 1807/1401/1303
f 1808/4055/3486 1806/1400/1302 1805/1382/1284
f 1829/4057/1319 1831/1423/1324 1813/3744/3316 181/1419/1320
f 1827/1426/1317 1811/4060/1305 1810/1413/1304
f 1829/1418/1319 180/2/2 1811/1403/1305
f 1829/4057/1319 1830/4061/3489 1831/1423/1324
f 1832/1421/1322 1830/4061/3489 1833/1424/1325 201/1428/1326
f 195/1420/1321 181/1419/1320 1813/3744/3316
f 1813/3744/3316 185/1431/1329 195/1420/1321
f 1830/4061/3489 1832/1421/1322 1831/1423/1324
f 6/21/19 197/1430/1328 1834/1433/1331 1820/1432/1330
f 1822/1407/1309 201/1428/1326 1833/1424/1325
f 1830/4061/3489 1829/4057/1319 1833/1424/1325
f 1833/4062/1325 1828/1425/1318 193/18/16
f 3/1422/1323 197/1430/1328 185/1431/1329
f 201/1428/1326 8/1434/1332 3/1422/1323 1832/1421/1322
f 1834/1433/1331 197/1430/1328 8/1434/1332
f 197/1430/1328 3/1422/1323 8/1434/1332
f 194/19/18 1824/1409/1311 1836/1436/1334 191/20/17
f 1823/1415/1316 193/18/16 1827/1426/1317
f 1827/1426/1317 1810/1413/1304 1823/1415/1316
f 1825/1412/1314 194/19/18 1823/1415/1316
f 191/17/17 1819/1405/1307 1821/4059/3488 192/15/15
f 1836/1437/1334 1992/1642/1517 1838/1438/1335
f 1530/1143/1068 1531/5/5 1843/1443/1340 1528/1142/1067
f 1817/1406/1308 1838/1438/1335 1839/1439/1336
f 1817/1406/1308 1815/4/4 1816/4058/3487
f 1840/1440/1337 1842/1442/1339 1532/1441/1338
f 1845/1444/1341 1528/1142/1067 1843/1443/1340 1844/1647/1522
f 1847/3992/3454 1848/4063/1342 1520/1136/1061 1521/1135/1060
f 1528/1142/1067 1845/1444/1341 1527/3995/3455
f 1527/3995/3455 1845/1444/1341 257/70/68
f 1527/3995/3455 1526/1140/1065 1528/1142/1067
f 257/70/68 1525/3993/1063 1527/3995/3455
f 1847/3992/3454 1522/3756/3327 1846/3755/69
f 33/1133/1058 275/1448/1344 1850/1452/1348 1852/1451/1347
f 1849/1449/1345 33/1133/1058 276/1446/1343
f 395/152/149 1513/1131/1056 1852/1451/1347 1853/1453/1349
f 380/174/171 55/149/146 1858/1846/1692 1859/1457/1353
f 1512/147/144 1853/1453/1349 381/148/145
f 1853/1453/1349 1854/1653/1526 1855/1454/1350
f 1855/1454/1350 1854/1653/1526 1856/1455/1351
f 381/148/145 1858/1846/1692 55/149/146
f 1868/4064/1722 1869/1467/1362 650/384/379 1867/1466/1361
f 1859/1457/1353 2174/4065/2090 67/175/172
f 67/175/172 2174/4065/2090 435/177/174
f 2177/1852/1697 479/220/217 435/1850/174
f 435/1850/174 479/220/217 434/3788/175
f 479/220/217 1860/4066/3490 566/269/266
f 1860/4066/3490 567/270/267 566/269/266
f 1860/4066/3490 479/220/217 2179/1854/1699
f 1860/4066/3490 496/1458/1354 567/270/267
f 1861/1459/1355 568/272/269 567/270/267
f 1861/1459/1355 1862/1460/1356 568/272/269
f 1863/1461/1357 649/336/333 568/272/269
f 649/336/333 1863/1461/1357 1864/1462/1358
f 1865/1463/1359 1866/4067/1360 650/1464/379
f 762/1469/1364 731/385/380 1869/1467/1362 1870/4068/1726
f 852/476/471 1137/748/717 1875/4069/3491 1874/3829/1368
f 762/1469/1364 787/437/432 731/385/380
f 1871/1470/1365 147/387/382 787/437/432
f 1871/1470/1365 1137/748/717 788/749/718
f 1137/748/717 1871/1470/1365 1873/4070/2010
f 1284/925/872 1283/924/871 1881/1481/1375 1882/2224/2021
f 1875/4071/3491 1876/2215/2015 1874/1473/1368
f 1875/4071/3491 846/3828/3372 1876/2215/2015
f 1874/1473/1368 1876/2215/2015 1877/1471/1366
f 850/477/472 852/476/471 1874/3829/1368
f 1138/1474/1367 1139/1477/1371 1874/3829/1368
f 1878/1476/1370 1880/1479/1373 1139/1477/1371
f 1879/1478/1372 884/497/490 1880/1479/1373
f 1881/1481/1375 885/498/491 884/497/490
f 1309/953/900 812/1500/1394 1891/4072/3492 1310/1502/1396
f 1282/1482/1376 900/1483/1377 885/498/491
f 1282/1482/1376 896/503/496 900/1483/1377
f 885/498/491 900/1483/1377 886/1484/1378
f 1287/927/874 1883/1486/1380 1289/930/877
f 1289/930/877 2482/1487/1381 2483/2255/2045
f 1289/930/877 2483/2255/2045 1290/3928/3419
f 792/1491/1385 149/452/447 1292/932/879
f 1889/1496/1390 784/1498/1392 1888/1494/1388
f 1891/4072/3492 791/453/448 785/1499/1393
f 1891/4072/3492 812/1500/1394 791/453/448
f 2245/1932/1765 1894/1506/1400 1313/1505/1399 1893/1504/1398
f 812/1500/1394 1309/953/900 1892/1501/1395
f 1892/1501/1395 1309/953/900 1308/950/897
f 1891/4072/3492 785/1499/1393 1310/1502/1396
f 1311/954/901 1890/1497/1391 769/422/417
f 1311/954/901 769/422/417 768/955/902
f 1312/1503/1397 1313/1505/1399 782/956/903
f 1314/1507/1401 1894/1506/1400 1316/957/904 1315/959/906
f 1894/1506/1400 1895/1508/1402 1316/957/904
f 1318/1514/908 1899/1513/1406 1319/1517/1408 676/3931/910
f 1316/957/904 1896/1509/1403 1317/960/907
f 1910/1528/1419 363/139/136 418/138/135 1908/1526/1417
f 1901/1520/1411 1902/1947/1778 1903/1521/1412
f 1903/1521/1412 75/218/215 472/217/214
f 1903/1521/1412 1902/1947/1778 1904/1523/1414
f 1906/1525/1416 383/1559/1444 1907/2404/2171
f 1907/2404/2171 473/219/216 1906/1525/1416
f 1907/2404/2171 383/1559/1444 1908/1526/1417
f 1908/1526/1417 417/168/165 1907/2404/2171
f 363/139/136 1910/1528/1419 1911/4073/1429 377/1529/1420
f 354/1534/1423 1912/1532/1421 1913/1536/1425 47/1551/1439
f 346/1548/1436 1913/1536/1425 1914/1537/1426 347/1545/1433
f 1913/1536/1425 376/1535/1424 364/141/138
f 1913/1536/1425 346/1548/1436 47/1551/1439
f 1916/1546/1434 1914/1537/1426 365/143/140 1915/4074/1431
f 1914/1537/1426 364/141/138 365/143/140
f 1910/1528/1419 1909/1527/1418 1918/1538/1427 1911/4073/1429
f 365/143/140 1917/4075/1428 1915/4074/1431
f 1917/4075/1428 365/143/140 1918/1541/1427
f 329/1549/1437 353/4076/3493 346/1548/1436 327/1547/1435
f 1909/1527/1418 1919/1557/1442 1915/1543/1431
f 1920/1556/1441 1916/4077/1434 1915/1543/1431
f 1916/1546/1434 347/1545/1433 1914/1537/1426
f 284/87/84 283/86/83 1929/1567/1451 1928/4078/3494
f 329/1549/1437 47/1551/1439 353/4076/3493
f 329/3771/1437 328/92/89 343/1552/1438
f 1916/4077/1434 1920/1556/1441 326/4079/1432
f 1919/1557/1442 56/1560/1445 1922/1558/1443
f 1922/1558/1443 56/1560/1445 330/129/126
f 1923/1562/1446 1921/1553/1440 1922/1561/1443
f 1921/1553/1440 1924/1563/1447 327/3770/1435
f 1921/1553/1440 327/3770/1435 326/1554/1432
f 1924/1563/1447 287/91/88 328/92/89
f 1924/1563/1447 328/92/89 327/3770/1435
f 1924/1563/1447 1925/1584/1466 287/91/88
f 287/91/88 1925/1584/1466 1926/1564/1448
f 287/91/88 283/86/83 35/85/82
f 1929/1567/1451 1927/1566/1450 1928/4078/3494
f 288/94/91 1928/4078/3494 1927/1566/1450 1930/1568/1452
f 283/86/83 1926/1564/1448 1929/1567/1451
f 37/93/90 284/87/84 1928/4078/3494 288/94/91
f 289/95/92 288/94/91 1930/1568/1452 1758/1355/1259
f 37/93/90 291/1569/1453 285/88/85
f 1768/4051/3484 1766/2403/2170 1931/1587/1469 1770/1571/1455
f 1760/1357/1261 251/1356/1260 1930/1568/1452
f 1760/1357/1261 1762/1359/1263 1759/1358/1262
f 1927/1566/1450 1763/1570/1454 1762/1359/1263
f 219/1565/1449 14/1588/1470 1763/1570/1454
f 1766/2403/2170 1763/1570/1454 14/1588/1470
f 1766/2403/2170 1768/4051/3484 1765/1392/1294
f 1922/1561/1443 330/1580/126 1939/1579/1463 1923/1562/1446
f 1770/1571/1455 1931/1587/1469 1932/1572/1456
f 1932/1572/1456 1774/1362/1266 1770/1571/1455
f 1934/1574/1458 1935/1575/1459 1936/1577/1461
f 1936/1577/1461 231/1619/1497 1934/1574/1458
f 1937/1576/1460 1944/1620/1498 1936/1577/1461
f 1939/1579/1463 42/1581/122 1938/1578/1462
f 330/129/126 56/1560/1445 45/130/127
f 1925/1584/1466 1924/1563/1447 1940/1582/1464 1935/1575/1459
f 1923/1562/1446 1939/1579/1463 1937/1576/1460
f 1923/1562/1446 1937/1576/1460 1940/1582/1464
f 1932/1572/1456 1943/1586/1468 1942/1585/1467 1941/1583/1465
f 1941/1583/1465 1926/1564/1448 1925/1584/1466
f 1942/1585/1467 1929/1567/1451 1926/1564/1448
f 1943/1586/1468 1932/1572/1456 1931/1587/1469
f 1937/1576/1460 1938/1578/1462 1945/1589/1471 1946/1614/1492
f 1941/1583/1465 1935/1575/1459 1932/1572/1456
f 1944/1620/1498 1937/1576/1460 1946/1614/1492 1947/1616/1494
f 1952/4080/1474 1949/4081/1489 1948/4082/1473 1951/1982/1472
f 1945/1589/1471 42/1581/122 1948/1591/1473
f 1949/4083/1489 1950/4084/3495 1948/1591/1473
f 1960/1599/1481 349/1598/1480 1961/1606/1484 1959/1597/1479
f 1951/1982/1472 1953/1819/1670 1952/4080/1474
f 1956/1596/1478 1957/1728/1597 1958/1595/1477
f 1958/1595/1477 1959/1597/1479 1955/1593/1475
f 1958/1595/1477 1960/1599/1481 1959/1597/1479
f 1966/1604/1485 350/1601/1483 1964/1738/1606 1965/1741/1609
f 355/132/129 1962/1736/1604 349/1598/1480
f 1962/4085/1604 1963/1600/1482 349/1602/1480
f 1950/4086/3495 1949/1611/1489 1969/1609/1488 1970/1742/1610
f 1966/1604/1485 349/1602/1480 350/1601/1483
f 1961/1603/1484 1967/1605/1486 1968/1608/1487
f 1968/1608/1487 1967/1605/1486 1969/1609/1488
f 1968/1607/1487 1954/1594/1476 1959/1597/1479
f 1946/1614/1492 1948/1591/1473 1950/4084/3495 1971/1612/1490
f 2094/4087/1636 1974/4088/3496 1947/1616/1494 1973/1615/1493
f 1946/1614/1492 1945/1589/1471 1948/1591/1473
f 1975/1617/1495 1947/1616/1494 1974/4088/3496 19/1618/1496
f 1984/2367/2136 2586/2370/2139 1786/1373/1276 1785/1632/1508
f 1975/1617/1495 1944/1620/1498 1947/1616/1494
f 214/1622/1500 1976/1621/1499 1977/1623/1501
f 1979/1749/1615 215/1627/34 1978/1747/1502
f 1979/1749/1615 1980/1625/1503 215/1627/34
f 2069/2363/1505 1981/1629/1506 1779/1631/1504
f 1779/1631/1504 1982/1630/1507 1780/1372/1272
f 1982/1630/1507 1983/1633/1509 1785/1632/1508
f 1848/4089/1342 1847/4090/3454 2050/1692/1564 2001/4091/3497
f 209/1680/1552 1985/1635/1511 1789/1376/1279
f 1986/1634/1510 1987/4092/1512 1782/1371/1275
f 1987/4092/1512 1790/4093/1280 1782/1371/1275
f 1988/4094/1513 187/13/13 1987/1636/1512
f 187/13/13 1988/4094/1513 1989/4095/3498
f 1835/1435/1333 187/13/13 1989/4095/3498
f 1835/1435/1333 1824/1409/1311 187/13/13
f 1989/4095/3498 1988/4094/1513 1835/1435/1333
f 1837/1638/1514 1990/1681/1553 1991/1640/1515
f 1837/1638/1514 1991/1640/1515 1992/1642/1517
f 1992/1642/1517 1836/1437/1334 1837/1638/1514
f 1993/1643/1518 1839/1439/1336 1838/1438/1335
f 1841/1645/1520 1995/1686/1558 1996/1644/1519
f 1842/1442/1339 1840/1440/1337 1841/1645/1520
f 1842/1442/1339 1996/1644/1519 1997/1687/1559
f 1998/1646/1521 1842/1442/1339 1999/4096/3499
f 1998/1646/1521 2000/1648/1523 1844/1647/1522
f 1844/1647/1522 2000/1648/1523 1845/1444/1341
f 1846/71/69 2050/1692/1564 1847/4090/3454
f 2002/4097/3500 1849/4098/1345 276/4099/1343 2015/1660/1532
f 1848/4089/1342 2015/1660/1532 276/4099/1343
f 2003/4100/3501 275/4101/1344 1849/4098/1345 2002/4097/3500
f 1851/1651/1346 1850/4102/1348 2003/4100/3501 2004/1649/1524
f 2003/4100/3501 1850/4102/1348 275/4101/1344
f 2010/1700/1572 2004/1649/1524 2011/4103/3502 2012/1702/1574
f 2006/4104/1529 1854/1653/1526 2005/1652/1525
f 274/1656/1528 2007/1655/1527 273/82/79
f 1854/1654/1526 2006/1657/1529 2007/1655/1527
f 2009/1703/1575 2007/4105/1527 2008/4106/1530
f 2008/4106/1530 2010/1700/1572 2009/1703/1575
f 2008/4106/1530 2006/2401/1529 2010/1700/1572
f 2010/1700/1572 2005/1650/1525 2004/1649/1524
f 2013/1659/1531 2011/4103/3502 2004/1649/1524 2003/4100/3501
f 2046/1688/1560 2024/4107/3503 2022/1667/1539 2023/1693/1565
f 2013/1659/1531 2060/4108/3504 2011/4103/3502
f 2014/1661/1533 2015/1660/1532 2016/1662/1534
f 2016/1662/1534 2015/1660/1532 2017/4109/3505
f 2017/4109/3505 2018/1666/1538 2016/1662/1534
f 2018/1666/1538 2017/4109/3505 2019/4110/3506
f 2019/4110/3506 2021/1664/1536 2018/1666/1538
f 2022/1667/1539 2021/1664/1536 2023/1693/1565
f 2045/1685/1557 2027/1670/1542 2025/1668/1540 2024/4107/3503
f 2024/4107/3503 2025/1668/1540 2022/1667/1539
f 2035/1698/1570 2029/1672/1544 2033/4111/3507 2034/1694/1566
f 2032/1675/1547 2033/4111/3507 2029/1672/1544
f 1992/1642/1517 2042/4112/3508 2043/1682/1554 1993/1643/1518
f 209/1680/1552 2039/1695/1567 2038/1677/1549
f 2038/1677/1549 2040/1679/1551 1985/1635/1511
f 1986/1634/1510 1988/1637/1513 1987/4092/1512
f 2042/4112/3508 1992/1642/1517 2041/1641/1516
f 1840/1440/1337 1993/1643/1518 2043/1682/1554 1841/1645/1520
f 1999/4096/3499 2047/1689/1561 2000/1648/1523 1998/1646/1521
f 1994/1683/1555 2044/1684/1556 1995/1686/1558
f 1995/1686/1558 1841/1645/1520 1994/1683/1555
f 2045/1685/1557 1997/1687/1559 1995/1686/1558
f 1997/1687/1559 2047/1689/1561 1999/4096/3499
f 1997/1687/1559 1999/4096/3499 1842/1442/1339
f 2013/1659/1531 2003/4100/3501 2002/4097/3500 2015/1660/1532
f 2050/1692/1564 2019/4110/3506 2001/4091/3497
f 2001/4091/3497 2019/4110/3506 2017/4109/3505
f 2017/4109/3505 2015/1660/1532 2001/4091/3497
f 2015/1660/1532 1848/4089/1342 2001/4091/3497
f 1997/1687/1559 2046/1688/1560 2023/1693/1565 2047/1689/1561
f 2050/1692/1564 2021/1664/1536 2019/4110/3506
f 2049/1691/1563 2023/1693/1565 2021/1664/1536
f 2049/1691/1563 2048/1690/1562 2047/1689/1561
f 2029/1672/1544 2027/1670/1542 2044/1684/1556 2031/1674/1546
f 2046/1688/1560 2045/1685/1557 2024/4107/3503
f 1991/1640/1515 2033/4111/3507 2032/1675/1547 2041/1641/1516
f 2044/1684/1556 1994/1683/1555 2031/1674/1546
f 1990/1681/1553 2034/1694/1566 2033/4111/3507 1991/1640/1515
f 2031/1674/1546 2042/4112/3508 2041/1641/1516 2032/1675/1547
f 2036/1676/1548 2037/1678/1550 2051/1696/1568 2035/1698/1570
f 2042/4112/3508 2031/1674/1546 1994/1683/1555
f 1994/1683/1555 2043/1682/1554 2042/4112/3508
f 2039/1695/1567 209/1680/1552 208/2371/2140
f 2058/2379/2148 2059/1663/1535 2016/1662/1534 2057/2380/2149
f 2052/1697/1569 2030/1673/1545 2035/1698/1570
f 2030/1673/1545 2052/1697/1569 2053/2374/2143
f 2053/2374/2143 2028/1671/1543 2030/1673/1545
f 2028/1671/1543 2053/2374/2143 2054/4113/3509
f 2054/4113/3509 2026/1669/1541 2028/1671/1543
f 2026/1669/1541 2054/4113/3509 2055/2376/2145
f 2026/1669/1541 2056/2400/2169 2022/1667/1539
f 2056/2400/2169 2026/1669/1541 303/106/103
f 2056/2400/2169 2020/1665/1537 2022/1667/1539
f 2020/1665/1537 2056/2400/2169 2057/2380/2149
f 2057/2380/2149 2016/1662/1534 2020/1665/1537
f 2012/1702/1574 2011/4103/3502 2061/4114/3510 2598/4115/3511
f 2014/1661/1533 2059/1663/1535 2060/4108/3504
f 2060/4108/3504 2061/4114/3510 2011/4103/3502
f 2060/4108/3504 2013/1659/1531 2014/1661/1533
f 359/134/131 2075/1716/1586 2076/1717/1587 2077/1718/1588
f 2012/1702/1574 2062/2382/2151 2063/1701/1573
f 2064/1699/1571 2065/1705/1577 2009/1703/1575
f 2068/1711/1581 2069/1628/1505 2070/1714/1584
f 2070/1714/1584 256/1713/1583 2068/1711/1581
f 2070/1714/1584 2069/1628/1505 1980/1625/1503
f 2071/1708/1580 2068/1711/1581 256/1713/1583
f 2072/1709/1578 273/82/79 2065/4116/1577
f 2065/4116/1577 273/82/79 2007/1655/1527
f 2072/1709/1578 2073/1715/1585 273/82/79
f 2073/1715/1585 2071/1708/1580 256/1713/1583
f 272/83/80 273/82/79 2073/1715/1585
f 2073/1715/1585 256/1713/1583 2076/1717/1587
f 2083/1821/1594 2084/4117/1596 2085/4118/1598 2086/161/158
f 2078/1721/1591 358/135/132 359/134/131
f 2080/1722/1592 2082/1725/1595 2081/1723/1593
f 2082/1725/1595 2080/1722/1592 2109/4119/1624
f 1972/4120/1491 1971/4121/1490 2093/1769/1635 2126/1768/1634
f 1957/1728/1597 1956/1596/1478 2087/1730/1599
f 2088/1731/1600 1958/1595/1477 1957/1728/1597
f 2089/1732/1601 356/131/128 357/133/130
f 2115/1733/1602 46/1763/1629 356/131/128
f 356/131/128 352/1734/1603 1962/1736/1604
f 1962/1736/1604 355/132/129 356/131/128
f 1964/1738/1606 2092/1740/1608 1965/1741/1609
f 1966/1604/1485 1970/1742/1610 1967/1605/1486
f 1970/1742/1610 2093/1769/1635 1971/4121/1490 1950/4086/3495
f 2124/1767/1633 1973/1771/1493 1972/4120/1491 2126/1768/1634
f 2111/1780/1645 2112/1756/1622 2109/1758/1624 2108/1754/1620
f 2095/4122/3512 1974/4088/3496 2094/4087/1636
f 1974/4088/3496 2095/4122/3512 2096/4123/1652
f 1974/4088/3496 1977/1623/1501 1976/1621/1499
f 1974/4088/3496 1976/1621/1499 19/1618/1496
f 1977/1623/1501 1974/4088/3496 2097/1743/1611
f 1977/1623/1501 2098/1744/1612 1978/1624/1502
f 2100/1748/1614 255/1750/1616 1979/1749/1615
f 2101/1751/1617 2131/1777/1642 2103/1752/1618
f 2104/4124/3513 2079/1720/1590 2103/1752/1618
f 2105/4125/1621 2079/1720/1590 2104/4124/3513
f 2104/4124/3513 2106/4126/1656 2107/4127/1619
f 2104/4124/3513 2107/4127/1619 2105/4125/1621
f 2088/1731/1600 2084/1727/1596 2110/1757/1623 2113/1759/1625
f 352/1734/1603 351/1762/1628 2118/1782/1630 2090/1817/1605
f 2112/1756/1622 2114/1760/1626 2113/1759/1625
f 2114/1760/1626 2115/1733/1602 2089/1732/1601
f 2140/1786/1650 2096/1789/1652 2095/4128/3512 2123/1787/1651
f 2090/1737/1605 2120/1739/1607 1964/1738/1606
f 2120/1739/1607 2118/1764/1630 2119/1783/1647
f 2120/1739/1607 2121/1765/1631 2092/1740/1608
f 2091/1766/1632 2121/1765/1631 2122/1785/1649
f 2091/1766/1632 2125/4129/3514 2124/1767/1633
f 2125/4129/3514 2094/1770/1636 2124/1767/1633
f 2094/1770/1636 2125/4129/3514 2123/1787/1651
f 2123/1787/1651 2095/4128/3512 2094/1770/1636
f 1974/4088/3496 2096/4123/1652 2127/1772/1637 2097/1743/1611
f 2098/1745/1612 2128/1793/1639 2129/1776/1641 2099/1746/1613
f 2097/1743/1611 2128/1774/1639 2098/1744/1612
f 2145/4130/3515 2101/1751/1617 2099/1746/1613 2130/1775/1640
f 2103/1752/1618 2132/1778/1643 2106/4126/1656 2104/4124/3513
f 2145/4130/3515 2131/1777/1642 2101/1751/1617
f 2135/1779/1644 2108/1754/1620 2107/1753/1619 2134/1801/1659
f 2131/4131/1642 2133/1808/1665 2132/4132/1643
f 2115/1733/1602 2114/1760/1626 2136/1800/1658 2116/1761/1627
f 2108/1754/1620 2135/1779/1644 2111/1780/1645
f 2135/1779/1644 2136/1800/1658 2114/1760/1626
f 2137/4133/1667 2117/1781/1646 2116/1761/1627 2136/1800/1658
f 2138/4134/3516 2119/1783/1647 2118/1764/1630 2117/4135/1646
f 2144/1814/1669 2130/4136/1640 2129/1792/1641 2143/1791/1654
f 2122/1785/1649 2123/1787/1651 2091/1766/1632
f 2125/4129/3514 2091/1766/1632 2123/1787/1651
f 2145/4137/3515 2130/4136/1640 2144/1814/1669 2151/1806/1663
f 2131/4131/1642 2145/4137/3515 2151/1806/1663 2133/1808/1665
f 2147/1810/1655 2132/4132/1643 2133/1808/1665 2146/1807/1664
f 2106/1798/1656 2147/1797/1655 2134/1801/1659 2107/1753/1619
f 2121/1765/1631 293/3762/3332 292/1802/1660 2139/1784/1648
f 2147/1797/1655 2148/1799/1657 2134/1801/1659
f 2134/1801/1659 2136/1800/1658 2135/1779/1644
f 2148/1799/1657 2137/4133/1667 2136/1800/1658
f 2137/1811/1667 2138/4134/3516 2117/4135/1646
f 2138/4134/3516 2137/1811/1667 293/3762/3332
f 293/3762/3332 2119/1783/1647 2138/4134/3516
f 293/3762/3332 2121/1765/1631 2119/1783/1647
f 2122/1785/1649 2139/1784/1648 2150/1804/1662 2140/1786/1650
f 2127/1788/1637 2140/1786/1650 2150/1804/1662 2141/1805/1638
f 294/3763/3333 2137/1811/1667 2153/1809/1666 295/1813/1668
f 2151/1806/1663 2152/4138/3517 2146/1807/1664
f 2153/1809/1666 2152/4138/3517 295/1813/1668
f 2087/1818/1599 2154/1820/1671 2086/161/158 2085/4118/1598
f 294/3763/3333 293/3762/3332 2137/1811/1667
f 2152/4138/3517 2149/1803/1661 295/1813/1668
f 2152/4138/3517 2151/1806/1663 2149/1803/1661
f 2149/1803/1661 2144/1814/1669 2143/1791/1654
f 2153/1809/1666 2146/1807/1664 2152/4138/3517
f 2142/1790/1653 2150/1804/1662 2149/1803/1661
f 2109/4119/1624 2105/4125/1621 2108/4139/1620
f 2105/4125/1621 2109/4119/1624 2080/1722/1592
f 2080/1722/1592 2079/1720/1590 2105/4125/1621
f 2087/1818/1599 1955/4140/1475 1953/1819/1670
f 2081/1723/1593 2083/1724/1594 404/4141/157 2155/1822/1672
f 2168/1840/1686 2167/1841/1687 2166/1839/1685 2185/4142/3518
f 2155/1822/1672 2156/1823/1673 2078/1721/1591
f 2156/1823/1673 358/135/132 2078/1721/1591
f 66/173/170 2156/1823/1673 2157/1824/1674
f 2158/1825/1675 428/171/168 66/173/170
f 2159/1826/1676 2160/1827/1677 428/171/168
f 429/1835/1683 2166/1839/1685 2167/1841/1687 360/137/134
f 48/136/133 2169/1842/1688 2075/1716/1586
f 2538/4143/2104 1857/1456/1352 1856/1455/1351 2172/4144/2086
f 2074/1843/1689 2075/1716/1586 2169/1842/1688
f 2074/1843/1689 2073/1715/1585 2075/1716/1586
f 32/84/81 1856/2305/1351 274/1656/1528
f 274/1656/1528 1856/2305/1351 1854/1654/1526
f 1856/2305/1351 32/84/81 2171/4145/3519
f 2187/4146/1706 2189/4147/2095 2192/1862/1707 2184/1859/1704
f 1857/1456/1352 2538/4143/2104 2173/1847/1693
f 2173/1847/1693 381/148/145 1857/1456/1352
f 1859/1457/1353 2540/1848/1694 2174/4065/2090
f 2175/4148/1696 435/177/174 2174/4065/2090
f 496/1458/1354 1860/4066/3490 2179/1854/1699
f 2182/1865/1701 2180/4149/1700 2183/1857/1702
f 2183/1857/1702 2184/1859/1704 2185/4142/3518
f 2189/2318/2095 2549/2320/2096 2190/4150/3520
f 2190/4151/3520 2191/4152/2098 2170/1844/1690
f 2190/4151/3520 2192/1862/1707 2189/4147/2095
f 494/229/226 2193/2015/1842 2194/2014/1841 80/230/227
f 2192/1862/1707 2190/4151/3520 2534/1863/1708
f 2192/1862/1707 2168/1840/1686 2185/4142/3518
f 2192/1862/1707 2185/4142/3518 2184/1859/1704
f 2181/1864/1709 494/4153/226 2182/1865/1701
f 2181/1864/1709 2164/1837/1682 2193/4154/1842
f 2181/4155/1709 2193/2015/1842 494/229/226
f 80/230/227 2194/2014/1841 2195/1866/1710 493/1868/1712
f 2200/1873/1717 2201/1872/1716 2199/1871/1715 2197/1869/1713
f 2197/1869/1713 2199/1871/1715 2198/1870/1714
f 2198/1870/1714 1861/1459/1355 496/1458/1354
f 1861/1459/1355 2199/1871/1715 2201/1872/1716 1862/1460/1356
f 2207/1876/1720 1864/1878/1358 2204/4156/3521 2206/4157/3522
f 2201/1872/1716 2202/1874/1718 1862/1460/1356
f 1862/1460/1356 2203/1875/1719 1863/1461/1357
f 1863/1461/1357 2203/1875/1719 2204/4158/3521
f 2203/1875/1719 2205/2302/1735 2204/4158/3521
f 2204/4158/3521 1864/1462/1358 1863/1461/1357
f 2209/4159/1724 1870/4160/1726 691/356/353 690/2300/2084
f 1865/1877/1359 2207/1876/1720 693/1894/1733
f 1865/1877/1359 123/1879/1721 1866/1881/1360
f 1868/1882/1722 691/356/353 1870/4160/1726
f 2213/1889/1728 2212/4161/3523 689/2301/2085 658/1888/1727
f 1870/4160/1726 1869/4162/1362 1868/1882/1722
f 2209/4159/1724 2211/2299/2083 2210/4163/1725
f 2211/2299/2083 2212/4161/3523 2210/4163/1725
f 2211/2299/2083 2209/4159/1724 690/2300/2084
f 2212/4161/3523 2211/2299/2083 689/2301/2085
f 2205/1896/1735 659/1898/1737 117/1895/1734 2206/4157/3522
f 658/1888/1727 689/2301/2085 688/358/355
f 658/1888/1727 688/358/355 2214/1892/1731
f 2214/1892/1731 660/1891/1730 658/1888/1727
f 661/1890/1729 2214/1892/1731 692/357/354
f 661/1890/1729 692/357/354 694/1893/1732
f 694/1893/1732 693/1894/1733 661/1890/1729
f 694/1893/1732 2208/1883/1723 123/1879/1721
f 693/1894/1733 2215/4164/3524 117/1895/1734
f 2215/4164/3524 2206/4157/3522 117/1895/1734
f 2212/4161/3523 2213/1889/1728 665/348/345 2210/4163/1725
f 659/1898/1737 660/1891/1730 117/1895/1734
f 2206/4157/3522 2204/4156/3521 2205/1896/1735
f 2215/4164/3524 2207/1876/1720 2206/4157/3522
f 2215/4164/3524 693/1894/1733 2207/1876/1720
f 2213/1889/1728 664/346/343 665/348/345
f 796/1493/1387 2313/2025/1848 2238/1928/1761 1887/1492/1386
f 761/419/414 141/421/416 2210/1885/1725
f 761/419/414 135/394/389 763/420/415
f 2216/1899/1738 2219/4165/3525 2218/1901/1739
f 2219/4165/3525 2216/1899/1738 662/2298/2082
f 2219/4165/3525 2202/1874/1718 2220/1902/1740
f 2202/1874/1718 2219/4165/3525 2203/1875/1719
f 2220/1902/1740 2218/1901/1739 2219/4165/3525
f 2217/392/387 2223/4166/1759 2222/1904/1742
f 2227/1905/1743 794/1906/1744 740/393/388
f 2224/1907/1745 2225/1911/1747 2226/1908/1746
f 2225/1909/1747 1885/1489/1383 2226/4167/1746
f 1885/1489/1383 793/1910/1748 1886/1490/1384
f 2225/1911/1747 2224/1907/1745 794/1906/1744
f 2223/4166/1759 2221/1903/1741 2228/1915/1751
f 2223/4166/1759 2217/392/387 2221/1903/1741
f 2221/1903/1741 2230/1916/1752 2229/1914/1750
f 2232/1918/1754 2230/1916/1752 2220/1902/1740
f 2232/1918/1754 2196/1867/1711 2233/1920/1756
f 2197/1869/1713 493/1868/1712 2196/1867/1711
f 2233/1920/1756 2196/1867/1711 2304/4168/3526
f 2233/1920/1756 2230/1916/1752 2232/1918/1754
f 2234/1919/1755 2231/1917/1753 2230/1916/1752
f 2223/1923/1759 2228/2021/1751 2235/1921/1757
f 2223/1923/1759 2236/1922/1758 2222/4169/1742
f 2236/1922/1758 2227/1926/1743 2222/4169/1742
f 1893/1504/1398 2244/2031/1853 2320/2030/1852 2245/1932/1765
f 2239/1929/1762 1888/1494/1388 1887/1492/1386
f 1888/1494/1388 2239/1929/1762 1889/1496/1390
f 770/423/418 1890/1497/1391 1889/1496/1390
f 1889/1496/1390 2240/1930/1763 770/423/418
f 2239/1929/1762 2241/4170/3527 2240/1930/1763
f 2240/1930/1763 1889/1496/1390 2239/1929/1762
f 2240/1930/1763 2242/2028/1850 772/1931/1764
f 771/426/421 2243/425/420 2244/2031/1853 1893/1504/1398
f 2252/1940/1771 2251/1941/1772 2250/1939/1770 529/3797/3352
f 2246/1934/1767 2247/4171/2002 1894/1506/1400
f 2247/4171/2002 2248/1935/1768 1894/1506/1400
f 1896/1938/1403 2249/1937/1769 1897/1511/1404
f 1897/1511/1404 2250/1939/1770 2251/1941/1772
f 1897/1511/1404 1317/1510/907 1896/1938/1403
f 1898/1512/1405 1897/1511/1404 2251/1941/1772 1899/1513/1406
f 383/1559/1444 1906/1525/1416 384/1949/1780 56/1560/1445
f 2252/1940/1771 2253/1942/1773 1899/1513/1406
f 2253/1942/1773 2252/1940/1771 2254/4172/3528
f 2253/1942/1773 2254/4172/3528 2255/1943/1774
f 2257/1945/1776 2258/1946/1777 1901/1520/1411
f 2258/1946/1777 2259/4173/3529 1904/1523/1414
f 2258/1946/1777 1904/1523/1414 1902/1947/1778
f 2259/4173/3529 2260/1948/1779 1904/1523/1414
f 2260/1948/1779 2259/4173/3529 2289/1990/1820
f 2260/1948/1779 1906/1525/1416 1905/1524/1415
f 2264/1955/1786 2261/1950/1781 2272/1972/1803 2265/1957/1788
f 384/1949/1780 2262/1951/1782 56/1560/1445
f 2262/1951/1782 348/1952/1783 56/1560/1445
f 348/1952/1783 406/1954/1785 2263/1953/1784
f 2262/1951/1782 2261/1950/1781 2264/1955/1786
f 406/1954/1785 385/1964/1795 2263/1953/1784
f 2264/1955/1786 405/1958/1789 60/1956/1787
f 2265/1957/1788 2267/1959/1790 405/1958/1789
f 387/1961/1792 2268/1962/1793 385/1964/1795
f 2268/1962/1793 61/1960/1791 408/1967/1798
f 61/1960/1791 2269/1965/1796 408/1967/1798
f 407/4174/3530 2270/1980/1811 2269/1965/1796
f 2269/1965/1796 61/1960/1791 407/4174/3530
f 407/4174/3530 2267/1959/1790 2271/1969/1800
f 2267/1959/1790 407/4174/3530 61/1960/1791
f 2272/1972/1803 2266/1970/1801 2265/1957/1788
f 2271/1969/1800 2277/1976/1807 2270/1980/1811 407/4174/3530
f 2275/1974/1805 445/1968/1799 2273/1971/1802
f 2278/1966/1797 2279/1977/1808 2268/1962/1793 408/1967/1798
f 2277/1976/1807 2276/1975/1806 2270/1980/1811
f 386/1963/1794 2280/1978/1809 2281/1979/1810 385/1964/1795
f 452/1997/1827 368/3779/3339 2269/1965/1796 71/1981/1812
f 2279/1977/1808 2278/1966/1797 367/3778/3338
f 367/3778/3338 2278/1966/1797 2269/1965/1796
f 401/157/154 368/3779/3339 452/1997/1827 402/158/155
f 2269/1965/1796 368/3779/3339 367/3778/3338
f 368/3779/3339 401/157/154 2154/1820/1671 51/1983/1813
f 2286/1988/1818 2284/1993/1823 2283/1984/1814 2285/1986/1816
f 2154/1820/1671 1953/1819/1670 51/1983/1813
f 2283/1984/1814 557/1994/1824 2282/1985/1815
f 402/158/155 452/1997/1827 2283/1984/1814
f 2283/1984/1814 452/1997/1827 2285/1986/1816
f 2288/1989/1819 451/3784/3344 2274/1973/1804 2289/1990/1820
f 2287/1987/1817 2257/1945/1776 2256/1944/1775
f 2289/1990/1820 2257/1945/1776 2288/1989/1819
f 2289/1990/1820 2259/4173/3529 2258/1946/1777
f 451/3784/3344 2276/1975/1806 2274/1973/1804
f 451/3784/3344 2288/1989/1819 2285/1986/1816
f 86/3796/3351 531/1991/1821 2255/1943/1774 2254/4172/3528
f 2288/1989/1819 2287/1987/1817 2285/1986/1816
f 2285/1986/1816 71/1981/1812 451/3784/3344
f 2286/1988/1818 531/1991/1821 530/1996/1826
f 559/1995/1825 558/1992/1822 530/1996/1826
f 559/1995/1825 2249/1937/1769 2247/2200/2002
f 2249/1937/1769 559/1995/1825 2250/1939/1770
f 2249/1937/1769 2248/1936/1768 2247/2200/2002
f 2250/1939/1770 530/1996/1826 529/3797/3352
f 558/1992/1822 2286/1988/1818 530/1996/1826
f 529/3797/3352 86/3796/3351 2254/4172/3528 2252/1940/1771
f 2255/1943/1774 531/1991/1821 2256/1944/1775
f 403/3781/3341 402/158/155 2282/1985/1815 2291/1999/1829
f 557/1994/1824 2290/1998/1828 2282/1985/1815
f 59/159/156 403/3781/3341 2292/4175/3531 2293/2000/1830
f 2155/1822/1672 404/4141/157 2294/2005/1831 2156/1823/1673
f 2293/2000/1830 2294/2001/1831 404/160/157
f 2158/1825/1675 2157/1824/1674 2298/2008/1835 2159/1826/1676
f 2294/2001/1831 2293/2000/1830 2295/2002/1832
f 2294/2005/1831 2157/1824/1674 2156/1823/1673
f 2296/2003/1833 2295/2002/1832 2297/2006/1834
f 2310/2079/1891 2311/2057/1871 2235/1921/1757 2309/2018/1845
f 2159/1826/1676 2298/2008/1835 2299/4176/1866
f 2300/2009/1836 2336/2010/1837 2160/1827/1677
f 2160/1827/1677 2301/2011/1838 2161/1828/1678
f 2301/4177/1838 2162/1830/1679 2161/1829/1678
f 2162/1830/1679 2303/2013/1840 2163/1831/1680
f 2302/2012/1839 2195/1866/1710 2303/2013/1840
f 2303/2013/1840 2194/2014/1841 2163/1831/1680
f 2302/2012/1839 2304/4168/3526 2196/1867/1711
f 2304/4168/3526 2305/2016/1843 2233/1920/1756
f 2305/2016/1843 2304/4168/3526 2306/4178/2001
f 2305/2016/1843 2307/2020/1844 2234/1919/1755
f 2241/4170/3527 2239/1929/1762 2238/1928/1761 2314/2027/1849
f 2349/4179/3532 2242/2028/1850 2241/4170/3527 2317/2080/1892
f 2313/2025/1848 2315/2060/1873 2314/2027/1849
f 2314/2027/1849 2316/2081/1893 2241/4170/3527
f 2242/2028/1850 2240/1930/1763 2241/4170/3527
f 2318/4180/3533 2243/425/420 143/424/419 2350/2029/1851
f 2324/2063/1876 557/1994/1824 92/2037/1857 2322/2036/1856
f 2243/425/420 2318/4180/3533 2319/2032/1854
f 2319/2032/1854 2244/2031/1853 2243/425/420
f 2323/1933/1766 2245/1932/1765 2320/2030/1852
f 2325/2038/1858 2290/1998/1828 557/1994/1824 2324/2063/1876
f 2327/2041/1861 403/3781/3341 2291/1999/1829 2326/2039/1859
f 2292/4175/3531 403/3781/3341 2327/2041/1861 2328/2040/1860
f 2293/2000/1830 2292/4175/3531 2328/2040/1860 2295/2002/1832
f 2300/2049/1836 2299/2047/1866 2334/2069/1881 2335/2051/1867
f 2327/2041/1861 2330/2043/1863 2329/2042/1862
f 2299/2047/1866 2332/2046/1865 2333/2096/1907
f 2162/1830/1679 2301/4177/1838 2339/4181/1885 2302/2012/1839
f 2336/2052/1837 2337/2055/1869 2301/2054/1838
f 2301/2054/1838 2338/2053/1868 2339/2073/1885
f 2339/4181/1885 2304/4168/3526 2302/2012/1839
f 2368/2108/1919 2345/2024/1847 2312/2023/1846 2367/2104/1915
f 2339/4181/1885 2306/4178/2001 2304/4168/3526
f 2306/2199/2001 2340/2074/1886 2305/4182/1843
f 2340/2074/1886 2306/2199/2001 2341/2072/1884
f 2340/2074/1886 2307/2017/1844 2305/4182/1843
f 2308/2078/1890 2309/2018/1845 2307/2017/1844
f 2307/2017/1844 2342/2075/1887 2308/2078/1890
f 2308/2078/1890 2310/2079/1891 2309/2018/1845
f 2310/2079/1891 2343/2056/1870 2311/2057/1871
f 2311/2057/1871 2312/2023/1846 2235/1921/1757
f 2312/2023/1846 2343/2056/1870 2344/2105/1916
f 2312/2023/1846 2344/2105/1916 2367/2104/1915
f 2369/2083/1895 2319/2032/1854 2318/4180/3533 2350/2029/1851
f 2345/2059/1847 2347/4183/1918 2346/2058/1872
f 2315/2060/1873 2348/2061/1874 2316/2081/1893
f 2316/2081/1893 2314/2027/1849 2315/2060/1873
f 2317/2080/1892 2241/4170/3527 2316/2081/1893
f 2350/2029/1851 2242/2028/1850 2349/4179/3532
f 2321/2033/1855 2351/2085/1897 2352/2088/1900 2322/2034/1856
f 2319/2032/1854 2369/2083/1895 2351/2085/1897
f 2320/2030/1852 2319/2032/1854 2351/2085/1897 2321/2033/1855
f 2357/4184/3534 2358/4185/3535 2330/4186/1863 2355/4187/1878
f 2322/2036/1856 2352/2089/1900 2353/2062/1875
f 2325/2038/1858 2354/2064/1877 2326/2039/1859
f 2326/2039/1859 2355/2065/1878 2330/2043/1863
f 2354/2064/1877 2356/4188/1929 2355/2065/1878
f 2359/2067/1879 2331/2066/1864 2330/4186/1863 2358/4185/3535
f 2340/2074/1886 2341/2072/1884 2364/2100/1911 2342/2075/1887
f 2333/2096/1907 2332/2046/1865 2360/2094/1905
f 2333/2096/1907 2361/2068/1880 2299/2047/1866
f 2363/2071/1883 2339/2073/1885 2338/2053/1868
f 2384/2082/1894 2350/2029/1851 2349/4179/3532 2407/4189/1924
f 2344/2105/1916 2343/2056/1870 687/3809/3363
f 2347/2107/1918 2345/2024/1847 2368/2108/1919
f 2348/2061/1874 2346/2058/1872 2347/4183/1918
f 2407/4189/1924 2349/4179/3532 2317/2080/1892
f 2356/4188/1929 2354/2064/1877 2373/2091/1902 2374/2092/1903
f 2431/2086/1898 2351/2085/1897 2369/2083/1895
f 2373/2091/1902 2353/2062/1875 2352/2089/1900
f 2353/2062/1875 2373/2091/1902 2354/2064/1877
f 2375/2125/1930 2376/2093/1904 2359/2067/1879 2358/4185/3535
f 2357/4184/3534 2355/4187/1878 2356/2124/1929
f 714/2109/1920 2368/2108/1919 2367/2104/1915 128/2106/1917
f 2360/2094/1905 2332/2046/1865 2359/2067/1879
f 2360/2094/1905 2377/2095/1906 2333/2096/1907
f 2361/2068/1880 2378/2097/1908 2334/2069/1881
f 2378/2097/1908 515/243/240 2362/2070/1882
f 516/2098/1909 2338/2053/1868 2362/2070/1882
f 2363/2071/1883 516/2098/1909 2379/2099/1910
f 2379/2099/1910 2341/2072/1884 2363/2071/1883
f 2342/2075/1887 2380/2101/1912 2365/2076/1888
f 2365/2076/1888 2400/2102/1913 2366/2077/1889
f 2366/2077/1889 2381/2103/1914 2310/2079/1891
f 687/3809/3363 128/2106/1917 2344/2105/1916
f 2348/2061/1874 2347/4183/1918 2382/4190/1921 2383/4191/1942
f 2389/2126/1931 2357/4184/3534 2356/2124/1929 2388/2123/1928
f 2383/2137/1942 2405/2111/1922 2317/2114/1892
f 2383/4191/1942 2317/2080/1892 2348/2061/1874
f 2385/2117/1925 2369/2116/1895 2384/2139/1894
f 2374/2121/1903 2387/2122/1927 2356/2124/1929
f 2358/4185/3535 2357/4184/3534 2389/2126/1931 2375/2125/1930
f 2360/2094/1905 2376/2093/1904 2390/2127/1932 2391/2128/1933
f 2378/2097/1908 2377/2095/1906 2392/2146/1949 2393/2147/1950
f 2391/2128/1933 2392/2146/1949 2377/2095/1906
f 2401/2155/1958 2402/2158/1961 686/3810/3364 2381/2103/1914
f 2393/2147/1950 2394/2129/1934 2378/2097/1908
f 2395/2130/1935 513/244/241 515/243/240
f 513/244/241 2395/2130/1935 2396/2131/1936
f 2418/253/250 2397/2153/1956 545/254/251
f 2397/2153/1956 2398/2152/1955 545/254/251
f 2398/2152/1955 2399/2132/1937 545/254/251
f 2364/2100/1911 574/2133/1938 2380/2101/1912
f 2380/2101/1912 2342/2075/1887 2364/2100/1911
f 2380/2101/1912 573/2134/1939 2400/2102/1913
f 2381/2103/1914 687/3809/3363 2343/2056/1870
f 2381/2103/1914 686/3810/3364 687/3809/3363
f 713/2160/1963 128/2106/1917 686/3810/3364 2402/2158/1961
f 2389/2126/1931 2388/2123/1928 2411/2142/1945 2412/2143/1946
f 713/2160/1963 2403/2135/1940 714/2109/1920
f 2383/2137/1942 2382/2110/1921 2404/2136/1941
f 2370/2140/1896 2409/2176/1979 2408/2141/1944
f 2386/2119/1926 2410/4192/3536 2387/2122/1927
f 2391/2128/1933 2390/2127/1932 2413/2165/1968 2414/2144/1947
f 2412/2143/1946 2413/2165/1968 2390/2127/1932
f 2395/2130/1935 2394/2129/1934 2416/2148/1951 2396/2131/1936
f 2414/2144/1947 2392/2146/1949 2391/2128/1933
f 2415/2145/1948 2416/2148/1951 2393/2147/1950
f 2397/2153/1956 2418/253/250 2419/2151/1954 2421/2150/1953
f 2396/2131/1936 2416/2148/1951 2417/2167/1970
f 2417/2167/1970 2418/253/250 2396/2131/1936
f 2401/2155/1958 2381/2103/1914 2423/4193/3537 2424/2156/1959
f 2420/2149/1952 2424/2156/1959 2421/2150/1953
f 2424/2156/1959 2422/2154/1957 2421/2150/1953
f 2398/2152/1955 574/2133/1938 2399/2132/1937
f 2421/2150/1953 573/2134/1939 574/2133/1938
f 2400/2102/1913 2422/2154/1957 2423/4193/3537
f 2400/2102/1913 2423/4193/3537 2381/2103/1914
f 2384/2139/1894 2443/4194/3538 2430/2163/1966 2385/2117/1925
f 2401/2155/1958 2425/2157/1960 2402/2158/1961
f 2403/2135/1940 2404/2136/1941 2382/2110/1921
f 2428/2162/1965 131/2173/1976 2405/2111/1922
f 131/2173/1976 2406/2112/1923 2405/2111/1922
f 2406/2112/1923 131/2173/1976 2429/2138/1943
f 2429/2138/1943 2407/2113/1924 2406/2112/1923
f 2443/4194/3538 2384/2139/1894 2429/2138/1943
f 2387/2122/1927 2410/4192/3536 2433/2177/1980 2411/2142/1945
f 2409/2176/1979 2370/2140/1896 2431/2115/1898
f 2431/2115/1898 2432/2174/1977 2409/2176/1979
f 2410/4192/3536 2386/2119/1926 2408/2141/1944
f 2410/4192/3536 2408/2141/1944 2433/2177/1980
f 2435/2180/1983 2447/2179/1982 2436/2182/1985 2434/2164/1967
f 2434/2164/1967 2411/2142/1945 2435/2180/1983
f 2434/2164/1967 2436/2182/1985 2413/2165/1968
f 2413/2165/1968 2437/2166/1969 2414/2144/1947
f 2417/2167/1970 2437/2166/1969 2438/2168/1971
f 2438/2168/1971 2418/253/250 2417/2167/1970
f 2439/2169/1972 2419/2151/1954 2418/253/250
f 2424/2156/1959 2423/4193/3537 2422/2154/1957
f 2424/2156/1959 2420/2149/1952 2425/2157/1960
f 2427/2161/1964 2442/2172/1975 2428/2162/1965
f 2429/2138/1943 131/2173/1976 2443/4194/3538
f 2430/2163/1966 2443/4194/3538 2432/2174/1977
f 2432/2174/1977 2431/2115/1898 2430/2163/1966
f 2443/4194/3538 2444/4195/3539 2432/2174/1977
f 2409/2176/1979 2433/2177/1980 2408/2141/1944
f 2446/2178/1981 2435/2180/1983 2433/2177/1980
f 2447/2179/1982 600/290/287 584/2181/1984
f 2442/2172/1975 2455/2189/1992 2456/2197/2000 2444/4195/3539
f 2436/2182/1985 97/2183/1986 583/2184/1987
f 583/2184/1987 2413/2165/1968 2436/2182/1985
f 583/2184/1987 2448/2186/1989 2437/2166/1969
f 2448/2186/1989 2438/2168/1971 2437/2166/1969
f 2448/2186/1989 583/2184/1987 2449/2185/1988
f 2438/2168/1971 2449/2185/1988 2450/2195/1998
f 2439/2169/1972 2438/2168/1971 2451/2193/1996
f 2439/2169/1972 2440/2170/1973 2419/2151/1954
f 2453/2188/1991 2425/2157/1960 2440/2170/1973
f 2453/2188/1991 2402/2158/1961 2425/2157/1960
f 2453/2188/1991 2454/2192/1995 2441/2171/1974
f 2454/2192/1995 2455/2189/1992 2441/2171/1974
f 2441/2171/1974 2442/2172/1975 2427/2161/1964
f 131/2173/1976 2442/2172/1975 2444/4195/3539 2443/4194/3538
f 2444/4195/3539 2456/2197/2000 2445/2175/1978 2432/2174/1977
f 2456/2197/2000 2457/2191/1994 2445/2175/1978
f 2458/2190/1993 2446/2178/1981 2457/2191/1994 601/291/288
f 2445/2175/1978 2457/2191/1994 2446/2178/1981
f 2447/2179/1982 2446/2178/1981 2458/2190/1993 600/290/287
f 2450/2195/1998 602/292/289 601/291/288 2459/2194/1997
f 2452/2187/1990 2459/2194/1997 2454/2192/1995 2453/2188/1991
f 601/291/288 2454/2192/1995 2459/2194/1997
f 600/290/287 602/292/289 585/2196/1999 584/2181/1984
f 2450/2195/1998 585/2196/1999 602/292/289
f 2323/1933/1766 92/4196/1857 2247/4171/2002 2246/1934/1767
f 2449/2185/1988 585/2196/1999 2450/2195/1998
f 2451/2193/1996 2452/2187/1990 2439/2169/1972
f 2454/2192/1995 2456/2197/2000 2455/2189/1992
f 2440/2170/1973 2425/2157/1960 2420/2149/1952
f 2220/1902/1740 2230/1916/1752 2221/1903/1741 2218/1901/1739
f 2200/1873/1717 2232/1918/1754 2220/1902/1740
f 2473/4197/3540 2471/2214/2014 2470/2212/2012 2472/2244/2037
f 2226/4167/1746 1885/1489/1383 2460/2228/2024
f 2226/1908/1746 2462/2202/2004 740/393/388
f 2462/2202/2004 741/2203/2005 740/393/388
f 763/420/415 2463/2204/2006 2464/4198/2027
f 2464/4198/2027 2465/2205/2007 763/420/415
f 2465/2205/2007 1872/4199/2008 764/2206/1363
f 2465/2205/2007 2466/2236/2030 1872/4199/2008
f 1873/4070/2010 1871/1470/1365 1872/2207/2008
f 1873/2209/2010 1875/4071/3491 1137/4200/717
f 1875/4071/3491 2468/2240/2033 846/3828/3372
f 2468/2240/2033 2469/2211/2011 846/3828/3372
f 846/3828/3372 2469/2211/2011 847/2213/2013
f 847/2213/2013 2470/2212/2012 2471/2214/2014
f 2471/2214/2014 2473/4197/3540 2475/2216/1369 1877/1471/1366
f 2473/4197/3540 2474/2217/2016 2475/2216/1369
f 1878/1476/1370 2475/1475/1369 2474/2221/2016 1879/1478/1372
f 2478/2249/2041 2479/1480/1374 1879/1478/1372 2477/2220/2018
f 2479/1480/1374 2480/2222/2019 1882/2224/2021 1881/1481/1375
f 2479/1480/1374 884/497/490 1879/1478/1372
f 2479/1480/1374 2478/2249/2041 2480/2222/2019
f 1882/2224/2021 2481/2223/2020 1285/926/873 1284/925/872
f 2481/2223/2020 1883/4201/1380 1286/2225/1379
f 2463/2204/2006 741/2203/2005 2462/2202/2004 2488/2230/2026
f 2484/2226/2022 1290/3928/3419 2483/2255/2045
f 2484/2226/2022 1291/931/878 1290/3928/3419
f 2484/2226/2022 2485/2227/2023 1884/1488/1382
f 2460/2228/2024 2461/2260/2003 2226/4167/1746
f 2461/2260/2003 2460/2228/2024 2486/2281/2066
f 2461/2201/2003 2487/2229/2025 2462/2202/2004
f 2473/4197/3540 2472/2244/2037 2497/2246/2039 2498/2297/2081
f 2466/2237/2030 2467/2208/2009 1872/2210/2008
f 2467/2208/2009 2491/2238/2031 2492/2239/2032
f 2468/2240/2033 1875/4071/3491 1873/2209/2010
f 2468/2240/2033 2493/2241/2034 2469/2211/2011
f 2492/2239/2032 2494/2242/2035 2493/2241/2034
f 2495/2243/2036 2496/2245/2038 2472/2244/2037
f 2506/2296/2080 2507/2261/2049 2487/4202/2025 2505/4203/2048
f 2498/2297/2081 163/2277/2062 2476/2218/2017
f 2498/2297/2081 2476/2218/2017 2474/2217/2016
f 2474/2217/2016 2473/4197/3540 2498/2297/2081
f 2478/2249/2041 2499/4204/2040 2500/2250/2042
f 2499/4204/2040 2501/4205/2063 2500/2250/2042
f 2483/2255/2045 2522/2254/2044 2502/2257/2047
f 2502/2257/2047 2484/2226/2022 2483/2255/2045
f 2485/2227/2023 2486/2281/2066 2460/2228/2024
f 2486/2281/2066 2485/2227/2023 2504/2282/2067
f 2486/2281/2066 2505/2258/2048 2461/2260/2003
f 2491/2238/2031 2466/2237/2030 2490/2267/2029 152/2266/2052
f 2487/4202/2025 2507/2261/2049 2488/2263/2026
f 2489/2264/2028 2465/2232/2007 2463/2231/2006
f 2489/2264/2028 805/2265/2051 2490/2267/2029
f 2495/2243/2036 2510/2271/2056 2512/2273/2058 2513/2274/2059
f 2491/2238/2031 804/2268/2053 2492/2239/2032
f 2517/2276/2061 2496/2245/2038 2514/2275/2060 2516/2289/2074
f 2513/2274/2059 2496/2245/2038 2495/2243/2036
f 2514/2275/2060 2515/2287/2072 2516/2289/2074
f 2519/4206/3541 2517/2276/2061 2516/2289/2074 2518/2288/2073
f 2501/4207/2063 163/2277/2062 2519/4206/3541 2520/4208/2043
f 2517/2276/2061 2519/4206/3541 163/2277/2062
f 2481/2253/2020 2520/2252/2043 2521/2279/2064 2482/1487/1381
f 163/2277/2062 2501/4207/2063 2499/2247/2040
f 2503/2256/2046 2502/2257/2047 2504/2282/2067 2485/2227/2023
f 2502/2257/2047 2523/2280/2065 2524/4209/2078
f 2502/2257/2047 2524/4209/2078 2504/2282/2067
f 2508/2262/2050 2527/2284/2069 805/2265/2051 2489/2264/2028
f 2505/4203/2048 2504/4210/2067 2524/2294/2078
f 2505/4203/2048 2525/4211/3542 2506/2296/2080
f 2512/2273/2058 2530/2286/2071 2515/2287/2072 2514/2275/2060
f 805/2265/2051 2528/2270/2055 152/2266/2052
f 2527/2284/2069 2511/2272/2057 2528/2270/2055
f 2511/2272/2057 2527/2284/2069 2529/2285/2070
f 2522/4212/2044 2532/2291/2076 2531/2290/2075 2523/2292/2065
f 2530/2286/2071 2531/2290/2075 2515/2287/2072
f 2515/2287/2072 2532/2291/2076 2518/2288/2073
f 2521/4213/2064 2518/2288/2073 2532/2291/2076 2522/4212/2044
f 2518/2288/2073 2521/4213/2064 2520/4208/2043 2519/4206/3541
f 2529/2285/2070 826/2295/2079 2525/4211/3542 2533/2293/2077
f 2524/2294/2078 2525/4211/3542 2505/4203/2048
f 2525/4211/3542 2524/2294/2078 2533/2293/2077
f 2506/2296/2080 2525/4211/3542 826/2295/2079
f 2530/2286/2071 2529/2285/2070 2533/2293/2077 2531/2290/2075
f 826/2295/2079 2529/2285/2070 2527/2284/2069
f 2526/2283/2068 2506/2296/2080 826/2295/2079
f 804/2268/2053 152/2266/2052 2528/2270/2055 2509/2269/2054
f 663/2303/1736 2203/1875/1719 2219/4165/3525 662/2298/2082
f 2183/1857/1702 2165/1838/1684 2164/1837/1682 2181/1864/1709
f 2165/1838/1684 2183/1857/1702 2185/4142/3518 2166/1839/1685
f 1856/2305/1351 2171/4145/3519 2535/1845/1691 2536/2306/2087
f 2168/1840/1686 2534/1863/1708 2169/1842/1688
f 2534/1863/1708 2170/1844/1690 272/83/80
f 2535/1845/1691 2171/4145/3519 32/84/81
f 2175/4214/1696 2174/2311/2090 2541/2310/2089 2555/2352/2122
f 2536/4215/2087 2537/2327/2102 2172/2329/2086
f 2539/2309/2088 1858/2308/1692 2173/2332/1693
f 2176/2314/1695 2175/4214/1696 2555/2352/2122 2542/2312/2091
f 2177/1852/1697 2545/2316/2093 2179/1854/1699 2178/1853/1698
f 2183/1857/1702 2180/4149/1700 2547/4216/2110 2186/1858/1703
f 2179/1854/1699 495/228/225 497/231/228
f 2180/1855/1700 495/228/225 2546/2337/2108
f 2568/2360/2130 2539/2309/2088 2173/2332/1693 2567/2331/2105
f 2547/4217/2110 2180/1855/1700 2548/4218/3543
f 2186/1858/1703 2188/1860/1705 2184/1859/1704
f 2187/2319/1706 2188/4219/1705 410/3782/3342
f 409/2317/2094 2549/2320/2096 2189/2318/2095
f 2191/2322/2098 2563/2323/2099 2551/2325/2101
f 2191/2322/2098 2190/4150/3520 2549/2320/2096
f 2551/4220/2101 2170/1844/1690 2191/4152/2098
f 2551/4220/2101 2552/2326/2100 2170/1844/1690
f 2170/1844/1690 2534/1863/1708 2190/4151/3520
f 2552/2326/2100 2536/2306/2087 2535/1845/1691
f 2536/4215/2087 2552/2324/2100 2553/2349/2119
f 2553/2349/2119 2537/2327/2102 2536/4215/2087
f 2172/2329/2086 2554/2328/2103 2538/2330/2104
f 2549/2320/2096 2561/2345/2115 2562/2346/2116 2550/2321/2097
f 2539/2309/2088 2568/2360/2130 2540/2307/1694
f 2544/2333/2106 2556/211/208 2545/2334/2093
f 2545/2334/2093 2177/2315/1697 2543/2313/2092
f 2557/2335/2107 2548/4221/3543 2546/4222/2108
f 2548/4221/3543 2558/2338/2109 2547/2340/2110
f 2558/2338/2109 410/3782/3342 2186/2339/1703
f 410/3782/3342 2558/2338/2109 2559/2341/2111
f 2559/2341/2111 62/2344/2114 410/3782/3342
f 411/2343/2113 2560/2342/2112 2574/2357/2127
f 62/2344/2114 2549/2320/2096 409/2317/2094
f 2553/2349/2119 2552/2324/2100 2564/2347/2117 2565/2348/2118
f 2541/2310/2089 2540/2307/1694 2569/2359/2129 2570/2351/2121
f 2565/2348/2118 333/4223/3544 2537/2327/2102
f 2537/2327/2102 333/4223/3544 2554/2328/2103
f 2566/2350/2120 2538/2330/2104 2554/2328/2103
f 2569/2359/2129 2540/2307/1694 2568/2360/2130
f 2543/2313/2092 2542/2312/2091 2571/4224/3545 469/212/209
f 2570/2351/2121 2571/4224/3545 2555/2352/2122
f 2555/2352/2122 2571/4224/3545 2542/2312/2091
f 2572/4225/3546 468/210/207 469/212/209 2571/4224/3545
f 390/2353/2123 2573/2355/2125 2572/4225/3546 2569/2359/2129
f 2572/4225/3546 2574/2357/2127 468/210/207
f 2573/2355/2125 2574/2357/2127 2572/4225/3546
f 2577/2358/2128 2562/2346/2116 2575/2356/2126 2576/2361/2131
f 391/2354/2124 2574/2357/2127 2573/2355/2125
f 2574/2357/2127 2561/2345/2115 411/2343/2113
f 2562/2346/2116 2577/2358/2128 2564/2347/2117 2563/2323/2099
f 333/4223/3544 2577/2358/2128 2576/2361/2131 2566/2350/2120
f 2577/2358/2128 333/4223/3544 2565/2348/2118
f 2578/2362/2132 2579/4226/3547 2556/211/208 468/210/207
f 2566/2350/2120 2554/2328/2103 333/4223/3544
f 2560/2342/2112 2578/2362/2132 468/210/207
f 2578/2362/2132 2558/2338/2109 2579/4226/3547
f 2571/4224/3545 2570/2351/2121 2569/2359/2129 2572/4225/3546
f 2579/4226/3547 2557/2335/2107 2556/211/208
f 2557/2335/2107 2579/4226/3547 2548/4221/3543
f 2579/4226/3547 2558/2338/2109 2548/4221/3543
f 2578/2362/2132 2559/2341/2111 2558/2338/2109
f 1981/1629/1506 2581/2365/2134 2582/2366/2135 1983/1633/1509
f 410/3782/3342 409/2317/2094 2187/2319/1706
f 2186/2339/1703 410/3782/3342 2188/4219/1705
f 2546/2337/2108 2548/4218/3543 2180/1855/1700
f 2556/211/208 2544/2333/2106 469/212/209
f 2154/1820/1671 401/157/154 2086/161/158
f 1955/4140/1475 1952/4080/1474 1953/1819/1670
f 28/1712/1582 2076/1717/1587 256/1713/1583
f 2039/1695/1567 2587/2373/2142 2051/1696/1568 2037/1678/1550
f 2580/2364/2133 2583/2387/2156 2582/2366/2135
f 1983/1633/1509 2582/2366/2135 2584/2390/2159
f 2584/2390/2159 1984/2367/2136 1983/1633/1509
f 2586/2370/2139 208/2371/2140 1786/1373/1276
f 208/2371/2140 2586/2370/2139 2587/2373/2142
f 2589/2375/2144 2052/1697/1569 2587/2373/2142 2588/2369/2138
f 2053/2374/2143 2589/2375/2144 2591/2394/2163 2592/4227/3548
f 2589/2375/2144 2590/2391/2160 2591/2394/2163
f 2059/1663/1535 2058/2379/2148 2595/2378/2147 2060/4108/3504
f 2592/4227/3548 2055/2376/2145 2054/4113/3509
f 2592/4227/3548 2054/4113/3509 2053/2374/2143
f 2055/2376/2145 2592/4227/3548 2593/2377/2146
f 2055/2376/2145 2593/2377/2146 302/107/104
f 303/106/103 2595/2378/2147 2057/2380/2149
f 2596/2396/2165 2061/4114/3510 2060/4108/3504 2595/2378/2147
f 2066/1704/1576 2064/1699/1571 2599/2383/2152 2600/2384/2153
f 2061/4114/3510 2597/3760/3330 2598/4115/3511
f 2598/4115/3511 267/2381/2150 2012/1702/1574
f 2594/105/102 2606/2395/2164 2607/2397/2166 2595/2378/2147
f 2067/1707/1579 2580/2364/2133 2069/2363/1505
f 2601/2386/2155 2602/2385/2154 2600/2384/2153
f 2601/2386/2155 2600/2384/2153 2603/2388/2157
f 2583/2387/2156 2584/2390/2159 2582/2366/2135
f 2604/2389/2158 2585/2368/2137 2584/2390/2159
f 2588/2369/2138 2587/2373/2142 2586/2370/2139
f 2590/2391/2160 2589/2375/2144 2588/2369/2138
f 2591/2394/2163 2593/2377/2146 2592/4227/3548
f 2606/2395/2164 2594/105/102 2593/2377/2146
f 2606/2395/2164 2605/2393/2162 2607/2397/2166
f 2605/2393/2162 2610/2392/2161 2608/2398/2167 2607/2397/2166
f 2596/2396/2165 2607/2397/2166 2597/3760/3330
f 2607/2397/2166 2608/2398/2167 2597/3760/3330
f 2597/3760/3330 2061/4114/3510 2596/2396/2165
f 267/2381/2150 2598/4115/3511 2597/3760/3330
f 2608/2398/2167 2609/2399/2168 2597/3760/3330
f 2608/2398/2167 2603/2388/2157 2609/2399/2168
f 2583/2387/2156 2608/2398/2167 2604/2389/2158
f 2585/2368/2137 2604/2389/2158 2610/2392/2161 2590/2391/2160
f 2609/2399/2168 2599/2383/2152 2062/2382/2151
f 2599/2383/2152 2609/2399/2168 2603/2388/2157
f 2603/2388/2157 2600/2384/2153 2599/2383/2152
f 2070/1714/1584 1980/1625/1503 1979/1749/1615 255/1750/1616
f 2069/2363/1505 2068/4228/1581 2067/1707/1579
f 2007/4105/1527 2009/1703/1575 2065/1705/1577
f 209/1680/1552 1788/2372/2141 208/2371/2140
f 419/170/167 2613/2407/2174 2611/2405/2172 417/168/165
f 1912/1532/1421 54/1542/1430 376/1535/1424
f 1912/1532/1421 377/1531/1420 54/1542/1430
f 377/1531/1420 1911/1540/1429 54/1542/1430
f 2613/2407/2174 2614/2450/2217 2612/2406/2173
f 2621/2524/2277 2620/4229/3549 2618/2413/2180 1744/2417/2184
f 540/2410/2177 2614/2450/2217 2613/2407/2174
f 2613/2407/2174 2617/2408/2175 2615/2409/2176
f 2615/2409/2176 2617/2408/2175 2616/2411/2178
f 2616/2411/2178 2617/2408/2175 1746/2526/2279
f 1746/2526/2279 1745/1341/1248 2616/2411/2178
f 541/3795/2179 2616/4230/2178 1743/2416/2183
f 1743/2416/2183 542/2415/2182 541/3795/2179
f 2616/4230/2178 1745/4045/1248 1743/2416/2183
f 542/2415/2182 1743/2416/2183 2618/2413/2180
f 2620/4229/3549 2621/2524/2277 2622/2420/2187 2623/2441/2208
f 1727/1340/1247 1742/2418/2185 2622/2420/2187 2621/2524/2277
f 1730/1326/1233 2627/2421/2188 2626/2438/2205 2625/4231/3550
f 1742/2418/2185 2625/4231/3550 2624/2419/2186
f 2625/4231/3550 2626/2438/2205 2624/2419/2186
f 2625/4231/3550 1742/2418/2185 1741/4044/3480
f 2627/2421/2188 2629/4232/3551 2630/2436/2203 2626/2438/2205
f 2627/2421/2188 2628/2424/2191 2629/4232/3551
f 2632/2433/2200 2629/4232/3551 2628/2424/2191 2631/2425/2192
f 2633/2426/2193 2635/2428/2195 1366/2429/2196 2634/2434/2201
f 2633/2426/2193 2634/2434/2201 2631/2425/2192
f 2631/2425/2192 2628/2424/2191 1738/1335/1242
f 1737/1334/1241 2635/2428/2195 2633/2426/2193
f 2635/2428/2195 1737/1334/1241 1590/1190/1111
f 1590/1190/1111 1589/1189/1110 2635/2428/2195
f 1370/2430/2197 1371/1005/948 2637/1004/947
f 2642/2443/2210 2620/4229/3549 2623/2441/2208 624/316/313
f 2634/2434/2201 1366/2429/2196 1365/1003/946
f 2632/2433/2200 2630/2436/2203 2629/4232/3551
f 2641/2440/2207 2622/2420/2187 2624/2419/2186
f 2641/2440/2207 625/317/314 2623/2441/2208
f 2620/4229/3549 2642/2443/2210 2619/2414/2181 2618/2413/2180
f 544/3800/3355 2619/2414/2181 2642/2443/2210 2643/2442/2209
f 88/2540/2290 2646/2473/2235 2647/2476/2238 2614/2450/2217
f 2643/2442/2209 670/2444/2211 544/3800/3355
f 1346/351/348 543/2445/2212 544/3800/3355
f 543/4233/2212 2645/2471/2214 2646/2473/2235
f 2646/2473/2235 88/2540/2290 543/4233/2212
f 2652/2481/2243 472/217/214 2650/216/213 2651/2479/2241
f 2614/2450/2217 2647/2476/2238 2648/2448/2215
f 2650/216/213 2649/2449/2216 2651/2479/2241
f 1322/2453/912 2655/4234/3552 1324/3934/3421 1321/967/913
f 472/217/214 523/2486/2246 1903/1521/1412
f 472/217/214 2652/2481/2243 523/2486/2246
f 2653/2489/2218 84/1519/1410 523/2486/2246
f 2653/2489/2218 1320/964/911 84/1519/1410
f 1320/964/911 2653/2489/2218 1322/965/912
f 1322/2453/912 2654/2452/2219 2655/4234/3552
f 2657/2454/2220 1324/3934/3421 2655/4234/3552 2656/4235/3553
f 1327/2456/2222 1325/968/914 1324/3934/3421
f 1327/2456/2222 2658/2455/2221 1330/3936/3422 1328/971/917
f 1324/3934/3421 2657/2454/2220 1327/2456/2222
f 1334/978/924 1333/976/922 2662/2459/2225 1335/2463/2229
f 2658/2455/2221 2659/2492/2250 2660/2458/2224
f 2658/2455/2221 2660/2458/2224 1330/3936/3422
f 2659/2492/2250 2661/2457/2223 2660/2458/2224
f 2660/2458/2224 1332/975/921 1330/3936/3422
f 1332/975/921 2661/2457/2223 2663/2494/2252
f 2662/2459/2225 1332/975/921 2663/2494/2252
f 1335/2463/2229 2662/2459/2225 604/293/290 603/295/292
f 1335/2463/2229 2666/2462/2228 1337/3937/2230 1334/978/924
f 603/295/292 2665/2461/2227 1335/2463/2229
f 2681/4236/3554 2682/2496/2254 2663/2494/2252 2680/4237/3555
f 2666/2500/2228 2667/2469/2232 1337/2464/2230
f 1343/2467/928 2644/2446/2213 1344/985/929
f 2644/2446/2213 1345/986/930 1344/985/929
f 2644/2446/2213 2667/2469/2232 2668/2470/2233
f 2646/2473/2235 2669/2472/2234 2670/2474/2236
f 2670/2474/2236 2647/2476/2238 2646/2473/2235
f 2651/2479/2241 2673/2478/2240 2652/2481/2243
f 2652/2484/2243 2675/2483/2244 2676/2487/2245
f 2654/2452/2219 597/2490/2248 2656/4235/3553
f 2656/4235/3553 2655/4234/3552 2654/2452/2219
f 2656/4235/3553 597/2490/2248 596/2491/2249
f 2656/4235/3553 596/2491/2249 2657/2454/2220
f 2659/2492/2250 596/2491/2249 2661/2457/2223
f 596/2491/2249 2678/2495/2253 2661/2457/2223
f 2661/2457/2223 2678/2495/2253 2663/2494/2252
f 2663/2494/2252 2679/2493/2251 2680/4237/3555
f 2683/2509/2262 2684/294/291 2682/2496/2254 2681/4236/3554
f 2687/4238/2264 2670/2474/2236 2669/2472/2234 2685/2503/2255
f 2684/294/291 2685/2497/2255 2664/2460/2226
f 2664/2460/2226 2686/2498/2256 2665/2461/2227
f 2665/2499/2227 2668/2470/2233 2667/2469/2232
f 2686/2501/2256 2645/2447/2214 2668/2470/2233
f 2670/2474/2236 2687/4238/2264 2688/2504/2257 2671/2475/2237
f 522/2505/2258 2673/4239/2240 2689/4240/3556 83/3791/3348
f 2688/4241/2257 2695/2510/2263 2672/4242/2239
f 2689/4240/3556 2673/4239/2240 2672/4242/2239
f 597/2490/2248 2692/4243/3557 2678/2495/2253 596/2491/2249
f 2673/4239/2240 522/2505/2258 2674/2482/2242
f 2675/2483/2244 2690/2506/2259 2676/2487/2245
f 2691/2507/2260 2692/4243/3557 597/2490/2248
f 2678/2495/2253 2692/4243/3557 2693/4244/3558 2679/2493/2251
f 2694/2508/2261 2693/4244/3558 2692/4243/3557 2691/2507/2260
f 2694/2508/2261 2690/2506/2259 522/2505/2258 521/3790/3347
f 2680/4237/3555 2693/4244/3558 521/3790/3347 2681/4236/3554
f 2693/4244/3558 2680/4237/3555 2679/2493/2251
f 2693/4244/3558 2694/2508/2261 521/3790/3347
f 2681/4236/3554 520/3792/3349 2695/2510/2263 2683/2509/2262
f 2681/4236/3554 521/3790/3347 520/3792/3349
f 2672/4242/2239 520/3792/3349 83/3791/3348 2689/4240/3556
f 2683/2509/2262 2687/2511/2264 2685/2497/2255
f 2695/2510/2263 2688/4241/2257 2687/2511/2264
f 520/3792/3349 2672/4242/2239 2695/2510/2263
f 2634/2434/2201 1365/1003/946 1364/2514/2267 2632/2433/2200
f 1343/2467/928 1337/2464/2230 2667/2469/2232
f 2662/2459/2225 2663/2494/2252 604/293/290
f 2697/2516/2269 2696/2512/2265 2640/2439/2206
f 2640/2439/2206 2698/2513/2266 2697/2516/2269
f 2640/2439/2206 2639/2437/2204 2638/2435/2202
f 2698/2513/2266 2638/2435/2202 1364/2514/2267
f 1364/2514/2267 1362/999/942 2698/2513/2266
f 1364/2514/2267 2638/2435/2202 2632/2433/2200
f 1357/994/937 2698/2513/2266 1361/998/941 1360/997/940
f 653/339/336 652/2519/2272 2700/2517/2270 2702/2521/2274
f 1361/998/941 2698/2513/2266 1362/999/942
f 1360/997/940 1359/996/939 1357/994/937
f 2697/2516/2269 2698/2513/2266 1357/994/937
f 2699/2515/2268 627/319/316 2696/2512/2265
f 2699/2515/2268 2701/2520/2273 2700/2517/2270
f 1355/2523/2276 718/3716/3297 717/2522/2275 2702/2521/2274
f 1732/1337/1244 1740/2422/2189 2627/2421/2188 1730/1326/1233
f 1355/2523/2276 2701/2520/2273 1356/993/936
f 2701/2520/2273 2699/2515/2268 1356/993/936
f 1366/2429/2196 2637/1004/947 726/380/375
f 64/169/166 2704/2537/2288 2703/2525/2278 420/2527/2280
f 2625/4231/3550 1741/4044/3480 1730/1326/1233
f 1744/2417/2184 465/205/202 2621/2524/2277
f 1749/4245/1255 1748/4246/1253 2705/1345/1251 2706/4247/3559
f 2704/2537/2288 2707/2528/2281 2703/2525/2278
f 2703/2525/2278 1747/2529/2282 1746/2526/2279
f 1747/2529/2282 2707/2528/2281 2705/1345/1251
f 2705/1345/1251 461/1344/1250 1747/2529/2282
f 1753/2536/2287 1752/4248/3482 2706/4247/3559 2707/2528/2281
f 1748/4246/1253 1724/1346/1252 2705/1345/1251
f 1749/4245/1255 2706/4247/3559 1750/4249/1256
f 1750/4249/1256 2706/4247/3559 1752/4248/3482
f 8/1434/1332 202/1429/1327 1821/4059/3488 1818/1404/1306
f 1752/4248/3482 1751/4250/3481 1750/4249/1256
f 1753/2534/2287 1707/4047/3477 1752/4049/3482
f 1753/2534/2287 2708/2530/2283 1756/2531/2284
f 1756/2531/2284 1755/1354/1258 1753/2534/2287
f 345/2533/2286 344/100/97 2708/2530/2283
f 2707/2528/2281 2706/4247/3559 2705/1345/1251
f 421/2538/2289 345/2539/2286 2709/2535/2285
f 418/138/135 50/140/137 345/2539/2286
f 768/955/902 143/424/419 771/426/421
f 1824/1409/1311 1792/1408/1310 187/13/13
f 1693/1294/1204 1694/4036/3475 1720/2543/2293 1695/1297/1207
f 1776/2542/2292 186/12/12 1777/1389/1291
f 1724/1346/1252 1723/4042/1230 462/1347/201
f 1708/1313/1221 1698/1300/1210 1714/2544/2294 1712/4037/3476
f 1698/1300/1210 1708/1313/1221 2710/2545/2295 1699/1301/1211
f 1712/4037/3476 1710/1314/1222 1708/1313/1221
f 1577/1179/1101 1579/4007/3461 501/1213/1134 1595/1192/1113
f 1699/1301/1211 282/2546/2296 281/1306/1216
f 281/1306/1216 1701/1305/1215 1699/1301/1211
f 2710/2545/2295 1705/1310/1218 282/2546/2296
f 1661/1286/1197 1683/1263/1176 1662/2549/2298
f 1664/1280/1180 1637/4032/3470 1663/1265/1178
f 1675/4034/1190 1665/1269/1182 1634/1228/1149
f 1649/4012/1161 551/258/255 1650/1244/1162
f 2711/2550/2299 1594/2553/2301 1593/2552/2300
f 1594/2553/2301 2711/2550/2299 1618/1215/1136
f 1594/2553/2301 502/2560/2308 1578/4006/3460
f 502/2560/2308 501/1213/1134 1579/4007/3461
f 501/1213/1134 1596/4014/3464 1595/1192/1113
f 1614/4019/3468 1611/4018/3467 2712/4251/3560 1616/1211/1132
f 1596/4014/3464 501/1213/1134 1616/1211/1132
f 2712/4251/3560 1596/4014/3464 1616/1211/1132
f 2712/4251/3560 1598/4010/3462 1597/4003/3457
f 2712/4251/3560 1597/4003/3457 1596/4014/3464
f 1598/4010/3462 2712/4251/3560 1611/4018/3467
f 1609/2555/2303 1599/1193/1114 1598/4010/3462
f 1599/1193/1114 1569/1195/1116 1598/4010/3462
f 2713/2556/2304 1607/4017/3466 2714/2557/2305
f 2714/2557/2305 1604/1203/1124 342/2558/2306
f 1604/1203/1124 2714/2557/2305 1607/4017/3466
f 1607/4017/3466 2713/2556/2304 1609/2555/2303
f 1609/2555/2303 1610/1206/1127 1607/4017/3466
f 1611/4018/3467 1610/1206/1127 1609/2555/2303
f 1609/2555/2303 1598/4010/3462 1611/4018/3467
f 1614/4019/3468 1612/1208/1129 1611/4018/3467
f 1646/4029/3473 1647/4252/1160 457/199/196 454/198/195
f 1616/1211/1132 1615/1210/1131 1614/4019/3468
f 1616/1211/1132 501/1213/1134 1617/1212/1133
f 1618/1215/1136 2711/2550/2299 1648/1239/1159
f 1648/1239/1159 1613/1209/1130 1618/1215/1136
f 1625/1221/1142 334/3767/3336 1624/1236/1156 1638/4025/3471
f 1645/2561/1157 1621/4022/3469 1606/1217/1138
f 1372/2432/2199 1588/2431/2198 1587/4011/3463 1374/3947/3428
f 1638/4025/3471 1626/1229/1150 1625/1221/1142
f 1627/1224/1145 1552/1161/1083 1626/1229/1150
f 100/286/283 595/2567/2313 2717/2568/2314 2720/2571/2317
f 1586/1188/1109 2715/2794/2508 1376/2564/2310
f 1378/2566/2312 1377/1009/952 1376/2564/2310
f 1378/2566/2312 2716/2565/2311 594/289/286
f 1378/2566/2312 629/1010/953 1377/1009/952
f 595/2567/2313 2716/2565/2311 555/263/260
f 2722/4253/3561 2723/4254/3562 1381/2573/2319 2721/2572/2318
f 2720/2571/2317 2721/2572/2318 592/287/284
f 1386/3950/3431 1384/3949/3430 1381/2573/2319 2723/4254/3562
f 2726/2888/2579 1387/1015/958 1386/3950/3431 2725/2889/2580
f 2723/4254/3562 2724/4255/3563 1386/3950/3431
f 1400/3953/964 1398/3952/3433 1397/2580/2326 2732/2579/2325
f 2726/2888/2579 2727/2574/2320 1387/1015/958
f 2727/2574/2320 2728/2575/2321 1389/1016/959
f 2728/2575/2321 2727/2574/2320 2729/2891/2582
f 2728/2575/2321 2730/2576/2322 1390/1017/960
f 1393/2577/2323 1395/3951/3432 1394/1019/962
f 1395/3951/3432 1393/2577/2323 2731/4256/3564
f 1397/2580/2326 1398/3952/3433 952/3846/3384
f 1399/4257/3565 1400/3953/964 2732/2579/2325 2733/4258/2327
f 2735/2584/2330 1400/1021/964 1399/4259/3565 2734/2583/2329
f 2733/2581/2327 2734/2583/2329 1399/4259/3565
f 816/2614/2353 1409/3955/3434 1408/1030/973 815/454/449
f 1406/455/450 1404/1026/969 1403/2586/2332
f 2755/2616/2355 2759/2613/2352 815/454/449 2736/456/451
f 1409/3955/3434 1411/2598/2340 837/471/466
f 1411/2598/2340 1409/3955/3434 2744/2599/2341
f 1411/2598/2340 2738/2587/2333 1410/1031/974
f 2738/2587/2333 1412/2588/2334 962/469/464
f 1412/2588/2334 2740/2590/2336 963/548/539
f 2740/2592/2336 1414/1035/978 1413/1032/975
f 1416/1037/980 969/554/544 1415/2593/2337
f 843/3824/3370 2742/2605/2343 160/474/469
f 843/3824/3370 1417/1039/981 2741/4260/2338
f 2741/4260/2338 2742/2605/2343 843/3824/3370
f 2741/2595/2338 1415/2593/2337 2739/2596/2335
f 2738/2587/2333 1411/2598/2340 2743/2600/2339
f 2743/2600/2339 2739/2589/2335 2738/2587/2333
f 2743/2600/2339 2744/2599/2341 2742/2602/2343
f 2742/2605/2343 2741/4260/2338 2743/4261/2339
f 2750/4262/3566 2751/4263/3267 2748/2607/2346
f 2747/4264/2345 2752/4265/3567 2748/4266/2346
f 2750/4267/3566 2754/2608/2347 2753/2610/2349
f 2754/2608/2347 2750/4267/3566 2755/2616/2355
f 2754/2608/2347 2756/2617/2356 797/4268/2360
f 2756/2617/2356 2754/2608/2347 2757/2611/2350
f 2757/2611/2350 2734/2583/2329 2756/2617/2356
f 2752/4265/3567 2737/2615/2354 1409/3955/3434 816/2614/2353
f 2746/4269/2344 2745/2601/2342 2752/4265/3567 2747/4264/2345
f 2737/2615/2354 2744/2599/2341 1409/3955/3434
f 2750/4267/3566 2748/4266/2346 2759/2613/2352 2755/2616/2355
f 2745/2601/2342 2737/2615/2354 2752/4265/3567
f 2752/4265/3567 2759/2613/2352 2748/4266/2346
f 797/2622/2360 798/4270/2357 2761/4271/2358 2762/2620/2359
f 2755/2616/2355 2758/2612/2351 2754/2608/2347
f 2758/2612/2351 2757/2611/2350 2754/2608/2347
f 2759/2613/2352 2752/4265/3567 816/2614/2353
f 767/2623/2361 2749/475/470 2751/4263/3267 2764/4272/2362
f 797/4268/2360 2763/2609/2348 2754/2608/2347
f 2753/4273/2349 2763/2621/2348 2751/3677/3267
f 2753/4273/2349 2751/3677/3267 2750/4274/3566
f 2765/4275/3568 2764/2624/2362 2751/3677/3267 2762/2620/2359
f 2749/475/470 2748/2607/2346 2751/4263/3267
f 2764/2624/2362 2765/4275/3568 2766/2630/2366
f 2765/4275/3568 2767/4276/2364 2731/4256/3564 2768/4277/3569
f 2766/2630/2366 142/2625/2363 2764/2624/2362
f 2762/2620/2359 2767/4278/2364 2765/4275/3568
f 2762/2620/2359 2761/4271/2358 2767/4278/2364
f 2761/2619/2358 2760/2582/2328 2732/2627/2325
f 2767/4276/2364 2732/2579/2325 1396/2578/2324
f 1396/2578/2324 2731/4256/3564 2767/4276/2364
f 2766/2630/2366 2765/4275/3568 2768/4277/3569 2769/2629/2365
f 614/303/300 2798/2654/2389 2799/2655/2390 611/301/298
f 2769/2629/2365 765/2671/2404 142/2625/2363
f 765/2671/2404 2769/2629/2365 2770/2890/2581
f 765/2671/2404 2770/2890/2581 702/368/365
f 701/367/364 2771/2884/2575 700/364/361
f 700/364/361 2771/2884/2575 2772/2633/2369
f 2772/2633/2369 2773/2632/2368 700/364/361
f 2776/2634/2370 2777/2665/2400 2773/2632/2368
f 2773/2632/2368 527/2635/2371 2776/2634/2370
f 2779/2638/2374 2802/4279/3570 2778/2639/2372
f 2779/2638/2374 2780/2637/2373 2781/2663/2398
f 2782/2640/2375 2783/2642/2377 2781/2663/2398
f 2784/2641/2376 2785/4280/3571 2786/4281/3572
f 2786/4281/3572 2785/4280/3571 2787/2644/2379
f 2786/4281/3572 2787/2644/2379 2788/2643/2378
f 2789/2645/2380 2790/2649/2384 102/2646/2381
f 2790/2649/2384 2789/2645/2380 2791/4282/3573
f 2791/4282/3573 2792/2647/2382 2790/2649/2384
f 2792/2647/2382 2791/4282/3573 3008/2651/2386
f 3008/2651/2386 2794/2650/2385 2792/2647/2382
f 2795/2652/2387 2797/4283/3574 2796/2653/2388
f 2803/2662/2397 612/302/299 2802/4279/3570 2779/2638/2374
f 611/301/298 2800/2656/2391 2801/2657/2392
f 2801/2657/2392 2802/4279/3570 612/302/299
f 2788/2643/2378 598/2658/2393 2783/2642/2377 2786/4281/3572
f 2803/2662/2397 613/300/297 612/302/299
f 2803/2662/2397 2779/2638/2374 2804/2659/2394
f 2804/2659/2394 2781/2663/2398 2783/2642/2377
f 2783/2642/2377 2784/2641/2376 2786/4281/3572
f 2777/2665/2400 2776/2634/2370 2802/4284/3570 2801/2924/2392
f 599/2660/2395 106/2661/2396 613/300/297
f 2793/2648/2383 2794/2650/2385 106/2661/2396
f 106/2661/2396 614/303/300 613/300/297
f 1431/1049/989 2825/2954/2641 2826/2692/2418 1432/2694/2420
f 2776/4285/2370 2778/2639/2372 2802/4279/3570
f 2775/2664/2399 2777/2665/2400 2805/2923/2611
f 2775/2664/2399 700/364/361 2773/2632/2368
f 703/2668/2403 2807/2928/2616 2808/2927/2615
f 2808/2927/2615 2809/2666/2401 703/2668/2403
f 702/368/365 125/366/363 703/2670/2403
f 2809/2666/2401 841/473/468 842/472/467
f 2809/2666/2401 842/472/467 766/2667/2402
f 841/473/468 2809/2666/2401 2810/2932/2620
f 2810/2932/2620 2812/3676/3266 1418/3957/3436
f 1418/3957/3436 843/3824/3370 2810/2932/2620
f 2812/3676/3266 1419/3956/3435 1418/3957/3436
f 2812/3676/3266 2813/2672/2405 1419/3956/3435
f 1419/3956/3435 2813/2672/2405 972/557/547
f 2813/2672/2405 2814/2937/2625 2815/2673/2406
f 1421/2674/2407 2815/2673/2406 1422/3959/3438
f 2816/2675/2408 1424/2678/2411 1422/3959/3438
f 1425/3961/2632 1423/3958/3437 1424/2678/2411
f 1426/3963/3439 991/3962/571 1425/2944/2632
f 2819/2681/2412 992/2680/572 1426/3963/3439
f 1428/2684/983 3041/2683/2413 2820/2947/984
f 2821/2685/2414 994/1043/985 2820/1042/984
f 2823/2690/2416 865/1047/987 1429/2689/986
f 1430/1048/988 2824/2691/2417 2825/2954/2641
f 1438/3964/3440 1436/2700/993 3052/2699/2422 2829/4286/3575
f 2830/2957/2644 2831/2701/2423 1438/3964/3440 2829/4286/3575
f 715/3813/3365 1438/3964/3440 2831/2701/2423 1439/1056/996
f 2837/2717/2438 2838/2714/2436 1447/2716/2435 2836/4287/2434
f 1439/1056/996 3054/2702/2424 1440/3966/3441
f 2833/2703/2425 1443/1058/998 2832/1057/997
f 643/2704/2426 104/307/304 617/309/306
f 617/309/306 590/2705/2427 1445/1062/1002
f 588/2709/2431 2834/2706/2428 3185/2707/2429
f 478/2711/2433 1447/2713/2435 588/2709/2431
f 1452/3970/3442 1448/2715/2437 2838/2714/2436 2839/2718/2439
f 1453/3971/3443 1452/3970/3442 2839/2718/2439 2840/4288/3576
f 1454/3972/3444 1453/3971/3443 2840/4288/3576 2841/2731/2449
f 1454/3972/3444 2841/2731/2449 621/311/308 639/3973/3445
f 110/326/323 639/3973/3445 2842/2720/2441 637/327/324
f 639/3973/3445 621/311/308 2842/2720/2441
f 605/4289/2454 101/4290/295 619/312/309 2846/2728/2446
f 637/327/324 2843/2721/2442 1456/2719/2440
f 1456/2722/2440 1460/1073/1009 1459/3975/1008
f 1461/1074/1010 1460/1073/1009 2844/2724/2443
f 2844/2724/2443 609/297/294 608/296/293
f 2845/2725/2444 610/3803/2445 609/297/294
f 609/297/294 2844/2724/2443 2845/2725/2444
f 2843/2723/2442 2844/2724/2443 1460/1073/1009
f 610/2726/2445 619/312/309 101/4290/295
f 576/2729/2447 2846/2728/2446 2841/2731/2449 2840/4288/3576
f 605/4289/2454 2846/2728/2446 2847/2730/2448 2849/2733/2451
f 2846/2728/2446 619/312/309 621/311/308
f 2853/2741/2458 536/2739/2456 2851/2738/2455 505/235/232
f 2848/2732/2450 2850/4291/2452 2849/2733/2451
f 2850/2734/2452 82/237/234 606/2735/2453
f 607/299/296 2851/2738/2455 1463/1076/1012
f 2851/2738/2455 535/1078/1014 1463/1076/1012
f 536/2739/2456 2853/2741/2458 1466/2743/2460 535/1078/1014
f 447/191/188 1469/2742/2459 2852/2740/2457 2854/2745/2462
f 1466/2743/2460 534/3976/3446 535/1078/1014
f 2853/2741/2458 2852/2740/2457 1469/2742/2459
f 1469/2742/2459 1467/3978/3448 1466/2743/2460
f 504/3670/3262 2855/2746/2463 438/180/177 2854/2745/2462
f 1471/2744/2461 1470/3979/3449 1469/2742/2459
f 2869/4292/3577 1514/1130/1055 2867/3669/3261 2868/3604/3209
f 2856/2747/2464 68/181/178 438/180/177
f 2858/2749/2466 2859/4293/2783 68/181/178
f 2859/4293/2783 436/182/179 68/181/178
f 436/182/179 2860/4294/2785 321/2750/2467
f 321/2750/2467 2860/4294/2785 2861/4295/2786
f 321/2750/2467 2862/2751/2468 437/179/176
f 2863/2752/2469 70/189/186 437/179/176
f 2864/2753/2470 2865/2754/2471 1473/1083/1019
f 2867/3669/3261 394/151/148 398/3605/3208
f 2876/3665/3258 2877/3663/3257 1522/4296/3327 1521/3664/1060
f 1514/1130/1055 2869/4292/3577 2870/4297/2474
f 2870/4297/2474 1515/1132/1057 1514/1130/1055
f 2870/4297/2474 2871/3667/2473 1517/3666/3259
f 2871/2756/2473 308/3765/3334 2873/4298/3260
f 308/3765/3334 2871/2756/2473 309/3766/3335
f 2873/4298/3260 2874/2758/2475 1518/2760/1059
f 1518/2760/1059 2875/2759/2476 2876/3665/3258
f 2876/3665/3258 2875/2759/2476 2877/3663/3257
f 2879/3624/2477 1522/4296/3327 2877/3663/3257 2878/3662/3256
f 247/62/60 2885/3127/2791 2886/3129/2793 248/3752/3324
f 2879/3624/2477 2878/3662/3256 2880/3622/3223
f 258/74/71 3601/2762/2478 2881/2763/2479
f 2881/2763/2479 1523/2765/2481 258/74/71
f 2882/2764/2480 320/120/117 1523/2765/2481
f 320/120/117 1524/1137/1062 1523/2765/2481
f 2883/2766/2482 245/61/59 24/60/58
f 247/62/60 2884/2768/2484 2885/3127/2791
f 2884/2768/2484 3203/3125/2789 2885/3127/2791
f 1536/1144/1069 2895/2775/2489 1538/3996/2799 1537/1146/1071
f 248/3752/3324 2886/3129/2793 2889/3130/2794
f 248/3752/3324 2888/3594/3201 246/58/56
f 2888/3594/3201 248/3752/3324 2889/3130/2794
f 2890/2771/1066 2888/3594/3201 2891/2769/2485
f 2891/2769/2485 2892/4299/3578 1535/2772/2487
f 1535/2773/2487 2893/4300/2796 2894/2774/2488
f 220/44/42 2906/2780/2494 2907/2782/2496 221/46/44
f 2896/4301/3579 1539/4302/1073 206/3141/1072
f 1539/4302/1073 2896/4301/3579 2897/4303/3580
f 2897/4304/3580 2898/2776/2490 1539/1149/1073
f 2897/4304/3580 2899/4305/3581 2898/2776/2490
f 2901/3147/2808 2902/3146/2807 2903/2778/2492
f 2901/3147/2808 2903/2778/2492 1540/43/41
f 1540/43/41 200/28/26 2901/3147/2808
f 1540/43/41 2903/2778/2492 220/44/42
f 2912/2785/2499 2914/2788/2502 2915/4306/3582 2916/2803/2514
f 2918/4307/2512 2915/4308/3582 2914/4309/2502 2919/2791/2505
f 2914/4309/2502 2917/3155/2814 2919/2791/2505
f 2916/2875/2514 2915/4310/3582 58/154/151 2929/2876/2570
f 2920/2789/2503 2919/2791/2505 2917/3155/2814
f 2917/3155/2814 2922/2796/2510 2920/2789/2503
f 2922/2796/2510 2917/3155/2814 2923/3154/2813
f 2922/2796/2510 2925/2792/2506 2924/2793/2507
f 2924/2793/2507 509/242/239 2715/2794/2508
f 2715/2794/2508 2926/1187/1108 2924/2793/2507
f 1583/2795/2509 1575/2880/1099 2927/2797/1098
f 2918/2801/2512 58/154/151 2915/4310/3582
f 2910/2786/2500 269/2879/2572 268/2784/2498 2911/2783/2497
f 2930/2878/2569 2931/2802/2513 2916/2803/2514
f 2931/2802/2513 2910/2786/2500 2912/2785/2499
f 2910/2786/2500 2931/2802/2513 2976/2877/2571
f 2962/4311/2535 271/4312/2518 270/2808/2516 2934/4313/2557
f 269/2879/2572 1559/2870/2566 2932/2804/2515
f 269/2879/2572 2932/2804/2515 31/2806/2517
f 270/2808/2516 1556/1165/1087 2933/2825/2534
f 2939/4314/2539 2940/4315/2541 1541/1152/1075 2937/2812/2521
f 221/46/44 2935/2810/2519 222/2811/2520
f 2935/2810/2519 2936/2827/2536 222/2811/2520
f 2937/2812/2521 1541/1152/1075 15/45/43
f 222/2811/2520 2938/4316/2540 2937/2812/2521
f 1543/1153/1076 1541/1152/1075 2940/4315/2541 1545/3998/2523
f 1545/2814/2523 2940/2832/2541 2941/4317/3583 2942/2815/2524
f 2948/2820/2529 22/3750/3322 2945/2834/2543 2947/2818/2527
f 2943/2813/2522 241/3751/3323 1546/2867/1077
f 2942/2815/2524 2941/4317/3583 2944/2816/2525
f 242/2817/2526 2944/2816/2525 2945/2834/2543
f 242/2817/2526 2945/2834/2543 22/3750/3322
f 2945/2834/2543 2946/2833/2542 2947/2818/2527
f 2952/4318/3584 2950/4319/3585 2949/2819/2528 2951/2839/2548
f 2948/2820/2529 2949/2819/2528 2950/4319/3585
f 2950/4319/3585 1547/2865/1079 2948/2820/2529
f 2950/4319/3585 2952/4318/3584 2953/4320/2564 2954/2866/2565
f 2956/2823/2532 2953/4320/2564 2952/4318/3584 2955/2821/2530
f 2941/4317/3583 2940/2832/2541 261/78/75 2944/2816/2525
f 280/2856/2562 277/2822/2531 34/3761/3331
f 2957/2859/2561 1551/1163/1085 280/4321/2562
f 2957/2859/2561 2958/4322/2552 2959/2858/2554
f 1554/97/94 1553/1164/1086 2959/2858/2554
f 2959/2858/2554 2960/2824/2533 1554/97/94
f 1554/97/94 2933/2825/2534 1556/1165/1087
f 2934/4313/2557 270/2808/2516 2933/2825/2534
f 2933/4323/2534 2961/2846/2555 2934/2848/2557
f 2935/2810/2519 271/2809/2518 2962/2826/2535
f 2938/4316/2540 222/2811/2520 2936/2827/2536
f 2936/2827/2536 2964/2829/2538 2938/4316/2540
f 2939/4314/2539 2937/2812/2521 2938/4316/2540
f 2944/2816/2525 261/78/75 262/77/74 2945/2834/2543
f 2946/2833/2542 2965/2836/2545 2949/2819/2528 2947/2818/2527
f 262/77/74 301/2835/2544 2946/2833/2542
f 2951/2839/2548 2949/2819/2528 2965/2836/2545 2967/2837/2546
f 2965/2836/2545 2966/4324/3586 2967/2837/2546
f 2951/2839/2548 2968/2838/2547 2955/2821/2530 2952/4318/3584
f 279/2857/2563 278/2840/2549 2968/2838/2547 2969/2841/2550
f 2933/4323/2534 2960/4325/2533 2970/2844/2553 2961/2846/2555
f 279/2857/2563 2969/2841/2550 2958/2843/2552
f 2958/2843/2552 2957/2855/2561 279/2857/2563
f 2958/2843/2552 2973/2842/2551 2959/2845/2554
f 2959/2845/2554 2970/2844/2553 2960/4325/2533
f 260/76/73 2964/2853/2538 2963/2852/2537 2972/2851/2559
f 2934/2848/2557 2971/2847/2556 2962/2850/2535
f 2962/2850/2535 300/2849/2558 2963/2852/2537
f 260/76/73 2972/2851/2559 301/2835/2544 262/77/74
f 300/2849/2558 299/2854/2560 2972/2851/2559
f 2972/2851/2559 299/2854/2560 301/2835/2544
f 299/2854/2560 2961/2846/2555 2970/2844/2553 2966/4324/3586
f 2971/2847/2556 299/2854/2560 300/2849/2558
f 2973/2842/2551 2967/2837/2546 2966/4324/3586 2970/2844/2553
f 301/2835/2544 299/2854/2560 2966/4324/3586 2965/2836/2545
f 22/3750/3322 2948/2820/2529 1547/2865/1079 241/3751/3323
f 261/78/75 2938/2831/2540 260/76/73
f 1551/1163/1085 1550/1162/1084 1549/1160/1082
f 277/2860/2531 280/4321/2562 1551/1163/1085
f 2956/2862/2532 228/1159/1081 2953/2863/2564
f 2953/4320/2564 1548/2864/1080 2954/2866/2565
f 1547/2865/1079 1546/2867/1077 241/3751/3323
f 1547/2865/1079 2950/4319/3585 2954/2866/2565
f 2955/2821/2530 278/2840/2549 277/2822/2531
f 2976/2877/2571 2974/2871/2567 269/2879/2572 2910/2786/2500
f 1560/2872/1089 1561/4326/1091 1559/2870/2566
f 1560/2872/1089 2974/2871/2567 2975/4327/2568
f 1562/1168/1090 2975/2873/2568 2976/4328/2571
f 2976/4328/2571 1567/1172/1094 1562/1168/1090
f 399/156/153 2930/2874/2569 2929/2876/2570
f 2929/2876/2570 58/154/151 399/156/153
f 58/154/151 2918/2801/2512 2928/2800/2511
f 2928/2800/2511 2921/2799/2504 1572/4005/3459
f 2930/2874/2569 1567/1172/1094 2976/4328/2571
f 2976/2877/2571 2975/4327/2568 2974/2871/2567
f 556/2885/2576 2981/4329/3587 2718/2569/2315 91/262/259
f 1583/2795/2509 1580/1185/1104 1576/2881/1103
f 2925/2792/2506 2977/2882/2573 509/242/239
f 2977/2882/2573 2925/2792/2506 2978/3591/3200
f 2977/2882/2573 2978/3591/3200 2979/2896/2587
f 554/261/258 510/240/237 509/242/239
f 509/242/239 528/2883/2574 554/261/258
f 554/261/258 2774/2631/2367 2772/2633/2369
f 2772/2633/2369 2771/2884/2575 91/262/259
f 2771/2884/2575 2980/330/327 556/2885/2576
f 556/2885/2576 640/2886/2577 2981/4329/3587
f 2982/2887/2578 2981/4329/3587 640/2886/2577 642/329/326
f 2719/2570/2316 2718/2569/2315 2981/4329/3587 2982/2887/2578
f 2721/2572/2318 2982/2887/2578 642/329/326 2722/4253/3561
f 2723/4254/3562 2722/4253/3561 2983/4330/3588 2724/4255/3563
f 2722/4253/3561 642/329/326 641/331/328
f 641/331/328 2983/4330/3588 2722/4253/3561
f 2985/2894/2585 2724/4255/3563 2983/4330/3588 2984/2895/2586
f 641/331/328 2984/2895/2586 2983/4330/3588
f 2725/2889/2580 1386/3950/3431 2724/4255/3563
f 2729/2891/2582 2727/2574/2320 2725/2889/2580 2986/2893/2584
f 2724/4255/3563 2985/2894/2585 2725/2889/2580
f 2730/2576/2322 2728/2575/2321 2769/2629/2365 2768/4277/3569
f 2986/2893/2584 702/368/365 2729/2891/2582
f 1393/2577/2323 2730/2576/2322 2768/4277/3569 2731/4256/3564
f 2771/2884/2575 701/367/364 2987/2892/2583 2980/330/327
f 2986/2893/2584 2725/2889/2580 2985/2894/2585
f 2986/2893/2584 2985/2894/2585 2987/2892/2583
f 2986/2893/2584 701/367/364 702/368/365
f 2995/4331/3589 2994/2903/2594 2996/4332/3590 2997/4333/3591
f 2987/2892/2583 2984/2895/2586 2980/330/327
f 2980/330/327 642/329/326 640/2886/2577
f 528/2883/2574 527/2635/2371 2774/2631/2367
f 528/2883/2574 2977/2882/2573 2979/2896/2587
f 528/2883/2574 3228/2897/2588 526/3163/2589
f 528/2883/2574 526/3163/2589 85/3793/3350
f 2988/3164/2822 2989/4334/2824 526/3163/2589
f 2990/3586/2591 525/3588/3197 526/3163/2589
f 526/2898/2589 2989/3166/2824 2991/2899/2590
f 3003/2905/2596 3002/2904/2595 3004/3171/2829 3005/2907/2598
f 2997/4333/3591 2996/4332/3590 2998/4335/3592
f 2998/4336/3592 2999/4337/3593 2997/4338/3591
f 2999/4337/3593 2998/4336/3592 3000/4339/3594
f 3000/4339/3594 3001/2906/2597 2999/4337/3593
f 3001/2906/2597 3000/4339/3594 3234/3169/2827
f 3005/2907/2598 3007/2911/2602 3009/2912/2603 3003/2905/2596
f 3005/2907/2598 3004/3171/2829 3006/2908/2599
f 3005/2907/2598 705/2910/2601 3007/2911/2602
f 3015/3590/3199 678/2915/2606 3012/2916/2607 3014/2918/2609
f 3010/2913/2604 3012/2916/2607 3011/2914/2605
f 3010/2913/2604 3239/3172/2830 3012/2916/2607
f 3019/4340/2835 3020/2926/2614 2807/2928/2616 3018/4341/3195
f 3016/2919/2610 677/2922/2613 3015/3590/3199
f 3015/3590/3199 3014/2918/2609 3016/2919/2610
f 2800/2656/2391 2799/2655/2390 3017/2921/2612
f 2800/2656/2391 2805/2920/2611 2801/2657/2392
f 2805/2923/2611 2806/365/362 2775/2664/2399
f 2806/4342/362 3016/4343/2610 3018/4341/3195
f 3018/4341/3195 2807/2928/2616 2806/4342/362
f 811/2938/2626 2811/2931/2619 3022/2930/2618 3023/2933/2621
f 2808/2927/2615 3021/2929/2617 2809/2666/2401
f 3021/2929/2617 2810/2932/2620 2809/2666/2401
f 2814/2937/2625 3028/450/445 3030/2939/2627 2815/2673/2406
f 2812/3676/3266 2810/2932/2620 2811/2931/2619
f 3023/2933/2621 809/448/443 811/2938/2626
f 3024/2934/2622 3244/2935/2623 810/449/444
f 3025/2936/2624 3026/3181/2839 3027/373/369
f 811/2938/2626 2814/2937/2625 2813/2672/2405
f 2813/2672/2405 2812/3676/3266 811/2938/2626
f 3028/450/445 810/449/444 3029/4344/3595
f 3028/450/445 3029/4344/3595 3030/2939/2627
f 2815/2673/2406 3030/2939/2627 3032/2941/2629 1422/3959/3438
f 3034/4345/3596 3035/4346/2657 3032/2941/2629 3033/2965/2652
f 3032/2941/2629 3031/2940/2628 3033/2965/2652
f 3032/2941/2629 2816/2675/2408 1422/3959/3438
f 2816/2675/2408 3032/2941/2629 3035/4346/2657 2817/2676/2409
f 3037/2999/2683 3038/2942/2630 1424/4347/2411 2818/4348/2410
f 2818/4348/2410 2817/4349/2409 3036/2969/2656
f 3065/2972/2659 1426/3963/3439 1425/2944/2632 3039/2943/2631
f 1424/4347/2411 3038/2942/2630 1425/2944/2632
f 3040/2974/2633 2819/2681/2412 1426/3963/3439 3065/2972/2659
f 3053/2981/2667 2830/4350/2644 2829/4351/3575 3051/2982/2668
f 3040/2974/2633 1427/2679/573 2819/2681/2412
f 3045/2949/2636 2823/2690/2416 2822/2688/2415
f 2824/2691/2417 3045/2949/2636 3046/2951/2638
f 3047/2952/2639 2825/2954/2641 2824/2691/2417
f 3046/2951/2638 3048/2953/2640 3047/2952/2639
f 2826/2692/2418 3049/2955/2642 2827/2693/2419
f 3050/2956/2643 2828/2695/2421 2827/2693/2419
f 3050/2956/2643 3051/2982/2668 3052/4352/2422
f 3052/4352/2422 2828/2695/2421 3050/2956/2643
f 3052/4352/2422 3051/2982/2668 2829/4351/3575
f 1440/3966/3441 3076/4353/2672 3055/4354/2674 2832/3967/997
f 3076/4353/2672 1440/3966/3441 3054/2702/2424
f 2832/1057/997 3055/2989/2674 3056/2988/2673 2833/2703/2425
f 3057/2958/2645 646/2959/2646 2833/2703/2425 3056/2988/2673
f 708/4355/366 3058/4356/3597 3059/2963/2650 3060/2964/2651
f 644/332/329 3080/2993/2678 682/3092/2763
f 682/4357/2763 3080/4358/2678 3081/2962/2649
f 3081/2962/2649 122/2961/2648 682/4357/2763
f 681/2960/2647 3082/4359/2653 3058/4360/3597
f 3058/4360/3597 708/369/366 681/2960/2647
f 707/372/367 3060/2964/2651 3025/2936/2624 3027/373/369
f 3060/2964/2651 3030/2939/2627 3029/4344/3595
f 810/449/444 3025/2936/2624 3060/2964/2651 3029/4344/3595
f 3063/2997/2681 3064/2968/2655 3035/2970/2657 3034/4361/3596
f 3061/2967/2654 3034/4345/3596 3033/2965/2652
f 3061/2994/2654 3082/4362/2653 3062/2995/2679
f 3067/2975/2661 3041/2683/2413 3040/2945/2633 3066/4363/2660
f 3035/2970/2657 3036/2969/2656 2817/4349/2409
f 3036/2969/2656 3037/2999/2683 2818/4348/2410
f 3039/2943/2631 3090/2971/2658 3065/2972/2659
f 3042/2946/2634 3067/2975/2661 3044/2950/2637 3043/2948/2635
f 3067/2975/2661 3068/3004/2687 3044/2950/2637
f 3048/2953/2640 3072/2979/2665 3049/2955/2642 2826/2692/2418
f 3069/2977/2663 3071/2980/2666 3048/2953/2640
f 3074/2983/2669 3049/2955/2642 3072/2979/2665 3073/4364/3598
f 2830/4350/2644 3053/2981/2667 3075/2984/2670 3054/2987/2424
f 3049/2955/2642 3074/2983/2669 3051/2982/2668
f 3051/2982/2668 3050/2956/2643 3049/2955/2642
f 3074/2983/2669 3111/3022/2702 3053/2981/2667
f 3037/2999/2683 3087/2998/2682 3090/2971/2658 3038/2942/2630
f 3077/4365/2675 3055/4354/2674 3076/4353/2672
f 3078/4366/3599 3057/2958/2645 3056/2988/2673
f 3078/4366/3599 3119/2991/2676 3057/2958/2645
f 3057/2958/2645 3079/2992/2677 644/332/329
f 3082/4359/2653 681/2960/2647 3081/2962/2649
f 3082/2966/2653 3033/2965/2652 3059/2963/2650
f 3083/4367/3600 3062/2995/2679 3082/4362/2653
f 3083/4367/3600 3082/4362/2653 3084/4368/3601
f 3061/2994/2654 3063/2997/2681 3034/4361/3596
f 3064/2968/2655 3063/2997/2681 3086/3025/2705
f 3064/2968/2655 3088/4369/3602 3087/2998/2682
f 3087/2998/2682 3088/4369/3602 3089/3000/2684
f 3093/3006/2688 3067/3003/2661 3092/3002/2686 3091/3001/2685
f 3090/2971/2658 3089/3000/2684 3091/3001/2685
f 3092/3002/2686 3065/2972/2659 3090/2971/2658
f 3092/3002/2686 3066/2973/2660 3065/2972/2659
f 3097/3036/2714 3100/3015/2695 3099/3012/2692 3098/3011/2691
f 3093/3005/2688 3068/3004/2687 3067/2975/2661
f 3094/443/438 3096/3010/2690 801/418/413
f 3096/3010/2690 3097/3036/2714 3098/3011/2691
f 3096/3010/2690 3098/3011/2691 801/418/413
f 3114/4370/3603 3115/4371/3604 3110/3021/2701 3112/4372/3605
f 3100/3015/2695 3101/3013/2693 3099/3012/2692
f 3107/3039/2717 3108/3019/2699 3106/3018/2698
f 3108/3019/2699 3110/3021/2701 3109/3020/2700
f 3110/3021/2701 3108/3019/2699 3112/4372/3605
f 3081/4373/2649 3080/4374/2678 3120/3043/2721 3121/4375/3606
f 3115/4371/3604 3116/3023/2703 3110/3021/2701
f 3116/4376/2703 3118/4377/3607 3119/4378/2676
f 3119/4378/2676 3078/4379/3599 3116/4376/2703
f 3079/3082/2677 3120/3043/2721 3080/4374/2678
f 3082/4362/2653 3081/4373/2649 3121/4375/3606 3084/4368/3601
f 3123/3044/2722 3124/3047/2725 3083/4367/3600 3084/4368/3601
f 3084/4368/3601 3121/4375/3606 3122/3042/2720
f 3062/2995/2679 3083/4367/3600 3124/3047/2725 3125/3024/2704
f 3127/3070/2746 3128/3028/2708 3088/4369/3602 3086/3025/2705
f 3085/2996/2680 3086/3025/2705 3063/2997/2681
f 3086/3025/2705 3125/3024/2704 3126/3048/2726
f 3086/3025/2705 3088/4369/3602 3064/2968/2655
f 3089/3000/2684 3088/4369/3602 3128/3028/2708 3129/3027/2707
f 3137/3057/2735 3136/3040/2718 3100/3015/2695 3135/3037/2715
f 3129/3027/2707 3130/3029/2709 3089/3000/2684
f 3130/3029/2709 3091/3001/2685 3089/3000/2684
f 3130/3029/2709 739/3050/2728 3094/3007/438
f 739/3050/2728 737/3053/2731 3131/3032/2712
f 739/3050/2728 3131/3032/2712 3095/3033/2689
f 3095/3033/2689 3094/3007/438 739/3050/2728
f 3133/3034/2711 3134/3035/2713 3096/3010/2690
f 3134/3035/2713 3135/3037/2715 3097/3036/2714
f 3100/3015/2695 3136/3040/2718 3103/3016/2696
f 3141/4380/3608 3114/4381/3603 3139/3065/2741 3140/3064/2740
f 3136/3040/2718 3107/3039/2717 3106/3018/2698
f 3138/3038/2716 3139/4382/2741 3107/3039/2717
f 3139/4382/2741 3114/4370/3603 3112/4372/3605
f 3139/3065/2741 3138/3061/2716 3153/3063/2739
f 3114/4381/3603 3141/4380/3608 3118/4377/3607 3115/4383/3604
f 3143/3081/2754 3118/4377/3607 3141/4380/3608 3142/4384/3609
f 3120/3043/2721 3143/3081/2754 3142/4384/3609 3144/3041/2719
f 3124/3047/2725 3123/3044/2722 3145/3045/2723 3146/3046/2724
f 3120/3043/2721 3122/3042/2720 3121/4375/3606
f 3122/3042/2720 3123/3044/2722 3084/4368/3601
f 738/3026/2706 3147/3049/2727 3148/3052/2730 737/3053/2731
f 3126/3048/2726 3127/3070/2746 3086/3025/2705
f 3127/3070/2746 3147/3049/2727 3128/3028/2708
f 738/3026/2706 739/3050/2728 3129/3027/2707
f 3135/3037/2715 3134/3035/2713 720/3056/2734 3137/3057/2735
f 3132/3030/2710 3148/3052/2730 3150/3054/2732
f 3132/3030/2710 3131/3032/2712 737/3053/2731
f 3148/3052/2730 3149/3072/2747 3150/3054/2732
f 3150/3054/2732 722/3071/2733 3133/3031/2711
f 3133/3034/2711 720/3056/2734 3134/3035/2713
f 3144/3041/2719 3142/4384/3609 3140/3064/2740 3155/3067/2743
f 3151/3059/2737 3138/3038/2716 3136/3040/2718
f 3153/3063/2739 3154/3066/2742 3140/3064/2740
f 3142/4384/3609 3141/4380/3608 3140/3064/2740
f 132/3075/2736 722/3071/2733 3149/3072/2747 712/3073/2748
f 3155/3067/2743 3145/3045/2723 3122/3042/2720
f 3157/3069/2745 3147/3049/2727 3127/3070/2746
f 3149/3072/2747 3148/3052/2730 3158/3051/2729
f 3149/3072/2747 3158/3051/2729 712/3073/2748
f 3160/3078/2752 3153/3063/2739 3159/3076/2750 711/3079/2753
f 3159/3076/2750 710/3077/2751 711/3079/2753
f 3153/3063/2739 3152/3062/2738 3159/3076/2750
f 3153/3063/2739 3160/3078/2752 3155/3067/2743 3154/3066/2742
f 3118/4377/3607 3143/3081/2754 3079/3082/2677 3119/4378/2676
f 3156/3068/2744 711/3079/2753 710/3077/2751
f 712/3073/2748 3158/3051/2729 710/3077/2751
f 3158/3051/2729 3157/3069/2745 710/3077/2751
f 710/3077/2751 3157/3069/2745 3156/3068/2744
f 3137/3057/2735 720/3056/2734 132/3058/2736
f 3108/3019/2699 3107/3039/2717 3139/4382/2741 3112/4372/3605
f 3118/4377/3607 3116/4376/2703 3115/4383/3604
f 3056/4385/2673 3077/4386/2675 3116/4376/2703 3078/4379/3599
f 3136/3040/2718 3106/3018/2698 3103/3016/2696
f 3109/3020/2700 3111/3022/2702 3074/2983/2669 3073/4364/3598
f 3117/2985/2671 3077/3083/2675 3076/2986/2672
f 3113/3084/2755 3117/2985/2671 3075/2984/2670
f 3075/2984/2670 3111/3022/2702 3113/3084/2755
f 3111/3022/2702 3075/2984/2670 3053/2981/2667
f 3106/3018/2698 3109/3020/2700 3073/4364/3598 3105/3017/2697
f 3104/3085/2756 3105/3017/2697 3073/4364/3598 3072/2979/2665
f 760/417/412 759/416/411 3161/3086/2757 154/3087/2758
f 3104/3085/2756 3101/3013/2693 3105/3017/2697
f 3104/3085/2756 3070/2978/2664 3102/3014/2694
f 3102/3014/2694 3101/3013/2693 3104/3085/2756
f 151/442/437 760/417/412 3044/2950/2637 3068/3004/2687
f 760/417/412 151/442/437 802/441/436
f 802/441/436 801/418/413 760/417/412
f 760/417/412 154/3087/2758 814/2976/2662
f 814/2976/2662 3044/2950/2637 760/417/412
f 681/2960/2647 708/369/366 679/3089/2760 122/2961/2648
f 154/3087/2758 3161/3086/2757 3070/2978/2664
f 3069/2977/2663 3046/2951/2638 154/3087/2758
f 3059/2963/2650 3058/4356/3597 3082/2966/2653
f 708/4355/366 3060/2964/2651 707/372/367
f 682/4357/2763 122/2961/2648 3165/4387/3610 3166/4388/2761
f 679/3089/2760 3162/3088/2759 3163/3189/2845
f 3163/3189/2845 680/3191/2847 679/3089/2760
f 680/3191/2847 3165/4387/3610 122/2961/2648
f 3167/3091/2762 3166/3090/2761 3168/4389/2765 3180/4390/3611
f 3170/3095/2766 3168/3094/2765 3166/4388/2761 3165/4387/3610
f 3169/3100/2764 3171/3097/2767 3174/306/303 3175/305/302
f 3165/4387/3610 680/3191/2847 3170/3095/2766
f 3170/3095/2766 3164/3190/2846 3171/3096/2767
f 3171/3096/2767 3172/3193/2849 3173/3196/2768
f 3180/4391/3611 3168/4392/2765 3178/4393/3612 3179/3207/2861
f 3174/306/303 3173/3098/2768 615/3197/2852
f 3176/3099/2769 3177/3205/2859 3178/4393/3612
f 3176/3099/2769 3178/4393/3612 3168/4392/2765 3169/3100/2764
f 618/333/330 3181/4394/2770 3182/3104/2772 104/307/304
f 3167/3091/2762 3180/4390/3611 3181/4394/2770 618/333/330
f 2835/2710/2432 589/2708/2430 3187/3106/2774 3188/3214/2867
f 3183/308/305 3184/3212/2865 617/309/306
f 3184/3212/2865 3185/2707/2429 2834/2706/2428
f 3184/3212/2865 2834/2706/2428 617/309/306
f 476/3110/2778 3191/4395/2777 3192/3112/2780 2855/2746/2463
f 3188/3214/2867 3189/167/164 2835/2710/2432
f 2835/2710/2432 3189/167/164 475/3108/2776
f 475/3108/2776 3191/3109/2777 476/3785/2778
f 3207/3233/2883 2887/3235/2885 2886/3129/2793 3206/3126/2790
f 2855/2746/2463 503/239/236 476/3110/2778
f 2855/2746/2463 3192/3112/2780 2856/2747/2464
f 2855/2746/2463 504/3670/3262 503/239/236
f 3192/3112/2780 2857/2748/2465 2856/2747/2464
f 3192/3112/2780 3276/4396/2873 3193/3111/2779
f 2857/3113/2465 3194/3115/2781 2858/3117/2466
f 2859/3118/2783 3195/3116/2782 3196/3119/2784
f 2859/3118/2783 2860/3120/2785 436/4397/179
f 3196/3119/2784 3545/3532/3145 2860/3120/2785
f 2860/4294/2785 3545/4398/3145 3197/4399/3150
f 3197/4399/3150 2861/4295/2786 2860/4294/2785
f 2861/3122/2786 3197/4400/3150 3198/4401/3613
f 3198/4401/3613 41/121/118 2861/3122/2786
f 3198/4401/3613 322/122/119 41/121/118
f 322/122/119 3198/4401/3613 3199/3541/3154
f 3200/119/116 245/61/59 2883/2766/2482
f 3200/119/116 2883/2766/2482 320/120/117
f 245/61/59 3285/3123/2787 3201/2767/2483
f 3203/3125/2789 3204/4402/3614 3205/3128/2792
f 3205/3128/2792 3204/4402/3614 3286/3228/2878
f 3205/3128/2792 2885/3127/2791 3203/3125/2789
f 2891/2769/2485 3208/3131/2795 3209/4403/3615 2892/4299/3578
f 2887/3235/2885 2889/3130/2794 2886/3129/2793
f 2889/3130/2794 2891/2769/2485 2888/3594/3201
f 2892/4299/3578 3210/4404/2887 2893/4405/2796 1535/2772/2487
f 2896/4301/3579 207/3139/2801 3217/3241/2891 2897/4303/3580
f 2892/4299/3578 3211/4406/3616 3210/4404/2887
f 2894/3134/2488 3212/3133/2797 2895/3136/2489
f 10/3135/2798 3212/3133/2797 3213/4407/3617
f 10/3135/2798 3213/4407/3617 3214/3140/2802
f 3214/3140/2802 207/3139/2801 10/3135/2798
f 207/3139/2801 3215/3138/2800 3216/3242/2892
f 3216/3242/2892 3217/3241/2891 207/3139/2801
f 2899/4305/3581 3219/3144/2805 3221/3143/2804 2898/2776/2490
f 207/3139/2801 2896/4301/3579 206/3141/1072
f 2897/4303/3580 3217/3241/2891 3218/3244/2894
f 3218/3244/2894 2899/4408/3581 2897/4303/3580
f 2899/4408/3581 3218/3244/2894 3219/4409/2805
f 2898/2776/2490 3221/3143/2804 2901/3147/2808 2900/1150/1074
f 3222/33/31 11/32/30 2902/3146/2807 3302/3145/2806
f 210/34/32 3222/33/31 3223/3249/2898 212/4410/3618
f 3223/3249/2898 3224/4411/2902 212/4410/3618
f 252/3522/65 264/81/78 212/4410/3618 3224/4411/2902
f 3225/3148/2809 212/4410/3618 264/81/78 263/80/77
f 3233/4412/3619 3234/4413/2827 3000/4414/3594 2998/4335/3592
f 212/4410/3618 3225/3148/2809 210/34/32
f 263/80/77 2908/2781/2495 2905/2779/2493
f 2908/2781/2495 263/80/77 266/3754/3326
f 266/3754/3326 2909/3149/2810 2908/2781/2495
f 2909/3149/2810 266/3754/3326 3226/3157/2816
f 2909/3149/2810 3226/3157/2816 423/3150/2811
f 2913/3153/2501 422/3152/2812 2917/3155/2814
f 426/3156/2815 2978/3591/3200 2925/2792/2506
f 2917/3155/2814 2914/4309/2502 2913/3153/2501
f 2923/3154/2813 2925/2792/2506 2922/2796/2510
f 2913/2787/2501 2912/2785/2499 2911/2783/2497
f 423/3150/2811 3227/3158/2817 65/4415/3343
f 65/3783/3343 3227/3291/2817 424/3159/2818
f 425/3161/2820 3400/3160/2819 3335/3292/2934
f 3335/3292/2934 3228/2897/2588 425/3161/2820
f 2988/4416/2822 3229/3165/2823 2989/3166/2824
f 2989/3166/2824 581/276/273 2991/2899/2590
f 2991/2899/2590 581/276/273 2993/2902/2593
f 2993/2902/2593 581/276/273 3230/3168/2826
f 3230/3168/2826 2994/2903/2594 2993/2902/2593
f 3231/3167/2825 2996/4332/3590 2994/2903/2594
f 3231/3167/2825 2998/4335/3592 2996/4332/3590
f 3018/3584/3195 3014/2918/2609 3013/2917/2608 3019/3177/2835
f 3235/3170/2828 3002/2904/2595 3234/3169/2827
f 3236/3581/3193 3006/2908/2599 3004/3171/2829
f 3236/3581/3193 3237/3580/3192 3006/2908/2599
f 126/2909/2600 3238/3174/2832 704/3173/2831
f 3239/3172/2830 3241/3175/2833 3240/3176/2834
f 3243/3179/2837 3242/3178/2836 3020/2926/2614 3240/4417/2834
f 3240/4417/2834 3020/2926/2614 3019/4340/2835
f 615/3197/2852 3253/3198/2851 3254/3354/2990 3255/3199/2853
f 3242/3178/2836 3023/2933/2621 3022/2930/2618
f 3242/3178/2836 3022/2930/2618 3020/2926/2614
f 3242/3178/2836 3243/3179/2837 3024/2934/2622
f 3244/2935/2623 3245/3180/2838 3025/2936/2624
f 3245/3180/2838 3235/4418/2828 3026/3181/2839
f 3247/3183/2841 706/3187/2843 3027/3812/369
f 706/3187/2843 3247/3183/2841 3248/3577/3190
f 3248/3577/3190 709/3186/2842 706/3187/2843
f 709/3186/2842 3248/3577/3190 3249/3576/3189
f 3249/3576/3189 3250/3188/2844 709/3186/2842
f 3162/3088/2759 708/369/366 709/3186/2842
f 3164/3190/2846 3163/3189/2845 3251/3192/2848
f 3164/3190/2846 3170/3095/2766 680/3191/2847
f 3172/3193/2849 3171/3096/2767 3164/3190/2846
f 3252/3194/2850 3254/4419/2990 3253/3195/2851
f 103/304/301 3256/3200/2854 3257/3356/2992 616/3203/2857
f 3177/3205/2859 103/304/301 616/3203/2857 3260/3202/2856
f 3257/3356/2992 3258/3358/2994 3259/3201/2855
f 3257/3356/2992 3259/3201/2855 616/3203/2857
f 3177/3205/2859 3261/3204/2858 3179/3207/2861 3178/4393/3612
f 3177/3205/2859 3176/3099/2769 103/304/301
f 3180/4391/3611 3179/3207/2861 3262/3206/2860 3181/3101/2770
f 587/282/279 3263/3102/2771 3262/3206/2860
f 3185/2707/2429 3184/3212/2865 3268/3211/2864 3186/3105/2773
f 3264/3320/2960 3182/3103/2772 3263/3102/2771
f 3182/3103/2772 3264/3320/2960 3265/3319/2959
f 3182/3103/2772 3265/3319/2959 3266/3208/2862
f 3183/308/305 3267/4420/2863 3268/3211/2864
f 3204/4402/3614 3203/3125/2789 3202/3124/2788 312/114/111
f 3186/3105/2773 3270/3309/2951 3187/3106/2774
f 3187/3106/2774 3270/3309/2951 415/3213/2866
f 3188/3214/2867 415/3213/2866 3189/167/164
f 415/3213/2866 370/3216/2869 414/165/162
f 370/3216/2869 339/4421/125 414/165/162
f 370/3777/2869 340/3774/3337 339/128/125
f 413/3219/160 316/127/124 315/3524/3139
f 3274/164/161 3275/3221/2872 416/166/163
f 416/166/163 3275/3221/2872 3190/3107/2775
f 3276/4422/2873 3542/3552/3165 3193/3114/2779
f 3193/3114/2779 3277/4423/3620 3278/3224/2874
f 3279/3225/2875 3195/3116/2782 3194/3115/2781
f 3280/3226/2876 3196/3119/2784 3195/3116/2782
f 3281/3536/3149 3282/3539/3152 3197/3537/3150
f 3282/4424/3152 3198/4401/3613 3197/4400/3150
f 3198/4401/3613 3282/4424/3152 3283/3542/3155
f 3283/3542/3155 3199/3541/3154 3198/4401/3613
f 3199/3541/3154 3285/3123/2787 3200/119/116
f 3199/3541/3154 3200/119/116 322/122/119
f 3285/3123/2787 313/3227/2877 3202/3124/2788
f 3286/3228/2878 3204/4402/3614 312/114/111 314/113/110
f 3206/3126/2790 3205/3128/2792 3288/3230/2880 3289/3231/2881
f 3286/3228/2878 3288/3230/2880 3205/3128/2792
f 3209/4403/3615 3208/3131/2795 3291/3234/2884 3292/3261/2907
f 3294/3267/2912 3209/4425/3615 3292/3264/2907 3293/3265/2910
f 3209/4425/3615 3294/3267/2912 3211/4426/3616 2892/4427/3578
f 3296/4428/3621 3297/3236/2886 3210/3237/2887 3211/4426/3616
f 3294/3267/2912 3295/3266/2911 3211/4426/3616
f 234/4429/3622 3213/4407/3617 3212/3133/2797 3297/3236/2886
f 3214/3140/2802 234/4429/3622 233/3269/2914 3215/3138/2800
f 234/4429/3622 3214/3140/2802 3213/4407/3617
f 3299/3238/2888 3216/3242/2892 233/3269/2914 3298/3268/2913
f 252/67/65 3224/3256/2902 3308/3255/2901 27/68/66
f 233/3269/2914 3216/3242/2892 3215/3138/2800
f 3299/3238/2888 3300/3240/2890 3216/3242/2892
f 3300/3240/2890 3322/3239/2889 3301/3243/2893
f 3300/3240/2890 3218/3244/2894 3217/3241/2891
f 3301/3243/2893 3219/4409/2805 3218/3244/2894
f 3301/3243/2893 3220/4430/2803 3219/4409/2805
f 3220/4430/2803 3301/3243/2893 223/3747/3319
f 223/3747/3319 3302/4431/2806 3220/4430/2803
f 3302/4431/2806 223/3747/3319 3303/3275/2920
f 3303/3275/2920 3222/4432/31 3302/4431/2806
f 3222/4432/31 3303/3275/2920 3304/3245/2895
f 3304/3250/2895 3223/3249/2898 3222/33/31
f 20/3748/3320 3296/4428/3621 3295/3266/2911 232/3749/3321
f 3309/3257/2903 3307/3253/2900 3310/3258/2904
f 3310/3258/2904 3290/3232/2882 3309/3257/2903
f 3310/3258/2904 3312/3260/2906 3311/3259/2905
f 3292/3264/2907 3312/3284/2906 3313/3262/2908
f 3293/3265/2910 3315/4433/3623 3295/3266/2911
f 3296/4428/3621 3211/4426/3616 3295/3266/2911
f 234/4429/3622 3297/3236/2886 3296/4428/3621 20/3748/3320
f 3315/4433/3623 3316/3281/2925 232/3749/3321 3295/3266/2911
f 3298/3268/2913 3319/3272/2917 3322/3239/2889 3299/3238/2888
f 232/3749/3321 3316/3281/2925 3317/3270/2915
f 3317/3270/2915 233/3269/2914 232/3749/3321
f 3317/3270/2915 3318/3271/2916 3298/3268/2913
f 3319/3272/2917 3320/3282/2926 3321/3273/2918
f 3305/3247/2897 3323/3246/2896 3324/3276/2921 3306/3278/2899
f 3322/3239/2889 3321/3273/2918 16/3274/2919
f 16/3274/2919 223/3747/3319 3301/3243/2893
f 3321/3273/2918 3323/3246/2896 3304/3245/2895
f 3321/3273/2918 3304/3245/2895 16/3274/2919
f 3316/3281/2925 3315/4433/3623 235/3279/2923 236/3280/2924
f 3326/3283/2927 3313/3262/2908 3312/3284/2906
f 3315/4433/3623 3293/3265/2910 3314/3263/2909
f 3314/3263/2909 235/3279/2923 3315/4433/3623
f 254/69/67 27/68/66 3309/3257/2903 3327/3285/2928
f 3316/3281/2925 3318/3271/2916 3317/3270/2915
f 3318/3271/2916 236/3280/2924 3320/3282/2926
f 3320/3282/2926 3319/3272/2917 3318/3271/2916
f 3320/3282/2926 3324/3276/2921 3323/3246/2896
f 3326/3283/2927 236/3280/2924 235/3279/2923
f 3325/3277/2922 3320/3282/2926 236/3280/2924
f 253/4434/64 3332/3288/2931 3333/3289/2932 252/3522/65
f 3327/3285/2928 3328/3368/3002 305/109/106
f 3329/3286/2929 304/108/105 3330/111/108
f 3329/3286/2929 3331/3287/2930 254/69/67
f 3338/3299/2941 3340/3298/2940 3341/3301/2943 3342/3331/2971
f 30/79/76 3399/3376/3009 265/3753/3325
f 265/3753/3325 3399/3376/3009 3334/3290/2933
f 3334/3290/2933 3226/3157/2816 265/3753/3325
f 3336/3162/2821 3229/4435/2823 2988/3164/2822
f 3229/3165/2823 79/3294/2936 581/276/273
f 3229/3165/2823 3337/3384/3015 491/3293/2935
f 3339/3295/2937 3338/3299/2941 490/3296/2938
f 3345/3304/2946 369/3303/2945 3348/3307/2949 3362/4436/3624
f 3344/3302/2944 3346/3305/2947 3341/3301/2943
f 3270/3309/2951 3350/4437/2950 3349/4438/2948 3271/3215/2868
f 3268/3211/2864 3267/4420/2863 3354/4439/2957 3353/3314/2955
f 3350/3308/2950 3351/3311/2953 3348/3307/2949
f 3350/4437/2950 3270/3309/2951 3269/3312/2952
f 3353/3314/2955 3358/4440/2980 3352/3315/2954
f 3269/3312/2952 3268/3211/2864 3353/3314/2955
f 3354/3317/2957 3355/3323/2963 3353/4441/2955
f 3361/3337/2977 3362/4436/3624 3351/3311/2953 3360/3325/2965
f 3266/3208/2862 89/3321/2961 3357/3316/2956
f 3357/3316/2956 3377/3322/2962 3354/3317/2957
f 3358/3340/2980 3353/4441/2955 3355/3323/2963
f 3358/4442/2980 3359/3324/2964 3352/3313/2954
f 3347/3328/2968 3364/3327/2967 3346/3305/2947 3345/3304/2946
f 3362/4436/3624 3361/3337/2977 3363/3326/2966
f 3362/4436/3624 3348/3307/2949 3351/3311/2953
f 3362/4436/3624 3363/3326/2966 3347/3328/2968
f 3347/3328/2968 3345/3304/2946 3362/4436/3624
f 3364/3327/2967 511/249/246 3365/3329/2969
f 3346/3305/2947 3365/3329/2969 3342/3331/2971 3341/3301/2943
f 3365/3329/2969 512/252/249 3366/3330/2970
f 3338/3299/2941 3342/3331/2971 3367/3335/2975 490/3296/2938
f 3342/3331/2971 3366/3330/2970 3367/3335/2975
f 490/3296/2938 3368/3332/2972 580/277/274 79/3294/2936
f 490/3296/2938 3367/3335/2975 3368/3332/2972
f 570/3575/3188 572/3334/2974 3369/3333/2973 562/266/263
f 580/277/274 3369/3333/2973 571/279/276
f 561/3336/2976 3366/3330/2970 512/252/249 87/251/248
f 560/267/264 3368/3332/2972 3367/3335/2975
f 3361/3337/2977 3370/3338/2978 3371/3350/2987 532/250/247
f 512/252/249 3365/3329/2969 511/249/246
f 3361/3337/2977 532/250/247 511/249/246
f 3378/4443/3625 3377/3322/2962 3379/3342/2982 3380/4444/3626
f 3370/3338/2978 3372/3348/2985 3371/3350/2987
f 3370/3338/2978 3360/3325/2965 3373/3339/2979
f 3359/4445/2964 3358/3340/2980 3375/3341/2981
f 3375/3341/2981 3374/4446/3627 3359/4445/2964
f 3375/3341/2981 3355/3323/2963 3377/3322/2962
f 3377/3322/2962 3378/4443/3625 3375/3341/2981
f 3377/3322/2962 3357/3316/2956 89/3321/2961
f 3381/3343/2983 3376/4447/3628 3378/4443/3625 3386/3357/2993
f 3380/4444/3626 3258/3358/2994 3378/4443/3625
f 564/265/262 3383/3351/2988 3251/3192/2848 3163/3189/2845
f 3376/4447/3628 3381/3343/2983 3374/4446/3627
f 3376/4447/3628 3375/3341/2981 3378/4443/3625
f 3374/4446/3627 3375/3341/2981 3376/4447/3628
f 3374/4446/3627 3381/3343/2983 3373/3345/2979
f 3373/3345/2979 3359/4445/2964 3374/4446/3627
f 3382/3349/2986 3384/4448/2989 3252/3194/2850
f 3252/3194/2850 3251/3192/2848 3383/3351/2988
f 3383/3351/2988 532/250/247 3371/3350/2987
f 3260/3202/2856 3259/3201/2855 3258/3358/2994 3380/4444/3626
f 3252/3194/2850 3384/4448/2989 3254/4419/2990
f 3255/3199/2853 3382/3353/2986 565/3360/2996
f 3255/3199/2853 565/3360/2996 3256/3200/2854
f 565/3360/2996 3385/3355/2991 3256/3200/2854
f 3385/3355/2991 3386/3357/2993 3257/3356/2992
f 3380/4444/3626 3379/3342/2982 586/283/280 3260/3202/2856
f 370/3216/2869 3271/3215/2868 3349/4438/2948 52/4449/2997
f 586/283/280 3379/3342/2982 546/3359/2995
f 546/3359/2995 98/281/278 586/283/280
f 546/3359/2995 3356/3318/2958 98/281/278
f 3386/3357/2993 3378/4443/3625 3258/3358/2994
f 3386/3357/2993 3385/3355/2991 93/3344/2984
f 3385/3355/2991 565/3360/2996 93/3344/2984
f 3382/3353/2986 3372/3346/2985 565/3360/2996
f 3269/3312/2952 3186/3105/2773 3268/3211/2864
f 3392/3369/3003 3391/3367/3001 306/110/107 305/109/106
f 3343/3300/2942 3387/3362/2998 369/3303/2945
f 3387/3364/2998 3388/3363/2999 52/3366/2997
f 3389/3365/3000 3388/3363/2999 3391/3367/3001
f 3388/3363/2999 306/110/107 3391/3367/3001
f 3289/3231/2881 3288/3230/2880 3392/3369/3003 3328/3368/3002
f 3391/3367/3001 3392/3369/3003 3288/3230/2880
f 340/3774/3337 3389/3365/3000 3390/3370/3004 338/126/123
f 3390/3370/3004 314/113/110 338/126/123
f 3393/3391/3022 3394/3392/3023 3387/3362/2998 3343/3300/2942
f 306/4450/107 3387/3362/2998 3394/3392/3023 307/4451/109
f 30/79/76 3332/3288/2931 3397/4452/3028 3398/3375/3008
f 3330/111/108 3331/3287/2930 3329/3286/2929
f 3331/3287/2930 3396/3373/3007 253/66/64
f 3396/4453/3007 3397/4452/3028 3332/3288/2931
f 3336/3162/2821 3403/3380/3012 3404/3381/3013 3229/4435/2823
f 3400/3160/2819 3401/3409/3010 3402/3379/3011
f 3406/3386/3017 492/3297/2939 491/3293/2935 3426/3385/3016
f 3404/3381/3013 3337/3383/3015 3229/4435/2823
f 3330/111/108 307/112/109 3394/4454/3023 3395/3371/3005
f 3407/3387/3018 3408/3388/3019 3339/3295/2937
f 3340/3298/2940 3393/3391/3022 3343/3300/2942
f 3340/3298/2940 3409/3389/3020 3393/3391/3022
f 3399/4455/3009 3418/3436/3053 3419/3407/3032 3334/3406/2933
f 3395/3395/3005 3394/4456/3023 3411/3418/3039
f 3395/3395/3005 3413/3394/3025 3331/3397/2930
f 3414/3396/3006 3445/3398/3026 3396/3400/3007
f 3415/3399/3027 3398/3404/3008 3397/3401/3028
f 3398/3404/3008 3417/3403/3030 3399/4455/3009
f 3417/3403/3030 3418/3436/3053 3399/4455/3009
f 3423/4457/3057 3405/3382/3014 3403/3380/3012 3422/3412/3035
f 3334/3406/2933 3449/3405/3031 3420/4458/3033
f 3401/3409/3010 3420/3408/3033 3421/3411/3034
f 3402/3379/3011 3421/3411/3034 3422/3412/3035
f 3405/4459/3014 3424/4460/3629 3425/3413/3036 3337/3384/3015
f 3405/3382/3014 3423/4457/3057 3424/4461/3629
f 3407/4462/3018 3406/3416/3017 3439/3442/3059 3440/3444/3061
f 3406/3416/3017 3438/3415/3037 3439/3442/3059
f 3408/4463/3019 3407/4462/3018 3440/3444/3061 3441/4464/3630
f 3414/3396/3006 3413/3394/3025 3457/3434/3051 3444/3421/3041
f 3409/3389/3020 3427/4465/3038 3410/3390/3021
f 3411/4466/3039 3394/3392/3023 3410/3390/3021
f 3411/3418/3039 3429/3449/3066 3412/3393/3024
f 3430/3451/3068 3412/3393/3024 3431/4467/3631
f 3430/3451/3068 3432/3420/3040 3412/3393/3024
f 3432/3420/3040 3457/3434/3051 3413/3394/3025
f 3425/4468/3036 3436/4469/3632 3437/3428/3046 3426/3414/3016
f 3415/3399/3027 3447/3422/3042 3398/3404/3008
f 3416/3402/3029 3459/3455/3072 3417/3403/3030
f 3417/3403/3030 3459/3455/3072 3418/3436/3053
f 3433/3425/3044 3421/3424/3034 3420/4458/3033
f 3422/3427/3035 3435/3426/3045 3423/3440/3057
f 3436/4469/3632 3424/4470/3629 3423/3440/3057
f 3436/4469/3632 3425/4468/3036 3424/4470/3629
f 3441/4464/3630 3442/3429/3047 3409/3431/3020 3408/4463/3019
f 3420/4458/3033 3450/3457/3074 3451/3460/3077 3433/3425/3044
f 3428/3432/3049 3411/3418/3039 3427/3417/3038
f 3429/3449/3066 3411/3418/3039 3428/3432/3049
f 3431/4467/3631 3412/3393/3024 3429/3449/3066
f 3430/3451/3068 3456/3433/3050 3432/3420/3040
f 3445/3398/3026 3446/3435/3052 3415/3399/3027
f 3448/3437/3054 3418/3436/3053 3459/3455/3072
f 3448/3437/3054 3460/4471/3633 3419/3407/3032
f 3419/3407/3032 3460/4471/3633 3449/3405/3031
f 3450/3457/3074 3420/4458/3033 3449/3405/3031
f 3462/3470/3087 3434/3423/3043 3433/3425/3044 3451/3460/3077
f 3466/3473/3090 3436/4469/3632 3423/3440/3057 3465/3439/3056
f 3435/3426/3045 3463/4472/3634 3464/3438/3055
f 3441/4464/3630 3440/3444/3061 3470/3443/3060 3471/3463/3080
f 3436/4469/3632 3466/3473/3090 3467/3461/3078
f 3436/4469/3632 3467/3461/3078 3437/3428/3046
f 3438/3415/3037 3468/3441/3058 3439/3442/3059
f 3442/3429/3047 3441/4464/3630 3471/3463/3080 3452/3445/3062
f 3454/3447/3064 3428/3432/3049 3443/3430/3048 3453/3446/3063
f 3442/3429/3047 3452/3445/3062 3443/3430/3048
f 3429/3449/3066 3455/3448/3065 3473/3478/3095 3431/4467/3631
f 3430/3451/3068 3431/4467/3631 3473/3478/3095 3474/3450/3067
f 3486/3477/3094 3455/3448/3065 3454/3447/3064 3485/3465/3082
f 3444/3421/3041 3475/3452/3069 3445/3398/3026
f 3446/3435/3052 3476/3453/3070 3447/3422/3042
f 3447/3422/3042 3458/3454/3071 3416/3402/3029
f 3448/3437/3054 3491/3456/3073 3460/4471/3633
f 3461/3458/3075 3449/3405/3031 3460/4471/3633
f 3451/3460/3077 3477/3459/3076 3462/3470/3087
f 3469/3462/3079 3439/3442/3059 3468/3441/3058
f 3452/3445/3062 3472/3464/3081 3453/3446/3063
f 3463/4472/3634 3478/3469/3086 3479/3471/3088 3464/3438/3055
f 3455/3448/3065 3486/3477/3094 3473/3478/3095
f 3456/3433/3050 3488/3466/3083 3457/3434/3051
f 3457/3434/3051 3489/3467/3084 3444/3421/3041
f 3458/3454/3071 3491/3456/3073 3459/3455/3072
f 3491/3456/3073 3492/3488/3105 3460/4471/3633
f 3460/4471/3633 3492/3488/3105 3461/3458/3075
f 3450/3457/3074 3493/3468/3085 3477/3459/3076
f 3478/3469/3086 3463/4472/3634 3462/3470/3087
f 3468/3441/3058 3495/3482/3099 3496/3483/3100 3469/3462/3079
f 3466/3473/3090 3480/3472/3089 3481/3474/3091
f 3481/3474/3091 3467/3461/3078 3466/3473/3090
f 3482/3475/3092 3470/3443/3060 3469/3462/3079
f 3482/3475/3092 3483/3476/3093 3471/3463/3080
f 3472/3464/3081 3484/3484/3101 3485/3465/3082
f 3474/3450/3067 3487/3479/3096 3456/3433/3050
f 3489/3467/3084 3446/3435/3052 3475/3452/3069
f 3446/3435/3052 3490/3480/3097 3476/3453/3070
f 3493/3468/3085 3461/3458/3075 3492/3488/3105
f 3494/4473/3635 3477/3459/3076 3493/3468/3085
f 3480/3472/3089 3506/3492/3109 3495/3482/3099
f 3495/3482/3099 3468/3441/3058 3481/3474/3091
f 3503/3500/3117 3494/4473/3635 3493/3468/3085 3502/3490/3107
f 3484/3484/3101 3472/3464/3081 3483/3476/3093
f 3485/3465/3082 3484/3484/3101 3498/3485/3102
f 3486/3477/3094 3487/3479/3096 3474/3450/3067
f 3500/3487/3104 3501/3489/3106 3490/3480/3097
f 3490/3480/3097 3501/3489/3106 3491/3456/3073
f 3479/3471/3088 3504/3481/3098 3506/3492/3109 3480/3472/3089
f 3494/4473/3635 3503/3500/3117 3504/3481/3098
f 3504/3481/3098 3477/3459/3076 3494/4473/3635
f 3504/3481/3098 3478/3469/3086 3477/3459/3076
f 3497/3495/3112 3484/3484/3101 3496/3483/3100 3507/3493/3110
f 3507/3493/3110 3495/3482/3099 3506/3492/3109
f 3495/3482/3099 3507/3493/3110 3496/3483/3100
f 3509/3514/3131 3498/3485/3102 3497/3495/3112 3508/3494/3111
f 3487/3479/3096 3486/3477/3094 3498/3485/3102 3510/3496/3113
f 3509/3514/3131 3510/3496/3113 3498/3485/3102
f 3508/3494/3111 3507/3493/3110 3505/3491/3108 3517/3509/3126
f 3500/3487/3104 3512/3498/3115 3501/3489/3106
f 3512/3498/3115 3513/4474/3636 3501/3489/3106
f 3513/4474/3636 3512/3498/3115 3522/3505/3122
f 3513/4474/3636 3492/3488/3105 3501/3489/3106
f 3513/4474/3636 3502/3490/3107 3492/3488/3105
f 3503/3500/3117 3524/3499/3116 3514/3501/3118
f 3505/3491/3108 3515/3502/3119 3516/3510/3127
f 3513/4474/3636 3522/3505/3122 3523/3506/3123 3502/3490/3107
f 3508/3494/3111 427/3512/3129 3509/3514/3131
f 3509/3514/3131 3526/3513/3130 3518/3516/3133
f 3518/3516/3133 3510/3496/3113 3509/3514/3131
f 3518/3516/3133 3519/145/142 3510/3496/3113
f 3519/145/142 3520/3503/3120 3499/3486/3103
f 3511/3497/3114 3521/3504/3121 3512/3498/3115
f 3517/3509/3126 3516/3510/3127 3532/4475/3637 3525/3511/3128
f 3515/3502/3119 3531/3508/3125 3516/3510/3127
f 427/3512/3129 3508/3494/3111 3517/3509/3126
f 3525/3511/3128 3509/3514/3131 427/3512/3129
f 3518/3516/3133 3527/3515/3132 3519/145/142
f 3519/145/142 378/144/141 3520/3503/3120
f 378/144/141 361/3521/3138 3511/3497/3114
f 361/3521/3138 378/144/141 3528/3517/3134
f 3528/3517/3134 3521/3504/3121 361/3521/3138
f 3523/3506/3123 3522/3505/3122 3521/3504/3121
f 3524/3499/3116 412/3507/3124 3514/3501/3118
f 3516/3510/3127 3531/3508/3125 3532/4475/3637
f 3434/3423/3043 3462/3470/3087 3463/4472/3634 3435/3426/3045
f 3531/3508/3125 3530/3519/3136 3532/4475/3637
f 3532/4475/3637 3526/3513/3130 3525/3511/3128
f 3526/3513/3130 3532/4475/3637 3533/3520/3137
f 3533/3520/3137 379/146/143 3527/3515/3132
f 379/146/143 3519/145/142 3527/3515/3132
f 3533/3520/3137 3528/3517/3134 379/146/143
f 3529/3518/3135 3528/3517/3134 3533/3520/3137
f 3533/3520/3137 3532/4475/3637 3530/3519/3136
f 3528/3517/3134 378/144/141 379/146/143
f 3534/4476/3156 3535/4477/3159 313/3227/2877 3284/3540/3153
f 266/3754/3326 265/3753/3325 3226/3157/2816
f 3333/3289/2932 30/79/76 264/81/78
f 3328/3368/3002 3327/3285/2928 3289/3231/2881
f 233/3269/2914 234/4429/3622 20/3748/3320
f 3286/3228/2878 314/113/110 3390/3370/3004
f 313/3227/2877 3285/3123/2787 3284/3540/3153
f 3275/3528/2872 3540/3527/3142 3542/3552/3165 3276/4422/2873
f 3536/4478/3638 40/115/112 313/3227/2877
f 3536/4478/3638 315/3524/3139 40/115/112
f 3536/4478/3638 3273/3523/2871 315/3524/3139
f 3537/4479/3140 3273/4480/2871 3538/3547/3160
f 3537/3525/3140 3539/3529/3141 3274/164/161
f 3540/3527/3142 3539/3526/3141 3541/4481/3639
f 3550/4482/3640 3551/3548/3161 3535/3546/3159 3569/3564/3177
f 3277/4423/3620 3193/3114/2779 3542/3552/3165
f 3277/4423/3620 433/4483/3641 3278/3224/2874
f 3278/3224/2874 433/4483/3641 3543/3530/3143
f 3543/3530/3143 3279/3225/2875 3278/3224/2874
f 3280/3226/2876 3557/3531/3144 3544/3533/3146
f 3544/3533/3146 3196/3119/2784 3280/3226/2876
f 388/3534/3147 3197/3537/3150 3545/3532/3145
f 3546/3538/3151 3283/4484/3155 3282/3539/3152
f 3283/4484/3155 3546/3538/3151 3547/3566/3179
f 3547/4485/3179 3284/3540/3153 3283/3542/3155
f 3284/3540/3153 3547/4485/3179 3534/4476/3156
f 3284/3540/3153 3285/3123/2787 3199/3541/3154
f 3535/3546/3159 3549/3545/3158 3569/3564/3177
f 313/4486/2877 3535/3546/3159 3551/3548/3161 3536/4487/3638
f 3273/4480/2871 3536/4487/3638 3551/3548/3161 3538/3547/3160
f 3539/3526/3141 3537/4479/3140 3552/3550/3163 3541/4481/3639
f 3538/3547/3160 3552/3550/3163 3537/4479/3140
f 3542/3552/3165 432/3551/3164 433/4483/3641 3277/4423/3620
f 3541/4481/3639 3552/3550/3163 3553/4488/3642
f 3554/3553/3166 432/3551/3164 3540/3527/3142 3541/4481/3639
f 3560/3571/3184 3558/4489/3643 3561/3573/3186 3562/3558/3171
f 3555/3554/3167 433/4483/3641 432/3551/3164
f 433/4483/3641 3555/3554/3167 3556/3555/3168
f 3556/3555/3168 3543/3530/3143 433/4483/3641
f 3557/3531/3144 3558/4489/3643 389/3556/3169
f 3558/4489/3643 3559/3572/3185 389/3556/3169
f 372/3560/3173 371/3557/3170 3564/3559/3172 3565/3561/3174
f 3562/3558/3171 3561/3573/3186 3563/4490/3644
f 371/3557/3170 3568/3563/3176 3570/3562/3175 3573/3569/3182
f 3567/3574/3187 371/3557/3170 372/3560/3173
f 3567/3574/3187 3569/3564/3177 3568/3563/3176
f 3569/3564/3177 3567/3574/3187 3550/4482/3640
f 3571/3565/3178 3549/3545/3158 3548/3544/3157
f 3546/3538/3151 3572/3567/3180 3547/3566/3179
f 371/3557/3170 362/3570/3183 3560/3571/3184 3562/3558/3171
f 3573/3569/3182 362/3570/3183 371/3557/3170
f 362/3570/3183 3573/3569/3182 49/3568/3181
f 3281/3536/3149 3574/3535/3148 3572/3567/3180 3546/3538/3151
f 3560/3571/3184 3572/3567/3180 3559/3572/3185
f 3559/3572/3185 3558/4489/3643 3560/3571/3184
f 3559/3572/3185 3574/3535/3148 388/3534/3147
f 3551/3548/3161 3550/4482/3640 3567/3574/3187 372/3560/3173
f 3564/3559/3172 3563/4490/3644 3553/4488/3642 3565/3561/3174
f 3566/3549/3162 3565/3561/3174 3552/3550/3163
f 3565/3561/3174 3553/4488/3642 3552/3550/3163
f 3553/4488/3642 3554/3553/3166 3541/4481/3639
f 3554/3553/3166 3553/4488/3642 3563/4490/3644 3555/3554/3167
f 3556/3555/3168 3561/3573/3186 3558/4489/3643 3557/3531/3144
f 3563/4490/3644 3564/3559/3172 3562/3558/3171
f 3555/3554/3167 3563/4490/3644 3561/3573/3186
f 388/3534/3147 3545/3532/3145 3544/3533/3146 389/3556/3169
f 3548/3544/3157 3534/3543/3156 3547/3566/3179
f 586/283/280 587/282/279 3262/3206/2860 3261/3204/2858
f 572/3334/2974 3250/3188/2844 3249/3576/3189 571/279/276
f 3176/3099/2769 3175/305/302 103/304/301
f 570/3575/3188 562/266/263 563/268/265
f 3250/3188/2844 572/3334/2974 570/3575/3188
f 2998/4335/3592 3231/3167/2825 3246/3182/2840 3233/4412/3619
f 3026/3181/2839 3235/4418/2828 3233/4491/3619 3246/4492/2840
f 3233/4412/3619 3235/4493/2828 3234/4413/2827
f 3244/2935/2623 3243/3179/2837 3575/4494/3194 3245/3180/2838
f 3235/3170/2828 3245/3579/2838 3236/3581/3193
f 3236/3581/3193 3004/3171/2829 3235/3170/2828
f 126/2909/2600 3006/2908/2599 3237/3580/3192
f 2904/2777/2491 211/35/33 3225/3148/2809 2905/2779/2493
f 582/280/277 3231/3167/2825 3230/3168/2826
f 3230/3168/2826 96/278/275 582/280/277
f 3013/2917/2608 3012/2916/2607 3239/3172/2830
f 3239/3172/2830 3240/3176/2834 3013/2917/2608
f 3239/3172/2830 3010/2913/2604 704/3173/2831
f 3010/2913/2604 126/2909/2600 704/3173/2831
f 3228/2897/2588 2979/2896/2587 425/3161/2820
f 2909/3149/2810 2911/2783/2497 2907/2782/2496
f 2796/2653/2388 678/2915/2606 677/2922/2613 2798/2654/2389
f 677/2922/2613 2799/2655/2390 2798/2654/2389
f 2797/4283/3574 3011/2914/2605 678/2915/2606 2796/2653/2388
f 705/2910/2601 3011/2914/2605 2797/4283/3574 2795/2652/2387
f 3009/2912/2603 3008/2651/2386 2791/4282/3573 2789/2645/2380
f 3003/2905/2596 3009/2912/2603 2789/2645/2380 3576/3585/3196
f 2787/2644/2379 3577/4495/3645 2999/4337/3593 3576/3585/3196
f 3576/3585/3196 2999/4337/3593 3001/2906/2597
f 2785/4280/3571 2995/4496/3589 2997/4338/3591 3577/4495/3645
f 3577/4495/3645 2997/4338/3591 2999/4337/3593
f 2995/4331/3589 3579/4497/3646 2992/2901/2592 2994/2903/2594
f 2995/4496/3589 3578/3589/3198 3579/4498/3646
f 3578/3589/3198 2782/2640/2375 3579/4498/3646
f 2781/2663/2398 2780/2637/2373 3579/4498/3646 2782/2640/2375
f 2992/2901/2592 3579/4497/3646 2780/4499/2373
f 2780/4499/2373 2990/2900/2591 2992/2901/2592
f 525/3588/3197 2780/3587/2373 527/2635/2371
f 2785/4280/3571 2784/2641/2376 3578/3589/3198 2995/4496/3589
f 211/35/33 2903/2778/2492 2902/3146/2807 11/32/30
f 3577/4495/3645 2787/2644/2379 2785/4280/3571
f 2978/3591/3200 426/3156/2815 425/3161/2820
f 268/2784/2498 31/2806/2517 221/46/44
f 3588/3610/3211 2869/4500/3577 2868/3609/3209 3587/3608/3210
f 1538/3137/2799 10/3135/2798 206/3141/1072
f 2890/1141/1066 1533/10/10 1529/9/9
f 2890/2771/1066 243/59/57 2888/3594/3201
f 3584/3601/3206 2865/2754/2471 2864/2753/2470
f 2865/2754/2471 3586/3602/3207 2866/1085/1021
f 3586/3602/3207 2865/2754/2471 3585/4501/3232
f 2868/3604/3209 2867/3669/3261 398/3605/3208
f 2869/4500/3577 3588/3610/3211 2872/2755/2472 2870/2757/2474
f 2871/2756/2473 2872/2755/2472 3589/3611/3212 309/3766/3335
f 3613/3642/3237 311/3614/3215 309/3766/3335 3590/3641/3236
f 3589/3611/3212 3590/3641/3236 309/3766/3335
f 3598/3621/3222 3596/3618/3219 3595/3616/3217 3597/3619/3220
f 3591/3612/3213 3592/3615/3216 310/3613/3214
f 3591/3612/3213 3593/3644/3239 3592/3615/3216
f 3594/3617/3218 2875/2759/2476 3592/3615/3216
f 3600/3627/3225 3601/3623/2478 3599/3620/3221 318/116/113
f 3598/3621/3222 3599/3620/3221 3601/3623/2478 2880/3622/3223
f 3582/3631/3204 3606/3632/3228 3607/4502/3230 3583/4503/3205
f 2880/3622/3223 2878/3662/3256 3596/3618/3219
f 3600/3627/3225 2881/3626/2479 3601/3623/2478
f 2881/2763/2479 3581/3597/3203 2882/2764/2480
f 3603/3629/3226 3581/3628/3203 3604/3660/3254
f 3590/3641/3236 3588/3610/3211 3587/3608/3210 392/3640/3235
f 3608/3650/3229 3609/3649/3244 3584/3637/3206
f 3609/3649/3244 3610/3635/3231 3584/3637/3206
f 3584/3601/3206 3585/4501/3232 2865/2754/2471
f 3610/3635/3231 3611/3638/3233 3585/3636/3232
f 3611/3638/3233 3610/3635/3231 3612/3653/3247
f 3611/3638/3233 393/3639/3234 3586/3607/3207
f 3616/3645/3240 3593/3644/3239 373/3780/3340 53/3659/3253
f 3613/3642/3237 3614/3652/3246 3615/3643/3238
f 3613/3642/3237 3615/3643/3238 311/3614/3215
f 3615/3643/3238 373/3780/3340 3591/3612/3213
f 373/3780/3340 3593/3644/3239 3591/3612/3213
f 3595/3616/3217 3592/3615/3216 3593/3644/3239
f 3616/3645/3240 3618/3647/3242 317/117/114 3617/3646/3241
f 3605/3630/3227 3619/3661/3255 3620/3656/3250 3606/3632/3228
f 3618/3647/3242 3619/3661/3255 319/118/115
f 3619/3661/3255 3618/3647/3242 3620/3656/3250
f 3621/3654/3248 3607/4502/3230 3606/3632/3228 3620/3656/3250
f 3622/3648/3243 3608/3650/3229 3607/4502/3230 3621/3654/3248
f 3610/3635/3231 3609/3649/3244 3622/3648/3243 3612/3653/3247
f 3624/3655/3249 3614/3652/3246 3612/3653/3247 3622/3648/3243
f 3612/3653/3247 3623/3651/3245 3611/3638/3233
f 3623/3651/3245 392/3640/3235 3611/3638/3233
f 3614/3652/3246 374/3658/3252 373/3780/3340 3615/3643/3238
f 3614/3652/3246 3624/3655/3249 374/3658/3252
f 2875/2759/2476 2874/2758/2475 310/3613/3214 3592/3615/3216
f 3624/3655/3249 3621/3654/3248 374/3658/3252
f 375/3657/3251 3620/3656/3250 3618/3647/3242
f 3618/3647/3242 3616/3645/3240 375/3657/3251
f 3619/3661/3255 3604/3660/3254 319/118/115
f 3604/3660/3254 3602/3625/3224 318/116/113
f 3602/3625/3224 3600/3627/3225 318/116/113
f 3596/3618/3219 2877/3663/3257 3594/3617/3218
f 2874/2758/2475 2873/4298/3260 308/3765/3334
f 2874/2758/2475 308/3765/3334 310/3613/3214
f 2836/4287/2434 2850/4291/2452 2848/2732/2450 575/3675/3265
f 3599/3620/3221 317/117/114 318/116/113
f 1518/2760/1059 1517/4504/3259 2873/4298/3260
f 2870/4297/2474 1517/3666/3259 1515/1132/1057
f 2854/2745/2462 2852/2740/2457 504/3670/3262
f 508/241/238 510/240/237 555/263/260 2716/2565/2311
f 575/3675/3265 2837/2717/2438 2836/4287/2434
f 575/3675/3265 2848/2732/2450 576/2729/2447
f 575/3675/3265 2839/2718/2439 2837/2717/2438
f 2836/2712/2434 478/2711/2433 507/3672/3263
f 507/3672/3263 76/3674/3264 477/3786/235
f 619/312/309 610/2726/2445 620/310/307
f 2840/4288/3576 2839/2718/2439 576/2729/2447
f 527/2635/2371 2773/2632/2368 2774/2631/2367
f 2731/4256/3564 1396/2578/2324 1395/3951/3432
f 798/2618/2357 797/4268/2360 2756/2617/2356
f 226/50/48 1549/1160/1082 1628/4000/3456 1629/1222/1143
f 1570/1175/1097 400/155/152 58/154/151
f 296/98/95 1554/97/94 1555/1166/1088
f 471/215/212 3628/3684/3272 3627/3683/3271 74/213/210
f 1542/1156/1078 7/24/22 1543/1153/1076
f 1520/1447/1061 276/1446/1343 1519/3759/3329
f 1516/3758/3328 33/1133/1058 1515/1132/1057
f 55/149/146 1509/176/173 1511/1126/1051
f 1479/1092/1025 3626/3682/3268 1481/1093/1026
f 3626/3682/3268 458/3681/3270 1481/1093/1026
f 3625/3680/3269 3627/3683/3271 458/3681/3270
f 3627/3683/3271 72/201/198 458/3681/3270
f 1494/1114/1042 1491/1112/1040 3628/3684/3272 471/215/212
f 470/214/211 3629/4505/3647 1494/1114/1042 471/215/212
f 1506/3987/3453 1505/3986/3452 3629/4505/3647 470/214/211
f 1494/1114/1042 3629/4505/3647 1495/1115/1043
f 1495/1115/1043 3629/4505/3647 1505/3986/3452 1497/3983/3450
f 1502/1121/281 1496/1117/1045 1505/3986/3452 1504/3985/3451
f 1497/3983/3450 1505/3986/3452 1496/1117/1045
f 3625/3680/3269 3630/3685/3273 74/213/210 3627/3683/3271
f 3630/3685/3273 1508/3989/1050 1507/3686/3274
f 3630/3685/3273 3625/3680/3269 3626/3682/3268
f 3630/3991/3273 3626/3679/3268 1510/1127/1052 1509/176/173
f 1507/3686/3274 1506/3987/3453 470/214/211
f 3631/4506/3275 1503/1123/1049 1502/284/281 591/3690/3278
f 434/178/175 481/4507/219 1508/1125/1050
f 1503/3982/1049 3631/3687/3275 547/255/252
f 1132/3694/711 1134/3693/3281 569/285/282 1135/3900/3403
f 591/3690/3278 3633/3692/3280 3631/4506/3275
f 569/285/282 651/3695/3282 1135/3900/3403
f 3638/3699/3286 577/275/272 550/1104/1034 3637/3698/3285
f 569/285/282 591/3690/3278 1502/284/281
f 3633/3692/3280 3642/4508/3289 3631/4506/3275
f 3633/3692/3280 1133/3691/3279 1130/3709/710
f 3631/3687/3275 3642/4509/3289 3634/3696/3283
f 3634/3696/3283 3632/3688/3276 3631/3687/3275
f 3637/3698/3285 550/1104/1034 548/256/253
f 623/314/311 3639/3700/3287 699/612/596 124/361/358
f 3638/3699/3286 3640/3701/3288 1014/613/597 3639/3700/3287
f 3639/3700/3287 1014/613/597 699/612/596
f 3636/3689/3277 3641/4510/3390 1020/4511/603 3640/3701/3288
f 3640/3701/3288 1018/4512/600 1017/3702/599
f 3640/3701/3288 1020/4511/603 1018/4512/600
f 1487/1106/1036 1501/3980/3291 547/255/252 90/257/254
f 3635/4513/3284 1022/621/605 3641/3867/3390
f 1022/621/605 1021/620/604 3641/3867/3390
f 1022/621/605 3635/4513/3284 3634/4514/3283
f 3634/4514/3283 1024/622/606 1022/621/605
f 1024/622/606 3634/4514/3283 3642/3703/3289
f 3642/3703/3289 1026/3866/3389 1024/622/606
f 1026/3866/3389 3642/3703/3289 1129/3705/709
f 3642/3703/3289 3633/4515/3280 1131/3704/3290
f 3641/4510/3390 3636/3689/3277 3635/3697/3284
f 3640/3701/3288 3638/3699/3286 3637/3698/3285
f 519/246/243 1500/1120/1048 1501/3710/3291 1493/1113/1041
f 1434/1052/992 1007/606/590 1003/604/588 866/1051/991
f 1493/1113/1041 1489/1111/1039 498/233/230
f 1501/3710/3291 1487/1108/1036 1489/1111/1039
f 2866/1085/1021 398/3603/3208 397/1086/1022
f 1009/611/595 1008/610/594 1435/3711/3292
f 1369/3946/3427 3643/4516/3648 1392/1020/963 727/381/376
f 1414/1035/978 965/552/543 1413/1032/975
f 729/383/378 728/382/377 1394/1019/962
f 1388/1013/956 634/3713/3294 1383/3714/3295 1385/1014/957
f 1392/1020/963 3643/4516/3648 1391/1018/961
f 1392/1020/963 1391/1018/961 1390/1017/960
f 1388/1013/956 3644/3712/3293 634/3713/3294
f 657/344/341 3644/3712/3293 1368/3945/3426 115/342/339
f 1373/1007/950 109/3804/3358 634/3713/3294
f 3643/4516/3648 1368/3945/3426 3644/3712/3293 1391/1018/961
f 626/3802/3357 655/3808/3362 670/2444/2211 107/318/315
f 1368/3945/3426 3643/4516/3648 1369/3946/3427
f 727/381/376 1367/1006/949 1369/3946/3427
f 773/427/422 778/406/401 753/409/404
f 3646/341/338 670/2444/2211 655/3808/3362
f 120/349/346 3646/341/338 3645/3718/3299 671/352/349
f 3646/341/338 120/349/346 670/2444/2211
f 748/3728/3307 1301/944/891 754/3726/3305 139/3727/3306
f 671/352/349 1354/3721/3300 673/3720/932
f 671/352/349 750/407/402 1354/3721/3300
f 673/3720/932 1349/4517/3425 672/350/347
f 1349/4517/3425 1347/988/931 672/350/347
f 1306/948/895 3647/3725/3304 822/3820/3368
f 3647/3725/3304 1299/436/431 822/3820/3368
f 1299/436/431 780/435/430 1300/943/890
f 734/390/385 733/389/384 140/410/405 749/405/400
f 1302/945/892 1304/411/406 1303/946/893
f 1304/411/406 1302/945/892 139/3727/3306
f 1304/411/406 140/410/405 733/389/384
f 1880/1479/1373 169/499/492 1141/757/726 1139/1477/1371
f 1304/411/406 139/3727/3306 754/3726/3305
f 1299/436/431 3648/3724/3303 781/434/429
f 3648/3724/3303 756/413/408 781/434/429
f 756/413/408 3648/3724/3303 1305/3729/3308
f 749/405/400 1305/3729/3308 138/404/399
f 3648/3724/3303 3647/3725/3304 1305/3729/3308
f 1282/1482/1376 897/3838/3378 896/503/496
f 1146/767/736 898/3835/3377 173/3730/3309
f 173/3730/3309 1281/911/861 1146/767/736
f 911/909/860 1254/3929/3414 1253/910/840
f 1141/757/726 169/499/492 886/1484/1378
f 1142/756/725 1140/750/719 1141/757/726
f 1027/635/618 1026/3866/3389 1129/3705/709 1028/3868/610
f 789/744/713 732/386/381 147/387/382
f 1063/695/666 666/694/665 1119/732/701 1120/731/700
f 874/3831/3374 873/580/566 987/579/565 974/560/549
f 1091/725/696 1092/3733/3311 1057/3893/3397
f 1094/699/670 1112/754/723 1111/700/671
f 1095/702/673 1110/724/695 1096/704/675
f 1096/704/675 1109/721/692 1097/705/676
f 1099/707/678 1006/708/679 1005/607/591
f 1437/3863/3388 715/3813/3365 695/359/356
f 999/602/586 867/486/481 866/1051/991
f 977/3736/552 978/3857/561 986/3856/3387 171/3737/3314
f 870/599/584 869/3830/3373 876/3834/3376 878/492/487
f 985/3855/3386 876/3834/3376 869/3830/3373
f 983/571/559 984/3735/3313 883/594/579
f 984/3735/3313 869/3830/3373 868/3734/3312
f 979/3738/553 171/3737/3314 892/3854/505
f 932/523/516 166/490/485 874/3831/3374
f 919/511/504 177/513/506 927/3843/3381
f 907/713/684 176/516/509 908/569/557
f 144/429/424 776/3817/753 778/406/401 773/427/422
f 146/952/899 757/415/410 758/3930/3420
f 781/434/429 756/413/408 755/412/407
f 755/412/407 1304/411/406 754/3726/3305
f 113/3807/3361 114/338/335 655/3808/3362 626/3802/3357
f 1303/946/893 733/389/384 736/401/396
f 682/3092/2763 3167/3091/2762 644/332/329
f 364/141/138 376/1535/1424 54/1542/1430 366/142/139
f 114/338/335 113/3807/3361 653/339/336
f 480/221/218 94/271/268 569/285/282
f 440/1246/1164 69/185/182 455/196/193
f 286/89/86 291/1569/1453 297/101/98 36/90/87
f 353/4076/3493 47/1551/1439 346/1548/1436
f 316/127/124 338/126/123 314/113/110
f 1542/1156/1078 1544/1155/50 227/4056/49 198/25/23
f 297/101/98 328/92/89 36/90/87
f 6/21/19 195/1420/1321 185/1431/1329
