# Blender 4.4.3
# www.blender.org
mtllib lod3.mtl
o Asteroid_2b_LOD3
v 0.264229 0.023642 0.947459
v 0.180956 -0.117307 0.954406
v 0.133159 -0.000217 0.894717
v 0.324123 -0.129376 0.924736
v -0.414523 0.170635 0.899499
v 0.335331 0.237563 0.837759
v 0.363616 -0.048582 0.834666
v 0.587732 0.155663 0.818056
v -0.664675 -0.063405 0.810561
v -0.294021 0.293770 0.804293
v -0.542376 0.302835 0.791849
v 0.472085 0.328930 0.756119
v 0.535837 0.049695 0.761282
v -0.054048 0.346434 0.771125
v -0.754663 0.169012 0.712208
v 0.464619 -0.176381 0.772502
v -0.204662 0.363300 0.765760
v 0.236827 0.292923 0.680791
v -0.347754 0.435382 0.670732
v -0.350557 0.386425 0.717192
v 0.781512 -0.042510 0.677754
v -0.687038 -0.303352 0.690533
v 0.119327 -0.493876 0.699432
v 0.810760 0.236793 0.614952
v 0.448400 0.454247 0.606260
v -0.649399 -0.541644 0.548849
v -0.594376 0.378622 0.531055
v -0.516306 0.319863 0.558911
v 0.202639 0.572010 0.542331
v -0.511127 0.407244 0.535322
v 0.706070 -0.461607 0.491349
v -0.844895 0.287702 0.521596
v 0.236834 0.595645 0.472311
v -0.903100 -0.439578 0.367657
v -0.656157 0.479419 0.380583
v -0.943838 0.123454 0.414220
v 0.951217 -0.338149 0.392000
v -0.712756 0.439157 0.352366
v -0.851553 0.409376 0.377378
v -0.183020 -0.776682 0.279094
v 0.665700 0.464075 0.297118
v 0.770299 -0.501896 0.319201
v -0.574609 0.620008 0.266935
v -0.960042 -0.366339 0.266679
v -0.433300 -0.683288 0.242578
v 0.368552 -0.706980 0.195289
v 0.014997 0.719432 0.253308
v 0.205283 -0.746597 0.209134
v 0.264675 0.617178 0.202765
v -0.293985 -0.662334 0.148068
v -0.791450 0.551856 0.086375
v 0.597562 -0.659386 0.025791
v 0.071446 -0.800909 0.071580
v 1.166052 0.024090 -0.005146
v -0.768500 -0.611802 0.131743
v -0.138910 -0.709811 0.057698
v 0.395257 -0.704883 0.016507
v -0.644608 0.520497 -0.004102
v -0.855945 0.463382 -0.113534
v -0.988840 0.299217 -0.032248
v 1.141158 -0.184550 -0.003008
v -0.520468 0.729819 -0.015758
v 0.836731 0.506499 -0.097826
v -1.089018 0.226843 -0.071012
v 0.964178 -0.310237 -0.035533
v -0.518556 -0.663182 -0.017165
v 0.131783 -0.769435 -0.080709
v 1.142235 0.062084 -0.135657
v 0.707575 -0.637042 -0.134071
v 0.644039 0.560523 -0.118376
v 0.943022 0.128163 -0.207765
v 0.802889 -0.552579 -0.205562
v 0.240711 -0.736297 -0.115539
v 0.889397 0.291152 -0.175340
v -0.334898 0.738732 -0.232049
v 0.577778 0.589224 -0.174534
v 0.535408 0.697048 -0.204177
v 0.556068 -0.594328 -0.231956
v -0.291653 0.678658 -0.262296
v -0.326261 0.646599 -0.311429
v 0.389832 0.689636 -0.268349
v -0.587566 -0.487712 -0.257862
v -0.707869 -0.491923 -0.267681
v -0.012486 -0.523335 -0.281784
v -0.402364 0.694999 -0.314480
v -0.847997 0.354261 -0.387950
v 0.218097 -0.664454 -0.267919
v 0.814990 0.484410 -0.335988
v 1.007779 -0.190787 -0.339943
v -0.849929 -0.276546 -0.340689
v 0.371538 -0.619691 -0.364444
v -0.348979 0.654539 -0.384651
v -0.957274 -0.076762 -0.368288
v 0.387439 0.652385 -0.427185
v -0.750569 -0.424488 -0.400261
v -0.620707 -0.478855 -0.446863
v -1.060030 0.048059 -0.433112
v -0.119222 0.555363 -0.530568
v -0.214330 0.574482 -0.494043
v -0.941366 0.189746 -0.461908
v -0.459452 -0.573702 -0.428648
v -0.687770 0.405350 -0.507220
v -0.921771 -0.101936 -0.521048
v -0.203253 0.272219 -0.556683
v 0.420409 -0.111087 -0.515854
v -0.845694 -0.011359 -0.609278
v 0.249255 0.490340 -0.645620
v -0.132901 0.155860 -0.664314
v 0.663574 0.302614 -0.631304
v -0.373464 -0.485622 -0.667181
v -0.720547 -0.079055 -0.714948
v -0.501057 -0.188535 -0.732429
v 0.303161 -0.339426 -0.735533
v 0.369336 0.169830 -0.848089
v 0.401509 -0.066483 -0.847882
v 0.447424 -0.021160 -0.857816
v -0.199208 -0.078110 -0.878452
v -0.176547 -0.118667 -0.893245
v 0.236977 -0.217791 -0.873478
v 0.065600 -0.149404 -0.928100
v 0.152356 -0.035866 -0.953224
v 0.277627 0.101164 0.921133
v 0.184991 0.060557 0.947168
v 0.201483 -0.048759 0.964527
v 0.301834 -0.063038 0.942064
v 0.126550 -0.045236 0.889966
v -0.436876 0.102836 0.908011
v -0.304197 0.157085 0.869840
v -0.343989 0.112465 0.908320
v 0.021469 0.054434 0.889375
v -0.089880 0.033037 0.883578
v 0.203946 0.169987 0.886374
v 0.080339 0.007413 0.867965
v -0.195086 0.146246 0.857840
v -0.243960 0.204917 0.804176
v 0.366185 0.043498 0.880486
v 0.386254 0.001735 0.797156
v 0.685392 0.175653 0.771881
v 0.668539 0.229145 0.772556
v -0.682987 0.072317 0.795846
v -0.592162 -0.004930 0.857809
v -0.541315 0.301898 0.684144
v 0.646606 0.278657 0.756748
v 0.472359 0.379906 0.710791
v -0.126150 0.357900 0.758814
v 0.018435 0.392875 0.708495
v 0.102400 0.363127 0.715798
v 0.455635 -0.099665 0.759900
v 0.409511 -0.142339 0.790303
v 0.567062 -0.126370 0.758636
v -0.363421 0.311684 0.807543
v -0.115533 0.421009 0.710069
v 0.315673 -0.384882 0.754803
v 0.300338 -0.466995 0.689369
v 0.472051 -0.341954 0.773280
v -0.414851 0.434503 0.594565
v -0.398275 0.354189 0.675123
v 0.763775 0.038975 0.692179
v 0.822389 -0.011304 0.637279
v -0.661756 -0.389867 0.662702
v 0.205571 -0.535861 0.648911
v 0.367806 0.345672 0.627346
v 0.320861 0.327721 0.601473
v 0.750621 0.283393 0.668520
v 0.759087 0.195318 0.698932
v 0.796362 0.333392 0.567990
v 0.572415 0.426341 0.584721
v 0.359367 0.499764 0.545625
v -0.749314 -0.498886 0.511735
v -0.609776 -0.493579 0.633920
v -0.216746 -0.577555 0.623629
v 0.138823 0.481840 0.624639
v 0.167067 0.412323 0.595006
v 0.195488 0.522349 0.578426
v -0.279788 0.428551 0.545346
v -0.598601 0.316831 0.620542
v -0.529356 0.294700 0.599803
v -0.559522 0.328524 0.562032
v -0.480471 0.319486 0.587326
v -0.687547 -0.134791 0.585104
v -0.693019 -0.136904 0.557755
v 0.337413 0.403862 0.555360
v 0.365534 0.380518 0.586158
v -0.243321 -0.287531 0.575625
v 0.860905 -0.170379 0.553195
v 0.863929 -0.318287 0.526771
v -0.082183 -0.568304 0.505482
v -0.057400 -0.552175 0.488083
v 0.612401 -0.499302 0.536689
v 0.694820 -0.488071 0.420644
v 0.782900 -0.415951 0.411600
v 0.176450 -0.531233 0.541446
v 0.304279 -0.606218 0.547807
v 0.343200 -0.636140 0.415126
v 0.369996 -0.605137 0.500050
v -0.019536 0.505794 0.456693
v -0.754529 0.374339 0.482362
v -0.667481 0.396606 0.481978
v -0.928339 0.248939 0.405027
v -0.918560 0.181899 0.459987
v -0.619203 -0.529668 0.473729
v 0.186043 0.621126 0.456242
v 0.225954 0.612729 0.370128
v 0.184458 0.626746 0.375586
v 0.827900 -0.384395 0.488793
v 0.277208 0.559529 0.486512
v -0.634113 0.432288 0.433581
v -0.581535 0.443581 0.442956
v -0.713076 0.369426 0.432904
v -0.753104 0.375314 0.408317
v -0.885334 0.374955 0.352322
v -0.826611 0.060144 0.434887
v -0.779504 -0.070437 0.495234
v -0.811881 -0.031955 0.479415
v -0.680618 0.387960 0.411802
v -0.862149 0.008519 0.416642
v -0.944292 -0.283279 0.418486
v -0.959052 -0.323014 0.350503
v -0.752786 0.406808 0.364385
v 0.992903 -0.302915 0.368992
v 0.899114 -0.415870 0.340126
v 0.509689 -0.420969 0.375180
v 0.608182 -0.447382 0.387638
v 0.066629 -0.540364 0.419407
v 0.077524 -0.588589 0.358715
v 0.160965 -0.559420 0.414107
v -0.692048 0.402236 0.375655
v -0.405046 -0.666646 0.345344
v -0.463474 -0.616621 0.492406
v -0.341175 -0.663594 0.438301
v -0.886994 0.285115 0.350395
v -0.909726 0.245045 0.343068
v -0.628018 -0.522340 0.377381
v -0.054389 -0.649905 0.369451
v -0.231124 -0.708383 0.427179
v -0.239329 -0.763291 0.292236
v -0.128304 -0.752372 0.360224
v 0.621154 0.431702 0.374263
v -1.085422 0.137463 0.214110
v -1.079416 0.043932 0.277307
v -1.067422 -0.071483 0.351746
v -0.884204 0.297285 0.302847
v -0.878317 0.316427 0.324877
v -0.918899 0.237944 0.300154
v -0.802348 -0.498555 0.299079
v -0.779315 -0.492930 0.306354
v 0.882013 0.172127 0.251701
v -0.644483 0.636082 0.203090
v -0.677334 0.547242 0.296701
v -0.477017 0.651529 0.251602
v -0.519885 0.604246 0.296152
v 0.771998 0.480045 0.384267
v 0.912886 0.466211 0.211071
v 0.914698 0.020565 0.261321
v -0.996087 -0.302161 0.228212
v -0.958665 -0.429609 0.114943
v -0.923438 -0.487694 0.107604
v 0.573809 -0.475523 0.276015
v 0.531672 -0.518360 0.248490
v -0.495413 -0.686316 0.117655
v 0.386743 -0.652989 0.321820
v 0.240325 -0.714716 0.295278
v -0.055135 0.744915 0.185115
v -0.334530 0.548036 0.285343
v -0.292674 0.672481 0.218204
v -0.117982 0.526760 0.256788
v -0.063555 0.616384 0.265529
v -1.028787 0.176765 0.240874
v 0.172909 0.727079 0.242610
v 0.223810 0.742548 0.176355
v 0.300508 0.720343 0.099875
v -0.225771 -0.703672 0.202594
v -0.155312 -0.723418 0.169868
v -0.188087 -0.680686 0.146099
v -0.383222 0.717120 0.203020
v -0.287883 0.733637 0.170995
v -0.312955 0.799930 0.034085
v 0.330562 0.583088 0.120884
v -0.615614 -0.597581 0.173352
v -0.843571 0.501758 0.182141
v -0.872159 0.467328 0.082832
v 0.556293 -0.639701 0.191283
v 0.518576 -0.683335 0.124228
v -0.570514 -0.669895 0.070913
v -0.432739 -0.704105 0.045694
v -0.055976 -0.795441 0.199395
v 0.049565 -0.796662 0.125113
v 0.185177 0.703180 0.050866
v 0.109026 0.711391 0.065912
v 0.080321 0.755131 0.101275
v 0.158952 0.752447 0.104921
v 1.171825 -0.066501 0.064310
v 1.135461 0.016174 0.129204
v -0.775620 -0.576391 -0.006072
v -0.814403 -0.584495 0.180242
v -0.702240 -0.607483 0.006683
v -0.700112 -0.623112 0.064545
v -0.124581 -0.722380 0.088722
v 0.469804 0.659823 0.037855
v 0.500673 0.601049 0.049883
v 0.453723 -0.705120 0.098378
v 0.536586 -0.684183 0.021579
v 0.671517 0.641352 -0.017221
v 0.780643 0.586466 0.062986
v 0.771903 0.563575 -0.056226
v 1.075004 -0.283694 0.003198
v -0.865588 -0.307859 -0.011039
v -0.833642 -0.337027 -0.037444
v -0.925537 -0.331469 0.043651
v -0.218022 -0.673057 0.031565
v -0.251648 -0.679212 -0.001736
v -0.592781 0.559603 -0.017427
v 0.979325 0.380065 -0.071779
v 0.952526 0.437974 0.027027
v -1.044915 0.288296 0.003871
v -1.005467 0.338729 0.030578
v 1.084868 -0.279906 -0.044189
v 0.140929 -0.768929 -0.016809
v 0.233477 -0.740992 -0.071011
v -0.514519 0.727304 0.059589
v -0.453945 0.755236 -0.008522
v -0.463350 0.721164 -0.171464
v 0.828313 -0.446218 -0.040936
v -0.193200 -0.749196 -0.073122
v 0.018648 -0.778148 -0.100064
v 0.326502 0.716028 -0.008715
v 0.460698 0.719444 -0.110132
v 0.800666 0.510660 -0.180605
v -1.104109 0.206627 0.016710
v -1.054653 0.274055 -0.056228
v 1.128965 -0.091113 -0.061606
v 1.071213 -0.218635 -0.175275
v 0.949051 -0.293456 -0.065263
v -0.598016 -0.648110 -0.009424
v -0.440844 -0.657424 -0.197682
v 1.162564 -0.003494 -0.079622
v 1.162511 -0.039921 -0.018259
v -0.817708 -0.360807 -0.121678
v -0.814639 -0.346149 -0.076312
v 0.521986 -0.616159 -0.066955
v 0.074417 -0.760245 -0.154166
v 1.153522 0.078599 -0.048697
v 1.141449 -0.008245 -0.164088
v -0.891001 -0.050226 -0.072980
v 0.813309 -0.405226 -0.092923
v 0.816809 -0.444649 -0.152664
v 0.727798 -0.626131 -0.028531
v 0.613477 0.546853 -0.167208
v 0.738827 0.554624 -0.091113
v -0.713104 0.436155 -0.118013
v 0.956240 0.226705 -0.133755
v -0.886853 -0.036152 -0.136603
v -0.893585 -0.085670 -0.104869
v -0.546077 0.572396 -0.117046
v -0.557586 0.526887 -0.117461
v 0.424716 -0.678647 -0.078370
v 0.370643 -0.690865 -0.112886
v 0.310771 -0.689664 -0.186808
v 0.399385 -0.671183 -0.154440
v 0.881385 0.327545 -0.182970
v 0.834477 0.241850 -0.260374
v 0.936392 -0.289753 -0.159917
v 0.736300 -0.619360 -0.189352
v 0.842748 -0.461758 -0.271273
v 0.452736 -0.614760 -0.156147
v 0.521054 -0.577483 -0.165865
v 0.182541 -0.713449 -0.204529
v -0.344512 0.759717 -0.174962
v -0.248817 0.751711 -0.176656
v -0.241851 0.731691 -0.237578
v 0.547999 0.634059 -0.274220
v 0.620851 -0.591999 -0.125714
v 0.606892 -0.592285 -0.203923
v 0.564100 0.671516 -0.188069
v -0.078939 -0.554496 -0.214058
v 0.501161 -0.601262 -0.221504
v 0.730391 0.488495 -0.243298
v 0.715318 -0.607221 -0.261612
v 0.833920 -0.431441 -0.315685
v 0.776194 -0.488810 -0.315693
v 0.688826 -0.584519 -0.334576
v -0.593560 0.530101 -0.233333
v -0.520313 -0.605252 -0.230169
v -0.470065 -0.599036 -0.332975
v -0.272565 0.655089 -0.285005
v 0.491080 0.704007 -0.219625
v 0.474728 0.636321 -0.287151
v -0.629997 -0.443694 -0.297474
v -0.624089 -0.467791 -0.260787
v -0.589960 -0.447916 -0.293522
v -0.648483 -0.534219 -0.231331
v -0.689826 -0.460170 -0.322091
v -0.720920 -0.458624 -0.347021
v -0.384310 0.718112 -0.266322
v -0.380898 0.659136 -0.384796
v -0.458285 0.653766 -0.339320
v -0.785862 0.463256 -0.244162
v 0.829881 0.287482 -0.292487
v 1.020092 -0.239937 -0.293665
v 0.957744 -0.328473 -0.303253
v 0.970989 -0.207367 -0.388629
v 0.888526 -0.389360 -0.315229
v -0.892324 0.313796 -0.376785
v -0.615317 -0.438311 -0.329620
v -0.582290 -0.448621 -0.341055
v -0.542811 -0.488989 -0.306456
v 0.320421 -0.591789 -0.411247
v 0.282614 -0.675486 -0.232026
v 0.154809 -0.677281 -0.275575
v 0.741229 0.513056 -0.395975
v 0.880117 0.120119 -0.355802
v 0.862318 0.134694 -0.324413
v 0.987528 -0.031372 -0.388096
v 0.666785 -0.142496 -0.331314
v 0.627585 -0.153280 -0.346395
v -0.836455 -0.251209 -0.291963
v -0.857703 -0.234515 -0.368592
v 0.505466 -0.640807 -0.347871
v -0.283416 0.649662 -0.403488
v 0.546415 -0.143593 -0.397307
v -0.594186 0.606654 -0.331704
v -0.529138 0.623324 -0.363400
v -0.548780 0.580690 -0.409283
v 0.274448 0.679996 -0.323268
v 0.343522 0.665577 -0.342821
v 0.297819 0.651066 -0.434046
v -0.787921 0.380325 -0.408833
v -0.823114 0.332033 -0.443214
v -0.752024 0.414994 -0.412534
v 0.595399 0.000597 -0.428038
v 0.622754 0.000057 -0.421660
v -0.826801 -0.339057 -0.457116
v -0.755948 -0.360470 -0.499018
v -0.063135 -0.480158 -0.423971
v -0.065246 -0.468125 -0.381038
v -0.457990 0.570409 -0.399198
v -0.479515 0.538975 -0.500690
v -0.761686 0.331412 -0.436133
v -0.274524 0.636724 -0.442805
v -0.175828 0.593055 -0.458579
v -0.705270 0.364732 -0.469472
v -0.746572 0.315745 -0.464452
v -0.868666 0.301946 -0.440214
v 0.402842 -0.149238 -0.430949
v -0.691761 -0.426266 -0.473059
v -0.604088 -0.453681 -0.489851
v 0.742606 0.420734 -0.508769
v 0.711238 0.395230 -0.558816
v -1.043203 -0.012758 -0.460046
v -1.031922 0.107017 -0.424012
v -0.132215 0.596206 -0.463792
v -0.038633 0.629580 -0.487039
v -0.717744 0.327704 -0.499105
v -0.941106 0.147656 -0.495492
v -0.966813 0.014535 -0.465655
v -0.522276 -0.524191 -0.460918
v -0.489909 -0.482250 -0.530900
v -0.392111 -0.558838 -0.525522
v -0.603040 0.441767 -0.538271
v -0.926272 0.026738 -0.491701
v -0.867694 -0.281798 -0.476592
v -0.898967 -0.220691 -0.503106
v -0.242296 0.225763 -0.550606
v 0.434753 -0.102917 -0.466830
v 0.491730 -0.043021 -0.571274
v -0.614922 -0.344132 -0.502458
v 0.175941 0.627667 -0.506481
v 0.176922 0.569130 -0.579721
v 0.123136 0.553868 -0.613670
v 0.934853 0.131519 -0.499492
v 0.957851 0.053388 -0.482968
v 0.887470 0.189500 -0.545319
v -0.881078 0.083055 -0.582762
v 0.426663 -0.118066 -0.604532
v 0.455500 0.315586 -0.583699
v -0.242576 0.183914 -0.574550
v -0.236715 0.134741 -0.606920
v -0.309185 0.190064 -0.589054
v -0.637610 0.273435 -0.654383
v -0.734919 0.297329 -0.575975
v -0.672173 -0.262097 -0.569373
v 0.173159 -0.602264 -0.449606
v 0.271147 0.512372 -0.571023
v 0.312458 0.487657 -0.588559
v 0.301299 0.476121 -0.656177
v 0.437919 0.315717 -0.628760
v -0.152410 0.198538 -0.650191
v -0.517847 0.248962 -0.664315
v 0.380145 0.381731 -0.645025
v -0.413621 -0.471665 -0.644071
v -0.333094 -0.448830 -0.712345
v -0.743028 0.056862 -0.694482
v -0.747284 -0.153165 -0.694140
v -0.652362 0.159374 -0.714885
v -0.705235 0.126531 -0.690240
v -0.667271 0.060508 -0.735143
v 0.239451 -0.429310 -0.735543
v 0.259340 -0.264407 -0.848457
v 0.285333 -0.107416 -0.799332
v 0.326174 -0.083196 -0.809036
v 0.337983 0.282569 -0.816583
v 0.521716 0.198223 -0.788196
v 0.405702 0.086578 -0.868306
v 0.486408 0.054101 -0.854268
v 0.279595 -0.051318 -0.817628
v 0.294014 -0.033236 -0.830084
v 0.334347 -0.000099 -0.887452
v 0.366870 -0.115008 -0.822886
v 0.262873 -0.132664 -0.812571
v -0.423854 -0.243087 -0.826145
v -0.255524 -0.241449 -0.831182
v -0.076984 -0.203732 -0.880528
v 0.027887 -0.314313 -0.834615
v -0.053255 -0.309674 -0.816583
v 0.541100 -0.009801 -0.827482
v 0.177129 -0.064233 -0.923378
v 0.240766 -0.048518 -0.831997
v -0.241426 -0.080789 -0.858374
v -0.267973 -0.133786 -0.876475
v -0.215171 -0.178996 -0.874323
v -0.123671 -0.137522 -0.899673
v 0.181583 -0.124891 -0.902474
v 0.214493 -0.161730 -0.874970
v 0.296869 -0.185856 -0.836217
v 0.349496 -0.196982 -0.809676
v 0.151079 -0.247090 -0.895027
v -0.282379 -0.025153 -0.892587
v -0.326745 -0.081144 -0.893633
v -0.396175 -0.037518 -0.882061
v 0.076823 -0.231483 -0.903788
v 0.228313 -0.008568 -0.920840
v 0.091509 -0.032509 -0.964548
v -0.021069 -0.065043 -0.926218
v -0.090976 -0.030830 -0.950046
v 0.094197 0.008302 -0.975576
v 0.166071 0.038361 -0.955825
v -0.014261 0.013479 -0.969859
v 0.310013 0.048873 -0.900718
v 0.192295 0.124727 -0.935492
v 0.285751 0.223503 -0.857605
v 0.273314 0.338809 -0.789545
v 0.314143 0.438537 -0.706345
v 0.245171 0.444248 -0.679942
v 0.165739 0.508379 -0.657627
v 0.128837 0.657827 -0.440266
v 0.259353 0.627797 -0.477852
v 0.321826 0.621171 -0.472981
v 0.303907 0.577363 -0.501574
v 0.271729 0.559194 -0.523583
v 0.328613 0.501258 -0.554937
v 0.347981 0.423541 -0.590091
v 0.408149 0.336659 -0.603314
v 0.335923 0.435416 -0.703404
v 0.345608 0.407541 -0.747252
v 0.418230 0.339785 -0.787718
v 0.670951 0.104533 -0.735921
v 0.547250 0.044251 -0.833361
v 0.275223 0.004078 -0.901386
v 0.219382 -0.085115 -0.830776
v 0.608014 0.025495 -0.795639
v 0.688016 0.058673 -0.729457
v 0.673568 0.019720 -0.718043
v 0.427451 -0.083703 -0.828784
v 0.371814 -0.146478 -0.816072
v 0.335191 -0.152668 -0.822092
v 0.179162 -0.288344 -0.875184
v 0.114303 -0.390530 -0.782718
v 0.201660 -0.485754 -0.695687
v 0.237201 -0.525601 -0.601860
v 0.063224 -0.573891 -0.568998
v 0.111396 -0.616008 -0.400241
v 0.124197 -0.653029 -0.312352
v 0.100783 -0.633989 -0.319969
v 0.082231 -0.674763 -0.256318
v 0.044558 -0.731616 -0.188947
v 0.000044 -0.630989 -0.207736
v -0.096804 -0.666596 -0.131189
v -0.048257 -0.594659 -0.182739
v -0.183834 -0.655430 -0.122213
v -0.118228 -0.586240 -0.160742
v -0.211131 -0.572524 -0.162292
v -0.210843 -0.531063 -0.205170
v -0.262101 -0.543354 -0.203157
v -0.273736 -0.513199 -0.251241
v -0.207210 -0.491138 -0.292566
v 0.009318 -0.560174 -0.237254
v 0.051200 -0.600009 -0.278357
v -0.052555 -0.569658 -0.565817
v -0.019226 -0.550897 -0.617716
v -0.108525 -0.551431 -0.572222
v -0.153272 -0.547746 -0.559228
v -0.069529 -0.555988 -0.542279
v -0.182359 -0.551776 -0.557503
v -0.174265 -0.508524 -0.489808
v -0.285560 -0.571832 -0.511134
v -0.315398 -0.517089 -0.383394
v -0.348788 -0.586531 -0.464885
v -0.352553 -0.547203 -0.321613
v -0.261285 -0.491873 -0.306609
v -0.152722 -0.481990 -0.339146
v -0.114913 -0.521710 -0.291212
v 0.026619 -0.540167 -0.276130
v 0.073020 -0.583467 -0.363607
v 0.071503 -0.592492 -0.455051
v 0.016217 -0.575974 -0.512370
v -0.112110 -0.516320 -0.496339
v -0.155432 -0.484163 -0.418301
v -0.106373 -0.472854 -0.412677
v -0.063373 -0.475930 -0.358155
v 0.021576 -0.519811 -0.313399
v 0.011921 -0.508229 -0.365525
v 0.003616 -0.518741 -0.433845
v -0.233446 -0.568323 -0.570516
v -0.150781 -0.514303 -0.593788
v -0.088832 -0.509110 -0.643611
v 0.085597 -0.515113 -0.645794
v -0.022434 -0.413359 -0.731657
v -0.131267 -0.409629 -0.739418
v -0.153384 -0.346979 -0.787990
v -0.257698 -0.459601 -0.703537
v -0.164230 -0.484071 -0.654292
v -0.240740 -0.546876 -0.609266
v -0.278704 -0.563653 -0.582142
v -0.356069 -0.585451 -0.503443
v -0.407223 -0.590247 -0.412197
v -0.386816 -0.586002 -0.380879
v -0.390728 -0.611715 -0.291916
v -0.357991 -0.646302 -0.209705
v -0.344516 -0.578162 -0.236010
v -0.309247 -0.599543 -0.182280
v -0.251666 -0.633551 -0.141008
v -0.280801 -0.686298 -0.137012
v -0.424340 -0.625216 -0.285198
v -0.317746 -0.697882 -0.121533
v -0.460904 -0.468065 -0.577423
v -0.382870 -0.350910 -0.713128
v -0.350027 -0.353192 -0.732294
v -0.260016 -0.349557 -0.742282
v -0.207202 -0.411169 -0.725779
v -0.167164 -0.048104 -0.924705
v 0.079729 0.062709 -0.963740
v 0.159668 0.153899 -0.929979
v 0.191556 0.203690 -0.902939
v 0.211359 0.292850 -0.823766
v 0.190341 0.421147 -0.708325
v 0.092905 0.438921 -0.682038
v 0.047174 0.509509 -0.629540
v -0.082426 0.500204 -0.577448
v -0.164347 0.499042 -0.542967
v -0.331342 0.452523 -0.532770
v -0.277973 0.496005 -0.527692
v -0.438880 0.476180 -0.545361
v -0.532059 0.507569 -0.517203
v -0.522940 0.420356 -0.560352
v -0.618012 0.222242 -0.698090
v -0.581909 0.154795 -0.737675
v -0.484860 0.174544 -0.712087
v -0.492164 0.113375 -0.777370
v -0.412671 0.134531 -0.732632
v -0.364212 0.085168 -0.789784
v -0.255927 0.074253 -0.736290
v -0.314687 0.123327 -0.661544
v -0.197880 0.073054 -0.759445
v -0.173756 0.116022 -0.653853
v -0.097112 0.146895 -0.694912
v -0.127738 0.089508 -0.789618
v -0.027739 0.172851 -0.770872
v -0.058788 0.210190 -0.679088
v -0.001185 0.251924 -0.696911
v -0.111777 0.324563 -0.584640
v -0.057720 0.363240 -0.595164
v -0.145689 0.441974 -0.539243
v -0.147666 0.342719 -0.554957
v -0.267404 0.399377 -0.513022
v -0.445543 0.311343 -0.558315
v -0.517329 0.368293 -0.581578
v -0.540156 0.324787 -0.613633
v -0.586085 0.329318 -0.621647
v -0.555207 0.259638 -0.676063
v -0.457555 0.199272 -0.683590
v -0.403574 0.202632 -0.617485
v -0.189548 0.143982 -0.624429
v -0.153747 0.251652 -0.627331
v -0.231838 0.299855 -0.529228
v -0.348940 0.289084 -0.535937
v -0.393110 0.229817 -0.571702
v -0.029134 0.143136 -0.852878
v -0.148749 0.074602 -0.859497
v -0.254058 0.055016 -0.834255
v -0.189228 0.046123 -0.880223
v -0.408593 0.052556 -0.823326
v -0.530195 0.040452 -0.831371
v -0.268559 0.019654 -0.875821
v 0.004330 0.143828 -0.877468
v -0.043740 0.066349 -0.924816
v 0.049365 0.221352 -0.841310
v 0.063938 0.313702 -0.737805
v -0.012574 0.319211 -0.637434
v 0.012368 0.399794 -0.633767
v 0.088558 0.378485 -0.711880
v 0.049208 0.423003 -0.661842
v 0.104933 0.321406 -0.768899
v 0.097724 0.226283 -0.868417
v 0.048866 0.104135 -0.913984
v -0.211462 -0.016074 -0.908737
v -0.316490 -0.138841 -0.885427
v -0.422301 -0.118037 -0.873226
v -0.515417 -0.063345 -0.853111
v -0.595482 -0.049510 -0.813410
v -0.683360 -0.118566 -0.743397
v -0.864789 -0.135729 -0.578136
v -0.802716 0.119929 -0.640880
v -0.700605 0.192465 -0.629001
v -0.800305 0.243766 -0.554003
v -0.712168 0.338092 -0.556805
v -0.714647 0.424601 -0.445940
v -0.735364 0.366366 -0.431093
v -0.807636 0.302914 -0.489180
v -0.860037 0.142115 -0.590019
v -0.961986 0.100319 -0.484449
v -0.999325 0.115635 -0.461371
v -1.002714 0.148230 -0.390447
v -1.002515 0.178358 -0.349781
v -0.961384 0.208229 -0.363735
v -0.917342 0.260319 -0.341014
v -0.947783 0.303195 -0.195864
v -0.909932 0.379677 -0.233215
v -0.895846 0.417766 -0.167927
v -0.813733 0.459463 -0.180710
v -0.716600 0.492400 -0.304614
v -0.745956 0.476376 -0.264761
v -0.692343 0.503172 -0.283668
v -0.655299 0.537586 -0.289393
v -0.645857 0.479017 -0.238951
v -0.638054 0.453381 -0.178101
v -0.572027 0.514333 -0.180890
v -0.557200 0.554741 -0.191202
v -0.597535 0.589432 -0.265619
v -0.559147 0.635143 -0.225707
v -0.577551 0.623907 -0.275787
v -0.642370 0.525211 -0.393808
v -0.629214 0.580872 -0.324554
v -0.520111 0.666962 -0.273687
v -0.476336 0.610308 -0.368451
v -0.371224 0.617719 -0.429876
v -0.366517 0.594488 -0.455380
v -0.208904 0.656886 -0.378488
v -0.193002 0.667579 -0.351795
v -0.083687 0.675253 -0.387594
v -0.019635 0.677229 -0.369651
v 0.108199 0.679741 -0.371907
v 0.173181 0.680858 -0.328868
v 0.474226 0.623305 -0.333606
v 0.448755 0.721034 -0.196287
v 0.583421 0.656766 -0.135674
v 0.613794 0.644197 -0.100138
v 0.621312 0.527331 -0.281798
v 0.569756 0.585463 -0.235250
v 0.631252 0.536545 -0.312164
v 0.596453 0.611396 -0.351423
v 0.556769 0.622653 -0.299444
v 0.598379 0.624712 -0.388396
v 0.549642 0.635960 -0.413128
v 0.458080 0.639320 -0.433911
v 0.480298 0.632512 -0.477970
v 0.406906 0.602898 -0.517929
v 0.325109 0.560678 -0.528222
v 0.334112 0.537689 -0.539290
v 0.392720 0.437103 -0.523235
v 0.364598 0.423380 -0.550336
v 0.422555 0.329194 -0.574409
v 0.444914 0.354249 -0.714663
v 0.378676 0.401853 -0.730279
v 0.394034 0.379771 -0.771159
v 0.455487 0.343583 -0.769818
v 0.552455 0.272221 -0.734041
v 0.707473 0.172552 -0.678327
v 0.781758 0.021662 -0.644420
v 0.709826 0.014576 -0.671336
v 0.627831 -0.005698 -0.720920
v 0.577043 -0.012070 -0.793321
v 0.394360 -0.143618 -0.787750
v 0.356981 -0.259294 -0.702891
v 0.302687 -0.441699 -0.630907
v 0.273628 -0.502338 -0.611142
v 0.336970 -0.527912 -0.501414
v 0.283643 -0.550271 -0.494616
v 0.431445 -0.583012 -0.408148
v 0.583447 -0.605884 -0.373462
v 0.659135 -0.632897 -0.272959
v 0.658418 -0.642284 -0.067379
v 0.674254 -0.633609 -0.147479
v 0.658232 -0.631587 -0.222637
v 0.587151 -0.575974 -0.146747
v 0.546276 -0.644383 -0.286045
v 0.608565 -0.637109 -0.272273
v 0.577317 -0.643192 -0.316479
v 0.302275 -0.740953 -0.061069
v 0.323929 -0.733560 0.051919
v 0.220892 -0.717123 0.003352
v 0.243416 -0.742599 0.130410
v 0.131048 -0.788368 0.129244
v 0.056950 -0.760440 0.207783
v -0.172869 -0.772986 0.230794
v -0.067723 -0.796954 0.133245
v -0.242524 -0.756211 0.248018
v -0.098846 -0.786568 0.149037
v -0.089348 -0.781134 0.049719
v -0.075158 -0.788028 0.019531
v -0.158684 -0.757162 -0.031331
v -0.225543 -0.658158 0.124522
v -0.282567 -0.654745 0.093300
v -0.184630 -0.698803 0.009265
v -0.316896 -0.661032 0.084079
v -0.298186 -0.720368 -0.046982
v -0.230409 -0.734070 -0.052438
v -0.328525 -0.718633 -0.056631
v -0.372982 -0.703468 0.032337
v -0.378471 -0.707298 0.137455
v -0.364037 -0.717650 0.221348
v -0.315651 -0.736355 0.271152
v -0.245428 -0.647411 0.530959
v -0.184264 -0.661314 0.521041
v -0.135047 -0.614802 0.597843
v -0.039543 -0.551063 0.629117
v -0.111415 -0.565051 0.650118
v -0.019331 -0.530788 0.651657
v 0.215192 -0.422240 0.775716
v 0.140866 -0.418618 0.787774
v 0.186496 -0.322197 0.870401
v 0.142749 -0.310635 0.866132
v 0.322275 -0.169845 0.909497
v 0.371778 -0.206462 0.874134
v 0.343182 -0.074804 0.897224
v 0.350108 0.062503 0.899458
v 0.529655 0.242355 0.809226
v 0.251451 0.286048 0.796838
v 0.145435 0.320535 0.756275
v 0.195755 0.316740 0.749877
v 0.142425 0.348690 0.707700
v 0.090496 0.434527 0.671826
v 0.134963 0.525558 0.610818
v 0.266841 0.540652 0.536859
v 0.350115 0.508347 0.520417
v 0.454294 0.468553 0.538131
v 0.435339 0.433426 0.471061
v 0.496755 0.413951 0.460113
v 0.533980 0.404809 0.340500
v 0.421191 0.419769 0.379034
v 0.571796 0.418793 0.423397
v 0.428838 0.423003 0.338682
v 0.600400 0.451873 0.250402
v 0.602379 0.489529 0.179397
v 0.615298 0.549550 0.120677
v 0.570290 0.573323 0.077821
v 0.589346 0.645758 0.056372
v 0.526493 0.681168 0.009371
v 0.675091 0.611526 0.114443
v 0.563241 0.679758 -0.085508
v 0.379014 0.723891 -0.112283
v 0.282317 0.714735 -0.032726
v 0.260749 0.727830 0.039116
v 0.487000 0.679033 0.024035
v 0.484687 0.514866 0.110167
v 0.548791 0.439417 0.248933
v 0.349477 0.468674 0.432705
v 0.279814 0.534024 0.379832
v 0.255345 0.592796 0.262649
v 0.220649 0.643622 0.306656
v 0.329876 0.499796 0.237791
v 0.313543 0.548396 0.173372
v 0.380488 0.517867 0.137991
v 0.361028 0.677104 0.068212
v 0.422484 0.572258 0.066991
v 0.319541 0.684879 0.108062
v 0.223661 0.677562 0.254172
v 0.196027 0.648526 0.329306
v 0.096301 0.629842 0.475535
v 0.100870 0.622454 0.507534
v 0.062298 0.558077 0.592835
v -0.013831 0.477441 0.643761
v -0.071120 0.459805 0.664410
v -0.150973 0.457430 0.662796
v -0.096386 0.466288 0.638025
v -0.024296 0.500803 0.606502
v 0.062741 0.610109 0.489432
v 0.064226 0.620678 0.381651
v 0.058765 0.640923 0.334541
v 0.263246 0.704697 0.183080
v 0.347571 0.704562 0.042446
v 0.212099 0.756277 0.109990
v 0.109872 0.765978 0.170820
v -0.216525 0.739120 0.145398
v -0.116702 0.721165 0.195246
v -0.179107 0.680952 0.210802
v 0.008050 0.638311 0.311386
v 0.036587 0.609622 0.372151
v -0.224557 0.459826 0.663218
v -0.226136 0.441682 0.709355
v -0.293024 0.451498 0.684356
v -0.153277 0.434757 0.568183
v -0.096333 0.440911 0.458055
v -0.154897 0.420486 0.505390
v -0.208601 0.410512 0.471367
v -0.135743 0.463149 0.349207
v -0.044860 0.497103 0.369447
v -0.064048 0.503482 0.325846
v -0.108271 0.661255 0.232940
v -0.244042 0.671773 0.209893
v -0.197882 0.522782 0.245537
v -0.146377 0.501246 0.271794
v -0.360244 0.462875 0.589640
v -0.419778 0.479059 0.495061
v -0.432189 0.497876 0.464374
v -0.328050 0.427026 0.481653
v -0.379650 0.488879 0.377966
v -0.341762 0.446432 0.407697
v -0.276603 0.427258 0.415132
v -0.287390 0.473992 0.316406
v -0.262871 0.515819 0.261490
v -0.241378 0.719062 0.177001
v -0.075672 0.750421 0.069017
v 0.088705 0.767248 0.129885
v -0.003688 0.748127 0.049967
v 0.210048 0.683829 -0.022344
v 0.062600 0.705705 0.019611
v -0.016409 0.732875 -0.015154
v -0.128835 0.756633 0.066032
v -0.199912 0.789288 -0.005599
v -0.356344 0.778490 0.074449
v -0.465678 0.681112 0.167636
v -0.424615 0.660766 0.270330
v -0.402471 0.613232 0.297931
v -0.449785 0.556263 0.392086
v -0.469159 0.487130 0.481380
v -0.413199 0.468362 0.542698
v -0.452649 0.396561 0.589212
v -0.458388 0.330626 0.624594
v -0.418030 0.313149 0.738010
v -0.388163 0.306523 0.798188
v -0.435261 0.290482 0.811482
v -0.457524 0.266382 0.859728
v -0.534896 0.261607 0.844475
v -0.603810 0.222372 0.828856
v -0.599221 0.172934 0.849169
v -0.509766 0.181169 0.884473
v -0.589339 -0.105089 0.835842
v -0.545863 0.004274 0.878874
v -0.519864 -0.051784 0.866690
v -0.554820 -0.114780 0.823228
v -0.527970 -0.090859 0.825438
v -0.445001 -0.024458 0.857179
v -0.469157 0.017004 0.903632
v -0.247019 0.112769 0.885070
v -0.176886 0.235219 0.795034
v -0.371769 0.242464 0.868521
v -0.088725 0.243768 0.820071
v 0.023442 0.248662 0.817542
v 0.107921 0.181913 0.865551
v 0.195261 0.021847 0.959306
v 0.169348 -0.055532 0.946527
v 0.129579 -0.111045 0.931723
v 0.081724 -0.128751 0.915338
v 0.033021 -0.111866 0.900247
v 0.047799 -0.037541 0.871601
v -0.038749 -0.014515 0.892416
v 0.086297 -0.064821 0.879629
v -0.146635 0.118030 0.873132
v -0.056025 0.162381 0.865115
v 0.047565 0.116892 0.882406
v 0.132586 0.051418 0.921052
v 0.165887 0.012194 0.941456
v 0.068849 0.067384 0.897085
v -0.203807 0.034333 0.893272
v -0.045481 -0.057114 0.885734
v 0.028121 -0.157910 0.881684
v 0.057191 -0.246339 0.848653
v 0.082013 -0.413001 0.781812
v -0.001487 -0.460087 0.708750
v -0.060012 -0.494450 0.675216
v -0.320555 -0.552733 0.581472
v -0.389162 -0.620619 0.495851
v -0.551124 -0.582567 0.526825
v -0.515681 -0.615858 0.474048
v -0.472621 -0.652147 0.365251
v -0.682535 -0.545528 -0.086965
v -0.658765 -0.547351 -0.124651
v -0.558973 -0.568680 -0.255442
v -0.525525 -0.568821 -0.297154
v -0.519240 -0.549445 -0.344518
v -0.547809 -0.521811 -0.398824
v -0.598451 -0.490722 -0.418002
v -0.553355 -0.452233 -0.516476
v -0.499604 -0.456345 -0.542908
v -0.389835 -0.429205 -0.692515
v -0.434292 -0.401622 -0.602110
v -0.364191 -0.310638 -0.761009
v -0.464416 -0.213168 -0.832765
v -0.527372 -0.163490 -0.826352
v -0.741033 -0.209872 -0.686679
v -0.815503 -0.242644 -0.595081
v -0.989844 -0.068329 -0.474002
v -1.008958 0.059645 -0.464206
v -0.969253 0.322191 -0.120315
v -0.947948 0.375144 -0.096201
v -0.946822 0.399176 -0.032938
v -0.958494 0.407476 0.063542
v -0.920716 0.407560 0.232319
v -0.855215 0.470471 0.252461
v -0.693203 0.619122 0.164261
v -0.752191 0.517268 0.287277
v -0.727718 0.484933 0.348650
v -0.806850 0.425168 0.390574
v -0.786318 0.459804 0.355271
v -0.833484 0.446378 0.344932
v -0.800839 0.395920 0.433628
v -0.791626 0.346680 0.516659
v -0.635241 0.315583 0.625774
v -0.626889 0.290018 0.694289
v -0.494393 0.305308 0.663559
v -0.592438 0.273778 0.800405
v -0.702501 0.230285 0.719665
v -0.724435 0.265078 0.643123
v -0.790575 0.223986 0.620966
v -0.828534 0.216325 0.579303
v -0.722243 0.312741 0.584161
v -0.793140 0.184691 0.623780
v -0.858176 0.178410 0.514169
v -0.907360 0.138837 0.454209
v -0.923326 0.102057 0.428750
v -0.958228 0.065224 0.412831
v -0.875668 0.043839 0.412664
v -0.827639 0.087218 0.433149
v -0.790965 0.024400 0.485374
v -0.733528 0.063158 0.497778
v -0.739042 0.087142 0.497020
v -0.804135 0.126820 0.476540
v -0.791477 0.142329 0.510060
v -0.781776 0.165507 0.624659
v -0.730180 0.068486 0.738121
v -0.706735 -0.039249 0.776754
v -0.670864 -0.168062 0.769695
v -0.603301 -0.238727 0.767987
v -0.582031 -0.179519 0.790008
v -0.432381 -0.009261 0.889696
v -0.404184 0.018200 0.913360
v -0.299869 0.053921 0.916655
v -0.206866 0.008553 0.868706
v -0.120238 -0.001131 0.879229
v -0.062760 -0.087972 0.847285
v -0.019774 -0.169765 0.816015
v -0.007560 -0.288560 0.756641
v 0.038179 -0.317336 0.789994
v 0.025550 -0.394742 0.766267
v -0.212559 -0.536472 0.647922
v -0.281113 -0.512578 0.630692
v -0.349110 -0.500855 0.619589
v -0.381267 -0.557586 0.573112
v -0.519381 -0.491134 0.653008
v -0.415096 -0.500054 0.621974
v -0.403037 -0.481595 0.624554
v -0.257281 -0.460342 0.610781
v -0.164590 -0.493262 0.657634
v -0.192552 -0.437572 0.622119
v -0.097687 -0.442691 0.679856
v -0.164847 -0.332281 0.606945
v -0.146366 -0.244637 0.621487
v -0.056889 -0.257469 0.700886
v -0.144289 -0.179718 0.647330
v -0.124109 -0.137305 0.698778
v -0.182674 -0.151164 0.645374
v -0.181882 -0.067989 0.718179
v -0.256030 -0.095732 0.670443
v -0.166821 -0.032051 0.794308
v -0.255189 -0.001659 0.807572
v -0.263669 -0.036936 0.732241
v -0.382086 -0.017813 0.799576
v -0.289737 0.015430 0.883472
v -0.134758 -0.024066 0.857525
v -0.075505 -0.141326 0.749423
v -0.039668 -0.388826 0.723421
v -0.365671 -0.051374 0.727115
v -0.289223 -0.141281 0.645964
v -0.287322 -0.189456 0.636266
v -0.220565 -0.310435 0.576141
v -0.327294 -0.455226 0.596488
v -0.378989 -0.453235 0.598927
v -0.498387 -0.434930 0.666578
v -0.546032 -0.450090 0.685079
v -0.574595 -0.423288 0.694827
v -0.589665 -0.378176 0.698367
v -0.627019 -0.298116 0.741227
v -0.673402 -0.434263 0.635402
v -0.826302 -0.408674 0.493133
v -0.792055 -0.308400 0.577712
v -0.966123 -0.205027 0.450696
v -1.037851 -0.071451 0.397085
v -0.992369 -0.025282 0.417281
v -1.029192 0.016589 0.392071
v -0.872362 -0.022717 0.410269
v -0.698249 0.046947 0.541447
v -0.749251 0.133350 0.565139
v -0.748779 0.102824 0.691308
v -0.729655 0.048163 0.713604
v -0.717449 -0.230340 0.692096
v -0.876098 -0.274959 0.507833
v -0.777043 -0.264760 0.607983
v -0.886219 -0.234646 0.503177
v -0.824452 -0.227844 0.542095
v -0.883641 -0.206155 0.491670
v -0.974948 -0.119266 0.435696
v -0.893482 -0.129480 0.438291
v -0.880774 -0.080862 0.421009
v -0.830086 -0.090538 0.453947
v -0.741887 -0.117698 0.508250
v -0.738833 -0.025103 0.518246
v -0.705456 0.005607 0.529899
v -0.680913 -0.041936 0.563508
v -0.689157 0.026681 0.628967
v -0.707207 0.081483 0.603907
v -0.725092 -0.021862 0.735625
v -0.789586 -0.226859 0.584376
v -0.828594 -0.170581 0.474398
v -0.800727 -0.140422 0.474203
v -0.740486 -0.150495 0.515671
v -0.698962 -0.081774 0.536878
v -0.675200 -0.057830 0.609793
v -0.717689 -0.089677 0.716720
v -0.727526 -0.168519 0.671082
v -0.788188 -0.201370 0.524520
v -0.753620 -0.205701 0.631472
v -0.723018 -0.178248 0.556516
v -0.980661 0.089931 0.388499
v -1.048799 -0.156643 0.358514
v -1.060720 -0.190987 0.253367
v -0.993002 -0.276882 0.162029
v -0.995169 -0.266045 0.130103
v -0.886258 -0.514480 0.163522
v -0.915403 -0.463137 0.302344
v -0.817167 -0.481068 0.451290
v -0.489334 -0.630242 0.421552
v -0.482132 -0.675463 0.261649
v -0.593559 -0.662122 0.126143
v -0.862486 -0.543085 0.239001
v -0.873446 -0.525361 0.297023
v -0.861674 -0.500764 0.373347
v -0.837006 -0.505318 0.366769
v -0.839567 -0.542870 0.266467
v -0.799038 -0.494740 0.435101
v -0.839813 -0.523519 -0.051575
v -0.792727 -0.525084 -0.127149
v -0.727637 -0.524630 -0.198646
v -0.620182 -0.564541 -0.207157
v -0.597745 -0.561806 -0.232061
v -0.672685 -0.464353 -0.391685
v -0.826246 -0.430607 -0.341157
v -0.830914 -0.483544 -0.207237
v -0.819227 -0.455667 -0.278773
v -0.884658 -0.360109 -0.376626
v -0.886505 -0.395300 -0.292523
v -0.864710 -0.447085 -0.240803
v -0.877128 -0.471216 -0.138436
v -0.898259 -0.367709 -0.316113
v -0.897815 -0.264159 -0.417905
v -0.971920 -0.117146 -0.477154
v -1.026083 -0.097531 -0.442442
v -1.054548 -0.038232 -0.421372
v -1.069774 0.096564 -0.329440
v -1.040672 0.190636 -0.290118
v -1.049434 0.236148 -0.160572
v -0.980388 0.258872 -0.184768
v -1.005756 0.287883 -0.106231
v -0.957670 0.325834 -0.045127
v -1.020027 0.328328 0.050949
v -0.977436 0.386744 0.142368
v -0.897334 0.385832 0.307712
v -0.896993 0.312803 0.405928
v -0.904818 0.330333 0.266014
v -0.926480 0.293931 0.249213
v -0.986470 0.203868 0.294047
v -0.996790 0.228241 0.257310
v -0.942827 0.259077 0.255148
v -0.922666 0.386856 0.266448
v -1.006341 0.326012 0.192495
v -0.963972 0.349202 0.229465
v -1.003898 0.265672 0.230682
v -0.962495 0.202603 0.354233
v -1.122426 0.146169 0.139318
v -1.045783 0.234058 0.132297
v -1.010893 0.344225 0.119811
v -1.128200 0.158530 0.049301
v -1.099687 -0.037141 0.255064
v -1.092886 -0.098309 0.255277
v -1.022589 -0.204922 0.166895
v -0.944383 -0.456808 0.039534
v -0.911014 -0.504605 0.015319
v -0.868718 -0.493660 -0.102244
v -0.888235 -0.456107 -0.087757
v -0.882431 -0.410380 -0.219939
v -0.877682 -0.398886 -0.223155
v -0.894201 -0.292752 -0.389066
v -0.967064 -0.153444 -0.452537
v -0.944135 -0.180093 -0.424285
v -1.020964 -0.103869 -0.421720
v -1.072372 0.076460 -0.381588
v -1.089455 0.147434 -0.233169
v -1.068542 0.205011 -0.226241
v -1.126234 0.095581 0.109772
v -1.099524 0.047813 0.189589
v -1.081338 -0.017488 0.162392
v -1.049700 -0.059412 0.139940
v -1.012172 -0.166935 0.146991
v -0.961332 -0.350740 0.065412
v -0.907488 -0.411288 -0.014452
v -0.872243 -0.409451 -0.117336
v -0.890519 -0.360048 -0.297322
v -0.882271 -0.291752 -0.363123
v -0.914922 -0.212775 -0.413888
v -1.069090 0.016765 -0.394678
v -1.093414 0.179802 -0.131730
v -1.114213 0.074662 0.064701
v -1.086301 0.101885 -0.016936
v -1.080695 0.016042 0.100531
v -0.965160 -0.098089 0.104727
v -0.882296 -0.411662 -0.058617
v -0.896679 -0.251520 -0.397987
v -1.061578 0.071006 -0.318561
v -1.085205 0.136656 -0.157049
v -1.082190 0.127212 -0.098120
v -1.100276 0.137798 -0.059717
v -1.005943 -0.018195 0.091604
v -0.965827 -0.160654 0.120269
v -0.945097 -0.243946 0.100204
v -0.833312 -0.345379 -0.232586
v -0.873160 -0.201875 -0.375789
v -1.047151 0.010559 -0.369979
v -0.987139 0.075012 -0.040037
v -1.005183 0.057285 0.010065
v -0.953584 -0.011474 0.041816
v -0.909939 -0.191800 0.073317
v -0.887728 -0.281242 0.022102
v -0.809413 -0.307937 -0.064092
v -0.832052 -0.364146 -0.185183
v -0.824461 -0.266658 -0.241444
v -0.937912 -0.140375 -0.381817
v -1.032420 -0.046296 -0.402061
v -0.995759 0.102238 -0.150469
v -0.993333 0.091898 -0.204991
v -0.893408 -0.090513 0.028773
v -0.871589 -0.189131 0.022941
v -0.844548 -0.275726 -0.065189
v -0.821559 -0.281335 -0.107364
v -0.799576 -0.315235 -0.103755
v -0.814657 -0.294125 -0.158391
v -0.858750 -0.215877 -0.307622
v -0.884998 -0.184573 -0.322367
v -0.986223 -0.036995 -0.371164
v -0.987048 0.048384 -0.289765
v -1.070332 0.111932 -0.245440
v -0.918671 0.034194 -0.099096
v -0.901631 -0.005096 -0.044473
v -0.877586 -0.143152 0.012019
v -0.850432 -0.220113 -0.085784
v -0.980077 0.018011 -0.319714
v -0.930266 0.028670 -0.217116
v -0.904386 0.011019 -0.127625
v -0.889949 -0.125333 -0.096648
v -0.850462 -0.166884 -0.241367
v -0.920666 -0.035509 -0.287767
v -0.889817 -0.024471 -0.203090
v -0.877537 -0.089290 -0.239986
v -0.788174 -0.312330 -0.565559
v -0.605500 -0.424826 -0.506317
v -0.495091 -0.396330 -0.528978
v -0.422528 -0.327290 -0.613985
v -0.440697 -0.229185 -0.687936
v -0.411516 -0.278210 -0.686741
v -0.389989 -0.310016 -0.736063
v -0.437388 -0.257438 -0.787199
v -0.645038 -0.146116 -0.756879
v -0.754826 -0.262005 -0.641204
v -0.741140 -0.294331 -0.612427
v -0.719221 -0.342775 -0.535782
v -0.659508 -0.385405 -0.513686
v -0.559925 -0.365979 -0.502065
v -0.512120 -0.325191 -0.529801
v -0.499338 -0.260852 -0.567996
v -0.495549 -0.202410 -0.651954
v -0.519518 -0.198190 -0.789727
v -0.699182 -0.204758 -0.707098
v -0.706634 -0.226497 -0.681920
v -0.720911 -0.304833 -0.580190
v -0.696103 -0.341801 -0.537290
v -0.592286 -0.303776 -0.514456
v -0.532843 -0.242659 -0.560203
v -0.622257 -0.250083 -0.556773
v -0.605718 -0.176853 -0.676237
v -0.555665 -0.170569 -0.712454
v -0.590646 -0.173978 -0.757365
v -0.637321 -0.178910 -0.729873
v -0.656909 -0.296863 -0.529068
v -0.662300 -0.208308 -0.659110
v -0.475813 -0.659640 0.314339
v -0.554513 -0.668744 0.179249
v -0.611176 -0.648875 0.147497
v -0.817457 -0.569466 0.214393
v -0.769207 -0.605622 0.164559
v -0.779382 -0.478597 0.391009
v -0.740234 -0.484539 0.442240
v -0.752208 -0.507678 0.483942
v -0.640239 -0.549098 0.524771
v -0.555826 -0.585872 0.495950
v -0.509934 -0.669694 0.228756
v -0.691656 -0.627960 0.132949
v -0.781451 -0.527791 0.238318
v -0.712032 -0.569761 0.182239
v -0.741167 -0.483026 0.356947
v -0.696020 -0.489956 0.429046
v -0.693658 -0.502976 0.474646
v -0.548767 -0.562677 0.428739
v -0.514262 -0.587377 0.387462
v -0.508821 -0.612958 0.299441
v -0.574059 -0.609028 0.198956
v -0.582050 -0.572104 0.271848
v -0.653515 -0.548587 0.265952
v -0.596121 -0.280358 0.750689
v -0.539300 -0.233965 0.691027
v -0.519028 -0.142735 0.724925
v -0.461010 -0.059743 0.770077
v -0.454152 -0.104098 0.704326
v -0.360558 -0.106429 0.667408
v -0.349054 -0.271385 0.584357
v -0.311898 -0.345668 0.564809
v -0.429145 -0.416614 0.606660
v -0.562615 -0.361428 0.700900
v -0.449061 -0.247816 0.621921
v -0.363230 -0.342553 0.570784
v -0.471884 -0.320114 0.618860
v -0.502393 -0.353915 0.641124
v -0.605231 0.667921 0.123984
v -0.432954 0.742324 0.073883
v -0.352528 0.799619 -0.057528
v -0.363130 0.786703 -0.104554
v -0.305009 0.804734 -0.091406
v -0.274700 0.813023 -0.048516
v -0.179280 0.777497 -0.118181
v -0.084217 0.737664 -0.036307
v 0.116053 0.686094 -0.104729
v 0.020198 0.735052 -0.123417
v 0.087222 0.714194 -0.171197
v 0.166418 0.693962 -0.166267
v 0.252507 0.699593 -0.158002
v 0.376858 0.719909 -0.204087
v 0.001962 0.738751 -0.222252
v -0.110117 0.754757 -0.184748
v -0.556688 0.705251 -0.015420
v -0.615540 0.679830 0.063195
v -0.667063 0.640186 0.057689
v -0.719810 0.610979 0.107823
v -0.744434 0.578126 0.055724
v -0.830698 0.489338 -0.030197
v -0.810503 0.468378 -0.113221
v -0.703979 0.440971 -0.196627
v -0.595208 0.478238 -0.106387
v -0.548093 0.648500 -0.168866
v -0.533686 0.689695 -0.115516
v -0.592535 0.662703 -0.012452
v -0.636770 0.635739 0.022969
v -0.709642 0.579878 0.030095
v -0.750315 0.532521 0.004884
v -0.791442 0.484812 -0.053848
v -0.647494 0.457170 -0.079699
v -0.591427 0.503151 -0.056719
v -0.557640 0.550478 -0.073279
v -0.562207 0.665315 -0.060530
v -0.678388 0.485912 -0.021249
v -0.711204 0.455485 -0.063245
v -0.162934 0.736966 -0.247238
v -0.002299 0.714412 -0.311592
v -0.187670 0.701575 -0.297675
v -0.278757 0.638012 -0.330312
v -0.474049 0.585819 0.366733
v -0.535682 0.496319 0.412599
v 0.398311 0.677232 0.048403
v 0.348146 0.461841 0.338618
v 0.660621 0.624565 -0.072711
v 0.782409 0.522411 -0.131888
v 0.713314 0.502073 -0.155006
v 0.679360 0.494713 -0.232499
v 0.689624 0.507444 -0.310430
v 0.679365 0.559594 -0.370022
v 0.601739 0.615690 -0.439716
v 0.530184 0.623376 -0.490999
v 0.470915 0.617510 -0.509418
v 0.443569 0.590729 -0.527549
v 0.437029 0.333663 -0.562063
v 0.496919 0.330675 -0.716166
v 0.438526 0.369611 -0.750597
v 0.551443 0.311510 -0.690226
v 0.534510 0.322065 -0.665486
v 0.627724 0.350248 -0.606009
v 0.600267 0.405639 -0.563051
v 0.668729 0.368654 -0.587029
v 0.577159 0.355829 -0.598968
v 0.597956 0.487324 -0.541862
v 0.518123 0.433579 -0.519862
v 0.471958 0.504633 -0.512785
v 0.461231 0.413944 -0.514713
v 0.509276 0.382533 -0.532712
v 0.412380 0.512396 -0.515211
v 0.641225 0.476080 -0.540768
v 0.545865 0.567610 -0.533117
v 0.573894 0.590326 -0.510420
v 0.802125 0.507105 -0.267922
v 0.855347 0.479091 -0.227415
v 0.909472 0.430952 -0.132880
v 0.937403 0.366910 -0.143916
v 0.980033 0.323810 -0.107353
v 1.067861 0.239240 -0.067854
v 1.017387 0.257956 -0.096195
v 1.054835 0.210705 -0.102549
v 0.983577 0.202120 -0.114629
v 1.010325 0.149925 -0.134702
v 1.010704 0.099155 -0.183151
v 0.977476 0.142388 -0.154906
v 0.934656 0.093735 -0.239618
v 0.882879 0.204473 -0.239206
v 0.926623 0.204494 -0.206217
v 0.848639 0.178791 -0.289715
v 0.850575 0.315314 -0.230695
v 0.907088 0.381423 -0.186056
v 0.943932 0.273910 -0.121827
v 0.876002 0.427264 -0.248272
v 0.856093 0.431660 -0.327096
v 0.832740 0.425362 -0.404449
v 0.856996 0.308338 -0.472458
v 0.827297 0.297158 -0.521697
v 0.798982 0.248260 -0.564774
v 0.829111 0.184080 -0.595727
v 0.811896 0.070321 -0.658338
v 0.874488 0.041588 -0.606424
v 0.779845 0.008128 -0.613794
v 0.460624 -0.071422 -0.801681
v 0.455973 -0.094856 -0.711581
v 0.364181 -0.305602 -0.574776
v 0.342499 -0.428660 -0.538857
v 0.350399 -0.507091 -0.503895
v 0.405654 -0.547643 -0.436397
v 0.837748 -0.581168 -0.011607
v 0.698902 -0.598495 0.098426
v 0.577871 -0.661527 -0.021024
v 0.616871 -0.639752 -0.049707
v 0.585943 -0.602312 -0.077875
v 0.544309 -0.580914 -0.114030
v 0.430878 -0.669156 -0.274627
v 0.461720 -0.657903 -0.262028
v 0.481574 -0.606681 -0.106890
v 0.500069 -0.682578 -0.024903
v 0.349226 -0.733541 0.124949
v 0.454061 -0.683208 0.169124
v 0.443441 -0.635515 0.242425
v 0.053616 -0.748018 0.266601
v -0.036604 -0.772449 0.276599
v -0.148043 -0.681777 0.468471
v -0.114072 -0.611513 0.570502
v -0.126058 -0.670249 0.452938
v -0.008612 -0.522072 0.603913
v 0.021480 -0.526606 0.647691
v 0.104672 -0.524558 0.650796
v 0.220855 -0.572511 0.577375
v 0.363104 -0.516504 0.616278
v 0.546332 -0.448919 0.634728
v 0.529613 -0.323900 0.755918
v 0.347435 -0.297944 0.827291
v 0.435948 -0.214634 0.841114
v 0.380712 -0.174085 0.867234
v 0.410598 0.104163 0.862164
v 0.428995 0.171779 0.852207
v 0.695758 0.365535 0.630874
v 0.634415 0.434973 0.537551
v 0.729493 0.440683 0.497258
v 0.714604 0.481866 0.421757
v 0.705217 0.487768 0.380761
v 0.768127 0.540080 0.280774
v 0.735649 0.530969 0.288484
v 0.719108 0.571379 0.192104
v 0.777181 0.574132 0.189662
v 0.823691 0.520974 0.265040
v 0.674546 0.637174 0.063993
v 0.643235 0.458620 0.461844
v 0.323575 0.501527 0.547906
v 0.437491 0.426170 0.640130
v 0.402181 0.321282 0.756879
v 0.402995 0.354283 0.707831
v 0.355811 0.317293 0.739106
v 0.282299 0.299592 0.757273
v 0.329410 0.300304 0.668037
v 0.280003 0.327400 0.592711
v 0.256808 0.301421 0.628627
v 0.202445 0.308683 0.647839
v 0.212358 0.340076 0.597108
v 0.165886 0.349681 0.629229
v 0.116821 0.416776 0.666742
v 0.254296 0.521553 0.553670
v 0.317987 0.445777 0.542499
v 0.382125 0.465164 0.576345
v 0.411386 0.410869 0.632609
v 0.263158 0.385389 0.551566
v 0.219412 0.433864 0.547839
v 0.263081 0.446247 0.534618
v 0.568394 0.445034 0.505221
v 0.848341 0.537484 0.135297
v 0.985192 0.413053 0.140347
v 0.718145 0.536911 -0.360185
v 0.766928 0.512259 -0.314785
v 1.054284 0.309065 0.063500
v 1.117978 0.144545 -0.108378
v 1.099908 0.127870 -0.158294
v 1.105260 0.061302 -0.215561
v 1.073010 0.088947 -0.202632
v 1.067725 0.058188 -0.257863
v 1.006872 0.057624 -0.261581
v 0.971146 0.059146 -0.327333
v 0.900827 0.086285 -0.301233
v 0.907172 0.092030 -0.345768
v 0.885054 0.115016 -0.273997
v 0.852899 0.175780 -0.355814
v 0.831364 0.236621 -0.330245
v 0.863335 0.282893 -0.419717
v 0.858484 0.362679 -0.334675
v 0.872219 0.373278 -0.248015
v 0.864266 0.302455 -0.444069
v 0.984826 0.028928 -0.416386
v 1.008239 0.032071 -0.376041
v 0.949680 -0.017379 -0.496523
v 0.912494 -0.006900 -0.542822
v 0.875816 -0.029249 -0.545222
v 0.864871 -0.058400 -0.513235
v 0.827572 -0.017461 -0.561213
v 0.744183 0.022201 -0.568204
v 0.683221 0.031922 -0.608529
v 0.519266 -0.040844 -0.725231
v 0.418191 -0.183879 -0.679260
v 0.388258 -0.229524 -0.591130
v 0.385288 -0.268823 -0.531780
v 0.402853 -0.320552 -0.480620
v 0.434403 -0.456797 -0.415337
v 0.485923 -0.572665 -0.402974
v 0.602473 -0.546431 -0.389639
v 0.671540 -0.544731 -0.365632
v 0.890310 -0.153412 -0.436448
v 0.592198 0.010482 -0.656947
v 0.486732 -0.034014 -0.634583
v 0.378669 -0.210010 -0.485089
v 0.430337 -0.352180 -0.445760
v 0.480542 -0.494678 -0.394035
v 0.747618 -0.469974 -0.331010
v 0.915805 -0.318936 -0.345297
v 0.927483 -0.181828 -0.421089
v 0.876980 -0.228562 -0.387459
v 0.795235 -0.054292 -0.432964
v 0.754736 0.004724 -0.482774
v 0.719066 0.014781 -0.487526
v 0.623297 0.033630 -0.556394
v 0.548323 -0.026992 -0.488399
v 0.551192 -0.039919 -0.443348
v 0.461756 -0.102597 -0.433359
v 0.427687 -0.135155 -0.415151
v 0.425685 -0.173718 -0.393484
v 0.415787 -0.210964 -0.397202
v 0.390177 -0.217564 -0.433764
v 0.436038 -0.284540 -0.397659
v 0.492249 -0.311997 -0.370952
v 0.471244 -0.377978 -0.415873
v 0.631067 -0.440451 -0.365088
v 0.592456 -0.313928 -0.331792
v 0.649542 -0.397538 -0.353817
v 0.557935 -0.465424 -0.391233
v 0.846325 -0.288337 -0.354118
v 0.790691 -0.240968 -0.345109
v 0.816045 -0.150807 -0.378898
v 0.674564 -0.048602 -0.380960
v 0.680373 -0.000330 -0.449935
v 0.619113 0.008837 -0.482082
v 0.520364 -0.076041 -0.433710
v 0.476334 -0.183321 -0.373029
v 0.488674 -0.225324 -0.352913
v 0.598439 -0.228679 -0.323176
v 0.703528 -0.248497 -0.313792
v 0.736501 -0.352776 -0.338353
v 0.739330 -0.127288 -0.348775
v 0.545710 -0.097794 -0.417286
v 0.546882 -0.211818 -0.341109
v 0.627913 -0.040130 -0.398021
v 0.379403 -0.168552 -0.498677
v 1.029376 -0.275484 -0.232249
v 0.947928 -0.348813 -0.279233
v 0.890419 -0.405018 -0.268418
v 0.934137 -0.351368 -0.249228
v 0.982837 -0.312354 -0.222761
v 0.901033 -0.314638 -0.190986
v 0.859215 -0.360994 -0.206892
v 0.824370 -0.373445 -0.150847
v 0.834371 -0.407196 -0.196749
v 0.856054 -0.441161 -0.242172
v 0.838316 -0.500865 -0.193012
v 0.835480 -0.564729 -0.098481
v 0.857254 -0.568483 -0.020238
v 0.868924 -0.558812 0.037062
v 0.787198 -0.548214 0.172104
v 0.611238 -0.616586 0.209597
v 0.513721 -0.609999 0.228151
v 0.472610 -0.599624 0.251639
v 0.445271 -0.599611 0.278633
v 0.419888 -0.596417 0.349871
v 0.421948 -0.580483 0.420803
v 0.391509 -0.612738 0.413732
v 0.468893 -0.532619 0.553126
v 0.416877 -0.554309 0.547761
v 0.498701 -0.490884 0.618177
v 0.623624 -0.463320 0.574629
v 0.653364 -0.338904 0.634465
v 0.466383 -0.252254 0.827081
v 0.499451 -0.223397 0.819525
v 0.381279 -0.111923 0.807156
v 0.407607 0.040024 0.796582
v 0.452542 0.085511 0.800265
v 0.459367 0.110996 0.836274
v 0.515154 0.114353 0.821153
v 0.483883 0.143284 0.838104
v 0.627026 0.099537 0.802658
v 0.658504 0.038354 0.780101
v 1.125558 0.160421 0.047733
v 1.076949 -0.000798 -0.295287
v 1.036931 0.049576 -0.312936
v 0.987900 0.063485 -0.368283
v 0.944378 0.118494 -0.418266
v 0.909252 0.182113 -0.438249
v 0.916614 0.193164 -0.482630
v 0.967251 0.094574 -0.440184
v 0.980552 0.065294 -0.393705
v 1.099883 -0.046507 -0.249588
v 1.014142 -0.286235 -0.145542
v 0.935609 -0.283130 -0.107276
v 0.895895 -0.320119 -0.061827
v 0.873094 -0.311232 -0.146283
v 0.837016 -0.525418 -0.116363
v 0.853471 -0.532821 -0.059783
v 0.873949 -0.524642 -0.021994
v 0.983736 -0.440857 0.081524
v 0.945935 -0.469965 0.148491
v 0.886884 -0.476278 0.246628
v 0.712688 -0.548173 0.259468
v 0.460040 -0.546963 0.483557
v 0.525264 -0.515355 0.530504
v 0.709640 -0.426312 0.539495
v 0.755234 -0.281040 0.613851
v 0.685839 -0.198262 0.750944
v 0.602753 -0.210674 0.796936
v 0.560452 -0.207277 0.805832
v 0.492189 0.024463 0.752971
v 0.583519 0.090123 0.805241
v 0.625126 0.037569 0.783350
v 0.650384 -0.016870 0.781151
v 0.690216 -0.070240 0.774520
v 0.731613 -0.164075 0.726799
v 0.655687 -0.150652 0.790757
v 0.605353 -0.163223 0.795186
v 0.501163 -0.163646 0.760579
v 0.547361 -0.039351 0.744407
v 0.599061 -0.023262 0.757004
v 0.639788 -0.098045 0.786449
v 0.812605 -0.233555 0.589347
v 0.815810 0.141092 0.636674
v 0.849203 0.360787 0.448899
v 1.015328 0.362399 0.201446
v 1.044815 0.319607 0.186864
v 1.113441 0.153445 0.134207
v 1.165167 -0.118231 0.079172
v 1.133594 -0.106106 0.181481
v 1.089209 -0.187920 0.240176
v 1.049020 -0.225278 0.321719
v 1.016178 -0.324334 0.212546
v 1.056010 -0.260445 0.077893
v 0.981096 -0.434068 0.132255
v 0.947776 -0.467615 0.052708
v 0.911139 -0.488175 0.021778
v 0.819394 -0.468302 -0.083765
v 0.945254 -0.450076 0.037023
v 0.979613 -0.401724 0.030869
v 1.010112 -0.369877 0.018466
v 1.041127 -0.340877 0.020914
v 1.026926 -0.373778 0.068573
v 1.144574 -0.154650 0.100356
v 1.034780 -0.330687 -0.018318
v 1.029247 -0.304263 -0.064633
v 0.860311 -0.434659 -0.002947
v 0.876250 -0.386967 -0.000718
v 0.836174 -0.397234 -0.036822
v 0.931388 -0.350969 0.001816
v 1.050563 -0.277451 -0.121240
v 0.911775 -0.330162 -0.027346
v 0.826885 -0.363244 0.526998
v 1.008765 -0.175118 0.413724
v 0.944514 -0.130286 0.501104
v 0.833874 0.043408 0.614718
v 0.826662 0.201488 0.586429
v 0.830524 0.292521 0.552276
v 0.922069 0.410234 0.302489
v 1.068907 0.255643 0.156176
v 1.116692 -0.019081 0.178550
v 1.091008 -0.105770 0.261585
v 1.021349 -0.145896 0.396254
v 0.958893 -0.115745 0.469853
v 0.834725 0.068851 0.586949
v 0.823998 0.185091 0.563909
v 0.837948 0.278725 0.509301
v 0.854062 0.322242 0.435555
v 0.943032 0.375148 0.295705
v 0.998261 0.340800 0.240945
v 1.047468 0.242555 0.181023
v 1.073813 0.195409 0.164411
v 1.099265 0.094601 0.159575
v 1.057194 -0.105487 0.294393
v 1.007636 -0.125805 0.382419
v 0.947925 0.342772 0.280370
v 1.003728 0.298711 0.221869
v 1.095368 0.032775 0.174306
v 1.085428 -0.040122 0.216463
v 0.863936 -0.010053 0.571864
v 0.899961 0.352335 0.359799
v 0.876885 0.312681 0.317275
v 0.908103 0.308346 0.268426
v 0.999287 -0.084268 0.273310
v 0.969333 -0.107293 0.349013
v 0.886986 -0.049723 0.549924
v 0.813587 0.242301 0.478644
v 0.829791 0.288107 0.411140
v 0.830431 0.259972 0.345853
v 0.964052 0.265249 0.208277
v 0.997986 0.205326 0.172585
v 1.029913 0.105628 0.158424
v 1.020066 0.035405 0.170343
v 1.027052 -0.034293 0.211850
v 0.967386 -0.048790 0.245598
v 0.903723 -0.087793 0.399030
v 0.887016 -0.075008 0.455996
v 0.790837 0.088849 0.496987
v 0.783070 0.142496 0.479817
v 0.874733 0.261825 0.267749
v 0.917340 0.225451 0.213592
v 0.978894 0.080821 0.172872
v 0.824718 0.001174 0.474589
v 0.787309 0.186434 0.438305
v 0.813381 0.229874 0.375752
v 0.973549 0.013740 0.191752
v 0.924144 -0.014941 0.246778
v 0.915290 -0.061515 0.310775
v 0.824980 0.011855 0.450691
v 0.787589 0.124356 0.462931
v 0.850806 0.229967 0.287931
v 0.880484 0.199213 0.240342
v 0.914692 0.134380 0.219408
v 0.924151 0.063149 0.219090
v 0.901834 -0.016232 0.316885
v 0.867388 -0.019366 0.394182
v 0.812617 0.069185 0.453377
v 0.853555 0.213019 0.291953
v 0.913854 0.104580 0.243450
v 0.864974 0.006838 0.397243
v 0.860327 0.138425 0.399089
v 0.837271 0.192224 0.368996
v 0.920496 0.063100 0.315159
v 0.880215 0.047917 0.398022
v 0.862150 0.108025 0.410460
v 0.905806 0.137565 0.316905
v 0.900792 0.102619 0.363329
v 0.570944 -0.503429 0.498028
v 0.682719 -0.514693 0.330601
v 0.660090 -0.489499 0.415259
v 0.656646 -0.538772 0.275692
v 0.597889 -0.586525 0.233781
v 0.489371 -0.492875 0.267874
v 0.435292 -0.516056 0.327444
v 0.496108 -0.520917 0.494438
v 0.613979 -0.484574 0.458462
v 0.537202 -0.451105 0.286051
v 0.462761 -0.497505 0.288465
v 0.480859 -0.447437 0.312926
v 0.449996 -0.469759 0.365362
v 0.480908 -0.429240 0.352340
v 0.518222 -0.420790 0.337665
v 0.597067 -0.450064 0.320019
v 0.589996 -0.448406 0.422061
v 0.532834 -0.455668 0.444229
v 0.477214 -0.433282 0.387012
v 0.302367 -0.627583 0.498798
v 0.279361 -0.648178 0.429197
v 0.246098 -0.647890 0.407668
v 0.158754 -0.706063 0.314184
v 0.069865 -0.719159 0.298959
v -0.084086 -0.746147 0.348812
v -0.085174 -0.707399 0.378447
v -0.100188 -0.612598 0.465169
v -0.063795 -0.613656 0.399892
v 0.016988 -0.522350 0.476728
v 0.072095 -0.503722 0.596674
v 0.114852 -0.503578 0.561064
v 0.160741 -0.538798 0.621482
v 0.243915 -0.605123 0.485220
v 0.208738 -0.668893 0.357603
v -0.014015 -0.727996 0.319531
v 0.023606 -0.635636 0.330472
v 0.150090 -0.526343 0.476175
v 0.202689 -0.569501 0.444062
v 0.164826 -0.605905 0.364009
v 0.117992 -0.641339 0.326175
v -0.303943 -0.730055 0.230836
v -0.265269 -0.673608 0.176247
v -0.339388 -0.716486 0.201037
v -0.229201 -0.721772 -0.100596
v -0.193908 -0.712083 -0.110255
v -0.073286 -0.733520 -0.119894
v -0.040036 -0.774276 -0.098384
v -0.775246 0.298801 -0.530801
vn 0.2042 0.3480 0.9150
vn -0.1195 0.3360 0.9343
vn 0.2730 0.1782 0.9454
vn -0.1413 0.1355 0.9807
vn -0.3472 0.0112 0.9377
vn -0.3241 -0.4350 0.8401
vn -0.1235 -0.2131 0.9692
vn 0.4737 -0.1469 0.8683
vn 0.0428 -0.5227 0.8514
vn 0.2515 -0.3848 0.8881
vn -0.0088 0.2650 0.9642
vn -0.1560 0.0798 0.9845
vn 0.1131 0.2541 0.9605
vn -0.0130 -0.0148 0.9998
vn -0.0254 0.0620 0.9978
vn -0.0404 -0.0073 0.9992
vn -0.5775 0.1983 0.7920
vn -0.4668 0.2640 0.8440
vn -0.0405 0.5479 0.8355
vn 0.0699 0.5660 0.8214
vn 0.2810 0.0719 0.9570
vn 0.3199 -0.1385 0.9373
vn 0.5795 0.0861 0.8104
vn 0.4798 0.3128 0.8197
vn 0.2538 0.3482 0.9024
vn 0.1847 0.4388 0.8794
vn 0.0016 0.4958 0.8685
vn 0.0860 0.5001 0.8617
vn 0.1918 0.4307 0.8819
vn 0.3578 0.5663 0.7424
vn 0.0737 0.6420 0.7631
vn 0.0162 0.7683 0.6399
vn 0.0448 0.5483 0.8351
vn 0.2325 0.6304 0.7407
vn 0.0685 0.5696 0.8190
vn 0.1293 0.6458 0.7525
vn 0.1117 0.6604 0.7426
vn -0.0948 0.5274 0.8443
vn 0.0268 0.7501 0.6608
vn -0.6626 0.0544 0.7470
vn -0.4902 0.1653 0.8558
vn -0.8094 0.1742 0.5608
vn 0.0049 0.7841 0.6206
vn -0.0885 0.7186 0.6898
vn 0.2506 -0.5959 0.7630
vn 0.2405 -0.6533 0.7179
vn 0.1964 -0.6976 0.6890
vn 0.2183 -0.7400 0.6362
vn 0.2585 -0.7660 0.5886
vn 0.7641 0.0233 0.6447
vn 0.6948 0.0190 0.7190
vn 0.7324 -0.0477 0.6792
vn -0.0388 -0.6986 0.7145
vn -0.2527 -0.5696 0.7821
vn -0.0303 -0.7710 0.6361
vn -0.6629 0.6414 0.3863
vn -0.3209 0.7291 0.6046
vn -0.3617 0.9196 0.1532
vn 0.8368 0.2284 0.4975
vn 0.6406 0.4533 0.6198
vn 0.7240 0.1529 0.6726
vn -0.3152 -0.6612 0.6808
vn -0.5725 -0.6543 0.4941
vn -0.3879 -0.8245 0.4119
vn 0.1681 -0.8282 0.5347
vn 0.0600 -0.5602 0.8262
vn -0.2492 -0.6160 0.7473
vn 0.6038 0.1856 0.7752
vn 0.6967 0.1930 0.6909
vn 0.4591 0.1014 0.8826
vn 0.1633 0.9116 0.3771
vn -0.0081 0.9704 0.2414
vn 0.3356 0.7190 0.6086
vn -0.0868 0.7616 0.6422
vn -0.1681 0.8663 0.4704
vn -0.3185 0.8908 0.3241
vn 0.3453 0.6954 0.6302
vn 0.4806 0.8387 0.2561
vn 0.3151 0.7299 0.6067
vn -0.3162 0.7337 0.6015
vn -0.4539 0.5291 0.7169
vn -0.4590 0.6750 0.5776
vn 0.6435 -0.2058 0.7373
vn 0.6778 -0.2333 0.6972
vn 0.6422 -0.3643 0.6744
vn 0.7705 0.0025 0.6375
vn -0.5526 -0.8334 -0.0041
vn -0.3043 -0.9150 0.2649
vn -0.6328 -0.6963 0.3387
vn 0.3878 -0.8641 0.3208
vn 0.0866 -0.8579 0.5065
vn -0.0367 -0.9355 0.3513
vn 0.2841 -0.7585 0.5865
vn -0.7326 0.6757 0.0818
vn -0.5850 0.7827 0.2124
vn -0.6112 0.7095 0.3509
vn -0.8937 0.4157 0.1690
vn -0.7957 0.0109 0.6056
vn -0.7195 0.4008 0.5671
vn -0.4696 0.6995 0.5387
vn -0.3919 0.5674 0.7242
vn -0.9020 0.3957 0.1725
vn -0.6298 0.0249 0.7763
vn -0.5822 0.1278 0.8029
vn -0.5586 0.0535 0.8277
vn -0.7613 -0.4042 0.5070
vn -0.8516 -0.4110 0.3253
vn -0.8113 -0.4241 0.4025
vn -0.3065 -0.8864 0.3468
vn -0.1238 -0.8835 0.4517
vn -0.2946 -0.9242 0.2429
vn -0.5301 0.8127 0.2420
vn -0.0701 0.9858 0.1527
vn -0.4253 0.9050 -0.0019
vn -0.6756 0.3578 0.6446
vn -0.7552 0.4502 0.4763
vn -0.8850 0.2282 0.4058
vn -0.9034 -0.0179 0.4284
vn -0.6824 0.2873 0.6721
vn 0.2501 -0.8701 0.4246
vn 0.3713 -0.8837 0.2849
vn 0.4060 -0.8092 0.4247
vn -0.3691 0.8542 0.3663
vn -0.3072 0.7268 0.6143
vn -0.2365 0.7569 0.6092
vn -0.9119 -0.4068 -0.0543
vn -0.9200 -0.3897 0.0426
vn -0.8841 -0.4350 0.1708
vn -0.2604 -0.9443 0.2013
vn -0.2778 -0.9602 0.0279
vn 0.4830 -0.8213 0.3035
vn 0.1610 -0.9116 0.3782
vn 0.3340 -0.8873 0.3180
vn 0.5041 0.4515 0.7363
vn 0.2618 0.5659 0.7818
vn 0.2434 0.4712 0.8478
vn 0.1868 -0.9506 0.2478
vn -0.3514 0.3205 0.8797
vn -0.3749 0.4702 0.7989
vn -0.5355 0.1748 0.8262
vn -0.2621 -0.6921 -0.6725
vn -0.4896 -0.8109 -0.3206
vn -0.6363 -0.6062 -0.4771
vn 0.1047 0.8032 0.5864
vn -0.0484 0.9649 0.2582
vn -0.1911 0.8372 0.5124
vn -0.7299 0.6729 0.1202
vn -0.5635 0.8261 -0.0038
vn -0.6500 0.7542 -0.0930
vn 0.0515 -0.9853 0.1627
vn -0.1680 -0.9853 -0.0316
vn 0.1086 -0.9921 -0.0625
vn 0.9899 0.1362 0.0388
vn 0.9136 0.1855 0.3617
vn 0.9951 0.0107 0.0980
vn 0.2841 -0.9554 -0.0804
vn 0.2439 -0.9687 0.0465
vn 0.2707 -0.9531 -0.1352
vn 0.4944 0.8055 -0.3267
vn 0.4397 0.8878 -0.1362
vn 0.5362 0.8431 -0.0409
vn -0.6475 0.3065 -0.6977
vn -0.7548 -0.1141 -0.6459
vn -0.7310 0.2547 -0.6330
vn 0.8339 -0.5068 0.2186
vn 0.7935 -0.5882 -0.1559
vn 0.9261 -0.3561 -0.1244
vn -0.4609 0.8828 -0.0905
vn -0.3467 0.9351 0.0733
vn -0.3154 0.9090 -0.2726
vn -0.2881 -0.9036 -0.3171
vn -0.2016 -0.8833 -0.4233
vn -0.1980 -0.9772 -0.0762
vn 0.0877 0.9940 0.0653
vn 0.3447 0.8931 0.2892
vn 0.1895 0.9786 0.0800
vn 0.8928 -0.3561 -0.2757
vn 0.9194 -0.2530 -0.3013
vn -0.2930 -0.8796 -0.3746
vn -0.3894 -0.9067 -0.1619
vn -0.3209 -0.9114 -0.2576
vn 0.3868 -0.9214 -0.0364
vn 0.1891 -0.9704 -0.1505
vn 0.9599 0.2667 -0.0858
vn 0.9223 0.2472 -0.2971
vn 0.9831 -0.0772 -0.1659
vn 0.9465 -0.0831 -0.3117
vn 0.9595 0.2329 -0.1586
vn 0.9781 0.0796 0.1921
vn 0.9530 -0.2630 -0.1501
vn -0.1648 -0.9814 -0.0985
vn -0.1818 -0.9813 -0.0635
vn -0.2885 -0.9154 -0.2806
vn -0.9957 -0.0912 -0.0160
vn -0.9227 -0.3596 0.1387
vn -0.9995 -0.0299 0.0062
vn -0.8906 0.4503 -0.0638
vn -0.8993 0.2449 -0.3624
vn -0.9933 0.0999 -0.0574
vn 0.4037 -0.8556 -0.3240
vn 0.3626 -0.9021 -0.2337
vn 0.4588 -0.8849 -0.0807
vn 0.1879 -0.9427 -0.2758
vn 0.0934 -0.9788 -0.1821
vn 0.8926 0.2247 -0.3909
vn 0.7771 -0.1944 -0.5986
vn 0.7408 0.1971 -0.6422
vn 0.7155 -0.6087 -0.3429
vn 0.8182 -0.5180 -0.2495
vn 0.4915 -0.8490 -0.1940
vn 0.1999 -0.9423 -0.2686
vn 0.1952 -0.8725 -0.4479
vn 0.0781 -0.9124 -0.4018
vn 0.0314 -0.9067 -0.4206
vn 0.0834 0.9264 -0.3671
vn 0.0118 0.9237 -0.3830
vn 0.0036 0.8464 -0.5326
vn -0.1311 0.8217 -0.5547
vn 0.8511 0.3896 -0.3518
vn 0.6203 0.7008 -0.3524
vn 0.8482 0.4815 -0.2207
vn -0.3167 -0.9381 0.1400
vn -0.3400 -0.9397 -0.0354
vn -0.4560 -0.8678 -0.1977
vn 0.3649 -0.4570 -0.8112
vn 0.7102 -0.6092 -0.3529
vn 0.5404 -0.4338 -0.7209
vn -0.4822 -0.8343 -0.2672
vn -0.4224 -0.8591 -0.2890
vn 0.2167 0.8479 -0.4838
vn 0.2271 0.8379 -0.4963
vn 0.2254 0.8379 -0.4971
vn 0.0265 -0.6517 -0.7580
vn 0.0048 -0.5170 -0.8560
vn -0.0706 -0.8523 -0.5183
vn 0.2423 -0.9452 -0.2188
vn -0.1910 -0.9396 -0.2839
vn 0.0080 0.8912 -0.4536
vn -0.3118 0.7402 -0.5958
vn -0.4689 0.8447 -0.2583
vn -0.1187 0.8685 -0.4813
vn -0.6392 0.7304 -0.2408
vn -0.3186 0.9463 -0.0554
vn -0.5824 0.6978 -0.4170
vn 0.1322 -0.8529 -0.5051
vn 0.1665 -0.8792 -0.4464
vn 0.0447 -0.8757 -0.4807
vn 0.1164 -0.9265 -0.3579
vn 0.7175 0.6758 -0.1688
vn 0.9058 0.3503 -0.2384
vn 0.6322 0.7262 -0.2702
vn 0.1418 0.9784 0.1504
vn 0.2851 0.8916 -0.3518
vn -0.0923 0.9900 -0.1065
vn -0.1966 0.7852 -0.5873
vn -0.2559 0.7836 -0.5661
vn -0.5377 0.7830 -0.3128
vn 0.0950 0.9741 -0.2051
vn 0.0250 0.9810 -0.1925
vn 0.2110 0.9573 -0.1977
vn 0.0569 0.7401 -0.6701
vn -0.0003 0.9315 -0.3638
vn -0.4254 -0.7939 -0.4345
vn -0.3865 -0.8582 -0.3378
vn -0.3438 0.4402 -0.8295
vn -0.2904 0.7378 -0.6093
vn -0.4608 -0.7969 -0.3907
vn -0.5465 -0.6839 -0.4833
vn -0.4105 -0.8046 -0.4290
vn -0.6034 0.5240 -0.6011
vn -0.5835 0.6784 -0.4465
vn -0.7103 0.4404 -0.5491
vn -0.2119 0.6517 -0.7283
vn 0.0026 0.7908 -0.6121
vn 0.0004 0.8411 -0.5409
vn -0.0405 0.6680 -0.7431
vn -0.5788 0.3070 -0.7555
vn -0.4027 0.8216 -0.4034
vn 0.8099 -0.4307 -0.3981
vn 0.7354 -0.6775 -0.0133
vn 0.6146 -0.7611 -0.2072
vn -0.4246 -0.7283 -0.5378
vn -0.4108 -0.8439 -0.3451
vn -0.6309 0.3434 -0.6958
vn -0.6292 -0.0540 -0.7754
vn -0.8361 0.1634 -0.5238
vn -0.9575 0.2484 -0.1464
vn -0.7389 0.5430 -0.3990
vn -0.2264 0.8021 -0.5527
vn -0.1967 0.8153 -0.5446
vn -0.2607 0.6228 -0.7377
vn -0.3383 0.6212 -0.7068
vn -0.6106 0.6452 -0.4592
vn -0.7166 0.5265 -0.4574
vn 0.5271 -0.8328 -0.1695
vn 0.6168 -0.7727 -0.1501
vn 0.2794 0.7433 -0.6078
vn -0.0437 0.7295 -0.6826
vn 0.0806 0.8501 -0.5204
vn 0.8619 0.2476 -0.4425
vn 0.8885 0.0767 -0.4524
vn 0.6549 -0.1957 -0.7300
vn -0.7171 -0.0280 -0.6964
vn -0.6813 -0.0233 -0.7316
vn -0.6887 -0.0643 -0.7222
vn -0.1906 0.4820 -0.8552
vn -0.0300 0.7133 -0.7002
vn 0.2425 0.6148 -0.7505
vn -0.3813 0.5066 -0.7733
vn -0.5429 0.4605 -0.7023
vn -0.0658 -0.8094 -0.5836
vn 0.0196 -0.7700 -0.6377
vn 0.0371 -0.9267 -0.3740
vn 0.3978 0.7591 -0.5154
vn 0.5899 0.7220 -0.3616
vn 0.2343 0.7791 -0.5814
vn 0.4472 0.5058 -0.7377
vn 0.4328 0.4733 -0.7672
vn 0.5352 0.4750 -0.6985
vn 0.1494 0.5217 -0.8399
vn 0.4697 0.4730 -0.7454
vn 0.7313 0.6685 0.1352
vn 0.7228 0.6909 -0.0137
vn 0.3645 0.9182 0.1554
vn -0.6354 -0.1035 -0.7652
vn -0.6155 0.0291 -0.7876
vn 0.7726 -0.4583 -0.4393
vn 0.5126 -0.4023 -0.7586
vn 0.6481 -0.3653 -0.6682
vn 0.1565 0.3836 -0.9101
vn 0.4169 0.3288 -0.8474
vn 0.3008 0.3201 -0.8984
vn -0.2699 -0.1250 -0.9547
vn -0.2657 -0.2613 -0.9280
vn 0.0551 -0.4625 -0.8849
vn -0.2629 -0.6428 -0.7195
vn -0.1062 -0.3604 -0.9267
vn -0.1043 -0.5725 -0.8132
vn -0.5338 -0.2154 -0.8177
vn -0.3095 -0.1606 -0.9372
vn -0.0561 -0.0902 -0.9943
vn 0.1097 0.1099 -0.9879
vn 0.4297 -0.0854 -0.8989
vn 0.3698 0.2410 -0.8973
vn 0.1603 -0.2788 -0.9469
vn 0.5973 -0.0913 -0.7968
vn -0.1734 0.2254 -0.9587
vn -0.0486 0.0409 -0.9980
vn 0.0337 -0.0561 -0.9979
vn 0.4999 -0.4526 -0.7384
vn 0.6899 -0.3258 -0.6465
vn 0.3395 -0.2627 -0.9031
vn 0.0452 -0.2768 -0.9599
vn -0.0133 -0.2613 -0.9652
vn -0.0983 -0.4118 -0.9060
vn 0.2541 0.2538 -0.9333
vn 0.3073 0.0211 -0.9514
vn 0.2798 0.0312 -0.9596
vn -0.0169 0.7660 -0.6426
vn 0.0169 0.7520 -0.6589
vn -0.0317 0.5879 -0.8083
vn 0.0474 0.6259 -0.7784
vn -0.2807 0.5300 -0.8002
vn 0.2241 0.7115 -0.6660
vn -0.0480 0.7341 -0.6774
vn 0.2734 0.6204 -0.7351
vn 0.5125 0.4610 -0.7245
vn 0.4842 0.8185 0.3093
vn 0.3319 0.8667 -0.3724
vn 0.4928 0.8220 -0.2854
vn 0.2280 0.3703 -0.9005
vn 0.5286 0.2559 -0.8094
vn 0.4310 0.0839 -0.8985
vn 0.0785 -0.4545 -0.8873
vn 0.3371 -0.5916 -0.7324
vn 0.1249 -0.4596 -0.8793
vn 0.4809 -0.5651 -0.6703
vn -0.0343 -0.7208 -0.6923
vn 0.2796 -0.3054 -0.9103
vn 0.5416 -0.6359 -0.5499
vn 0.5155 -0.7532 -0.4085
vn 0.6199 -0.2090 -0.7563
vn 0.4805 -0.6208 -0.6194
vn 0.4549 -0.3787 -0.8060
vn 0.0975 0.0569 -0.9936
vn 0.6985 0.3230 -0.6385
vn 0.3766 0.3787 -0.8454
vn 0.0893 0.0559 -0.9944
vn 0.1796 -0.4961 -0.8495
vn 0.4742 -0.6054 -0.6393
vn 0.1733 -0.7837 -0.5965
vn 0.2702 -0.8609 -0.4310
vn 0.2731 -0.8646 -0.4219
vn -0.3149 -0.6560 -0.6859
vn -0.5988 -0.3091 -0.7389
vn -0.4491 -0.6132 -0.6498
vn -0.2897 -0.3013 -0.9085
vn 0.0084 -0.3049 -0.9524
vn -0.1902 -0.5828 -0.7900
vn 0.0861 -0.5822 -0.8085
vn 0.3324 -0.6931 -0.6396
vn -0.0277 -0.8345 -0.5503
vn 0.3344 -0.8519 -0.4031
vn 0.2799 -0.9503 -0.1362
vn -0.0533 -0.9417 -0.3322
vn -0.1166 -0.8796 -0.4613
vn -0.4359 -0.4205 -0.7957
vn -0.7244 -0.3273 -0.6067
vn -0.6574 -0.6528 -0.3765
vn -0.3436 -0.8463 -0.4070
vn -0.3692 -0.9017 -0.2250
vn -0.5144 -0.8567 0.0397
vn -0.2294 -0.9689 -0.0924
vn -0.2831 -0.8761 0.3902
vn -0.2413 -0.9145 -0.3247
vn -0.0376 -0.9547 -0.2952
vn -0.1617 -0.8412 -0.5160
vn -0.7665 -0.6389 -0.0651
vn -0.2874 -0.9421 0.1728
vn -0.1069 -0.8673 0.4863
vn 0.0182 -0.9981 -0.0594
vn 0.1773 -0.9509 0.2536
vn 0.0761 -0.9670 0.2430
vn -0.2006 -0.9795 -0.0165
vn -0.1384 -0.9084 -0.3945
vn -0.1681 -0.8628 -0.4768
vn -0.5863 -0.7766 -0.2306
vn -0.6063 -0.7941 0.0419
vn -0.5321 -0.7775 0.3352
vn -0.2668 -0.8891 0.3719
vn 0.5547 -0.8320 -0.0115
vn 0.2987 -0.9402 0.1640
vn 0.4920 -0.8496 0.1903
vn 0.2306 -0.9464 -0.2261
vn 0.1297 -0.7994 -0.5866
vn 0.2390 -0.9637 0.1188
vn 0.0074 -0.8145 -0.5802
vn -0.2285 -0.7687 -0.5974
vn -0.0526 -0.6601 -0.7493
vn -0.0824 -0.6808 -0.7278
vn -0.1663 -0.6134 -0.7721
vn -0.0872 -0.4282 -0.8994
vn -0.0808 -0.6443 -0.7605
vn 0.0828 -0.6167 -0.7828
vn 0.0355 -0.7758 -0.6299
vn -0.0397 -0.9889 -0.1428
vn -0.1374 -0.9530 -0.2700
vn 0.5592 -0.7564 -0.3393
vn 0.6889 -0.7109 -0.1415
vn 0.6799 -0.5595 -0.4741
vn 0.5208 -0.4432 -0.7296
vn 0.2757 -0.3467 -0.8966
vn 0.1841 -0.5766 -0.7960
vn 0.0347 -0.9295 -0.3671
vn 0.5692 -0.5363 -0.6233
vn -0.4099 -0.7906 -0.4549
vn -0.0998 -0.8824 -0.4598
vn -0.3519 -0.6826 -0.6405
vn -0.7934 -0.0834 -0.6030
vn -0.6672 -0.4830 -0.5671
vn -0.5026 -0.6363 -0.5852
vn -0.2844 -0.4342 -0.8547
vn -0.1919 -0.4884 -0.8513
vn -0.6705 -0.2323 -0.7046
vn -0.0314 -0.4935 -0.8692
vn -0.1482 -0.4830 -0.8630
vn -0.1497 -0.5960 -0.7889
vn -0.1655 -0.4555 -0.8747
vn -0.1153 -0.5867 -0.8016
vn -0.1411 -0.3255 -0.9350
vn -0.1826 -0.2089 -0.9607
vn -0.1820 0.1451 -0.9725
vn -0.0878 0.4110 -0.9074
vn 0.0946 -0.0139 -0.9954
vn 0.2610 0.4447 -0.8568
vn 0.0976 0.5335 -0.8401
vn -0.0290 0.6372 -0.7702
vn -0.0475 0.6027 -0.7965
vn -0.0215 0.6320 -0.7747
vn -0.2944 0.4271 -0.8549
vn -0.4310 0.2345 -0.8714
vn -0.2347 0.1109 -0.9657
vn 0.0050 0.1441 -0.9895
vn 0.0274 0.3396 -0.9402
vn -0.1395 0.7577 -0.6375
vn -0.0890 0.5673 -0.8187
vn -0.2182 0.4975 -0.8396
vn 0.1491 0.6540 -0.7417
vn 0.0181 0.6672 -0.7447
vn 0.3740 0.8025 -0.4650
vn 0.1415 0.8273 -0.5437
vn -0.4678 0.4745 -0.7457
vn -0.6777 0.5120 -0.5278
vn -0.5544 0.6659 -0.4993
vn -0.0553 0.4494 -0.8916
vn 0.3825 0.2939 -0.8760
vn 0.3587 0.5106 -0.7814
vn 0.0037 0.5856 -0.8106
vn 0.1452 0.5755 -0.8048
vn 0.3107 0.8066 -0.5028
vn 0.0786 0.9454 -0.3164
vn -0.3859 0.7513 -0.5353
vn -0.5083 0.2810 -0.8141
vn -0.5277 0.3406 -0.7782
vn -0.4932 0.2111 -0.8439
vn -0.2061 0.4367 -0.8757
vn -0.5424 0.4170 -0.7293
vn -0.4616 0.4895 -0.7398
vn -0.2149 0.2431 -0.9459
vn 0.1679 0.2580 -0.9515
vn 0.0077 -0.0066 -0.9999
vn 0.3760 0.2473 -0.8930
vn 0.4365 0.6223 -0.6498
vn 0.3135 0.5882 -0.7455
vn 0.4206 0.7384 -0.5271
vn -0.3479 -0.0192 -0.9373
vn -0.5980 0.0929 -0.7961
vn -0.4795 0.2105 -0.8519
vn -0.5674 0.3734 -0.7339
vn -0.4216 0.4672 -0.7772
vn -0.6566 0.6808 -0.3246
vn -0.5206 0.7479 -0.4118
vn -0.4353 0.8747 -0.2132
vn -0.3770 0.8903 -0.2556
vn -0.1069 0.9048 -0.4123
vn -0.2210 0.9451 -0.2409
vn -0.0260 0.6253 -0.7800
vn -0.2677 0.3878 -0.8820
vn -0.2054 0.5910 -0.7801
vn -0.3469 0.5846 -0.7334
vn -0.5556 0.6337 -0.5383
vn -0.6572 0.5278 -0.5381
vn -0.5609 0.1849 -0.8070
vn -0.4540 0.4847 -0.7476
vn -0.3584 -0.0334 -0.9330
vn -0.2613 0.5892 -0.7646
vn -0.2621 0.5716 -0.7776
vn -0.0575 0.4299 -0.9011
vn -0.2888 0.6096 -0.7383
vn -0.3517 0.6599 -0.6639
vn -0.5336 0.1972 -0.8224
vn -0.5285 0.0164 -0.8488
vn -0.5555 -0.1255 -0.8220
vn -0.7408 0.0002 -0.6718
vn -0.5096 0.3354 -0.7924
vn -0.5423 0.1297 -0.8301
vn -0.5339 0.4484 -0.7169
vn -0.4998 0.4309 -0.7513
vn -0.4909 0.4113 -0.7680
vn -0.5325 0.4937 -0.6875
vn -0.6352 0.5969 -0.4903
vn -0.1841 0.9162 -0.3559
vn -0.5222 0.7505 -0.4051
vn -0.6143 0.3615 -0.7014
vn -0.6739 0.3429 -0.6544
vn -0.6879 0.5560 -0.4665
vn -0.5854 -0.0288 -0.8102
vn -0.6734 0.6869 -0.2731
vn -0.8505 0.5201 -0.0786
vn -0.7917 0.5233 -0.3151
vn -0.8596 0.3992 -0.3188
vn -0.7523 0.5834 -0.3060
vn -0.4729 0.8589 -0.1968
vn -0.1454 0.9820 -0.1205
vn -0.1719 0.9137 0.3684
vn -0.5970 0.7931 -0.1208
vn -0.4352 0.7645 0.4756
vn -0.4291 0.7156 0.5512
vn -0.4390 0.8783 0.1893
vn -0.7991 0.5417 0.2609
vn -0.6958 0.4350 0.5715
vn -0.9196 0.2405 0.3106
vn -0.7435 0.4238 0.5172
vn -0.6013 0.6011 0.5263
vn -0.6965 0.7080 -0.1168
vn -0.6943 0.7149 0.0823
vn -0.3717 0.6373 -0.6751
vn -0.1962 0.8042 -0.5610
vn -0.2515 0.7235 -0.6428
vn 0.0128 0.9932 -0.1153
vn -0.0120 0.9454 -0.3256
vn -0.2590 0.8637 -0.4324
vn -0.1197 0.8561 -0.5028
vn 0.0522 0.9547 -0.2930
vn 0.0406 0.8814 -0.4706
vn 0.0748 0.9920 -0.1012
vn -0.0546 0.9774 -0.2040
vn 0.1193 0.9703 -0.2104
vn 0.4900 0.8256 -0.2797
vn 0.7743 0.5576 -0.2993
vn 0.6235 0.7033 -0.3416
vn 0.6099 0.7688 0.1922
vn 0.8548 0.5178 -0.0336
vn 0.4978 0.8635 0.0810
vn 0.6141 0.6902 0.3827
vn 0.4455 0.8931 0.0623
vn 0.1403 0.9894 -0.0367
vn 0.1626 0.9854 -0.0506
vn 0.0451 0.9435 -0.3283
vn 0.1426 0.9898 -0.0048
vn 0.6846 0.4443 -0.5778
vn 0.8252 0.5362 -0.1777
vn 0.5208 0.7439 -0.4188
vn 0.1706 0.6463 -0.7438
vn -0.0277 0.9292 -0.3685
vn 0.2049 0.6910 -0.6932
vn 0.5133 0.5458 -0.6622
vn 0.5797 -0.1641 -0.7981
vn 0.7479 -0.5449 -0.3792
vn 0.8186 -0.4989 -0.2846
vn 0.8102 -0.3950 -0.4331
vn 0.5488 -0.6750 -0.4931
vn 0.4688 -0.6885 -0.5534
vn 0.0577 -0.8505 -0.5228
vn -0.0381 -0.8593 -0.5101
vn 0.0860 -0.6400 -0.7636
vn 0.2537 -0.6103 -0.7504
vn 0.5050 -0.5967 -0.6236
vn 0.2107 -0.9431 -0.2572
vn 0.5661 -0.7333 -0.3767
vn 0.2718 -0.9344 -0.2302
vn 0.2028 -0.9783 -0.0415
vn -0.0734 -0.9780 -0.1950
vn 0.0026 -0.8716 0.4902
vn -0.0509 -0.9528 0.2993
vn -0.3497 -0.8903 0.2917
vn 0.1931 -0.9768 -0.0923
vn 0.1669 -0.9816 0.0923
vn 0.2032 -0.9780 -0.0480
vn 0.2273 -0.9626 0.1475
vn 0.1058 -0.9695 0.2209
vn 0.1796 -0.9351 0.3055
vn 0.1968 -0.9191 0.3414
vn -0.1546 -0.9788 0.1346
vn -0.4226 -0.8220 -0.3817
vn -0.5847 -0.7728 -0.2468
vn -0.2638 -0.8581 -0.4405
vn 0.0065 -0.9792 -0.2029
vn -0.6669 -0.7445 0.0326
vn -0.4899 -0.8031 0.3391
vn -0.7610 -0.6436 -0.0814
vn -0.6482 -0.7312 0.2125
vn -0.2704 -0.9225 0.2756
vn -0.2586 -0.9569 -0.1321
vn -0.0352 -0.8597 0.5096
vn -0.4717 -0.7407 0.4784
vn 0.1894 -0.9652 0.1805
vn -0.0322 -0.9121 0.4087
vn -0.3173 -0.9170 0.2419
vn 0.3117 -0.9350 -0.1693
vn -0.2683 -0.9508 0.1549
vn -0.1945 -0.8820 0.4291
vn -0.0057 -0.8563 0.5165
vn -0.1990 -0.8027 0.5622
vn 0.2059 -0.7107 0.6727
vn 0.2269 -0.5595 0.7971
vn 0.4438 -0.0306 0.8956
vn 0.7913 -0.2229 0.5693
vn 0.5295 0.0295 0.8478
vn 0.2341 0.2442 0.9410
vn -0.1437 0.7761 0.6141
vn -0.0031 0.7712 0.6365
vn 0.2455 0.9420 0.2290
vn 0.2261 0.5196 0.8239
vn -0.1604 0.7490 0.6429
vn 0.2667 0.5294 0.8054
vn 0.2256 0.8432 0.4879
vn 0.6289 0.7685 0.1179
vn 0.2876 0.9384 -0.1916
vn 0.0406 0.9502 -0.3089
vn 0.3343 0.8720 -0.3577
vn -0.2643 0.9482 -0.1765
vn -0.0527 0.9134 0.4037
vn -0.3268 0.8726 0.3630
vn -0.7696 0.3556 0.5303
vn -0.2267 0.7695 0.5971
vn -0.4137 0.6267 0.6604
vn -0.2778 0.5234 0.8055
vn -0.3356 0.3801 0.8619
vn 0.1701 0.9278 0.3320
vn 0.2638 0.9363 0.2316
vn 0.4455 0.8934 -0.0585
vn -0.0406 0.9991 0.0117
vn -0.1938 0.9750 -0.1084
vn -0.0154 0.9641 -0.2650
vn 0.3670 0.7587 0.5383
vn 0.2722 0.9322 0.2387
vn 0.3359 0.9417 -0.0218
vn 0.5941 0.7791 -0.2002
vn 0.8449 0.4882 0.2186
vn 0.7102 0.5604 0.4262
vn 0.8507 0.2846 0.4418
vn 0.6551 0.3707 0.6584
vn 0.2559 0.4740 0.8425
vn 0.5553 0.4750 0.6827
vn -0.0664 0.3607 0.9303
vn 0.1046 0.3545 0.9292
vn 0.2928 0.4445 0.8466
vn 0.2774 0.8218 0.4976
vn 0.1712 0.9535 0.2482
vn 0.6432 0.7493 0.1578
vn -0.0780 0.9023 0.4240
vn 0.0034 0.8047 0.5937
vn -0.0564 0.6995 0.7124
vn -0.4695 0.8362 0.2834
vn -0.2495 0.9642 0.0901
vn -0.2500 0.9443 0.2140
vn -0.1755 0.9763 0.1267
vn 0.2318 0.8062 0.5444
vn 0.7128 0.5189 0.4718
vn 0.3977 0.8482 0.3498
vn 0.7407 0.3304 0.5850
vn 0.5690 0.7729 0.2808
vn 0.1721 0.9789 -0.1103
vn 0.0265 0.8955 0.4443
vn -0.2317 0.6614 0.7134
vn -0.1377 0.9319 0.3356
vn -0.1531 0.7659 0.6245
vn -0.1691 0.7967 0.5802
vn -0.5027 0.4938 0.7095
vn -0.6358 0.7172 0.2851
vn 0.0272 0.9968 0.0750
vn -0.0563 0.9963 0.0645
vn 0.1266 0.9916 -0.0249
vn -0.1894 0.8669 0.4612
vn -0.1777 0.9633 -0.2013
vn -0.4388 0.8929 0.1015
vn -0.2426 0.9633 -0.1153
vn -0.5563 0.6733 0.4870
vn -0.1321 0.4613 0.8773
vn 0.0138 0.5185 0.8550
vn -0.1660 0.7813 0.6017
vn -0.2152 0.8979 0.3839
vn 0.1309 0.9413 0.3111
vn -0.0484 0.9969 0.0619
vn 0.1371 0.9618 -0.2371
vn 0.3242 0.9460 -0.0068
vn 0.2946 0.9306 0.2173
vn 0.4171 0.8535 0.3122
vn 0.5638 0.6800 0.4687
vn 0.0580 0.4146 0.9082
vn 0.1058 0.6992 0.7070
vn 0.1640 0.8293 -0.5341
vn -0.0083 0.9912 -0.1318
vn -0.0403 0.8030 -0.5946
vn 0.0266 0.9712 0.2370
vn 0.1352 0.9448 -0.2986
vn 0.1233 0.8483 -0.5149
vn 0.2761 0.9512 0.1380
vn -0.2486 0.9180 0.3091
vn -0.0442 0.7893 0.6125
vn 0.4425 0.5306 0.7229
vn 0.4173 0.6927 0.5882
vn -0.2119 0.8999 0.3811
vn -0.6004 0.3867 0.7000
vn -0.5592 0.6073 0.5643
vn -0.6311 0.6843 0.3653
vn -0.2909 0.5595 0.7761
vn -0.4909 0.6878 0.5347
vn -0.5383 0.3786 0.7529
vn -0.3661 -0.0215 0.9303
vn -0.4427 -0.0673 0.8941
vn -0.5639 -0.1611 0.8099
vn -0.1810 -0.4000 0.8984
vn 0.1340 -0.5995 0.7891
vn -0.1823 -0.2018 0.9623
vn 0.5571 -0.7006 0.4458
vn 0.4185 -0.6238 0.6601
vn 0.3440 -0.8910 0.2961
vn 0.0998 -0.7687 0.6318
vn 0.0347 0.9613 0.2734
vn 0.3612 0.4653 0.8081
vn -0.1193 0.4624 0.8786
vn -0.1548 0.4414 0.8839
vn -0.0562 0.5677 0.8213
vn 0.2306 0.4665 0.8540
vn -0.0731 0.6425 0.7628
vn -0.3610 0.8635 0.3521
vn -0.5852 0.6552 0.4778
vn -0.4942 0.8134 0.3069
vn -0.4942 0.6841 0.5365
vn 0.1347 0.1410 0.9808
vn -0.2080 -0.0098 0.9781
vn -0.0556 0.3436 0.9375
vn 0.0390 0.3017 0.9526
vn -0.1562 0.2557 0.9541
vn -0.1123 -0.0214 0.9934
vn -0.6227 0.1298 0.7717
vn -0.4262 -0.9009 0.0821
vn -0.6399 -0.1667 0.7502
vn -0.6345 -0.0394 0.7720
vn -0.3037 -0.1415 0.9422
vn -0.2133 0.3399 0.9159
vn -0.1600 -0.1863 0.9694
vn 0.1066 -0.0903 0.9902
vn -0.3779 -0.3199 0.8689
vn -0.5064 -0.4038 0.7619
vn -0.2772 -0.5667 0.7759
vn -0.1006 -0.3937 0.9137
vn 0.1614 -0.6220 0.7662
vn -0.1466 -0.7950 0.5886
vn -0.2359 -0.8743 0.4241
vn -0.4397 -0.8928 0.0977
vn -0.5178 -0.8213 0.2394
vn -0.2753 -0.9584 -0.0749
vn -0.3473 -0.8539 -0.3876
vn -0.3096 -0.8841 -0.3500
vn -0.5775 -0.5642 -0.5900
vn -0.7240 -0.5510 -0.4151
vn -0.6539 -0.7548 0.0524
vn -0.3614 -0.6252 -0.6918
vn -0.7651 -0.2599 -0.5892
vn -0.7542 -0.5557 -0.3498
vn -0.2657 -0.6859 -0.6775
vn -0.0117 -0.2421 -0.9702
vn -0.3565 -0.0234 -0.9340
vn -0.4585 -0.4278 -0.7789
vn -0.4156 -0.4630 -0.7829
vn -0.5190 -0.3740 -0.7687
vn -0.7336 -0.1602 -0.6605
vn -0.6960 -0.3867 -0.6050
vn -0.6421 -0.3107 -0.7009
vn -0.7503 -0.4874 -0.4466
vn -0.3854 0.0314 -0.9222
vn -0.2844 0.0108 -0.9586
vn -0.3400 0.0227 -0.9401
vn -0.6793 0.5927 -0.4327
vn -0.6390 0.6356 -0.4333
vn -0.8317 0.5269 -0.1753
vn -0.8872 0.4456 -0.1201
vn -0.7867 0.5868 -0.1917
vn -0.6677 0.7441 -0.0210
vn -0.6640 0.7464 -0.0447
vn -0.6948 0.6773 0.2421
vn -0.6588 0.7104 0.2477
vn -0.3418 0.7788 0.5260
vn -0.1023 0.6647 0.7401
vn -0.2571 0.5176 0.8161
vn -0.4240 0.5980 0.6802
vn -0.5426 0.7894 0.2873
vn 0.2082 0.5973 0.7745
vn 0.2269 0.9108 0.3449
vn -0.1970 0.9774 0.0770
vn -0.2355 0.2045 0.9501
vn -0.0765 0.9425 0.3253
vn 0.0031 0.8869 0.4619
vn -0.3770 0.7153 0.5884
vn 0.0208 0.7730 0.6340
vn -0.5267 0.7281 0.4386
vn -0.6309 0.6218 0.4639
vn -0.2751 0.9268 0.2555
vn -0.0156 0.9988 0.0464
vn -0.2451 0.9641 0.1023
vn -0.2388 0.6083 0.7570
vn -0.1317 0.9472 0.2925
vn -0.6261 0.5606 0.5420
vn -0.8372 0.0632 0.5433
vn -0.7013 0.3893 0.5972
vn -0.5038 0.7185 0.4795
vn -0.1559 0.9387 0.3073
vn -0.3321 0.7339 0.5925
vn -0.6590 -0.4165 0.6263
vn -0.1705 -0.1416 0.9751
vn -0.3511 -0.2545 0.9011
vn -0.3133 0.0637 0.9475
vn -0.3835 -0.3194 0.8665
vn -0.4726 -0.4339 0.7671
vn -0.5433 0.2817 0.7908
vn -0.6441 0.0317 0.7643
vn -0.7053 -0.4077 0.5800
vn -0.4144 -0.6474 0.6396
vn -0.9021 -0.0880 0.4225
vn -0.8747 -0.1724 0.4530
vn -0.8028 -0.0974 0.5882
vn -0.5939 -0.2990 0.7469
vn -0.3186 -0.4326 0.8434
vn 0.1225 -0.4189 0.8997
vn 0.5804 -0.4534 0.6764
vn 0.0098 -0.3791 0.9253
vn 0.0244 -0.6344 0.7726
vn -0.1373 -0.8314 0.5385
vn -0.4055 -0.7109 0.5746
vn -0.1659 -0.3684 0.9147
vn -0.5885 -0.2921 0.7539
vn -0.5527 -0.4420 0.7065
vn -0.4565 -0.3170 0.8314
vn -0.2294 -0.2535 0.9397
vn -0.3032 -0.0682 0.9505
vn -0.0183 -0.1096 0.9938
vn -0.0165 -0.7234 0.6902
vn -0.2705 -0.6016 0.7516
vn 0.0312 -0.6707 0.7411
vn -0.2608 0.0660 0.9631
vn -0.2243 0.3646 0.9038
vn -0.5078 -0.1946 0.8392
vn -0.7360 -0.1732 0.6545
vn -0.5138 -0.4047 0.7565
vn -0.2491 -0.4998 0.8295
vn -0.6967 -0.5112 0.5033
vn -0.5890 -0.5517 0.5906
vn -0.3790 -0.7244 0.5758
vn -0.0644 -0.6204 0.7816
vn -0.0680 -0.9340 0.3508
vn 0.1045 -0.9007 0.4217
vn 0.2199 -0.9230 0.3157
vn -0.5940 -0.5791 0.5583
vn -0.7151 -0.2151 0.6651
vn -0.7264 -0.4396 0.5283
vn -0.5751 -0.1537 0.8035
vn -0.4324 -0.0533 0.9001
vn -0.5342 0.1060 0.8387
vn -0.4210 -0.8085 0.4112
vn -0.0548 -0.8317 0.5525
vn 0.2316 0.3578 0.9046
vn 0.2837 0.1173 0.9517
vn 0.0895 -0.4018 0.9114
vn 0.1646 -0.4448 0.8804
vn -0.5268 -0.3762 0.7622
vn -0.0990 -0.3020 0.9482
vn -0.1600 -0.3273 0.9313
vn -0.6319 -0.3416 0.6957
vn -0.5549 -0.4288 0.7129
vn -0.7013 -0.3706 0.6090
vn -0.6874 -0.2971 0.6627
vn -0.6839 -0.3237 0.6539
vn -0.6828 -0.1826 0.7074
vn -0.2668 0.2088 0.9409
vn -0.2577 0.1370 0.9565
vn -0.7033 0.0131 0.7107
vn -0.3448 0.0914 0.9342
vn -0.6057 -0.0061 0.7957
vn -0.4343 0.0642 0.8985
vn -0.6817 0.0567 0.7294
vn -0.9006 -0.2720 0.3389
vn -0.7736 -0.1822 0.6069
vn -0.7750 -0.0398 0.6307
vn -0.0779 0.4529 0.8881
vn -0.2058 0.2507 0.9459
vn -0.4848 0.2121 0.8485
vn -0.4980 -0.0873 0.8628
vn -0.8678 -0.4938 -0.0555
vn -0.6831 -0.7097 0.1726
vn -0.5031 -0.7733 0.3859
vn -0.8651 -0.4885 -0.1138
vn -0.7825 -0.6173 0.0817
vn -0.9929 -0.1103 0.0456
vn -0.9656 -0.2255 -0.1298
vn -0.7222 0.4955 0.4827
vn -0.4525 0.6469 0.6139
vn -0.2982 0.5388 0.7879
vn -0.5788 0.3732 0.7251
vn -0.5412 0.0389 0.8400
vn -0.9495 -0.0372 0.3116
vn -0.7168 0.0501 0.6955
vn -0.9539 -0.2346 -0.1871
vn -0.9998 0.0100 -0.0151
vn -0.9263 0.3754 -0.0320
vn -0.9685 0.2298 0.0960
vn -0.8514 0.4229 0.3103
vn -0.6681 0.6769 0.3090
vn -0.8527 0.3402 0.3964
vn -0.4174 0.7200 0.5545
vn -0.7589 0.0997 0.6436
vn -0.8614 -0.3000 0.4098
vn -0.9181 -0.3946 -0.0377
vn -0.8773 -0.0564 -0.4766
vn -0.9231 -0.2911 -0.2515
vn -0.7653 -0.6350 0.1047
vn -0.7437 -0.6659 0.0579
vn -0.8669 -0.4733 0.1562
vn -0.5191 -0.7542 0.4022
vn -0.5920 -0.6434 0.4855
vn -0.4908 -0.8527 0.1787
vn -0.5545 -0.8288 0.0743
vn -0.4458 -0.8079 0.3855
vn -0.2393 -0.9689 0.0627
vn -0.5288 -0.7923 0.3042
vn -0.3197 -0.9428 0.0939
vn -0.3326 -0.9321 -0.1437
vn -0.5762 -0.7800 0.2440
vn 0.1619 -0.8815 0.4436
vn 0.1541 -0.9656 0.2093
vn -0.7148 -0.6717 -0.1945
vn -0.4683 -0.8428 -0.2654
vn -0.3548 -0.8785 -0.3199
vn -0.2995 -0.9154 -0.2691
vn -0.2903 -0.9072 -0.3046
vn -0.3911 -0.8907 -0.2318
vn -0.8367 -0.4934 -0.2377
vn -0.8163 -0.5742 -0.0633
vn -0.4246 -0.8927 0.1509
vn -0.2369 -0.9715 0.0014
vn -0.4880 -0.8377 0.2452
vn -0.4476 -0.4233 -0.7877
vn -0.3996 -0.8310 -0.3870
vn -0.0229 -0.9904 0.1360
vn -0.3984 -0.8415 -0.3649
vn -0.4251 -0.8413 -0.3339
vn -0.7796 -0.4914 -0.3882
vn -0.7416 -0.5272 -0.4149
vn -0.7138 -0.6336 -0.2984
vn -0.7985 -0.5728 -0.1851
vn -0.8617 -0.4752 -0.1778
vn -0.6768 -0.6938 -0.2462
vn -0.9900 -0.1412 -0.0018
vn -0.9454 -0.3236 -0.0384
vn -0.7521 -0.5853 -0.3029
vn -0.6229 0.6667 -0.4093
vn -0.8599 0.4683 -0.2030
vn -0.7654 0.4921 -0.4148
vn -0.8514 0.5234 -0.0344
vn -0.8749 0.4792 0.0704
vn -0.8033 0.2832 0.5239
vn -0.4089 -0.9114 0.0468
vn -0.9321 0.2475 0.2643
vn -0.9968 0.0047 0.0797
vn -0.7671 -0.0752 0.6372
vn -0.9155 0.2263 0.3326
vn -0.5693 0.2172 0.7930
vn -0.6688 0.6666 0.3292
vn -0.7790 0.6190 -0.0997
vn -0.6430 0.6475 0.4089
vn -0.8304 0.4771 0.2878
vn -0.5870 0.0198 0.8094
vn -0.8441 0.3961 0.3614
vn -0.6990 0.3315 0.6336
vn -0.4726 0.5042 0.7228
vn 0.6077 0.6579 0.4447
vn -0.8422 0.4720 0.2606
vn -0.9085 0.3184 0.2705
vn -0.7189 0.6915 -0.0707
vn -0.6879 0.7121 0.1408
vn -0.6407 0.7533 -0.1481
vn -0.8644 0.5010 0.0429
vn -0.5684 0.7863 -0.2420
vn -0.7589 0.4567 0.4642
vn -0.9953 -0.0112 0.0961
vn -0.9734 -0.2278 -0.0254
vn -0.8692 -0.2621 -0.4193
vn -0.7940 0.1423 -0.5910
vn -0.9996 0.0144 0.0258
vn -0.9923 -0.0127 0.1228
vn -0.7934 -0.4856 -0.3671
vn -0.9336 -0.3519 0.0669
vn -0.9513 -0.2855 0.1163
vn -0.9881 -0.0175 -0.1526
vn -0.9828 0.1204 -0.1400
vn -0.7246 0.6210 -0.2988
vn -0.9756 0.1539 -0.1568
vn -0.8573 0.4962 -0.1370
vn -0.9854 0.1637 -0.0460
vn -0.9722 -0.2307 0.0406
vn -0.9845 -0.1567 0.0781
vn -0.9205 -0.2829 -0.2694
vn -0.6393 -0.3607 -0.6791
vn -0.9295 0.3550 0.0998
vn -0.7884 0.3156 -0.5280
vn -0.8285 0.4187 0.3720
vn -0.7290 -0.5230 0.4417
vn -0.8516 -0.4642 -0.2436
vn -0.7004 -0.5936 -0.3964
vn -0.5736 -0.1465 -0.8059
vn -0.9670 -0.0486 -0.2502
vn -0.8269 0.5623 0.0085
vn -0.5704 -0.5666 0.5946
vn -0.7755 -0.5342 0.3365
vn -0.7895 -0.6137 -0.0086
vn -0.6618 -0.7145 0.2267
vn -0.5212 -0.8375 -0.1641
vn -0.8930 -0.3904 -0.2239
vn -0.4658 -0.7823 -0.4136
vn -0.4699 -0.5330 -0.7037
vn -0.5892 -0.2810 -0.7575
vn -0.5728 -0.0837 -0.8154
vn -0.6349 0.1749 -0.7525
vn -0.8319 0.5535 0.0410
vn -0.8066 0.5658 0.1710
vn -0.7952 0.5447 0.2665
vn -0.8585 0.4100 0.3080
vn -0.6233 -0.2951 0.7241
vn -0.8500 -0.0095 0.5268
vn -0.8526 -0.0572 0.5195
vn -0.7666 -0.4903 0.4146
vn -0.6765 -0.4712 0.5660
vn -0.5404 -0.4543 0.7082
vn -0.5853 -0.4188 0.6943
vn -0.7337 -0.5605 0.3841
vn -0.5038 -0.8023 -0.3201
vn -0.4260 -0.7445 -0.5141
vn -0.6212 -0.5421 -0.5659
vn -0.7375 -0.0040 -0.6754
vn -0.7931 0.1700 -0.5849
vn -0.8362 0.4627 -0.2944
vn -0.7920 0.5074 -0.3396
vn -0.5102 -0.8600 0.0067
vn -0.8373 -0.2931 -0.4615
vn -0.9077 -0.0425 -0.4175
vn -0.9797 -0.1708 0.1053
vn -0.9928 -0.1095 -0.0492
vn -0.8664 -0.4749 -0.1545
vn -0.8550 -0.2687 -0.4436
vn -0.8349 -0.4914 0.2479
vn -0.9629 -0.1379 0.2319
vn -0.8102 -0.4291 0.3993
vn -0.5551 -0.6943 0.4582
vn -0.7502 -0.6557 -0.0854
vn -0.8529 -0.4618 -0.2435
vn -0.9673 -0.2047 -0.1500
vn -0.8468 -0.3527 -0.3983
vn -0.9293 -0.3420 0.1394
vn -0.7397 -0.6252 0.2489
vn -0.5244 -0.8215 0.2240
vn -0.8809 -0.4729 0.0174
vn -0.9914 -0.1306 -0.0125
vn -0.9725 -0.2320 -0.0189
vn -0.9403 -0.3068 -0.1473
vn -0.7840 -0.4280 0.4497
vn -0.6681 -0.3620 0.6501
vn -0.9378 -0.2948 0.1832
vn -0.5333 0.7964 -0.2853
vn -0.4119 -0.7573 -0.5069
vn -0.1237 -0.7333 -0.6686
vn -0.3699 -0.2051 -0.9061
vn -0.8396 0.0755 -0.5379
vn -0.8332 -0.2011 -0.5150
vn -0.5910 -0.7842 -0.1891
vn -0.2184 -0.1904 -0.9571
vn -0.3916 -0.5472 -0.7398
vn -0.3975 -0.5920 -0.7011
vn 0.2514 -0.1230 -0.9600
vn -0.1664 -0.2218 -0.9608
vn -0.2067 -0.0647 -0.9763
vn -0.5689 0.0400 -0.8215
vn -0.5692 -0.1386 -0.8105
vn -0.4805 -0.2673 -0.8352
vn -0.5743 -0.4987 -0.6492
vn -0.7174 -0.6785 -0.1582
vn -0.5133 -0.8386 -0.1824
vn -0.2546 -0.9297 -0.2662
vn -0.1539 -0.6087 -0.7783
vn 0.1022 -0.7832 -0.6134
vn -0.4808 -0.7081 -0.5171
vn 0.5561 -0.5754 -0.5997
vn 0.2362 -0.4713 -0.8497
vn -0.0423 -0.4284 -0.9026
vn -0.2314 -0.6893 -0.6865
vn -0.4044 -0.8404 -0.3607
vn -0.4434 -0.8891 0.1138
vn 0.0625 -0.8709 -0.4874
vn 0.3717 -0.4402 -0.8173
vn 0.1433 -0.1523 -0.9779
vn 0.1732 -0.7411 -0.6487
vn 0.1469 -0.9434 -0.2975
vn -0.1453 -0.9879 -0.0548
vn 0.4259 -0.8349 -0.3487
vn 0.2401 -0.8057 -0.5414
vn -0.5450 -0.8336 -0.0895
vn -0.3763 -0.9182 -0.1237
vn -0.2834 -0.9283 0.2409
vn -0.4104 -0.7278 0.5495
vn -0.2078 -0.9007 0.3815
vn -0.3870 -0.9221 0.0019
vn 0.1822 -0.9827 -0.0337
vn 0.0018 -0.9626 -0.2708
vn -0.0696 -0.9961 0.0547
vn -0.2973 -0.9527 -0.0635
vn -0.6979 -0.7160 0.0185
vn 0.1512 -0.8083 0.5690
vn 0.0762 -0.8374 0.5413
vn -0.0485 -0.7758 0.6291
vn -0.0256 -0.9464 0.3220
vn -0.1838 -0.9647 0.1885
vn -0.1729 -0.8757 -0.4508
vn -0.5910 -0.7966 -0.1266
vn -0.7132 -0.6461 0.2718
vn -0.4204 -0.8972 0.1355
vn -0.3013 -0.8875 0.3487
vn -0.2863 -0.9554 -0.0729
vn -0.4373 -0.8463 0.3043
vn -0.3727 -0.6930 0.6171
vn -0.1010 -0.8750 0.4735
vn 0.3656 -0.3587 0.8589
vn 0.6332 -0.5095 0.5827
vn 0.4150 -0.6051 0.6794
vn 0.4591 -0.7835 0.4187
vn 0.1757 -0.8077 0.5628
vn 0.1677 -0.5942 0.7867
vn -0.1129 -0.3023 0.9465
vn -0.1720 -0.3338 0.9268
vn 0.1266 -0.3438 0.9305
vn -0.0299 0.0652 0.9974
vn 0.4530 0.2543 0.8544
vn 0.4879 0.0654 0.8704
vn 0.4578 -0.1491 0.8765
vn 0.6791 -0.2738 0.6811
vn 0.6332 0.0881 0.7689
vn 0.4068 -0.3179 0.8564
vn 0.5147 -0.0664 0.8548
vn -0.5185 0.8270 0.2174
vn -0.3156 0.9060 0.2820
vn -0.3246 0.8706 0.3698
vn -0.3498 0.8820 0.3157
vn -0.3164 0.9145 0.2524
vn -0.3085 0.9505 -0.0362
vn 0.2079 0.9616 -0.1790
vn 0.0792 0.9968 -0.0144
vn 0.2173 0.9761 -0.0091
vn 0.0472 0.9964 -0.0699
vn 0.2060 0.9756 -0.0765
vn 0.2760 0.9347 -0.2241
vn 0.1962 0.9752 0.1029
vn 0.3058 0.9494 0.0712
vn 0.2688 0.9591 0.0884
vn -0.1888 0.9695 -0.1564
vn 0.0614 0.9973 0.0403
vn -0.1426 0.9886 -0.0479
vn 0.1654 0.9775 -0.1310
vn 0.1086 0.9836 -0.1437
vn -0.0578 0.9598 -0.2745
vn -0.7875 0.5909 -0.1753
vn -0.5464 0.8358 -0.0538
vn -0.5687 0.7640 -0.3046
vn -0.5224 0.7624 -0.3819
vn -0.4571 0.8555 -0.2434
vn 0.3064 0.9317 -0.1954
vn -0.0698 0.9600 0.2711
vn -0.9907 0.1109 0.0792
vn -0.8652 0.4831 0.1345
vn -0.8998 0.2676 -0.3446
vn -0.6490 0.7135 -0.2641
vn -0.7727 0.3755 -0.5119
vn -0.5703 0.4674 -0.6755
vn -0.3631 0.5473 -0.7541
vn 0.0402 0.6749 -0.7368
vn 0.0534 0.8831 -0.4662
vn 0.0381 0.9890 -0.1430
vn -0.6426 0.7565 -0.1221
vn -0.6473 0.5990 -0.4715
vn -0.3074 0.4781 -0.8228
vn -0.1007 0.6965 -0.7105
vn 0.0866 0.8744 -0.4774
vn -0.3193 0.8890 -0.3284
vn -0.6472 0.2323 -0.7260
vn -0.0721 0.9180 -0.3900
vn 0.0569 0.9231 -0.3803
vn -0.2970 0.7957 -0.5279
vn -0.1795 0.8056 -0.5646
vn 0.0578 0.6193 -0.7830
vn -0.2540 0.8776 0.4066
vn -0.3091 0.7353 0.6031
vn -0.1524 0.7731 0.6157
vn -0.2697 0.7944 0.5443
vn -0.6349 0.6228 0.4573
vn 0.2556 0.7892 0.5584
vn 0.1370 0.6657 0.7335
vn 0.6008 0.7537 0.2662
vn 0.5919 0.8006 0.0935
vn 0.7812 0.6241 -0.0128
vn 0.2354 0.9526 0.1930
vn 0.4947 0.6806 -0.5405
vn 0.6187 0.6441 -0.4498
vn 0.4782 0.5779 -0.6613
vn 0.2671 0.7396 -0.6178
vn 0.1740 0.9245 -0.3391
vn 0.1297 0.9034 -0.4087
vn 0.3200 0.9467 -0.0378
vn 0.5320 0.6852 0.4975
vn 0.4628 0.8020 0.3777
vn 0.4933 0.8220 -0.2848
vn 0.1944 0.8403 -0.5061
vn -0.1261 0.6422 -0.7561
vn 0.0151 0.2651 -0.9641
vn -0.1465 0.5632 -0.8132
vn 0.0861 0.2784 -0.9566
vn 0.3766 0.2558 -0.8904
vn 0.3337 0.9400 0.0711
vn 0.5199 0.8328 -0.1903
vn 0.5390 0.8398 -0.0642
vn -0.0159 0.9822 -0.1874
vn -0.1802 0.7977 -0.5755
vn 0.3693 0.8045 -0.4652
vn 0.1384 0.6699 -0.7295
vn -0.2048 0.4474 -0.8706
vn 0.1622 -0.0798 -0.9835
vn 0.0444 0.2721 -0.9613
vn -0.2405 0.5124 -0.8244
vn -0.0768 -0.0727 -0.9944
vn 0.0616 0.2884 -0.9555
vn 0.2936 0.4150 -0.8611
vn 0.5912 0.5541 -0.5860
vn 0.3928 0.6352 -0.6650
vn 0.7583 0.1385 -0.6370
vn 0.7721 0.5390 -0.3367
vn 0.6372 0.1808 -0.7492
vn 0.2682 0.5297 -0.8047
vn 0.1321 0.5748 -0.8075
vn 0.4292 0.3251 -0.8426
vn 0.5265 0.5227 -0.6705
vn 0.1536 0.7830 -0.6028
vn 0.4948 0.7069 -0.5053
vn 0.7299 0.3160 -0.6062
vn 0.6341 0.3599 -0.6843
vn 0.7184 0.3153 -0.6201
vn 0.7497 0.4989 -0.4349
vn 0.8889 0.3358 -0.3117
vn 0.9004 -0.2146 -0.3785
vn 0.9254 -0.2474 -0.2870
vn 0.7507 0.3517 -0.5593
vn 0.5867 0.1071 -0.8027
vn 0.4100 0.1957 -0.8908
vn 0.9344 0.2311 -0.2710
vn 0.7722 0.5757 -0.2689
vn 0.8829 -0.0351 -0.4682
vn 0.6079 0.4623 -0.6456
vn 0.7511 0.5115 -0.4175
vn 0.5886 0.7231 -0.3616
vn 0.5716 0.0022 -0.8205
vn -0.1578 -0.9696 -0.1872
vn 0.0980 -0.9940 -0.0475
vn 0.3129 -0.7480 -0.5854
vn 0.4893 -0.8671 0.0928
vn 0.4888 -0.8586 -0.1545
vn 0.7855 -0.6174 -0.0424
vn 0.8912 -0.4407 -0.1078
vn 0.9103 -0.3130 -0.2708
vn 0.8703 -0.1736 -0.4609
vn 0.7271 -0.3224 -0.6062
vn 0.4127 -0.3894 -0.8235
vn 0.3510 -0.9085 0.2268
vn 0.3537 -0.9318 0.0817
vn 0.3242 -0.9395 0.1102
vn 0.1755 -0.8859 -0.4294
vn 0.2438 -0.9671 0.0727
vn -0.2062 -0.9778 -0.0380
vn 0.1029 -0.9350 -0.3394
vn 0.3971 -0.8095 0.4324
vn 0.1599 -0.9066 0.3905
vn 0.3774 -0.8719 0.3119
vn 0.6455 -0.7635 0.0193
vn 0.2654 -0.7023 -0.6606
vn 0.4905 -0.7764 -0.3957
vn 0.2553 -0.8643 -0.4334
vn 0.2182 -0.9732 0.0723
vn 0.1381 -0.9887 -0.0587
vn 0.3746 -0.8967 0.2357
vn 0.3412 -0.7688 0.5409
vn 0.5361 -0.6911 0.4847
vn 0.3365 -0.8981 0.2831
vn 0.2138 -0.8963 0.3886
vn 0.7382 -0.4969 0.4562
vn 0.6439 -0.7439 0.1789
vn 0.4399 -0.7477 0.4975
vn -0.1139 -0.9717 0.2069
vn -0.2902 -0.9542 0.0727
vn 0.0193 -0.7978 0.6026
vn -0.4288 -0.8746 0.2263
vn 0.2830 -0.3275 0.9015
vn 0.3883 -0.2794 0.8782
vn 0.7324 0.2092 0.6479
vn 0.8439 0.0394 0.5351
vn 0.5822 -0.2822 0.7625
vn 0.3765 0.7947 0.4761
vn 0.2115 0.8974 0.3872
vn 0.3900 0.7292 0.5623
vn 0.0339 0.9374 0.3466
vn 0.0265 0.9630 0.2683
vn -0.3975 0.8537 0.3365
vn -0.5085 0.8518 0.1260
vn 0.1506 0.8990 0.4112
vn 0.3435 0.9019 0.2618
vn -0.2717 0.9601 0.0666
vn -0.4164 0.4011 0.8160
vn 0.0986 0.8611 0.4988
vn -0.3075 0.7273 0.6135
vn -0.4866 0.7667 0.4188
vn -0.3199 0.9349 0.1535
vn -0.0679 0.9936 0.0904
vn 0.1942 0.9808 0.0156
vn 0.0624 0.9072 0.4161
vn 0.4602 0.8441 0.2753
vn 0.3905 0.5935 0.7037
vn 0.6343 0.4103 0.6552
vn -0.6594 0.5148 0.5479
vn -0.0262 0.6994 0.7142
vn 0.0819 0.4332 0.8976
vn 0.0914 0.0182 0.9956
vn 0.2907 0.2013 0.9354
vn -0.2737 0.0658 0.9596
vn -0.3769 0.3144 0.8713
vn -0.6216 0.4351 0.6514
vn 0.3999 -0.5870 0.7039
vn 0.5192 0.7690 0.3729
vn 0.5293 0.8397 -0.1213
vn -0.0293 0.9977 -0.0606
vn 0.6097 0.7896 0.0689
vn 0.7125 0.6906 -0.1241
vn 0.5725 0.8001 -0.1792
vn 0.2279 0.9718 -0.0604
vn 0.0423 0.9936 -0.1051
vn -0.0510 0.9978 0.0432
vn 0.1972 0.8938 0.4027
vn 0.2178 0.9704 0.1045
vn 0.4152 0.8890 0.1931
vn 0.8577 0.5095 -0.0682
vn 0.8399 0.4620 -0.2849
vn 0.7401 0.5294 -0.4148
vn 0.4767 0.6024 -0.6402
vn 0.2776 0.9582 0.0689
vn 0.5831 0.8068 -0.0953
vn 0.1600 0.9418 -0.2956
vn 0.5212 0.7896 0.3238
vn 0.7173 0.5771 0.3904
vn 0.8783 0.4767 0.0371
vn 0.8852 0.3029 0.3531
vn 0.9815 0.0847 0.1719
vn 0.9939 -0.1099 0.0062
vn 0.9841 -0.1765 -0.0186
vn 0.9770 -0.0762 -0.1992
vn 0.8449 0.4145 -0.3383
vn 0.7235 0.3649 -0.5860
vn 0.5215 0.4245 -0.7402
vn 0.9225 0.3712 -0.1063
vn 0.9234 0.0463 -0.3811
vn 0.2098 -0.6658 -0.7161
vn -0.3888 -0.7122 -0.5844
vn -0.2730 -0.9042 -0.3284
vn 0.8679 -0.4797 0.1293
vn 0.9636 -0.2292 0.1375
vn 0.2004 -0.1910 -0.9609
vn 0.2649 -0.1254 -0.9561
vn 0.6078 -0.4080 -0.6813
vn 0.6758 -0.5751 -0.4610
vn 0.2957 -0.4700 -0.8317
vn 0.5823 -0.4093 -0.7024
vn 0.8372 -0.1336 -0.5303
vn 0.8655 -0.0798 -0.4944
vn 0.1101 -0.5501 -0.8278
vn -0.3563 -0.8511 -0.3855
vn -0.2663 -0.9630 -0.0410
vn 0.6408 -0.7659 0.0529
vn 0.9938 0.0464 -0.1012
vn 0.8927 0.0387 -0.4490
vn 0.9874 -0.0210 -0.1570
vn 0.2219 0.0139 -0.9750
vn 0.2073 0.0342 -0.9777
vn 0.3228 -0.0555 -0.9449
vn -0.3597 -0.5696 -0.7390
vn -0.4727 -0.6417 -0.6039
vn -0.1372 -0.9332 -0.3321
vn 0.2230 -0.9691 -0.1057
vn 0.2638 -0.9368 0.2297
vn 0.5540 -0.6080 -0.5688
vn 0.3452 -0.7033 -0.6215
vn 0.4504 -0.6125 -0.6497
vn 0.5428 -0.2900 -0.7882
vn 0.7009 0.0303 -0.7126
vn 0.9109 0.0668 -0.4071
vn 0.4296 0.2855 -0.8567
vn 0.4668 0.1096 -0.8775
vn 0.6758 0.2682 -0.6865
vn 0.0121 -0.8253 -0.5645
vn 0.2253 -0.9562 -0.1870
vn -0.1272 -0.8890 -0.4399
vn 0.1896 -0.4010 -0.8963
vn 0.1967 -0.4784 -0.8558
vn 0.3665 -0.0439 -0.9294
vn 0.2037 -0.0974 -0.9742
vn -0.4813 -0.3738 -0.7929
vn -0.3278 -0.1179 -0.9374
vn -0.3052 -0.3907 -0.8685
vn -0.0765 -0.6144 -0.7853
vn 0.4097 -0.7605 -0.5037
vn 0.3366 -0.4149 -0.8453
vn 0.3479 -0.3880 -0.8535
vn 0.2732 -0.5081 -0.8168
vn 0.2432 -0.4018 -0.8828
vn -0.1268 0.0098 -0.9919
vn 0.2224 0.2063 -0.9529
vn 0.0216 0.0320 -0.9993
vn 0.1032 -0.3420 -0.9340
vn 0.4039 -0.4179 -0.8138
vn -0.1443 -0.2704 -0.9519
vn 0.2673 0.1615 -0.9500
vn 0.7299 0.0655 -0.6804
vn 0.9523 -0.3048 -0.0121
vn 0.7543 -0.6352 0.1661
vn 0.5572 -0.6035 -0.5704
vn 0.5188 -0.7287 0.4470
vn 0.6772 -0.7319 -0.0756
vn 0.4332 -0.8688 0.2400
vn 0.4024 -0.7755 0.4864
vn 0.6705 -0.5173 0.5318
vn 0.9760 -0.2159 -0.0269
vn 0.8958 -0.3586 0.2625
vn 0.5426 -0.8284 0.1389
vn 0.4470 -0.8931 0.0497
vn 0.2628 -0.8543 0.4485
vn 0.4036 -0.9088 0.1054
vn 0.2208 -0.5047 0.8346
vn 0.5101 -0.3701 0.7765
vn 0.8123 -0.3196 0.4879
vn 0.9293 -0.2875 0.2319
vn 0.5809 -0.7872 0.2072
vn 0.3073 -0.8829 0.3551
vn 0.3287 -0.8970 0.2957
vn 0.4270 -0.6104 0.6672
vn 0.4540 -0.6266 0.6335
vn 0.4365 -0.5752 0.6918
vn 0.4958 -0.5500 0.6721
vn 0.7816 0.1921 0.5935
vn 0.9245 -0.0387 0.3791
vn 0.7193 -0.1900 0.6682
vn 0.0703 -0.5698 0.8188
vn 0.2454 -0.1630 0.9556
vn 0.3661 -0.6153 0.6981
vn 0.3981 -0.0461 0.9162
vn 0.6651 0.5467 0.5088
vn 0.8153 0.3720 0.4439
vn 0.4715 0.7497 0.4644
vn 0.7512 0.6582 0.0493
vn 0.8797 0.2943 0.3735
vn 0.9407 0.3359 0.0471
vn 0.7387 0.4443 -0.5070
vn 0.3062 0.9171 -0.2553
vn 0.8082 0.4282 0.4043
vn 0.8902 0.4385 -0.1234
vn 0.8768 0.4330 -0.2092
vn 0.8111 0.2310 -0.5373
vn 0.8216 0.0746 -0.5651
vn 0.8859 -0.1583 -0.4359
vn 0.8106 -0.2565 -0.5265
vn 0.8177 -0.3720 -0.4393
vn 0.7888 -0.5670 -0.2372
vn 0.6074 -0.7507 -0.2597
vn 0.0365 -0.9924 0.1172
vn 0.1790 -0.9472 0.2660
vn 0.2078 -0.9708 -0.1195
vn 0.6209 -0.7798 0.0792
vn 0.5718 -0.7421 -0.3499
vn 0.8797 -0.1631 0.4467
vn 0.8952 -0.4228 0.1408
vn 0.8853 0.1932 -0.4230
vn 0.8128 0.0062 -0.5825
vn 0.5200 -0.7780 0.3525
vn 0.3429 -0.9010 0.2657
vn 0.4742 -0.6267 0.6183
vn 0.5125 -0.5951 0.6190
vn 0.5232 -0.4814 0.7032
vn 0.5608 -0.4435 0.6992
vn 0.3576 -0.3281 0.8743
vn 0.5034 0.3273 0.7996
vn 0.2995 0.5308 0.7928
vn 0.6067 0.3459 0.7158
vn 0.3280 0.0704 0.9421
vn 0.1929 -0.2621 0.9456
vn -0.0857 -0.0122 0.9962
vn 0.5281 0.0312 0.8486
vn 0.7134 -0.2320 0.6612
vn 0.3698 -0.0966 0.9241
vn 0.0421 0.2804 0.9590
vn 0.1966 0.3636 0.9106
vn -0.0718 -0.0140 0.9973
vn -0.0808 -0.4660 0.8811
vn 0.3223 -0.6475 0.6906
vn -0.0942 -0.2763 0.9564
vn -0.0029 -0.4633 0.8862
vn -0.1490 0.3045 0.9408
vn -0.2633 0.2860 0.9213
vn 0.0065 0.4137 0.9104
vn -0.3222 -0.0713 0.9440
vn -0.2046 0.1334 0.9697
vn 0.8495 0.0848 0.5207
vn 0.7955 0.5210 0.3094
vn 0.9188 -0.0395 0.3927
vn 0.8954 -0.3477 0.2780
vn 0.9682 -0.2231 0.1136
vn 0.8867 -0.4329 0.1620
vn 0.8810 -0.3128 0.3549
vn 0.7900 -0.4471 0.4196
vn 0.6645 -0.7103 0.2321
vn 0.8049 -0.5614 0.1926
vn 0.7808 -0.6183 -0.0900
vn 0.9906 0.1184 -0.0682
vn 0.8693 0.1135 -0.4811
vn 0.0612 -0.3254 -0.9436
vn 0.4437 -0.6632 -0.6028
vn 0.6796 -0.2492 -0.6899
vn 0.8871 -0.4612 -0.0187
vn 0.8392 -0.4964 0.2220
vn 0.9705 -0.1609 -0.1795
vn 0.8511 -0.4853 0.2003
vn 0.8342 -0.5468 -0.0710
vn 0.3361 -0.8148 -0.4724
vn 0.7931 -0.3792 -0.4766
vn 0.5111 -0.3864 -0.7678
vn 0.6251 0.0160 -0.7803
vn 0.2083 -0.5517 -0.8076
vn 0.0227 -0.8054 -0.5923
vn -0.1033 -0.9095 -0.4027
vn 0.1174 -0.9198 -0.3745
vn 0.4138 -0.7129 -0.5662
vn 0.6744 -0.5965 0.4352
vn 0.4961 -0.7904 0.3595
vn 0.8124 -0.1551 0.5621
vn 0.9240 0.3485 0.1573
vn 0.9026 0.1110 0.4159
vn 0.9823 0.0407 0.1826
vn 0.8959 0.2401 0.3737
vn 0.8010 0.1386 0.5823
vn 0.6903 0.5556 0.4635
vn 0.7226 0.0557 0.6891
vn 0.8791 0.2144 0.4256
vn 0.4447 0.1276 0.8866
vn 0.7704 0.2591 0.5825
vn 0.8099 0.2032 0.5503
vn 0.8302 0.2759 0.4844
vn 0.7044 0.6454 0.2954
vn 0.8447 0.5034 0.1817
vn 0.9782 0.1818 -0.1007
vn 0.9699 -0.0919 -0.2256
vn 0.9828 -0.1841 0.0157
vn 0.8070 -0.4106 0.4245
vn 0.9256 -0.3175 0.2063
vn 0.4413 0.0118 0.8973
vn 0.1838 0.3048 0.9345
vn 0.3074 0.5735 0.7594
vn 0.5744 -0.4627 0.6752
vn 0.3273 -0.4490 0.8314
vn 0.3392 0.7901 0.5106
vn 0.9633 0.2176 -0.1572
vn 0.9063 -0.3790 -0.1872
vn 0.3115 -0.4759 0.8225
vn 0.2528 -0.2190 0.9424
vn 0.4751 -0.1801 0.8613
vn 0.1143 0.3328 0.9361
vn 0.0991 0.6359 0.7654
vn 0.9894 -0.0393 -0.1397
vn 0.7030 -0.6202 0.3482
vn 0.8700 -0.3732 0.3224
vn 0.7153 -0.3689 0.5935
vn 0.5194 -0.6012 0.6073
vn 0.1210 0.0264 0.9923
vn 0.2282 0.8207 0.5238
vn 0.3784 0.6768 0.6315
vn 0.7052 0.5814 0.4059
vn 0.3411 0.8979 0.2782
vn 0.8671 0.4976 -0.0238
vn 0.5342 -0.2207 0.8160
vn 0.4280 0.0937 0.8989
vn 0.4150 0.3952 0.8195
vn 0.7463 0.3905 0.5390
vn 0.8609 0.3450 0.3740
vn 0.8886 0.2249 0.3998
vn 0.7452 0.1467 0.6505
vn 0.7702 0.0319 0.6370
vn 0.8138 0.1373 0.5647
vn 0.9805 0.0394 0.1927
vn 0.8785 0.2137 0.4272
vn 0.5752 0.0763 0.8145
vn 0.9412 -0.0293 0.3366
vn 0.8653 0.3851 0.3208
vn 0.8795 -0.0485 0.4734
vn 0.8842 0.3792 0.2727
vn 0.5338 -0.0712 0.8426
vn 0.6539 0.4424 0.6137
vn 0.7312 0.4967 0.4677
vn 0.9841 -0.0299 0.1748
vn 0.9710 0.1894 0.1462
vn 0.7671 -0.1056 0.6328
vn 0.8902 0.4205 0.1755
vn 0.8725 0.1960 0.4475
vn 0.6383 0.2149 0.7392
vn 0.2531 -0.9592 -0.1263
vn 0.0804 -0.9391 -0.3341
vn -0.3795 -0.8608 0.3390
vn 0.4005 -0.4259 0.8113
vn 0.7327 -0.3609 0.5770
vn 0.9273 -0.2816 0.2465
vn 0.8909 -0.4532 -0.0307
vn 0.8371 -0.5402 -0.0858
vn 0.6919 -0.7018 -0.1695
vn 0.4905 -0.7238 -0.4852
vn -0.5456 -0.4779 -0.6884
vn -0.2576 -0.9657 -0.0330
vn -0.4618 -0.8825 -0.0889
vn -0.1988 -0.6968 0.6892
vn -0.2897 -0.5694 0.7693
vn -0.0191 -0.5165 0.8560
vn 0.0413 -0.3542 0.9343
vn 0.1021 -0.7935 -0.5999
vn -0.2783 -0.8662 -0.4150
vn 0.5665 -0.7660 -0.3039
vn 0.0412 -0.9835 -0.1763
vn -0.4399 -0.8291 0.3450
vn 0.0078 -0.9657 0.2597
vn -0.0262 -0.7273 0.6858
vn 0.5516 -0.6770 0.4872
vn 0.6145 0.7887 -0.0182
vn 0.6981 0.6109 0.3735
vn 0.9696 0.1268 0.2092
vn 0.6581 0.7119 0.2451
vn -0.0440 -0.9214 0.3861
vn -0.4522 -0.7262 0.5177
vn -0.0932 -0.6536 0.7510
vn 0.1018 -0.5551 0.8255
vn 0.3601 -0.7219 0.5910
vn 0.0851 -0.8940 0.4399
vn 0.7277 -0.6768 0.1110
vn 0.5839 -0.5688 0.5792
vn 0.5218 -0.8088 0.2714
vn 0.2411 -0.9227 0.3009
vn -0.1940 -0.9806 -0.0266
vn 0.0127 -0.9889 -0.1479
vn 0.3132 0.2461 0.9172
vn 0.8064 -0.5128 0.2944
vn 0.0854 -0.8576 0.5072
vn -0.3412 -0.7792 0.5258
vn 0.5965 -0.3483 0.7231
vn 0.2500 -0.4756 0.8433
vn -0.1679 -0.4355 0.8844
vn -0.3958 -0.5842 0.7085
vn 0.0450 -0.6947 0.7179
vn -0.7142 -0.6852 0.1429
vn 0.6501 -0.3790 0.6586
vn 0.1070 -0.9523 0.2858
vn 0.4150 -0.8983 -0.1442
vn 0.4653 -0.8587 0.2147
vn -0.1492 -0.8116 -0.5648
vn -0.0863 0.1377 -0.9867
vn -0.3758 -0.9242 0.0672
vn -0.0950 -0.8850 -0.4557
vn -0.0171 -0.8341 -0.5513
vn 0.2311 -0.9153 -0.3297
vn 0.3396 -0.9356 0.0960
vn 0.1054 -0.9321 -0.3464
vn -0.0585 -0.9039 -0.4236
vn -0.0257 -0.5003 -0.8655
vn -0.3119 -0.4823 -0.8186
vn -0.7297 0.6759 -0.1034
vn -0.8666 0.3157 -0.3865
vn 0.1965 -0.9248 -0.3258
vn -0.9249 0.3470 -0.1555
vn -0.2646 0.2069 0.9419
vn -0.6673 0.6131 0.4230
vn 0.4449 -0.8302 0.3360
vn 0.5256 -0.7872 0.3226
vn 0.5324 -0.7370 0.4163
vn -0.1562 0.8504 -0.5025
vn 0.5284 0.7669 0.3642
vn -0.5408 0.7986 -0.2644
vn 0.2462 -0.9688 0.0268
vn -0.3831 0.8860 -0.2612
vn -0.0103 0.8882 -0.4594
vn -0.8367 0.2988 0.4589
vn 0.2484 0.2789 -0.9276
vn 0.3072 0.1182 -0.9443
vn 0.4484 -0.4312 -0.7829
vn 0.6950 -0.0996 -0.7120
vn -0.0366 0.6656 -0.7454
vn -0.6118 -0.6465 -0.4558
vn -0.5398 -0.5269 -0.6565
vn 0.1499 -0.9013 0.4064
vn 0.4165 -0.8266 0.3786
vn -0.4036 -0.2036 -0.8920
vn -0.2733 0.6227 -0.7331
vn 0.1726 -0.0324 -0.9845
vn 0.3860 0.7057 -0.5941
vn -0.4210 0.2598 -0.8691
vn -0.2951 0.7694 -0.5666
vn 0.0243 0.6066 -0.7946
vn 0.0290 0.7309 -0.6818
vn 0.5067 0.4138 -0.7563
vn 0.3381 -0.9411 -0.0098
vn 0.0340 -0.9974 0.0640
vn 0.7361 0.5894 0.3327
vn -0.3441 0.7724 0.5339
vn -0.0005 0.7681 0.6404
vn 0.7006 0.4965 0.5125
vn 0.1287 0.9873 0.0937
vn 0.3408 0.8413 0.4196
vn -0.6076 0.7108 -0.3543
vn -0.0372 0.3560 0.9338
vn -0.3654 0.3055 0.8793
vn -0.3050 -0.0047 0.9523
vn -0.0265 -0.3882 0.9212
vn -0.5498 0.1434 0.8229
vn -0.2320 0.5097 0.8285
vn -0.9929 0.0382 -0.1124
vn -0.4943 -0.8545 0.1599
vn -0.6844 -0.7260 0.0673
vn -0.4207 -0.6045 -0.6764
vn -0.7703 0.4017 0.4953
vn -0.9871 -0.0678 0.1449
vn -0.5880 -0.5807 0.5630
vn -0.8686 -0.4265 -0.2521
vn 0.4695 -0.6839 -0.5584
vn 0.3627 -0.8717 0.3296
vn -0.5637 -0.6411 0.5207
vn -0.4403 -0.8521 -0.2829
vn 0.2257 -0.0015 0.9742
vn -0.2508 0.1377 -0.9582
vn -0.3193 -0.6152 -0.7208
vn 0.6972 0.5294 0.4834
vn -0.0487 0.2091 0.9767
vn 0.1468 0.7722 -0.6181
vn 0.2577 0.8794 -0.4003
vn -0.0536 -0.9922 0.1129
vn 0.4033 -0.1751 -0.8982
vn 0.5547 -0.0994 -0.8261
vn -0.2793 -0.3997 -0.8731
vn 0.0269 0.2449 -0.9692
vn 0.7257 -0.6638 -0.1809
vn 0.5948 -0.4185 0.6863
vn 0.6721 -0.0723 -0.7370
vn 0.5160 -0.3435 -0.7847
vn 0.8607 0.1601 0.4833
vn 0.4670 0.8271 0.3129
vn 0.6596 0.7483 -0.0700
vn 0.8523 -0.5160 0.0849
vn 0.6320 0.7555 0.1723
vn 0.9436 0.0280 0.3300
vn 0.9801 -0.0970 0.1730
vn 0.5589 -0.8143 0.1566
vn -0.7680 0.0831 0.6351
vn -0.1201 -0.8350 -0.5370
vt 0.325357 0.603298
vt 0.298345 0.599849
vt 0.313714 0.584253
vt 0.297282 0.588098
vt 0.051843 0.631820
vt 0.097362 0.641831
vt 0.052615 0.654967
vt 0.051687 0.689829
vt 0.100135 0.653515
vt 0.065805 0.689652
vt 0.437779 0.137374
vt 0.449189 0.152173
vt 0.423552 0.153087
vt 0.344950 0.189707
vt 0.371885 0.182749
vt 0.362279 0.191648
vt 0.030742 0.638573
vt 0.047138 0.644110
vt 0.313139 0.625362
vt 0.349683 0.637428
vt 0.402583 0.602670
vt 0.410863 0.591782
vt 0.426984 0.605802
vt 0.424467 0.618625
vt 0.403033 0.113165
vt 0.392199 0.134639
vt 0.357172 0.107031
vt 0.376519 0.099567
vt 0.395066 0.625764
vt 0.420684 0.632287
vt 0.387493 0.649785
vt 0.393316 0.665943
vt 0.328845 0.144909
vt 0.301585 0.113599
vt 0.341342 0.114681
vt 0.316717 0.096942
vt 0.353442 0.088797
vt 0.319223 0.162798
vt 0.294106 0.129767
vt 0.503625 0.127322
vt 0.475823 0.121330
vt 0.510989 0.097411
vt 0.376597 0.076329
vt 0.414628 0.104430
vt 0.536311 0.442735
vt 0.567267 0.429204
vt 0.587817 0.440349
vt 0.589976 0.476901
vt 0.561788 0.487462
vt 0.420360 0.482786
vt 0.419161 0.458403
vt 0.442601 0.476167
vt 0.131667 0.639488
vt 0.146063 0.602218
vt 0.156346 0.633305
vt 0.231674 0.963700
vt 0.220403 0.961888
vt 0.227127 0.949502
vt 0.469715 0.620359
vt 0.452533 0.632628
vt 0.446415 0.608899
vt 0.697653 0.621603
vt 0.658101 0.619109
vt 0.680637 0.607294
vt 0.927009 0.841780
vt 0.941133 0.835266
vt 0.937764 0.860458
vt 0.165338 0.967013
vt 0.183621 0.962308
vt 0.190413 0.975023
vt 0.467160 0.059341
vt 0.452558 0.059660
vt 0.456815 0.049247
vt 0.461900 0.037011
vt 0.476310 0.060304
vt 0.480979 0.021137
vt 0.242758 0.066333
vt 0.244950 0.042174
vt 0.260910 0.055389
vt 0.454137 0.012900
vt 0.442556 0.033596
vt 0.440854 0.007948
vt 0.450917 0.518260
vt 0.471800 0.510515
vt 0.480630 0.536221
vt 0.435610 0.532873
vt 0.310264 0.859779
vt 0.298251 0.870627
vt 0.285685 0.857636
vt 0.611854 0.500053
vt 0.616751 0.482033
vt 0.625236 0.493567
vt 0.591162 0.492951
vt 0.568945 0.927784
vt 0.573775 0.956246
vt 0.545848 0.952418
vt 0.583446 0.257852
vt 0.571736 0.241512
vt 0.590188 0.239527
vt 0.672658 0.240963
vt 0.688493 0.239444
vt 0.672538 0.256502
vt 0.606475 0.244362
vt 0.600144 0.259578
vt 0.950945 0.946774
vt 0.966169 0.931950
vt 0.970053 0.945416
vt 0.606866 0.670866
vt 0.591159 0.657194
vt 0.606682 0.631939
vt 0.896693 0.897224
vt 0.917075 0.923281
vt 0.877521 0.912234
vt 0.109336 0.847458
vt 0.137459 0.867765
vt 0.115785 0.870267
vt 0.544081 0.258501
vt 0.541458 0.304826
vt 0.521604 0.288793
vt 0.499898 0.265891
vt 0.522705 0.258793
vt 0.812094 0.410026
vt 0.825511 0.386356
vt 0.830634 0.422539
vt 0.699092 0.306484
vt 0.681147 0.281781
vt 0.708971 0.286480
vt 0.558330 0.653583
vt 0.550017 0.615553
vt 0.578277 0.640727
vt 0.856206 0.925239
vt 0.845294 0.910437
vt 0.211965 0.562531
vt 0.214648 0.525851
vt 0.242221 0.553881
vt 0.507800 0.866499
vt 0.515207 0.881410
vt 0.478569 0.884239
vt 0.236489 0.510877
vt 0.498470 0.928462
vt 0.523507 0.910839
vt 0.516563 0.932433
vt 0.776319 0.644169
vt 0.762904 0.638383
vt 0.768900 0.627910
vt 0.064714 0.380663
vt 0.099450 0.381442
vt 0.075537 0.397305
vt 0.642514 0.315807
vt 0.681417 0.331950
vt 0.655801 0.334325
vt 0.229417 0.451852
vt 0.243880 0.446180
vt 0.259674 0.475453
vt 0.760370 0.546835
vt 0.740333 0.570499
vt 0.733190 0.546782
vt 0.288822 0.581639
vt 0.268876 0.568471
vt 0.285477 0.551210
vt 0.110487 0.116526
vt 0.097697 0.143835
vt 0.081404 0.115456
vt 0.808994 0.837892
vt 0.811116 0.815805
vt 0.820527 0.810037
vt 0.700622 0.503009
vt 0.710074 0.493463
vt 0.723641 0.518077
vt 0.126522 0.422331
vt 0.112340 0.415621
vt 0.134269 0.394152
vt 0.289416 0.416983
vt 0.299567 0.446690
vt 0.270125 0.443714
vt 0.098840 0.228062
vt 0.086254 0.222734
vt 0.121135 0.196535
vt 0.739559 0.484331
vt 0.746052 0.517628
vt 0.228578 0.691569
vt 0.195481 0.714210
vt 0.225164 0.675936
vt 0.282755 0.493949
vt 0.294842 0.487550
vt 0.774234 0.548387
vt 0.784133 0.531529
vt 0.765343 0.530377
vt 0.779545 0.512409
vt 0.954787 0.517298
vt 0.965451 0.528556
vt 0.950873 0.529872
vt 0.216375 0.630022
vt 0.242420 0.651069
vt 0.183453 0.659357
vt 0.764646 0.769348
vt 0.768205 0.755153
vt 0.772113 0.778840
vt 0.657667 0.736136
vt 0.657829 0.726249
vt 0.667886 0.731670
vt 0.308213 0.557083
vt 0.312855 0.540765
vt 0.326342 0.548613
vt 0.331701 0.529108
vt 0.354869 0.554198
vt 0.922615 0.710689
vt 0.940310 0.729037
vt 0.932121 0.733361
vt 0.831659 0.296286
vt 0.836957 0.320567
vt 0.814417 0.305930
vt 0.308094 0.510034
vt 0.331399 0.493275
vt 0.343034 0.518140
vt 0.314505 0.473740
vt 0.149409 0.383288
vt 0.147941 0.363153
vt 0.162713 0.381028
vt 0.163531 0.362894
vt 0.141257 0.153819
vt 0.160551 0.170424
vt 0.140356 0.171817
vt 0.073205 0.410783
vt 0.066170 0.428365
vt 0.051934 0.424289
vt 0.854566 0.264269
vt 0.854713 0.277935
vt 0.835900 0.264960
vt 0.173968 0.678345
vt 0.151186 0.664786
vt 0.160802 0.207785
vt 0.147394 0.188849
vt 0.166181 0.186093
vt 0.144020 0.015913
vt 0.129735 0.008002
vt 0.148432 0.001926
vt 0.162416 0.009113
vt 0.168682 0.002814
vt 0.184628 0.398023
vt 0.196765 0.410440
vt 0.174870 0.421506
vt 0.202749 0.391944
vt 0.361311 0.199848
vt 0.379634 0.207465
vt 0.371387 0.243744
vt 0.388659 0.524416
vt 0.349826 0.502376
vt 0.349351 0.485410
vt 0.392364 0.490769
vt 0.150373 0.087677
vt 0.179883 0.080194
vt 0.180472 0.097821
vt 0.203755 0.383675
vt 0.188830 0.378689
vt 0.192398 0.368301
vt 0.461023 0.197126
vt 0.457744 0.215764
vt 0.444449 0.195117
vt 0.200766 0.205129
vt 0.175653 0.233793
vt 0.176254 0.214723
vt 0.207526 0.226870
vt 0.209072 0.267533
vt 0.815171 0.203196
vt 0.782884 0.218558
vt 0.794712 0.203647
vt 0.389536 0.245386
vt 0.380448 0.258939
vt 0.143899 0.761536
vt 0.113162 0.770706
vt 0.128089 0.746276
vt 0.399754 0.239770
vt 0.428199 0.216109
vt 0.410325 0.244165
vt 0.391857 0.256877
vt 0.218408 0.366329
vt 0.225534 0.342417
vt 0.233660 0.350004
vt 0.398679 0.251926
vt 0.395415 0.263312
vt 0.698678 0.869147
vt 0.681911 0.863061
vt 0.692630 0.859294
vt 0.110813 0.733312
vt 0.117863 0.714666
vt 0.327166 0.297241
vt 0.306889 0.314385
vt 0.308496 0.301431
vt 0.303732 0.291771
vt 0.317683 0.291917
vt 0.224250 0.330050
vt 0.224545 0.306113
vt 0.241914 0.326722
vt 0.443696 0.258528
vt 0.410690 0.275936
vt 0.417897 0.256346
vt 0.682360 0.839870
vt 0.668195 0.843341
vt 0.247917 0.251782
vt 0.255970 0.267231
vt 0.223438 0.256416
vt 0.567940 0.788084
vt 0.579286 0.800910
vt 0.548223 0.811930
vt 0.353730 0.339763
vt 0.321295 0.346419
vt 0.332730 0.322075
vt 0.385849 0.772842
vt 0.387425 0.760271
vt 0.401600 0.772872
vt 0.426773 0.304957
vt 0.407011 0.285077
vt 0.742293 0.099078
vt 0.726746 0.077148
vt 0.750176 0.078143
vt 0.253178 0.227428
vt 0.258781 0.219485
vt 0.262247 0.227788
vt 0.489314 0.759911
vt 0.527273 0.766902
vt 0.461068 0.776024
vt 0.491022 0.740113
vt 0.503815 0.735222
vt 0.946882 0.606535
vt 0.944828 0.618256
vt 0.936197 0.618172
vt 0.361816 0.388254
vt 0.384428 0.376001
vt 0.679013 0.029451
vt 0.650724 0.046115
vt 0.641761 0.027331
vt 0.838750 0.628228
vt 0.821316 0.589078
vt 0.855543 0.605087
vt 0.225670 0.041614
vt 0.218512 0.030385
vt 0.231870 0.029299
vt 0.669320 0.202516
vt 0.641722 0.159981
vt 0.667269 0.166289
vt 0.618761 0.160193
vt 0.626033 0.153424
vt 0.621470 0.169523
vt 0.633552 0.172753
vt 0.638438 0.053147
vt 0.632502 0.034153
vt 0.644880 0.071773
vt 0.614687 0.066593
vt 0.616262 0.209324
vt 0.609200 0.181992
vt 0.624530 0.189117
vt 0.584966 0.062702
vt 0.600824 0.069686
vt 0.593026 0.078237
vt 0.598491 0.099503
vt 0.625452 0.095188
vt 0.608968 0.119506
vt 0.895122 0.626224
vt 0.882982 0.594481
vt 0.900382 0.613800
vt 0.805271 0.663364
vt 0.810671 0.648233
vt 0.834012 0.650314
vt 0.800388 0.702747
vt 0.800368 0.684658
vt 0.812149 0.702103
vt 0.269005 0.257777
vt 0.263571 0.280950
vt 0.221152 0.234523
vt 0.216145 0.219637
vt 0.237122 0.228853
vt 0.249635 0.218490
vt 0.926717 0.602729
vt 0.973186 0.591557
vt 0.981342 0.604230
vt 0.952301 0.587366
vt 0.802306 0.656853
vt 0.795522 0.674280
vt 0.816259 0.625267
vt 0.491842 0.814938
vt 0.458090 0.836510
vt 0.454602 0.797148
vt 0.889841 0.580499
vt 0.899348 0.590094
vt 0.911288 0.597874
vt 0.212443 0.021318
vt 0.204051 0.016189
vt 0.218266 0.017247
vt 0.213139 0.002628
vt 0.228191 0.012647
vt 0.866969 0.560077
vt 0.498618 0.833924
vt 0.472198 0.847953
vt 0.475688 0.836254
vt 0.882058 0.547875
vt 0.897243 0.545226
vt 0.883489 0.557411
vt 0.625192 0.015262
vt 0.626628 0.022598
vt 0.617698 0.015617
vt 0.202156 0.050252
vt 0.182731 0.035004
vt 0.201927 0.036326
vt 0.209124 0.032268
vt 0.215282 0.046970
vt 0.655474 0.063841
vt 0.695617 0.045060
vt 0.711199 0.052175
vt 0.733076 0.042047
vt 0.410919 0.511736
vt 0.967563 0.046157
vt 0.945216 0.050633
vt 0.950242 0.027073
vt 0.958971 0.076524
vt 0.956456 0.097285
vt 0.940253 0.080196
vt 0.935237 0.101781
vt 0.891671 0.395930
vt 0.884466 0.405563
vt 0.879284 0.389656
vt 0.901037 0.404639
vt 0.905653 0.417692
vt 0.894729 0.420116
vt 0.913296 0.092046
vt 0.906715 0.072018
vt 0.924610 0.097554
vt 0.939910 0.065257
vt 0.931226 0.034276
vt 0.932576 0.015996
vt 0.358978 0.478749
vt 0.363339 0.477003
vt 0.381310 0.474997
vt 0.777530 0.060121
vt 0.776199 0.070561
vt 0.756499 0.103183
vt 0.759123 0.118527
vt 0.754385 0.117287
vt 0.893658 0.439098
vt 0.883111 0.426045
vt 0.925917 0.068535
vt 0.916542 0.019038
vt 0.899144 0.005310
vt 0.917758 0.007564
vt 0.765262 0.084304
vt 0.922771 0.484203
vt 0.918827 0.471779
vt 0.934051 0.473979
vt 0.911312 0.452504
vt 0.900491 0.458828
vt 0.890650 0.462679
vt 0.885493 0.459647
vt 0.881852 0.443025
vt 0.898634 0.054803
vt 0.915505 0.050774
vt 0.911565 0.040798
vt 0.901775 0.036347
vt 0.890491 0.508640
vt 0.890341 0.486687
vt 0.904555 0.502510
vt 0.898200 0.469678
vt 0.895554 0.025013
vt 0.882817 0.474526
vt 0.941637 0.402237
vt 0.950214 0.422595
vt 0.926925 0.419353
vt 0.759896 0.149144
vt 0.747444 0.149865
vt 0.759968 0.137143
vt 0.746366 0.130504
vt 0.757335 0.128042
vt 0.735126 0.116770
vt 0.700083 0.102942
vt 0.688777 0.074477
vt 0.666536 0.097276
vt 0.642513 0.090731
vt 0.703880 0.130772
vt 0.723633 0.159903
vt 0.731698 0.135178
vt 0.786814 0.174314
vt 0.798291 0.189335
vt 0.778472 0.176879
vt 0.805130 0.186399
vt 0.928761 0.384109
vt 0.923034 0.402156
vt 0.911272 0.387173
vt 0.896984 0.379816
vt 0.880485 0.372752
vt 0.885817 0.360372
vt 0.918352 0.369764
vt 0.910854 0.370390
vt 0.769920 0.185928
vt 0.759654 0.160144
vt 0.735988 0.182714
vt 0.749812 0.204352
vt 0.738760 0.192593
vt 0.762864 0.212847
vt 0.701638 0.184894
vt 0.720572 0.175567
vt 0.723584 0.189043
vt 0.709084 0.148276
vt 0.695014 0.164141
vt 0.683296 0.140357
vt 0.644904 0.127489
vt 0.672411 0.116000
vt 0.628655 0.134879
vt 0.601825 0.134202
vt 0.587239 0.120062
vt 0.573924 0.097941
vt 0.584978 0.094745
vt 0.576111 0.078946
vt 0.554215 0.075654
vt 0.856182 0.629148
vt 0.877843 0.639720
vt 0.853873 0.651782
vt 0.827071 0.683971
vt 0.811790 0.678171
vt 0.276910 0.265302
vt 0.334173 0.830129
vt 0.332528 0.845047
vt 0.300383 0.821097
vt 0.357266 0.836921
vt 0.382198 0.843074
vt 0.509987 0.246142
vt 0.479031 0.254411
vt 0.500512 0.241295
vt 0.473826 0.233475
vt 0.435063 0.341070
vt 0.431022 0.322175
vt 0.459021 0.339941
vt 0.453937 0.360548
vt 0.477468 0.352427
vt 0.471920 0.365234
vt 0.345983 0.758140
vt 0.328239 0.761666
vt 0.355065 0.746233
vt 0.458591 0.266157
vt 0.461733 0.280036
vt 0.454727 0.294493
vt 0.444407 0.291921
vt 0.446498 0.315397
vt 0.402168 0.750041
vt 0.393838 0.729466
vt 0.375449 0.749375
vt 0.364449 0.755558
vt 0.378142 0.758189
vt 0.365414 0.763196
vt 0.385008 0.783202
vt 0.374761 0.787879
vt 0.363171 0.774998
vt 0.381968 0.795915
vt 0.407341 0.794976
vt 0.385585 0.819631
vt 0.428812 0.802595
vt 0.449050 0.792499
vt 0.444512 0.812309
vt 0.459438 0.316017
vt 0.419123 0.782625
vt 0.450586 0.779011
vt 0.423209 0.771169
vt 0.356451 0.820578
vt 0.319415 0.797358
vt 0.338898 0.797414
vt 0.329150 0.783703
vt 0.352605 0.790715
vt 0.334944 0.735230
vt 0.332171 0.716272
vt 0.362530 0.722694
vt 0.364348 0.705828
vt 0.382391 0.710217
vt 0.379311 0.725389
vt 0.578898 0.211569
vt 0.574017 0.192453
vt 0.581680 0.183150
vt 0.594829 0.219234
vt 0.461572 0.378706
vt 0.439049 0.378180
vt 0.612505 0.227208
vt 0.595855 0.182006
vt 0.321791 0.710906
vt 0.305672 0.732816
vt 0.307656 0.766544
vt 0.306889 0.797700
vt 0.291916 0.799289
vt 0.294544 0.781303
vt 0.604589 0.165574
vt 0.571213 0.127043
vt 0.561265 0.110658
vt 0.547190 0.084414
vt 0.884142 0.663950
vt 0.892997 0.637003
vt 0.853972 0.677371
vt 0.842291 0.688350
vt 0.405919 0.355129
vt 0.415803 0.391174
vt 0.383389 0.393398
vt 0.356708 0.322393
vt 0.380901 0.325147
vt 0.391550 0.348723
vt 0.404160 0.314767
vt 0.401367 0.334056
vt 0.419972 0.334654
vt 0.386241 0.291916
vt 0.364399 0.261250
vt 0.384497 0.270734
vt 0.393098 0.277290
vt 0.366748 0.312371
vt 0.345354 0.298729
vt 0.345161 0.287999
vt 0.334697 0.304215
vt 0.333223 0.261499
vt 0.341399 0.251793
vt 0.354568 0.250009
vt 0.325213 0.221841
vt 0.346064 0.213820
vt 0.633035 0.386125
vt 0.639116 0.406181
vt 0.621577 0.394644
vt 0.614594 0.779810
vt 0.631374 0.784848
vt 0.644585 0.792026
vt 0.648111 0.783605
vt 0.649641 0.767293
vt 0.643532 0.754586
vt 0.658659 0.748402
vt 0.663354 0.761057
vt 0.668848 0.748045
vt 0.678300 0.767439
vt 0.660753 0.780830
vt 0.403082 0.208466
vt 0.432122 0.197505
vt 0.438839 0.185761
vt 0.201645 0.426263
vt 0.192333 0.439662
vt 0.484135 0.197401
vt 0.492453 0.206377
vt 0.476606 0.211771
vt 0.495248 0.224159
vt 0.230264 0.388593
vt 0.218055 0.391975
vt 0.207418 0.369057
vt 0.203017 0.352811
vt 0.194409 0.348342
vt 0.194931 0.322117
vt 0.192216 0.274913
vt 0.193873 0.302772
vt 0.173710 0.265145
vt 0.144095 0.217846
vt 0.140967 0.198009
vt 0.141257 0.180036
vt 0.128292 0.163994
vt 0.141590 0.142293
vt 0.161373 0.140492
vt 0.153390 0.154845
vt 0.167899 0.165790
vt 0.179708 0.155743
vt 0.188965 0.157384
vt 0.193327 0.168178
vt 0.176727 0.185775
vt 0.209622 0.180312
vt 0.200253 0.187183
vt 0.985661 0.613429
vt 0.966279 0.619759
vt 0.965523 0.607740
vt 0.945755 0.623821
vt 0.945012 0.627878
vt 0.938736 0.626783
vt 0.811131 0.636052
vt 0.806665 0.620284
vt 0.497444 0.824153
vt 0.626874 0.006371
vt 0.650736 0.016862
vt 0.715883 0.025402
vt 0.726570 0.031987
vt 0.742838 0.013132
vt 0.373679 0.569677
vt 0.377246 0.540705
vt 0.392578 0.550446
vt 0.788965 0.257079
vt 0.806605 0.266470
vt 0.783051 0.269492
vt 0.808597 0.284186
vt 0.793494 0.281729
vt 0.803776 0.314684
vt 0.792596 0.329268
vt 0.797653 0.313319
vt 0.051787 0.397314
vt 0.067228 0.393866
vt 0.057781 0.409126
vt 0.794721 0.292496
vt 0.783093 0.279096
vt 0.367668 0.586200
vt 0.298364 0.527250
vt 0.298755 0.511224
vt 0.255570 0.519555
vt 0.250618 0.491099
vt 0.247547 0.473283
vt 0.228472 0.478409
vt 0.211584 0.458709
vt 0.215832 0.435626
vt 0.221522 0.430565
vt 0.786284 0.625940
vt 0.764966 0.608816
vt 0.792560 0.643984
vt 0.239953 0.439277
vt 0.298931 0.461316
vt 0.258329 0.441379
vt 0.280140 0.422382
vt 0.750635 0.622918
vt 0.744030 0.627403
vt 0.740425 0.608533
vt 0.721383 0.627866
vt 0.739269 0.646824
vt 0.758117 0.647982
vt 0.731729 0.653666
vt 0.733199 0.638118
vt 0.739882 0.681039
vt 0.719952 0.663156
vt 0.717894 0.646948
vt 0.766071 0.681908
vt 0.774880 0.684297
vt 0.754182 0.691786
vt 0.853548 0.876936
vt 0.884718 0.869850
vt 0.907477 0.853766
vt 0.913028 0.868503
vt 0.597645 0.421924
vt 0.626276 0.423350
vt 0.135579 0.657090
vt 0.104530 0.688925
vt 0.327204 0.575532
vt 0.337671 0.581524
vt 0.339461 0.589814
vt 0.365037 0.610058
vt 0.371550 0.657700
vt 0.334968 0.656718
vt 0.322923 0.669906
vt 0.317906 0.668506
vt 0.298335 0.089288
vt 0.292166 0.057257
vt 0.279488 0.070287
vt 0.220290 0.081097
vt 0.237226 0.057630
vt 0.146500 0.912213
vt 0.139244 0.894315
vt 0.155048 0.900187
vt 0.124546 0.884709
vt 0.141860 0.846203
vt 0.128527 0.843567
vt 0.110774 0.813434
vt 0.126029 0.794084
vt 0.134924 0.805971
vt 0.148321 0.798867
vt 0.146890 0.782721
vt 0.093269 0.180211
vt 0.080244 0.142267
vt 0.116214 0.169574
vt 0.123555 0.214354
vt 0.108432 0.238757
vt 0.089775 0.246139
vt 0.181785 0.828787
vt 0.160496 0.870585
vt 0.160553 0.880597
vt 0.178329 0.895339
vt 0.214642 0.854130
vt 0.196355 0.836159
vt 0.214710 0.838700
vt 0.198186 0.822665
vt 0.180907 0.807984
vt 0.205728 0.797529
vt 0.167011 0.795488
vt 0.176800 0.786114
vt 0.197656 0.790459
vt 0.014172 0.261138
vt 0.003845 0.263123
vt 0.003900 0.257088
vt 0.276273 0.037337
vt 0.334302 0.074702
vt 0.316281 0.072742
vt 0.318326 0.059691
vt 0.339963 0.065732
vt 0.285743 0.029561
vt 0.274887 0.005492
vt 0.273527 0.028288
vt 0.041785 0.269139
vt 0.035679 0.256627
vt 0.057751 0.255942
vt 0.216354 0.808135
vt 0.225540 0.806318
vt 0.072857 0.257265
vt 0.066835 0.240746
vt 0.068552 0.360185
vt 0.054516 0.335667
vt 0.057800 0.320895
vt 0.039216 0.304258
vt 0.502238 0.952174
vt 0.491570 0.939128
vt 0.532918 0.959723
vt 0.012420 0.294853
vt 0.526014 0.949164
vt 0.547715 0.959590
vt 0.550891 0.921411
vt 0.593809 0.919399
vt 0.375899 0.063865
vt 0.355299 0.068704
vt 0.401582 0.042516
vt 0.388394 0.066900
vt 0.591027 0.888333
vt 0.600643 0.905933
vt 0.567849 0.906527
vt 0.575741 0.888563
vt 0.539177 0.917462
vt 0.486039 0.915453
vt 0.517790 0.895430
vt 0.527406 0.903646
vt 0.544792 0.900135
vt 0.550745 0.870518
vt 0.565987 0.879286
vt 0.581039 0.858184
vt 0.401886 0.027208
vt 0.412646 0.022377
vt 0.562152 0.852639
vt 0.543332 0.856241
vt 0.554241 0.835895
vt 0.528732 0.847819
vt 0.480752 0.897959
vt 0.473181 0.904932
vt 0.060709 0.365290
vt 0.077447 0.286240
vt 0.071464 0.287940
vt 0.077124 0.270101
vt 0.061876 0.282899
vt 0.089584 0.305678
vt 0.088658 0.281249
vt 0.105985 0.355392
vt 0.089065 0.393863
vt 0.762550 0.299256
vt 0.745649 0.280613
vt 0.784469 0.299723
vt 0.493326 0.849800
vt 0.475747 0.867647
vt 0.516812 0.834751
vt 0.414963 0.031239
vt 0.430401 0.048225
vt 0.417068 0.046149
vt 0.436259 0.062932
vt 0.456038 0.109621
vt 0.467345 0.100121
vt 0.471276 0.110306
vt 0.480307 0.159686
vt 0.493500 0.152515
vt 0.515700 0.156714
vt 0.504676 0.172720
vt 0.024660 0.475339
vt 0.008739 0.488381
vt 0.040375 0.455333
vt 0.039982 0.472462
vt 0.045087 0.463793
vt 0.024199 0.494912
vt 0.014972 0.497435
vt 0.404577 0.158426
vt 0.413766 0.144978
vt 0.357610 0.137550
vt 0.376524 0.131609
vt 0.388904 0.152433
vt 0.425880 0.122194
vt 0.440875 0.114098
vt 0.422626 0.101338
vt 0.408569 0.078333
vt 0.427473 0.085620
vt 0.400337 0.064903
vt 0.299575 0.638302
vt 0.029900 0.619997
vt 0.025658 0.597901
vt 0.047311 0.619268
vt 0.356445 0.160686
vt 0.378467 0.164469
vt 0.335183 0.178118
vt 0.286930 0.619167
vt 0.034828 0.662539
vt 0.034089 0.653369
vt 0.008278 0.643057
vt 0.020846 0.640173
vt 0.017843 0.652581
vt 0.280017 0.611885
vt 0.034807 0.629089
vt 0.019967 0.627020
vt 0.423576 0.169307
vt 0.037108 0.597596
vt 0.061493 0.617026
vt 0.127121 0.623430
vt 0.950738 0.823478
vt 0.945275 0.820222
vt 0.914831 0.903508
vt 0.928572 0.936559
vt 0.913436 0.933324
vt 0.872871 0.930418
vt 0.246053 0.684130
vt 0.232352 0.718553
vt 0.206466 0.720475
vt 0.166294 0.687847
vt 0.157302 0.681875
vt 0.797205 0.223869
vt 0.774454 0.233379
vt 0.782807 0.234707
vt 0.703764 0.191828
vt 0.692942 0.196351
vt 0.689542 0.191407
vt 0.637928 0.186118
vt 0.432989 0.403527
vt 0.410994 0.418342
vt 0.388823 0.403250
vt 0.356429 0.399101
vt 0.334581 0.367189
vt 0.327066 0.393543
vt 0.305699 0.341663
vt 0.304264 0.377404
vt 0.310827 0.330084
vt 0.320855 0.307142
vt 0.322543 0.318524
vt 0.320249 0.268642
vt 0.309233 0.258485
vt 0.590428 0.386876
vt 0.602848 0.382028
vt 0.610408 0.407087
vt 0.332564 0.213005
vt 0.606999 0.365474
vt 0.631155 0.337539
vt 0.609096 0.343680
vt 0.610807 0.306762
vt 0.634635 0.299053
vt 0.660630 0.287380
vt 0.645233 0.269604
vt 0.660113 0.269669
vt 0.301768 0.036516
vt 0.310722 0.026918
vt 0.316799 0.041769
vt 0.318911 0.029794
vt 0.308338 0.014713
vt 0.319702 0.014345
vt 0.325193 0.022687
vt 0.292748 0.021785
vt 0.298743 0.007380
vt 0.301128 0.023636
vt 0.333609 0.014722
vt 0.321853 0.003518
vt 0.331615 0.034984
vt 0.471220 0.008165
vt 0.511746 0.032861
vt 0.500985 0.021219
vt 0.512024 0.020667
vt 0.630591 0.250136
vt 0.634630 0.261977
vt 0.635613 0.275116
vt 0.621827 0.267617
vt 0.519426 0.022090
vt 0.473616 0.076629
vt 0.455304 0.078191
vt 0.445528 0.070844
vt 0.449195 0.051319
vt 0.434907 0.103220
vt 0.494544 0.088266
vt 0.532634 0.058841
vt 0.518077 0.070521
vt 0.530440 0.038327
vt 0.498384 0.069636
vt 0.454918 0.096663
vt 0.498452 0.052084
vt 0.550114 0.046377
vt 0.547606 0.056915
vt 0.976928 0.940622
vt 0.993808 0.932494
vt 0.994879 0.945316
vt 0.972265 0.926149
vt 0.993302 0.920885
vt 0.005752 0.207052
vt 0.018211 0.205711
vt 0.005590 0.219618
vt 0.007068 0.227472
vt 0.021635 0.211260
vt 0.018250 0.229135
vt 0.015364 0.251781
vt 0.028978 0.244362
vt 0.519053 0.119427
vt 0.524953 0.077589
vt 0.523648 0.146102
vt 0.709024 0.700732
vt 0.729851 0.712746
vt 0.718670 0.723087
vt 0.711843 0.669564
vt 0.078162 0.449835
vt 0.061640 0.456842
vt 0.006085 0.503762
vt 0.448269 0.166421
vt 0.464098 0.162735
vt 0.002303 0.529149
vt 0.011032 0.554946
vt 0.012184 0.576220
vt 0.020145 0.553489
vt 0.030632 0.572153
vt 0.022142 0.576609
vt 0.106198 0.613712
vt 0.083840 0.620747
vt 0.126480 0.609663
vt 0.167457 0.546182
vt 0.161316 0.526628
vt 0.169928 0.534118
vt 0.157377 0.509167
vt 0.167512 0.500816
vt 0.171630 0.513825
vt 0.937994 0.899992
vt 0.939848 0.885457
vt 0.694896 0.590686
vt 0.720344 0.604918
vt 0.155418 0.554257
vt 0.147347 0.530655
vt 0.099409 0.554215
vt 0.098133 0.579944
vt 0.084970 0.556896
vt 0.081092 0.545741
vt 0.071029 0.579362
vt 0.074679 0.562412
vt 0.059061 0.551532
vt 0.066296 0.533010
vt 0.033542 0.539519
vt 0.014251 0.532263
vt 0.034089 0.510599
vt 0.046423 0.588651
vt 0.101773 0.597698
vt 0.068530 0.598836
vt 0.126807 0.592668
vt 0.143427 0.574959
vt 0.118554 0.551192
vt 0.041979 0.559500
vt 0.051637 0.535121
vt 0.142131 0.503499
vt 0.150077 0.494102
vt 0.135697 0.458204
vt 0.148037 0.464418
vt 0.156555 0.490924
vt 0.696100 0.648726
vt 0.706444 0.636933
vt 0.709720 0.647783
vt 0.694084 0.669760
vt 0.687451 0.636871
vt 0.638983 0.642740
vt 0.654893 0.666215
vt 0.632594 0.675783
vt 0.605293 0.691158
vt 0.600094 0.709448
vt 0.591303 0.726678
vt 0.584131 0.719205
vt 0.991363 0.967218
vt 0.967675 0.955618
vt 0.951807 0.961767
vt 0.011310 0.184360
vt 0.021264 0.188640
vt 0.028749 0.196884
vt 0.706507 0.723926
vt 0.689130 0.688887
vt 0.663875 0.682025
vt 0.975450 0.983700
vt 0.959443 0.975548
vt 0.963923 0.965295
vt 0.938584 0.968372
vt 0.939036 0.951556
vt 0.935528 0.937987
vt 0.043910 0.200043
vt 0.038841 0.216159
vt 0.028315 0.228656
vt 0.060870 0.200387
vt 0.052428 0.220890
vt 0.530381 0.137860
vt 0.526321 0.119940
vt 0.657947 0.686155
vt 0.645552 0.685603
vt 0.940682 0.977923
vt 0.924515 0.965279
vt 0.929019 0.955571
vt 0.026649 0.175852
vt 0.016870 0.171075
vt 0.062519 0.168322
vt 0.064919 0.186212
vt 0.045552 0.185020
vt 0.055405 0.156086
vt 0.026179 0.156493
vt 0.039342 0.140174
vt 0.026620 0.133052
vt 0.014786 0.145972
vt 0.010529 0.127949
vt 0.019066 0.156585
vt 0.006664 0.154538
vt 0.924170 0.980564
vt 0.922019 0.973339
vt 0.952446 0.932003
vt 0.541563 0.250257
vt 0.553982 0.250213
vt 0.508075 0.254136
vt 0.577970 0.696912
vt 0.556088 0.683231
vt 0.541719 0.641823
vt 0.254049 0.792257
vt 0.236163 0.784277
vt 0.252407 0.778698
vt 0.558529 0.607961
vt 0.573645 0.599255
vt 0.592104 0.622466
vt 0.611954 0.615587
vt 0.636043 0.624955
vt 0.885492 0.925934
vt 0.899831 0.929108
vt 0.269991 0.679385
vt 0.262348 0.669018
vt 0.279500 0.670264
vt 0.259988 0.690354
vt 0.247228 0.715760
vt 0.599571 0.606265
vt 0.598166 0.595219
vt 0.608471 0.605146
vt 0.232778 0.770540
vt 0.216061 0.756945
vt 0.228034 0.736611
vt 0.198622 0.742953
vt 0.178334 0.729978
vt 0.178317 0.704175
vt 0.145074 0.034081
vt 0.161437 0.050586
vt 0.141496 0.049983
vt 0.122891 0.707152
vt 0.128894 0.725313
vt 0.155929 0.030368
vt 0.139659 0.023066
vt 0.149042 0.024217
vt 0.157121 0.022718
vt 0.175906 0.020315
vt 0.141738 0.735515
vt 0.160712 0.756796
vt 0.179559 0.756159
vt 0.135396 0.777822
vt 0.309929 0.395845
vt 0.171216 0.768098
vt 0.154480 0.775695
vt 0.195189 0.769522
vt 0.203444 0.765082
vt 0.854906 0.753111
vt 0.857446 0.740233
vt 0.860919 0.762726
vt 0.837091 0.718895
vt 0.847451 0.710006
vt 0.834975 0.703429
vt 0.295542 0.348016
vt 0.320982 0.280880
vt 0.592522 0.369859
vt 0.588257 0.354800
vt 0.586249 0.342127
vt 0.590021 0.329141
vt 0.609637 0.294486
vt 0.612816 0.284877
vt 0.611966 0.273727
vt 0.599251 0.276870
vt 0.598499 0.289710
vt 0.593988 0.280304
vt 0.590215 0.292192
vt 0.582071 0.280106
vt 0.584715 0.271419
vt 0.566633 0.284645
vt 0.570151 0.269609
vt 0.596501 0.303168
vt 0.587382 0.313014
vt 0.576581 0.303020
vt 0.582643 0.290492
vt 0.570946 0.295367
vt 0.564453 0.325312
vt 0.539129 0.324555
vt 0.573464 0.354938
vt 0.602741 0.324375
vt 0.567923 0.369728
vt 0.553563 0.350216
vt 0.577041 0.380808
vt 0.558797 0.296534
vt 0.501787 0.289162
vt 0.551286 0.699971
vt 0.569835 0.717431
vt 0.539523 0.676982
vt 0.538753 0.630149
vt 0.537660 0.618690
vt 0.262961 0.767204
vt 0.181649 0.772542
vt 0.858143 0.780543
vt 0.861758 0.779611
vt 0.842971 0.729779
vt 0.288224 0.368723
vt 0.297863 0.329749
vt 0.297636 0.315045
vt 0.299400 0.302395
vt 0.287935 0.255347
vt 0.282098 0.238434
vt 0.298803 0.247463
vt 0.298151 0.279560
vt 0.547660 0.391380
vt 0.543523 0.383894
vt 0.554999 0.372206
vt 0.540214 0.344042
vt 0.527711 0.329185
vt 0.520024 0.308928
vt 0.501867 0.311726
vt 0.486957 0.288627
vt 0.487174 0.308511
vt 0.476076 0.300934
vt 0.758686 0.855682
vt 0.780943 0.854503
vt 0.769347 0.861087
vt 0.834737 0.830515
vt 0.842294 0.841747
vt 0.814629 0.847410
vt 0.850991 0.757494
vt 0.288059 0.355245
vt 0.520321 0.339162
vt 0.508068 0.325135
vt 0.712594 0.818137
vt 0.728115 0.834194
vt 0.719624 0.833704
vt 0.756206 0.845995
vt 0.852276 0.817931
vt 0.845660 0.805043
vt 0.293679 0.300596
vt 0.294018 0.282263
vt 0.275273 0.245189
vt 0.284624 0.263684
vt 0.534195 0.391393
vt 0.531317 0.377363
vt 0.533184 0.368501
vt 0.525844 0.357798
vt 0.733143 0.815376
vt 0.750946 0.824029
vt 0.762335 0.835808
vt 0.783698 0.839767
vt 0.831792 0.797565
vt 0.840362 0.783968
vt 0.853600 0.779192
vt 0.837423 0.771882
vt 0.826302 0.717438
vt 0.833141 0.724393
vt 0.825333 0.734444
vt 0.818254 0.728454
vt 0.800883 0.719246
vt 0.772069 0.710045
vt 0.772550 0.698789
vt 0.794828 0.705476
vt 0.707214 0.761373
vt 0.728724 0.778233
vt 0.704471 0.782593
vt 0.724886 0.791842
vt 0.742751 0.802168
vt 0.777218 0.826639
vt 0.801989 0.822592
vt 0.825409 0.802935
vt 0.840533 0.817194
vt 0.755132 0.702699
vt 0.722910 0.728805
vt 0.729743 0.754759
vt 0.712707 0.747489
vt 0.762951 0.805608
vt 0.784980 0.813479
vt 0.821566 0.783813
vt 0.821916 0.795851
vt 0.814672 0.794323
vt 0.818188 0.802270
vt 0.814305 0.744639
vt 0.823436 0.752897
vt 0.805574 0.737553
vt 0.737952 0.712871
vt 0.747769 0.727149
vt 0.747132 0.772246
vt 0.753154 0.784310
vt 0.775583 0.803609
vt 0.808959 0.802575
vt 0.799731 0.757530
vt 0.754080 0.747932
vt 0.735680 0.743198
vt 0.756053 0.768017
vt 0.763811 0.781020
vt 0.780255 0.783884
vt 0.799537 0.792900
vt 0.772811 0.736402
vt 0.783425 0.716170
vt 0.785589 0.752077
vt 0.296526 0.230505
vt 0.287888 0.233572
vt 0.560076 0.395434
vt 0.100894 0.755225
vt 0.090074 0.748856
vt 0.763379 0.228982
vt 0.903263 0.354768
vt 0.880930 0.330379
vt 0.899871 0.329781
vt 0.675389 0.210537
vt 0.655822 0.230819
vt 0.630723 0.234696
vt 0.638989 0.210934
vt 0.662490 0.216136
vt 0.341022 0.405739
vt 0.905476 0.255985
vt 0.882880 0.265313
vt 0.881192 0.262970
vt 0.106376 0.714838
vt 0.097736 0.729436
vt 0.099798 0.716189
vt 0.867975 0.293094
vt 0.875699 0.279759
vt 0.888142 0.292173
vt 0.881443 0.307515
vt 0.866168 0.308322
vt 0.897161 0.304728
vt 0.910175 0.309560
vt 0.926794 0.331039
vt 0.666264 0.232694
vt 0.406224 0.427057
vt 0.394331 0.416488
vt 0.366177 0.404889
vt 0.333049 0.414945
vt 0.320978 0.422588
vt 0.319009 0.409290
vt 0.920815 0.258993
vt 0.904011 0.261192
vt 0.888867 0.267179
vt 0.902905 0.287368
vt 0.914275 0.303068
vt 0.928416 0.316375
vt 0.944010 0.327079
vt 0.381977 0.410862
vt 0.908774 0.274509
vt 0.894553 0.280697
vt 0.919179 0.286848
vt 0.944942 0.298300
vt 0.947454 0.313396
vt 0.959426 0.297200
vt 0.944528 0.283244
vt 0.951175 0.275616
vt 0.938876 0.349459
vt 0.956177 0.330855
vt 0.160355 0.729924
vt 0.171931 0.712130
vt 0.690006 0.582737
vt 0.679881 0.598276
vt 0.452810 0.922860
vt 0.462066 0.901834
vt 0.461720 0.912423
vt 0.454668 0.870992
vt 0.455506 0.865283
vt 0.462165 0.885946
vt 0.260051 0.714545
vt 0.260081 0.732374
vt 0.376423 0.890184
vt 0.376212 0.904562
vt 0.366179 0.895091
vt 0.651462 0.616246
vt 0.420035 0.945783
vt 0.428227 0.928641
vt 0.433544 0.941608
vt 0.445492 0.934032
vt 0.399884 0.863649
vt 0.386523 0.856677
vt 0.400102 0.849764
vt 0.423067 0.863056
vt 0.388421 0.876130
vt 0.387522 0.891146
vt 0.380434 0.918479
vt 0.385565 0.935596
vt 0.368069 0.912293
vt 0.413812 0.931502
vt 0.443315 0.914019
vt 0.406833 0.909553
vt 0.418591 0.885717
vt 0.387901 0.907924
vt 0.429454 0.898597
vt 0.441995 0.875579
vt 0.268137 0.734253
vt 0.096712 0.443650
vt 0.091128 0.452856
vt 0.066252 0.478171
vt 0.062858 0.492374
vt 0.045457 0.492442
vt 0.051476 0.513872
vt 0.068647 0.511774
vt 0.109144 0.533559
vt 0.086613 0.527385
vt 0.104616 0.513315
vt 0.120723 0.519881
vt 0.130626 0.493005
vt 0.132981 0.472151
vt 0.116345 0.448664
vt 0.126666 0.452229
vt 0.113216 0.456289
vt 0.086746 0.473217
vt 0.116716 0.476544
vt 0.096212 0.494226
vt 0.110266 0.486430
vt 0.689270 0.315753
vt 0.715373 0.326202
vt 0.743615 0.306511
vt 0.758589 0.327885
vt 0.737777 0.339031
vt 0.753308 0.351528
vt 0.120442 0.388612
vt 0.132452 0.347636
vt 0.116469 0.369746
vt 0.113211 0.324126
vt 0.087004 0.323464
vt 0.107756 0.308646
vt 0.099429 0.289936
vt 0.122911 0.275867
vt 0.142300 0.283165
vt 0.131673 0.298098
vt 0.106218 0.255905
vt 0.139790 0.262708
vt 0.139471 0.240706
vt 0.154379 0.303338
vt 0.146118 0.325575
vt 0.126825 0.377011
vt 0.142904 0.436746
vt 0.713176 0.339646
vt 0.693104 0.340667
vt 0.672720 0.344020
vt 0.595669 0.737892
vt 0.601204 0.752372
vt 0.606630 0.771103
vt 0.631613 0.763795
vt 0.686897 0.734403
vt 0.686646 0.750468
vt 0.171625 0.442604
vt 0.183478 0.444353
vt 0.183883 0.451471
vt 0.733239 0.373549
vt 0.723830 0.369743
vt 0.729667 0.356144
vt 0.716548 0.358038
vt 0.702591 0.350404
vt 0.677502 0.351653
vt 0.668288 0.355017
vt 0.651892 0.366015
vt 0.644991 0.366141
vt 0.602596 0.734063
vt 0.624349 0.749126
vt 0.647233 0.739040
vt 0.646376 0.728671
vt 0.138639 0.445029
vt 0.156828 0.441707
vt 0.636043 0.717323
vt 0.628474 0.724981
vt 0.612405 0.713156
vt 0.622552 0.736828
vt 0.635874 0.737802
vt 0.649447 0.716114
vt 0.674368 0.708857
vt 0.164134 0.342668
vt 0.178265 0.301639
vt 0.180110 0.347088
vt 0.182668 0.367432
vt 0.176288 0.371387
vt 0.733537 0.287211
vt 0.718427 0.270865
vt 0.727290 0.258945
vt 0.716345 0.238296
vt 0.728580 0.244184
vt 0.706562 0.248734
vt 0.740374 0.354550
vt 0.442853 0.056467
vt 0.527331 0.873731
vt 0.576958 0.843308
vt 0.210393 0.792190
vt 0.177335 0.778581
vt 0.189832 0.850691
vt 0.179747 0.873254
vt 0.202146 0.883916
vt 0.205387 0.909627
vt 0.253502 0.032340
vt 0.224876 0.880622
vt 0.114389 0.142682
vt 0.119775 0.156344
vt 0.129614 0.139676
vt 0.120397 0.122595
vt 0.129398 0.109133
vt 0.138430 0.122805
vt 0.153525 0.128183
vt 0.169342 0.140137
vt 0.184376 0.134735
vt 0.199926 0.156399
vt 0.211521 0.168222
vt 0.224777 0.197199
vt 0.226994 0.187316
vt 0.236206 0.214322
vt 0.993007 0.620424
vt 0.968447 0.628171
vt 0.916159 0.611457
vt 0.922825 0.595734
vt 0.940147 0.587626
vt 0.803132 0.627757
vt 0.796674 0.614052
vt 0.917110 0.627568
vt 0.924664 0.648364
vt 0.910795 0.626307
vt 0.468715 0.756007
vt 0.480809 0.745636
vt 0.460465 0.763969
vt 0.481590 0.729257
vt 0.982810 0.637617
vt 0.958523 0.638935
vt 0.946486 0.643370
vt 0.974671 0.650476
vt 0.994368 0.656992
vt 0.227353 0.169550
vt 0.224193 0.162347
vt 0.236782 0.169709
vt 0.491888 0.721724
vt 0.232837 0.130395
vt 0.218714 0.128320
vt 0.230323 0.118858
vt 0.216668 0.157853
vt 0.135024 0.055516
vt 0.113191 0.050131
vt 0.119869 0.038731
vt 0.905365 0.771045
vt 0.897099 0.755129
vt 0.911613 0.754855
vt 0.897378 0.746385
vt 0.884410 0.744665
vt 0.887864 0.727278
vt 0.898372 0.730116
vt 0.912563 0.718494
vt 0.911842 0.730987
vt 0.894744 0.714183
vt 0.907297 0.708417
vt 0.938498 0.715021
vt 0.952405 0.712734
vt 0.917151 0.747595
vt 0.929073 0.748813
vt 0.938826 0.760275
vt 0.920575 0.767175
vt 0.158484 0.074459
vt 0.129808 0.068421
vt 0.145035 0.061731
vt 0.532126 0.752232
vt 0.517671 0.721420
vt 0.544321 0.713165
vt 0.523751 0.709560
vt 0.527813 0.812183
vt 0.533413 0.829774
vt 0.512378 0.832534
vt 0.528867 0.825900
vt 0.617728 0.834806
vt 0.631930 0.840999
vt 0.616921 0.856843
vt 0.884785 0.536494
vt 0.895919 0.537602
vt 0.636601 0.860416
vt 0.649025 0.883742
vt 0.626562 0.879309
vt 0.677323 0.909982
vt 0.692492 0.938944
vt 0.669491 0.946808
vt 0.707752 0.946509
vt 0.734456 0.010346
vt 0.420789 0.531688
vt 0.405276 0.545924
vt 0.417988 0.525796
vt 0.800026 0.366855
vt 0.779241 0.352988
vt 0.804595 0.337627
vt 0.774311 0.341172
vt 0.038080 0.404665
vt 0.047349 0.415433
vt 0.036895 0.416935
vt 0.040111 0.392710
vt 0.056826 0.382335
vt 0.361286 0.580334
vt 0.351597 0.561539
vt 0.007456 0.389435
vt 0.035819 0.375768
vt 0.024639 0.399677
vt 0.025890 0.424137
vt 0.023623 0.411142
vt 0.009797 0.431901
vt 0.003265 0.410167
vt 0.257784 0.543564
vt 0.277421 0.534521
vt 0.264479 0.585204
vt 0.248709 0.571548
vt 0.231719 0.573663
vt 0.187927 0.556241
vt 0.215546 0.479517
vt 0.289577 0.941749
vt 0.320826 0.933205
vt 0.292608 0.946823
vt 0.636266 0.428911
vt 0.627389 0.449230
vt 0.619056 0.446180
vt 0.625430 0.459677
vt 0.521386 0.425660
vt 0.528207 0.403145
vt 0.549192 0.413792
vt 0.077622 0.701344
vt 0.071697 0.707125
vt 0.043449 0.697977
vt 0.357608 0.598643
vt 0.469859 0.679724
vt 0.430545 0.685130
vt 0.445573 0.655119
vt 0.478325 0.700189
vt 0.447386 0.686703
vt 0.008103 0.110764
vt 0.024877 0.118133
vt 0.007736 0.116780
vt 0.031268 0.109938
vt 0.048226 0.127009
vt 0.053018 0.114291
vt 0.067180 0.141652
vt 0.099727 0.833853
vt 0.459251 0.701398
vt 0.484239 0.709697
vt 0.217943 0.094351
vt 0.210601 0.100503
vt 0.399176 0.695110
vt 0.391903 0.687633
vt 0.378074 0.669470
vt 0.364096 0.661025
vt 0.227519 0.925965
vt 0.210942 0.938424
vt 0.211059 0.949862
vt 0.201716 0.943964
vt 0.199839 0.956195
vt 0.169719 0.945432
vt 0.390400 0.702809
vt 0.386911 0.690014
vt 0.242741 0.939397
vt 0.249386 0.956553
vt 0.212361 0.959691
vt 0.203764 0.970382
vt 0.198854 0.982410
vt 0.189451 0.995365
vt 0.209869 0.986845
vt 0.216671 0.979692
vt 0.225321 0.994425
vt 0.225884 0.974582
vt 0.240867 0.978569
vt 0.246842 0.071781
vt 0.263201 0.069815
vt 0.278683 0.075147
vt 0.160909 0.947066
vt 0.292483 0.097887
vt 0.293473 0.118214
vt 0.204009 0.920836
vt 0.230417 0.920422
vt 0.202434 0.087866
vt 0.219499 0.073910
vt 0.123761 0.901638
vt 0.107375 0.884680
vt 0.097466 0.860603
vt 0.438293 0.701976
vt 0.410725 0.710540
vt 0.063294 0.099210
vt 0.090408 0.064755
vt 0.120878 0.095142
vt 0.160845 0.102446
vt 0.140567 0.103070
vt 0.155277 0.116989
vt 0.168816 0.127065
vt 0.171482 0.110069
vt 0.182455 0.122442
vt 0.800582 0.586442
vt 0.796160 0.547953
vt 0.811820 0.567842
vt 0.801267 0.535189
vt 0.870381 0.711446
vt 0.886814 0.711721
vt 0.871382 0.729550
vt 0.884250 0.703177
vt 0.891294 0.698330
vt 0.897067 0.703192
vt 0.902942 0.694778
vt 0.917101 0.697263
vt 0.947269 0.690708
vt 0.959517 0.709825
vt 0.930082 0.702418
vt 0.181008 0.070399
vt 0.554514 0.741724
vt 0.546693 0.746047
vt 0.549055 0.777220
vt 0.531860 0.782697
vt 0.585045 0.788251
vt 0.595136 0.800098
vt 0.561854 0.828366
vt 0.568412 0.833933
vt 0.551593 0.830051
vt 0.663320 0.865271
vt 0.672830 0.891418
vt 0.394898 0.565527
vt 0.395462 0.592992
vt 0.383467 0.588181
vt 0.772464 0.433605
vt 0.743107 0.431143
vt 0.748196 0.416002
vt 0.603316 0.841146
vt 0.564295 0.819944
vt 0.579170 0.818180
vt 0.605980 0.813455
vt 0.600230 0.850713
vt 0.084780 0.783910
vt 0.087783 0.801044
vt 0.063032 0.791894
vt 0.066500 0.772567
vt 0.651745 0.841425
vt 0.691916 0.883906
vt 0.701623 0.905880
vt 0.685999 0.899355
vt 0.745280 0.935221
vt 0.761064 0.921679
vt 0.749623 0.944185
vt 0.833148 0.257697
vt 0.085391 0.831629
vt 0.064363 0.809510
vt 0.054888 0.784634
vt 0.042180 0.763971
vt 0.012060 0.758704
vt 0.021040 0.740178
vt 0.042528 0.741032
vt 0.696830 0.840347
vt 0.700459 0.854675
vt 0.702198 0.865181
vt 0.707938 0.870790
vt 0.709493 0.877451
vt 0.701483 0.882164
vt 0.733264 0.890197
vt 0.730340 0.910647
vt 0.718243 0.890090
vt 0.032490 0.791819
vt 0.035976 0.779712
vt 0.044279 0.790266
vt 0.017328 0.775166
vt 0.702595 0.840732
vt 0.718172 0.865183
vt 0.725485 0.871962
vt 0.743093 0.866577
vt 0.063130 0.833569
vt 0.051278 0.853394
vt 0.046098 0.825645
vt 0.039735 0.807615
vt 0.016391 0.786407
vt 0.027975 0.788204
vt 0.028196 0.797940
vt 0.006093 0.798744
vt 0.004734 0.788502
vt 0.712402 0.841851
vt 0.721192 0.848891
vt 0.736070 0.861894
vt 0.029983 0.850797
vt 0.006624 0.859634
vt 0.009150 0.840698
vt 0.034534 0.879118
vt 0.028235 0.827539
vt 0.015651 0.823201
vt 0.004679 0.813067
vt 0.001669 0.833782
vt 0.065258 0.867268
vt 0.051035 0.897745
vt 0.770679 0.913573
vt 0.773938 0.933165
vt 0.715291 0.908958
vt 0.687665 0.875629
vt 0.872838 0.274294
vt 0.875187 0.263895
vt 0.723898 0.431491
vt 0.719651 0.415662
vt 0.733079 0.428650
vt 0.727646 0.448307
vt 0.955040 0.562282
vt 0.968374 0.570399
vt 0.953081 0.580196
vt 0.965595 0.552366
vt 0.847300 0.290916
vt 0.858227 0.281169
vt 0.844815 0.357910
vt 0.834988 0.342243
vt 0.785306 0.396139
vt 0.772319 0.391393
vt 0.251646 0.592356
vt 0.240231 0.586425
vt 0.936411 0.247760
vt 0.916298 0.241391
vt 0.927990 0.237521
vt 0.939589 0.233947
vt 0.955875 0.222851
vt 0.966327 0.227053
vt 0.623931 0.511195
vt 0.614126 0.518175
vt 0.579180 0.500432
vt 0.548625 0.516533
vt 0.546803 0.487729
vt 0.540547 0.506981
vt 0.525679 0.454055
vt 0.513023 0.491405
vt 0.092405 0.909641
vt 0.077439 0.907649
vt 0.079158 0.892436
vt 0.071381 0.920728
vt 0.053807 0.908537
vt 0.380136 0.600346
vt 0.377831 0.603124
vt 0.370408 0.600223
vt 0.420817 0.573834
vt 0.450872 0.579010
vt 0.473896 0.649611
vt 0.502601 0.661914
vt 0.495360 0.697039
vt 0.062722 0.054582
vt 0.055338 0.028524
vt 0.084435 0.029263
vt 0.779288 0.579009
vt 0.796191 0.516505
vt 0.860903 0.723511
vt 0.892848 0.674725
vt 0.563224 0.770303
vt 0.597777 0.789729
vt 0.606581 0.797055
vt 0.616721 0.800887
vt 0.783378 0.490284
vt 0.774327 0.449613
vt 0.796723 0.488735
vt 0.756997 0.452259
vt 0.739312 0.455917
vt 0.720442 0.477568
vt 0.719936 0.466781
vt 0.943971 0.566441
vt 0.930490 0.579482
vt 0.935549 0.560692
vt 0.948770 0.553697
vt 0.935734 0.544731
vt 0.969244 0.541364
vt 0.956669 0.540350
vt 0.953215 0.499241
vt 0.940943 0.497292
vt 0.958579 0.494698
vt 0.855361 0.404896
vt 0.817299 0.425226
vt 0.764444 0.392904
vt 0.521602 0.521967
vt 0.495586 0.536514
vt 0.487110 0.503487
vt 0.481301 0.463791
vt 0.494102 0.445730
vt 0.122153 0.910379
vt 0.112204 0.923676
vt 0.101109 0.915340
vt 0.103950 0.895538
vt 0.095925 0.928657
vt 0.073156 0.943015
vt 0.435568 0.433193
vt 0.446339 0.436775
vt 0.454727 0.449522
vt 0.468046 0.470418
vt 0.474951 0.447803
vt 0.500066 0.439013
vt 0.130413 0.938689
vt 0.128839 0.923299
vt 0.090445 0.950177
vt 0.070403 0.955893
vt 0.057497 0.937600
vt 0.076912 0.975428
vt 0.060477 0.968688
vt 0.093301 0.977846
vt 0.081409 0.980951
vt 0.124074 0.956514
vt 0.110344 0.949791
vt 0.111335 0.933279
vt 0.090346 0.964177
vt 0.111476 0.967989
vt 0.122882 0.966331
vt 0.468520 0.601820
vt 0.051334 0.041506
vt 0.710240 0.561727
vt 0.681143 0.559113
vt 0.722029 0.540930
vt 0.662834 0.530030
vt 0.659772 0.568671
vt 0.639464 0.565643
vt 0.629253 0.521323
vt 0.648645 0.500764
vt 0.867472 0.382762
vt 0.870186 0.364534
vt 0.966667 0.507523
vt 0.980513 0.522470
vt 0.944046 0.518564
vt 0.667945 0.482909
vt 0.679172 0.488386
vt 0.656854 0.483852
vt 0.657495 0.490644
vt 0.670626 0.499510
vt 0.691658 0.519561
vt 0.749631 0.533609
vt 0.713338 0.540305
vt 0.687706 0.496416
vt 0.693132 0.487591
vt 0.939716 0.526966
vt 0.929584 0.526988
vt 0.934000 0.517845
vt 0.919599 0.536947
vt 0.918653 0.551644
vt 0.902228 0.539977
vt 0.910449 0.566414
vt 0.901585 0.549109
vt 0.704388 0.481646
vt 0.926341 0.556285
vt 0.926877 0.541968
vt 0.624197 0.562886
vt 0.474261 0.570480
vt 0.500811 0.545915
vt 0.654020 0.593272
vt 0.421450 0.495514
vt 0.409868 0.482246
vt 0.405757 0.472625
vt 0.477517 0.617202
vt 0.481888 0.638725
vt 0.517337 0.666307
vt 0.516322 0.670149
vt 0.027833 0.063491
vt 0.045104 0.037785
vt 0.762879 0.592051
vt 0.749401 0.586505
vt 0.723286 0.576659
vt 0.697984 0.577241
vt 0.664267 0.592039
vt 0.796794 0.161504
vt 0.823371 0.176966
vt 0.802628 0.174760
vt 0.839352 0.180955
vt 0.824064 0.185415
vt 0.860836 0.176921
vt 0.892413 0.163809
vt 0.857736 0.185420
vt 0.884967 0.160638
vt 0.901611 0.136940
vt 0.899920 0.090335
vt 0.906338 0.100260
vt 0.903237 0.115005
vt 0.015289 0.057239
vt 0.026582 0.053032
vt 0.001962 0.060672
vt 0.767628 0.604732
vt 0.805345 0.055222
vt 0.792582 0.067692
vt 0.780650 0.074334
vt 0.780367 0.086403
vt 0.771763 0.095373
vt 0.776047 0.142802
vt 0.887463 0.070030
vt 0.867488 0.055235
vt 0.870581 0.051353
vt 0.891653 0.066773
vt 0.774589 0.114012
vt 0.858165 0.153592
vt 0.888304 0.135239
vt 0.861387 0.066403
vt 0.842792 0.063678
vt 0.847826 0.047623
vt 0.831545 0.047321
vt 0.806384 0.080122
vt 0.793337 0.093364
vt 0.868743 0.145272
vt 0.885883 0.091983
vt 0.877672 0.105744
vt 0.870015 0.088638
vt 0.877755 0.079800
vt 0.818076 0.067703
vt 0.789554 0.112838
vt 0.800566 0.106661
vt 0.807593 0.123883
vt 0.792951 0.132469
vt 0.836945 0.155243
vt 0.855875 0.079002
vt 0.820136 0.080680
vt 0.809515 0.092810
vt 0.811502 0.107092
vt 0.837974 0.150166
vt 0.861508 0.142323
vt 0.838277 0.090477
vt 0.855248 0.090379
vt 0.823077 0.095477
vt 0.822469 0.107623
vt 0.824336 0.138800
vt 0.850068 0.142976
vt 0.875403 0.116786
vt 0.859408 0.101777
vt 0.866156 0.097748
vt 0.850968 0.094455
vt 0.831861 0.136926
vt 0.855781 0.125172
vt 0.863241 0.117513
vt 0.833348 0.113836
vt 0.835489 0.097739
vt 0.838233 0.130852
vt 0.846599 0.109138
vt 0.843140 0.119827
vt 0.849549 0.129435
vt 0.568542 0.509507
vt 0.556588 0.519005
vt 0.811938 0.425790
vt 0.924225 0.213586
vt 0.930258 0.213093
vt 0.939566 0.213023
vt 0.938009 0.201207
vt 0.964369 0.204714
vt 0.589220 0.510004
vt 0.947237 0.162426
vt 0.953448 0.173024
vt 0.935717 0.163216
vt 0.921353 0.164755
vt 0.905132 0.167979
vt 0.914261 0.182765
vt 0.888391 0.185090
vt 0.886563 0.204680
vt 0.909876 0.204829
vt 0.895507 0.226808
vt 0.914542 0.217429
vt 0.934005 0.178955
vt 0.921426 0.178187
vt 0.933587 0.194158
vt 0.928146 0.192224
vt 0.910665 0.194666
vt 0.924890 0.197139
vt 0.919276 0.204126
vt 0.928159 0.203824
vt 0.811614 0.480425
vt 0.614092 0.790309
vt 0.606108 0.789085
vt 0.864180 0.697330
vt 0.876485 0.685009
vt 0.864681 0.704237
vt 0.878791 0.673161
vt 0.891734 0.666385
vt 0.920655 0.673794
vt 0.924677 0.667370
vt 0.812394 0.558548
vt 0.108929 0.018333
vt 0.926280 0.770751
vt 0.049639 0.073954
vt 0.123781 0.677439
vt 0.182142 0.543821
vt 0.192315 0.533042
vt 0.206376 0.509711
vt 0.207321 0.481866
vt 0.200380 0.459194
vt 0.199393 0.450367
vt 0.307946 0.921693
vt 0.282935 0.919038
vt 0.305062 0.914071
vt 0.302621 0.896447
vt 0.316860 0.874193
vt 0.327190 0.881844
vt 0.314671 0.845945
vt 0.329103 0.859692
vt 0.633652 0.501910
vt 0.247232 0.919488
vt 0.257720 0.935465
vt 0.240523 0.898291
vt 0.296316 0.928251
vt 0.289085 0.889052
vt 0.283484 0.870523
vt 0.271611 0.921435
vt 0.264301 0.904555
vt 0.258180 0.883690
vt 0.267818 0.870854
vt 0.272090 0.888708
vt 0.266312 0.847665
vt 0.288755 0.843459
vt 0.276899 0.837717
vt 0.266963 0.935796
vt 0.338213 0.873574
vt 0.338984 0.892665
vt 0.329542 0.901087
vt 0.341210 0.898035
vt 0.337789 0.910046
vt 0.863152 0.847200
vt 0.297369 0.571411
vt 0.758735 0.349336
vt 0.758078 0.342214
vt 0.039499 0.428827
vt 0.027463 0.443269
vt 0.236949 0.142398
vt 0.800060 0.597487
vt 0.789771 0.604411
vt 0.851852 0.895496
vt 0.844224 0.880590
vt 0.844842 0.896864
vt 0.770016 0.653888
vt 0.764346 0.660703
vt 0.751130 0.667360
vt 0.721930 0.676915
vt 0.782016 0.671051
vt 0.159614 0.652289
vt 0.202260 0.627912
vt 0.300619 0.409301
vt 0.305319 0.436418
vt 0.320585 0.463687
vt 0.340407 0.471766
vt 0.967863 0.099073
vt 0.961246 0.118420
vt 0.949080 0.112743
vt 0.183008 0.635893
vt 0.196253 0.618665
vt 0.403050 0.266435
vt 0.406534 0.257500
vt 0.199381 0.001502
vt 0.789718 0.692392
vt 0.152366 0.017835
vt 0.593404 0.270668
vt 0.821815 0.706212
vt 0.034790 0.684629
vt 0.455679 0.128228
vt 0.050207 0.952955
vt 0.420217 0.072706
vt 0.642594 0.411561
vt 0.645991 0.419662
vt 0.173108 0.987300
vt 0.538786 0.548731
vt 0.514936 0.556458
vt 0.530739 0.535059
vt 0.238889 0.016176
vt 0.245166 0.014453
vt 0.495110 0.575431
vt 0.091635 0.263009
vt 0.848080 0.859655
vt 0.035347 0.096148
vt 0.840690 0.938266
vt 0.764303 0.372141
vt 0.584256 0.366676
vt 0.280984 0.511411
vt 0.150894 0.411610
vt 0.172541 0.393528
vt 0.194483 0.087122
vt 0.797333 0.467849
vt 0.832104 0.744383
vt 0.764998 0.053003
vt 0.785259 0.679146
vt 0.860834 0.585298
vt 0.852008 0.568112
vt 0.849955 0.546357
vt 0.841350 0.555482
vt 0.624117 0.056502
vt 0.197798 0.022461
vt 0.229214 0.221825
vt 0.187229 0.008613
vt 0.181240 0.018517
vt 0.462404 0.847477
vt 0.850327 0.538601
vt 0.898512 0.549753
vt 0.920967 0.043205
vt 0.929746 0.049157
vt 0.752378 0.026687
vt 0.942301 0.016425
vt 0.973273 0.071990
vt 0.395427 0.477268
vt 0.940196 0.466243
vt 0.925599 0.458801
vt 0.950710 0.441016
vt 0.921404 0.494234
vt 0.879363 0.468423
vt 0.774482 0.160456
vt 0.821372 0.188932
vt 0.820513 0.194194
vt 0.607997 0.151307
vt 0.460704 0.243207
vt 0.250112 0.366657
vt 0.398207 0.833309
vt 0.427097 0.832398
vt 0.468510 0.332288
vt 0.425288 0.744887
vt 0.411881 0.728471
vt 0.361472 0.800478
vt 0.296133 0.728251
vt 0.443001 0.766400
vt 0.584899 0.164868
vt 0.573512 0.159432
vt 0.552473 0.123475
vt 0.289984 0.760448
vt 0.533098 0.108556
vt 0.669491 0.786859
vt 0.367906 0.192788
vt 0.682291 0.771012
vt 0.472671 0.200099
vt 0.217811 0.182301
vt 0.241693 0.213027
vt 0.499118 0.793240
vt 0.060590 0.728754
vt 0.054381 0.729150
vt 0.047167 0.709737
vt 0.873007 0.540226
vt 0.644289 0.931287
vt 0.642784 0.909528
vt 0.049833 0.443657
vt 0.835989 0.862802
vt 0.752391 0.658975
vt 0.285485 0.402285
vt 0.216524 0.616073
vt 0.216237 0.603938
vt 0.942264 0.817928
vt 0.661935 0.405077
vt 0.661198 0.412908
vt 0.134416 0.668941
vt 0.027897 0.699911
vt 0.231430 0.862100
vt 0.236234 0.845766
vt 0.286440 0.133487
vt 0.200187 0.081994
vt 0.178123 0.912570
vt 0.132877 0.824683
vt 0.079908 0.162009
vt 0.088883 0.186762
vt 0.161453 0.816744
vt 0.220879 0.902610
vt 0.234794 0.868538
vt 0.002115 0.293576
vt 0.053916 0.247588
vt 0.233031 0.825611
vt 0.054994 0.349994
vt 0.350025 0.056076
vt 0.598982 0.867393
vt 0.389859 0.043823
vt 0.087901 0.339053
vt 0.786806 0.293109
vt 0.780876 0.287870
vt 0.417063 0.009163
vt 0.425831 0.012397
vt 0.542694 0.833145
vt 0.017712 0.470495
vt 0.017664 0.660940
vt 0.008791 0.611287
vt 0.005722 0.627595
vt 0.316735 0.182333
vt 0.788335 0.236236
vt 0.330612 0.193327
vt 0.942758 0.855596
vt 0.861143 0.935730
vt 0.147800 0.680000
vt 0.811498 0.219044
vt 0.758524 0.217081
vt 0.865452 0.319718
vt 0.879836 0.349836
vt 0.314137 0.225398
vt 0.309071 0.002070
vt 0.523141 0.105465
vt 0.528929 0.083114
vt 0.573515 0.229317
vt 0.560779 0.241205
vt 0.156788 0.584455
vt 0.169564 0.562619
vt 0.720357 0.593728
vt 0.144842 0.515487
vt 0.141244 0.547128
vt 0.114469 0.538471
vt 0.079874 0.527995
vt 0.711037 0.627668
vt 0.516705 0.247024
vt 0.629069 0.685567
vt 0.632918 0.687130
vt 0.944689 0.992288
vt 0.691529 0.723198
vt 0.685154 0.703234
vt 0.036006 0.170007
vt 0.538901 0.146013
vt 0.674818 0.692323
vt 0.001796 0.138383
vt 0.001872 0.126942
vt 0.005793 0.167057
vt 0.925461 0.991917
vt 0.614290 0.696714
vt 0.552271 0.245736
vt 0.546062 0.653699
vt 0.267872 0.743404
vt 0.923593 0.942565
vt 0.851100 0.944625
vt 0.589551 0.595602
vt 0.587396 0.583857
vt 0.370522 0.876597
vt 0.634794 0.617473
vt 0.618059 0.612939
vt 0.270800 0.760912
vt 0.173662 0.698083
vt 0.130569 0.043954
vt 0.124051 0.034210
vt 0.172571 0.040697
vt 0.122483 0.020993
vt 0.107708 0.787942
vt 0.090073 0.766026
vt 0.577468 0.400221
vt 0.587319 0.402513
vt 0.208303 0.772280
vt 0.293049 0.331122
vt 0.840028 0.737685
vt 0.858452 0.808189
vt 0.281892 0.367544
vt 0.292419 0.316357
vt 0.703663 0.808160
vt 0.273405 0.364843
vt 0.279211 0.355109
vt 0.822031 0.766533
vt 0.759019 0.722255
vt 0.916075 0.339039
vt 0.916569 0.355373
vt 0.098374 0.705551
vt 0.960526 0.311529
vt 0.362101 0.409511
vt 0.927475 0.256043
vt 0.922616 0.274360
vt 0.590218 0.582870
vt 0.279093 0.748517
vt 0.385352 0.870150
vt 0.440080 0.855011
vt 0.419542 0.847117
vt 0.447998 0.889489
vt 0.394748 0.928966
vt 0.406617 0.945044
vt 0.119610 0.508063
vt 0.088474 0.410823
vt 0.647936 0.695058
vt 0.623097 0.700154
vt 0.604353 0.715808
vt 0.663362 0.700089
vt 0.745148 0.265834
vt 0.422202 0.002375
vt 0.802918 0.643210
vt 0.920153 0.655076
vt 0.935068 0.662773
vt 0.955364 0.652319
vt 0.953487 0.672649
vt 0.969777 0.660770
vt 0.246557 0.131163
vt 0.952484 0.745930
vt 0.192899 0.117154
vt 0.954362 0.730475
vt 0.040926 0.441650
vt 0.068976 0.747393
vt 0.360443 0.591510
vt 0.894382 0.847096
vt 0.863190 0.838866
vt 0.194055 0.567786
vt 0.920174 0.836541
vt 0.190765 0.948630
vt 0.518711 0.415322
vt 0.048262 0.909119
vt 0.044550 0.926888
vt 0.404374 0.706698
vt 0.185655 0.929963
vt 0.230737 0.079155
vt 0.206558 0.997653
vt 0.804718 0.518945
vt 0.806046 0.505298
vt 0.862493 0.740157
vt 0.870559 0.753255
vt 0.556501 0.713497
vt 0.562364 0.716054
vt 0.058456 0.757890
vt 0.079216 0.766384
vt 0.794303 0.244940
vt 0.807904 0.254668
vt 0.032944 0.720662
vt 0.730932 0.933361
vt 0.730241 0.947284
vt 0.873552 0.255236
vt 0.732015 0.411858
vt 0.611884 0.838449
vt 0.091168 0.841143
vt 0.644040 0.834890
vt 0.784682 0.424775
vt 0.077721 0.851532
vt 0.075036 0.876315
vt 0.754266 0.882735
vt 0.768840 0.900333
vt 0.014057 0.902741
vt 0.030631 0.909032
vt 0.008892 0.885938
vt 0.005784 0.918843
vt 0.003900 0.910583
vt 0.984134 0.542485
vt 0.981559 0.557694
vt 0.841107 0.340462
vt 0.063735 0.927333
vt 0.242591 0.593839
vt 0.960856 0.238611
vt 0.201604 0.573643
vt 0.191883 0.573578
vt 0.512895 0.429968
vt 0.520843 0.402336
vt 0.045918 0.939134
vt 0.009158 0.099467
vt 0.511547 0.687256
vt 0.005782 0.071048
vt 0.559168 0.752964
vt 0.848848 0.341496
vt 0.864677 0.428726
vt 0.853008 0.434538
vt 0.529796 0.573709
vt 0.891243 0.233625
vt 0.605511 0.519678
vt 0.465112 0.583850
vt 0.047443 0.959377
vt 0.058747 0.974550
vt 0.413488 0.581045
vt 0.017501 0.679044
vt 0.069942 0.014052
vt 0.859578 0.350430
vt 0.872494 0.357609
vt 0.876493 0.376637
vt 0.924059 0.502741
vt 0.911772 0.511305
vt 0.917993 0.502261
vt 0.658858 0.479110
vt 0.903826 0.525684
vt 0.877900 0.428797
vt 0.630212 0.584570
vt 0.639474 0.598998
vt 0.464237 0.564689
vt 0.905028 0.142110
vt 0.474723 0.588241
vt 0.059376 0.013531
vt 0.066180 0.002981
vt 0.785263 0.162335
vt 0.054380 0.013822
vt 0.058104 0.001652
vt 0.771680 0.604495
vt 0.682617 0.582601
vt 0.782270 0.139681
vt 0.815882 0.157159
vt 0.891204 0.116089
vt 0.806022 0.143394
vt 0.818273 0.121454
vt 0.873176 0.132969
vt 0.878758 0.211351
vt 0.905430 0.160827
vt 0.808347 0.416359
vt 0.923734 0.155735
vt 0.578121 0.510444
vt 0.930524 0.198171
vt 0.962479 0.183015
vt 0.813617 0.492044
vt 0.885193 0.767271
vt 0.254182 0.859419
vt 0.244434 0.859986
vt 0.244342 0.876947
vt 0.789719 0.660803
vt 0.326680 0.935047
vt 0.841678 0.906880
vt 0.205462 0.603446
vt 0.822087 0.933622
vt 0.296094 0.402102
vt 0.199903 0.602610
vt 0.204775 0.415708
s 1
usemtl Asteroid2b
f 122/1/1 123/2/2 1/3/3
f 1/3/3 123/2/2 960/4/4
f 963/5/5 831/6/6 2/7/7
f 4/8/8 2/7/7 830/9/9
f 830/9/9 832/10/10 4/8/8
f 5/11/11 127/12/12 129/13/13
f 130/14/14 131/15/15 966/16/16
f 126/17/17 963/5/5 962/18/18
f 132/19/19 122/1/1 6/20/20
f 8/21/21 1631/22/22 138/23/23
f 138/23/23 139/24/24 8/21/21
f 10/25/25 135/26/26 145/27/27
f 145/27/27 17/28/28 10/25/25
f 836/29/29 143/30/30 12/31/31
f 6/20/20 836/29/29 12/31/31
f 143/30/30 144/32/32 12/31/31
f 958/33/33 147/34/34 14/35/35
f 147/34/34 146/36/36 14/35/35
f 14/35/35 146/36/36 152/37/37
f 959/38/38 838/39/39 147/34/34
f 147/34/34 958/33/33 959/38/38
f 140/40/40 945/41/41 15/42/42
f 899/43/43 151/44/44 17/28/28
f 152/37/37 899/43/43 17/28/28
f 17/28/28 145/27/27 152/37/37
f 155/45/45 153/46/46 154/47/47
f 1471/48/48 1620/49/49 154/47/47
f 1620/49/49 155/45/45 154/47/47
f 159/50/50 158/51/51 21/52/52
f 829/53/53 979/54/54 23/55/55
f 162/56/56 163/57/57 1497/58/58
f 24/59/59 164/60/60 165/61/61
f 170/62/62 169/63/63 26/64/64
f 824/65/65 826/66/66 171/67/67
f 172/68/68 173/69/69 1509/70/70
f 176/71/71 177/72/72 178/73/73
f 176/71/71 178/73/73 27/74/74
f 27/74/74 1018/75/75 176/71/71
f 198/76/76 1018/75/75 27/74/74
f 843/77/77 33/78/78 29/79/79
f 208/80/80 27/74/74 30/81/81
f 30/81/81 1383/82/82 208/80/80
f 185/83/83 1673/84/84 186/85/85
f 1705/86/86 185/83/83 186/85/85
f 192/87/87 1814/88/88 1815/89/89
f 195/90/90 193/91/91 1797/92/92
f 1619/93/93 193/91/91 195/90/90
f 196/94/94 886/95/95 897/96/96
f 199/97/97 200/98/98 32/99/99
f 207/100/100 208/101/80 35/102/101
f 199/97/97 32/103/99 1177/104/102
f 214/105/103 212/106/104 216/107/105
f 217/108/106 218/109/107 34/110/108
f 230/111/109 229/112/110 228/113/111
f 41/114/112 848/115/113 238/116/114
f 1133/117/115 239/118/116 240/119/117
f 241/120/118 1099/121/119 240/119/117
f 1653/122/120 1610/123/121 42/124/122
f 248/125/123 249/126/124 43/127/125
f 255/128/126 256/129/127 44/130/128
f 45/131/129 820/132/130 228/113/111
f 261/133/131 262/134/132 46/135/133
f 264/136/134 920/137/135 265/138/136
f 46/135/133 262/134/132 48/139/137
f 908/140/138 266/141/139 267/142/140
f 272/143/141 274/144/142 273/145/143
f 276/146/144 277/147/145 275/148/146
f 280/149/147 1359/150/148 51/151/149
f 286/152/150 805/153/151 53/154/152
f 54/155/153 293/156/154 292/157/155
f 302/158/156 301/159/157 57/160/158
f 305/161/159 303/162/160 304/163/161
f 309/164/162 307/165/163 308/166/164
f 306/167/165 317/168/166 61/169/167
f 62/170/168 321/171/169 1343/172/170
f 324/173/171 1824/174/172 809/175/173
f 326/176/174 890/177/175 327/178/176
f 61/169/167 317/168/166 332/179/177
f 331/180/178 61/169/167 332/179/177
f 334/181/179 987/182/180 66/183/181
f 318/184/182 53/154/152 67/185/183
f 342/186/184 54/155/153 68/187/185
f 336/188/186 343/189/187 68/187/185
f 1688/190/188 346/191/189 345/192/190
f 817/193/191 285/194/192 335/195/193
f 352/196/194 1270/197/195 353/198/196
f 355/199/197 1374/200/198 354/201/199
f 356/202/200 357/203/201 359/204/202
f 358/205/203 1455/206/204 359/204/202
f 359/204/202 357/203/201 358/205/203
f 361/207/205 360/208/206 74/209/207
f 72/210/208 1607/211/209 363/212/210
f 73/213/211 367/214/212 408/215/213
f 341/216/214 367/214/212 73/213/211
f 368/217/215 369/218/216 75/219/217
f 369/218/216 370/220/218 75/219/217
f 76/221/219 371/222/220 374/223/221
f 793/224/222 792/225/223 372/226/224
f 379/227/225 364/228/226 72/210/208
f 380/229/227 379/227/225 72/210/208
f 383/230/228 384/231/229 335/195/193
f 81/232/230 386/233/231 387/234/232
f 389/235/233 391/236/234 83/237/235
f 83/237/235 392/238/236 389/235/233
f 83/237/235 393/239/237 392/238/236
f 85/240/238 396/241/239 743/242/240
f 395/243/241 396/241/239 85/240/238
f 728/244/242 397/245/243 86/246/244
f 407/247/245 408/215/213 87/248/246
f 409/249/247 482/250/248 87/248/246
f 1415/251/249 1434/252/250 88/253/251
f 92/254/252 80/255/253 1381/256/254
f 422/257/255 423/258/256 421/259/257
f 94/260/258 424/261/259 425/262/260
f 426/263/261 545/264/262 94/260/258
f 384/265/229 456/266/263 101/267/264
f 427/268/265 428/269/266 86/246/244
f 1156/270/267 432/271/268 95/272/269
f 429/273/270 741/274/271 716/275/272
f 428/269/266 427/268/265 438/276/273
f 439/277/274 440/278/275 99/279/276
f 438/276/273 717/280/277 442/281/278
f 444/282/279 105/283/280 464/284/281
f 95/272/269 445/285/282 96/286/283
f 721/287/284 449/288/285 97/289/286
f 97/289/286 1205/290/287 450/291/288
f 451/292/289 452/293/290 98/294/291
f 459/295/292 715/296/293 102/297/294
f 105/283/280 1565/298/295 464/284/281
f 465/299/296 1565/298/295 105/283/280
f 468/300/297 469/301/298 467/302/299
f 470/303/300 471/304/301 1441/305/302
f 106/306/303 103/307/304 460/308/305
f 476/309/306 477/310/307 478/311/308
f 479/312/309 480/313/310 715/296/293
f 589/314/311 616/315/312 570/316/313
f 483/317/314 484/318/315 107/319/316
f 109/320/317 1438/321/318 776/322/319
f 109/320/317 1403/323/320 448/324/321
f 489/325/322 552/326/323 486/327/324
f 493/328/325 106/306/303 111/329/326
f 113/330/327 498/331/328 525/332/329
f 501/333/330 502/334/331 114/335/332
f 508/336/333 500/337/334 115/338/335
f 510/339/336 520/340/337 511/341/338
f 117/342/339 118/343/340 518/344/341
f 519/345/342 518/344/341 118/343/340
f 119/346/343 524/347/344 525/332/329
f 526/348/345 522/349/346 119/346/343
f 529/350/347 527/351/348 528/352/349
f 531/353/350 516/354/351 121/355/352
f 532/356/353 121/355/352 120/357/354
f 532/356/353 120/357/354 533/358/355
f 539/359/356 538/360/357 536/361/358
f 539/359/356 114/335/332 538/360/357
f 542/362/359 554/363/360 541/364/361
f 468/365/297 107/366/316 544/367/362
f 544/368/362 647/369/363 469/301/298
f 452/293/290 467/302/299 469/301/298
f 426/263/261 546/370/364 467/302/299
f 546/370/364 426/263/261 547/371/365
f 546/370/364 549/372/366 468/300/297
f 550/373/367 483/317/314 549/372/366
f 772/374/368 489/325/322 486/327/324
f 485/375/369 484/376/315 553/377/370
f 553/378/370 542/362/359 485/379/369
f 502/334/331 501/333/330 555/380/371
f 556/381/372 557/382/373 502/383/331
f 538/360/357 507/384/374 558/385/375
f 558/385/375 531/386/350 538/360/357
f 522/349/346 121/355/352 516/354/351
f 505/387/376 517/388/377 506/389/378
f 506/389/378 558/390/375 507/391/374
f 507/384/374 538/360/357 116/392/379
f 562/393/380 781/394/381 560/395/382
f 563/396/383 564/397/384 115/398/335
f 564/399/384 565/400/385 508/401/333
f 524/402/344 523/403/386 509/404/387
f 509/404/387 499/405/388 565/406/385
f 566/407/389 119/346/343 498/331/328
f 497/408/390 568/409/391 566/407/389
f 568/409/391 569/410/392 616/315/312
f 570/316/313 616/315/312 569/410/392
f 787/411/393 407/247/245 482/250/248
f 575/412/394 576/413/395 574/414/396
f 577/415/397 576/413/395 575/412/394
f 577/415/397 579/416/398 580/417/399
f 579/416/398 581/418/400 580/417/399
f 583/419/401 582/420/402 581/421/400
f 582/420/402 583/419/401 584/422/403
f 582/420/402 584/422/403 599/423/404
f 599/423/404 585/424/405 582/420/402
f 585/425/405 601/426/406 582/427/402
f 580/417/399 581/418/400 582/427/402
f 578/428/407 576/413/395 577/415/397
f 576/413/395 587/429/408 574/414/396
f 587/429/408 573/430/409 574/414/396
f 572/431/410 573/432/409 571/433/411
f 571/434/411 604/435/412 570/316/313
f 588/436/413 592/437/414 590/438/415
f 599/423/404 600/439/416 585/424/405
f 585/424/405 600/439/416 601/440/406
f 375/441/417 580/417/399 582/427/402
f 603/442/418 604/443/412 571/444/411
f 605/445/419 570/316/313 604/435/412
f 592/446/414 606/447/420 591/448/421
f 607/449/422 608/450/423 599/423/404
f 600/439/416 599/423/404 608/450/423
f 600/439/416 608/450/423 435/451/424
f 609/452/425 601/453/406 600/439/416
f 609/454/425 84/455/426 601/426/406
f 609/454/425 610/456/427 84/455/426
f 611/457/428 603/442/418 610/456/427
f 604/443/412 603/442/418 611/457/428
f 604/458/412 612/459/429 605/460/419
f 592/446/414 434/461/430 606/447/420
f 434/461/430 608/450/423 606/447/420
f 608/450/423 434/461/430 435/451/424
f 612/462/429 604/443/412 611/457/428
f 612/459/429 434/461/430 592/446/414
f 592/446/414 605/460/419 612/459/429
f 434/461/430 612/459/429 611/463/428
f 611/463/428 435/451/424 434/461/430
f 626/464/431 597/465/432 596/466/433
f 613/467/434 622/468/435 593/469/436
f 622/468/435 614/470/437 591/471/421
f 614/470/437 615/472/438 590/438/415
f 589/314/311 617/473/439 616/315/312
f 567/474/440 513/475/441 566/407/389
f 566/407/389 530/476/442 526/348/345
f 119/346/343 566/407/389 526/348/345
f 566/407/389 513/475/441 530/476/442
f 567/474/440 617/473/439 513/475/441
f 617/473/439 589/314/311 618/477/443
f 622/468/435 620/478/444 621/479/445
f 597/480/432 625/481/446 624/482/447
f 625/481/446 597/480/432 626/483/431
f 627/484/448 598/485/449 629/486/450
f 629/486/450 598/485/449 584/422/403
f 584/422/403 583/419/401 630/487/451
f 630/487/451 629/486/450 584/422/403
f 630/487/451 631/488/452 632/489/453
f 633/490/454 627/484/448 628/491/455
f 624/482/447 625/481/446 101/267/264
f 624/482/447 101/267/264 458/492/456
f 458/492/456 623/493/457 624/482/447
f 623/493/457 458/492/456 110/494/458
f 635/495/459 490/496/460 457/497/461
f 637/498/462 491/499/463 995/500/464
f 639/501/465 620/478/444 491/499/463
f 620/478/444 622/468/435 491/499/463
f 639/501/465 638/502/466 618/477/443
f 619/503/467 512/504/468 514/505/469
f 530/476/442 514/505/469 512/504/468
f 521/506/470 530/476/442 512/504/468
f 533/358/355 120/357/354 521/506/470
f 534/507/471 533/358/355 521/506/470
f 537/508/472 641/509/473 535/510/474
f 641/509/473 536/511/358 535/510/474
f 641/509/473 539/512/356 536/511/358
f 540/513/475 643/514/476 644/515/477
f 644/515/477 645/516/478 541/364/361
f 645/516/478 544/367/362 543/517/479
f 647/369/363 544/368/362 646/518/480
f 648/519/481 98/520/291 647/521/363
f 649/522/482 651/523/483 98/520/291
f 651/524/483 652/525/484 99/526/276
f 652/525/484 437/527/485 99/526/276
f 459/295/292 479/312/309 715/296/293
f 656/528/486 655/529/487 657/530/488
f 657/530/488 658/531/489 656/528/486
f 657/530/488 659/532/490 660/533/491
f 668/534/492 669/535/493 665/536/494
f 654/537/495 652/525/484 676/538/496
f 676/538/496 677/539/497 654/537/495
f 459/295/292 654/537/495 678/540/498
f 479/312/309 459/295/292 678/540/498
f 679/541/499 657/530/488 655/529/487
f 662/542/500 477/310/307 661/543/501
f 664/544/502 661/543/501 477/310/307
f 108/545/503 668/534/492 665/536/494
f 682/546/504 487/547/505 108/545/503
f 476/309/306 463/548/506 104/549/507
f 668/534/492 487/547/505 683/550/508
f 684/551/509 685/552/510 674/553/511
f 675/554/512 674/553/511 685/552/510
f 675/554/512 677/555/497 676/556/496
f 488/557/513 657/530/488 679/541/499
f 686/558/514 488/559/513 677/555/497
f 681/560/515 478/311/308 662/542/500
f 463/548/506 478/311/308 685/552/510
f 682/546/504 477/310/307 476/309/306
f 662/542/500 478/311/308 477/310/307
f 651/523/483 649/522/482 674/553/511
f 648/519/481 672/561/516 649/522/482
f 672/561/516 648/519/481 699/562/517
f 699/562/517 671/563/518 672/561/516
f 698/564/519 670/565/520 671/563/518
f 669/535/493 668/534/492 698/564/519
f 667/566/521 665/536/494 669/535/493
f 667/566/521 687/567/522 666/568/523
f 687/567/522 688/569/524 666/568/523
f 688/569/524 689/570/525 663/571/526
f 663/571/526 666/568/523 688/569/524
f 661/543/501 663/571/526 689/570/525
f 660/572/491 661/573/501 689/574/525
f 691/575/527 660/572/491 689/574/525
f 691/576/527 658/531/489 660/533/491
f 692/577/528 656/528/486 658/531/489
f 691/575/527 529/350/347 692/578/528
f 691/575/527 693/579/529 529/350/347
f 688/569/524 687/567/522 694/580/530
f 687/567/522 667/566/521 696/581/531
f 669/535/493 696/581/531 667/566/521
f 669/535/493 697/582/532 696/581/531
f 697/582/532 669/535/493 698/564/519
f 701/583/533 699/562/517 648/519/481
f 648/519/481 647/521/363 646/584/480
f 646/584/480 701/583/533 648/519/481
f 701/583/533 646/584/480 700/585/534
f 537/508/472 705/586/535 693/579/529
f 695/587/536 704/588/537 641/509/473
f 704/588/537 642/589/538 641/509/473
f 703/590/539 643/514/476 642/591/538
f 703/590/539 644/515/477 643/514/476
f 703/590/539 702/592/540 644/515/477
f 645/516/478 644/515/477 700/593/534
f 705/586/535 518/344/341 527/351/348
f 528/352/349 527/351/348 518/344/341
f 496/594/541 692/577/528 709/595/542
f 709/595/542 111/329/326 496/594/541
f 709/595/542 710/596/543 111/329/326
f 493/328/325 111/329/326 710/596/543
f 473/597/544 712/598/545 492/599/546
f 713/600/547 495/601/548 712/598/545
f 713/600/547 494/602/549 495/601/548
f 479/312/309 494/602/549 713/600/547
f 713/600/547 480/313/310 479/312/309
f 480/313/310 713/600/547 714/603/550
f 443/604/551 718/605/552 1825/606/553
f 713/600/547 712/598/545 714/603/550
f 719/607/554 454/608/555 100/609/556
f 719/607/554 720/610/557 454/608/555
f 454/608/555 720/610/557 721/287/284
f 721/287/284 450/291/288 100/609/556
f 100/609/556 724/611/558 443/604/551
f 725/612/559 403/613/560 724/611/558
f 403/613/560 443/604/551 724/611/558
f 726/614/561 403/613/560 725/612/559
f 726/614/561 727/615/562 403/613/560
f 403/613/560 727/615/562 86/246/244
f 59/616/563 729/617/564 728/618/242
f 397/619/243 731/620/565 730/621/566
f 731/620/565 732/622/567 730/621/566
f 734/623/568 735/624/569 736/625/570
f 736/625/570 382/626/571 734/623/568
f 382/626/571 736/625/570 737/627/572
f 737/627/572 738/628/573 382/626/571
f 738/628/573 733/629/574 382/626/571
f 730/630/566 742/631/575 741/274/271
f 742/631/575 740/632/576 421/259/257
f 421/259/257 741/274/271 742/631/575
f 743/242/240 422/633/255 421/634/257
f 396/635/239 745/636/577 436/637/578
f 746/638/579 437/527/485 436/637/578
f 746/639/579 745/640/577 439/277/274
f 419/641/580 747/642/581 439/277/274
f 748/643/582 749/644/583 451/292/289
f 751/645/584 545/264/262 750/646/585
f 545/264/262 751/645/584 94/260/258
f 751/645/584 752/647/586 424/261/259
f 424/261/259 94/260/258 751/645/584
f 1353/648/587 81/232/230 425/262/260
f 81/232/230 754/649/588 386/233/231
f 77/650/589 755/651/590 374/223/221
f 348/652/591 757/653/592 758/654/593
f 761/655/594 760/656/595 762/657/596
f 763/658/597 753/659/598 761/655/594
f 765/660/599 764/661/600 763/658/597
f 765/660/599 94/260/258 764/661/600
f 550/662/367 770/663/601 484/376/315
f 551/664/602 484/376/315 770/663/601
f 770/663/601 552/326/323 551/664/602
f 489/325/322 551/664/602 552/326/323
f 771/665/603 1396/666/604 475/667/605
f 475/667/605 486/327/324 771/665/603
f 553/378/370 774/668/606 554/363/360
f 775/669/607 502/334/331 555/380/371
f 556/381/372 561/670/608 560/395/382
f 560/395/382 557/382/373 556/381/372
f 525/332/329 564/399/384 782/671/609
f 782/671/609 783/672/610 525/332/329
f 784/673/611 497/408/390 113/330/327
f 784/673/611 785/674/612 497/408/390
f 784/673/611 786/675/613 785/674/612
f 418/676/614 91/677/615 788/678/616
f 789/679/617 381/680/618 797/681/619
f 381/680/618 378/682/620 790/683/621
f 69/684/622 791/685/623 792/686/223
f 792/686/223 790/683/621 69/684/622
f 78/687/624 796/688/625 373/689/626
f 796/688/625 793/224/222 373/689/626
f 793/690/222 796/691/625 790/683/621
f 797/692/619 1455/206/204 418/676/614
f 1455/206/204 358/205/203 408/215/213
f 408/215/213 91/677/615 1455/206/204
f 357/203/201 798/693/627 358/205/203
f 73/213/211 798/693/627 319/694/628
f 801/695/629 802/696/630 318/184/182
f 802/696/630 53/154/152 318/184/182
f 802/696/630 287/697/631 53/154/152
f 803/698/632 286/152/150 287/697/631
f 1463/699/633 40/700/634 286/152/150
f 804/701/635 805/153/151 40/700/634
f 804/702/635 273/145/143 807/703/636
f 806/704/637 272/143/141 804/702/635
f 809/175/173 805/153/151 807/705/636
f 67/185/183 53/154/152 809/175/173
f 325/706/638 67/185/183 809/175/173
f 809/175/173 808/707/639 810/708/640
f 298/709/641 56/710/642 808/711/639
f 56/710/642 810/712/640 808/711/639
f 273/145/143 274/144/142 298/709/641
f 310/713/643 56/710/642 811/714/644
f 310/713/643 311/715/645 813/716/646
f 818/717/647 815/718/648 311/715/645
f 816/719/649 311/715/645 815/718/648
f 819/720/650 820/721/130 285/722/192
f 236/723/651 235/724/652 230/111/109
f 235/724/652 823/725/653 822/726/654
f 823/725/653 171/67/67 822/726/654
f 154/47/47 828/727/655 23/728/55
f 828/729/655 1474/730/656 830/9/9
f 830/9/9 2/7/7 831/6/6
f 125/731/657 136/732/658 835/733/659
f 1478/734/660 122/1/1 835/733/659
f 1478/734/660 6/20/20 122/1/1
f 6/20/20 1493/735/661 837/736/662
f 839/737/663 838/738/39 837/736/662
f 147/34/34 841/739/664 146/36/36
f 880/740/665 841/739/664 842/741/666
f 842/741/666 29/79/79 880/740/665
f 843/77/77 168/742/667 206/743/668
f 845/744/669 847/745/670 846/746/671
f 847/745/670 850/747/672 848/115/113
f 865/748/673 848/115/113 852/749/674
f 1486/750/675 858/751/676 854/752/677
f 854/752/677 858/751/676 855/753/678
f 858/751/676 856/754/679 855/753/678
f 857/755/680 1489/756/681 327/178/176
f 327/178/176 1489/756/681 859/757/682
f 860/758/683 326/176/174 327/178/176
f 861/759/684 862/760/685 326/176/174
f 865/748/673 872/761/686 851/762/687
f 849/763/688 866/764/689 846/746/671
f 868/765/690 871/766/691 49/767/692
f 278/768/693 49/767/692 871/766/691
f 278/768/693 874/769/694 873/770/695
f 874/769/694 300/771/696 299/772/697
f 1384/773/698 873/770/695 874/769/694
f 877/774/699 204/775/700 203/776/701
f 879/777/702 880/740/665 29/79/79
f 146/36/36 882/778/703 152/37/37
f 881/779/704 882/778/703 146/36/36
f 885/780/705 884/781/706 882/778/703
f 881/779/704 880/740/665 885/780/705
f 886/782/95 885/780/705 880/740/665
f 887/783/707 886/782/95 878/784/708
f 269/785/709 877/774/699 876/786/710
f 876/786/710 270/787/711 269/785/709
f 875/788/712 873/770/695 271/789/713
f 890/177/175 891/790/714 271/791/713
f 271/791/713 891/790/714 270/787/711
f 893/792/715 894/793/716 263/794/717
f 894/793/716 47/795/718 263/794/717
f 47/796/718 894/797/716 888/798/719
f 888/799/719 269/785/709 47/795/718
f 888/798/719 896/800/720 897/96/96
f 897/96/96 887/801/707 888/798/719
f 897/96/96 886/95/95 887/801/707
f 897/96/96 906/802/721 196/94/94
f 196/94/94 885/803/705 886/95/95
f 898/804/722 899/43/43 883/805/723
f 912/806/724 900/807/725 898/804/722
f 901/808/726 884/809/706 902/810/727
f 885/803/705 196/94/94 902/810/727
f 903/811/728 901/808/726 902/810/727
f 907/812/729 906/802/721 897/96/96
f 897/96/96 896/800/720 907/812/729
f 896/800/720 894/797/716 908/140/138
f 895/813/730 266/141/139 908/140/138
f 910/814/731 266/141/139 895/813/730
f 266/141/139 911/815/732 907/812/729
f 905/816/733 918/817/734 904/818/735
f 903/811/728 175/819/736 901/808/726
f 912/806/724 915/820/737 913/821/738
f 915/822/737 917/823/739 913/824/738
f 913/824/738 917/823/739 916/825/740
f 910/814/731 265/138/136 920/137/135
f 265/138/136 910/814/731 909/826/741
f 909/826/741 895/813/730 921/827/742
f 893/792/715 276/146/144 921/828/742
f 290/829/743 923/830/744 291/831/745
f 291/831/745 891/790/714 862/760/685
f 891/790/714 890/177/175 862/760/685
f 891/790/714 923/830/744 892/832/746
f 924/833/747 290/829/743 289/834/748
f 277/147/145 276/146/144 929/835/749
f 930/836/750 275/148/146 277/147/145
f 275/837/146 932/838/751 276/839/144
f 933/840/752 265/138/136 276/841/144
f 264/136/134 265/138/136 933/840/752
f 933/840/752 934/842/753 916/825/740
f 912/806/724 913/821/738 936/843/754
f 900/807/725 912/806/724 936/843/754
f 30/81/81 937/844/755 156/845/756
f 937/844/755 938/846/757 156/845/756
f 943/847/758 1021/848/759 944/849/760
f 948/850/761 127/12/12 141/851/762
f 9/852/763 947/853/764 141/851/762
f 947/853/764 948/850/761 141/851/762
f 949/854/765 953/855/766 947/856/764
f 951/857/767 949/854/765 950/858/768
f 952/859/769 1045/860/770 949/854/765
f 954/861/771 128/862/772 129/13/13
f 957/863/773 955/864/774 134/865/775
f 956/866/776 5/11/11 129/13/13
f 5/11/11 956/866/776 942/867/777
f 942/867/777 956/866/776 151/44/44
f 151/44/44 940/868/778 942/867/777
f 20/869/779 939/870/780 940/868/778
f 20/869/779 900/807/725 19/871/781
f 10/25/25 151/44/44 956/866/776
f 957/863/773 14/35/35 145/27/27
f 957/863/773 958/33/33 14/35/35
f 132/19/19 959/872/38 123/2/2
f 123/2/2 122/1/1 132/19/19
f 965/873/782 966/874/16 964/875/783
f 969/876/784 134/865/775 968/877/785
f 957/863/773 969/876/784 958/33/33
f 959/38/38 958/33/33 969/876/784
f 969/876/784 970/878/786 959/38/38
f 970/879/786 960/4/4 123/2/2
f 962/18/18 124/880/787 961/881/788
f 971/882/789 3/883/790 972/884/791
f 960/4/4 970/879/786 973/885/792
f 967/886/793 963/5/5 126/17/17
f 967/886/793 133/887/794 965/873/782
f 1047/888/795 131/15/15 968/877/785
f 964/875/783 975/889/796 976/890/797
f 976/890/797 963/5/5 964/875/783
f 976/890/797 831/6/6 963/5/5
f 831/6/6 978/891/798 830/9/9
f 978/891/798 979/54/54 829/53/53
f 980/892/799 826/66/66 827/893/800
f 982/894/801 822/726/654 171/67/67
f 982/894/801 235/724/652 822/726/654
f 230/111/109 235/724/652 982/894/801
f 229/112/110 983/895/802 984/896/803
f 1303/897/804 45/131/129 228/113/111
f 66/183/181 285/194/192 284/898/805
f 296/899/806 986/900/807 334/181/179
f 383/230/228 335/195/193 987/182/180
f 988/901/808 989/902/809 383/230/228
f 989/902/809 384/231/229 383/230/228
f 991/903/810 456/266/263 384/265/229
f 446/904/811 456/266/263 96/905/283
f 456/266/263 446/904/811 457/497/461
f 636/906/812 1278/907/813 997/908/814
f 997/908/814 637/498/462 636/906/812
f 706/909/815 520/340/337 510/339/336
f 520/340/337 619/503/467 511/341/338
f 708/910/816 999/911/817 709/595/542
f 999/911/817 1280/912/818 710/596/543
f 1000/913/819 711/914/820 493/328/325
f 1001/915/821 711/914/820 1000/913/819
f 711/914/820 1001/915/821 103/307/304
f 1001/915/821 1165/916/822 103/307/304
f 1001/915/821 462/917/823 1165/916/822
f 1002/918/824 103/307/304 1165/916/822
f 449/288/285 1003/919/825 455/920/826
f 721/287/284 720/610/557 1003/919/825
f 723/921/827 1169/922/828 724/611/558
f 1004/923/829 1005/924/830 727/925/562
f 727/615/562 726/614/561 1004/926/829
f 1006/927/831 728/618/242 1005/924/830
f 728/618/242 727/925/562 1005/924/830
f 1006/927/831 59/616/563 728/618/242
f 281/928/832 1006/927/831 1007/929/833
f 281/928/832 1008/930/834 1009/931/835
f 1009/931/835 280/149/147 281/928/832
f 249/126/124 248/125/123 1011/932/836
f 1011/932/836 1014/933/837 1012/934/838
f 35/935/101 227/936/839 207/937/100
f 215/938/840 207/937/100 227/936/839
f 227/936/839 219/939/841 210/940/842
f 210/940/842 209/941/843 227/936/839
f 1012/942/838 1014/943/837 38/944/844
f 197/945/845 210/940/842 1016/946/846
f 209/941/843 210/940/842 197/945/845
f 198/947/76 207/937/100 215/938/840
f 198/76/76 27/74/74 207/948/100
f 1017/949/847 197/950/845 1016/951/846
f 1016/952/846 1013/953/848 1015/954/849
f 1015/954/849 39/955/850 1016/952/846
f 1011/932/836 1015/954/849 1014/933/837
f 1017/949/847 1016/951/846 39/956/850
f 1019/957/851 176/71/71 1018/75/75
f 142/958/852 177/72/72 176/71/71
f 939/870/780 938/846/757 1020/959/853
f 28/960/854 178/73/73 177/72/72
f 939/870/780 1020/959/853 940/868/778
f 142/958/852 941/961/855 1020/959/853
f 1022/962/856 944/849/760 1021/848/759
f 1025/963/857 1024/964/858 32/965/99
f 1023/966/859 1019/957/851 1018/75/75
f 11/967/860 142/958/852 1019/957/851
f 1019/957/851 1021/848/759 11/967/860
f 1022/962/856 1021/848/759 1023/966/859
f 1024/964/858 1023/966/859 1026/968/861
f 32/965/99 200/969/98 1028/970/862
f 1032/971/863 1030/972/864 1031/973/865
f 1033/974/866 1029/975/867 1030/972/864
f 1033/974/866 216/107/105 212/106/104
f 1034/976/868 1035/977/869 212/978/104
f 1033/979/866 212/978/104 1036/980/870
f 1036/980/870 1037/981/871 1033/979/866
f 1033/979/866 1037/981/871 1029/982/867
f 1028/983/862 1029/982/867 1037/981/871
f 1040/984/872 15/42/42 1027/985/873
f 15/42/42 1040/984/872 140/40/40
f 9/852/763 140/40/40 1041/986/874
f 1042/987/875 947/988/764 9/989/763
f 1092/990/876 947/988/764 1042/987/875
f 1043/991/877 1044/992/878 947/856/764
f 1044/992/878 950/858/768 947/856/764
f 1046/993/879 953/855/766 1045/860/770
f 129/13/13 127/12/12 1046/994/879
f 127/12/12 953/995/766 1046/994/879
f 1047/996/795 974/997/880 131/998/15
f 1048/999/881 1079/1000/882 1049/1001/883
f 975/889/796 966/874/16 1049/1001/883
f 1053/1002/884 831/6/6 977/1003/885
f 978/891/798 831/6/6 1053/1002/884
f 1054/1004/886 979/54/54 978/891/798
f 1055/1005/887 1056/1006/888 171/1007/67
f 1057/1008/889 1058/1009/890 981/1010/891
f 1058/1011/890 982/894/801 981/1012/891
f 1058/1011/890 983/895/802 982/894/801
f 983/1013/802 1059/1014/892 170/62/62
f 1056/1006/888 1063/1015/893 1062/1016/894
f 1067/1017/895 1068/1018/896 1069/1019/897
f 1069/1019/897 1071/1020/898 1067/1017/895
f 1069/1019/897 1080/1021/899 1070/1022/900
f 1070/1022/900 1071/1020/898 1069/1019/897
f 1072/1023/901 1071/1020/898 1070/1022/900
f 1072/1023/901 1073/1024/902 1071/1020/898
f 1075/1025/903 1078/1026/904 1077/1027/905
f 1078/1026/904 1045/860/770 952/859/769
f 974/997/880 1046/993/879 1078/1026/904
f 1078/1026/904 1046/993/879 1045/860/770
f 974/997/880 1047/996/795 1046/993/879
f 1048/999/881 974/997/880 1078/1026/904
f 1050/1028/906 976/890/797 975/889/796
f 1052/1029/907 1080/1021/899 1068/1018/896
f 1052/1029/907 976/890/797 1051/1030/908
f 1052/1029/907 1081/1031/909 1054/1004/886
f 1054/1004/886 1053/1002/884 1052/1029/907
f 1081/1031/909 1065/1032/910 979/54/54
f 979/54/54 1054/1004/886 1081/1031/909
f 1065/1032/910 1081/1031/909 1066/1033/911
f 1052/1029/907 1068/1018/896 1081/1031/909
f 1074/1034/912 1048/999/881 1075/1025/903
f 1048/999/881 1078/1026/904 1075/1025/903
f 1073/1024/902 1072/1023/901 1076/1035/913
f 1087/1036/914 1061/1037/915 1057/1008/889
f 1089/1038/916 1059/1039/892 1060/1040/917
f 160/1041/918 1090/1042/919 1091/1043/920
f 1091/1043/920 1092/990/876 160/1041/918
f 22/1044/921 160/1041/918 1092/990/876
f 1090/1042/919 160/1041/918 1093/1045/922
f 1094/1046/923 1093/1045/922 1095/1047/924
f 1095/1047/924 217/108/106 1094/1046/923
f 1095/1047/924 1106/1048/925 217/108/106
f 1106/1048/925 1096/1049/926 217/108/106
f 1111/1050/927 1098/1051/928 1097/1052/929
f 1098/1053/928 1100/1054/930 1031/973/865
f 216/107/105 1032/971/863 1100/1054/930
f 214/105/103 1100/1054/930 1114/1055/931
f 1116/1056/932 1035/977/869 1034/976/868
f 1117/1057/933 1101/1058/934 1035/977/869
f 1042/987/875 1041/1059/874 1105/1060/935
f 1107/1061/936 1095/1047/924 1105/1060/935
f 1106/1048/925 1095/1047/924 1107/1061/936
f 1111/1062/927 1112/1063/937 1113/1064/938
f 1114/1055/931 1124/1065/939 213/1066/940
f 213/1066/940 214/105/103 1114/1055/931
f 1116/1067/932 214/105/103 213/1066/940
f 1120/1068/941 1102/1069/942 1036/980/870
f 1036/980/870 1101/1058/934 1120/1068/941
f 1038/1070/943 1036/980/870 1102/1069/942
f 1103/1071/944 1039/1072/945 1120/1068/941
f 1121/1073/946 1040/984/872 1104/1074/947
f 1122/1075/948 1109/1076/949 1107/1061/936
f 1123/1077/950 1113/1064/938 1112/1063/937
f 1124/1065/939 1114/1055/931 1113/1064/938
f 1124/1065/939 1125/1078/951 1115/1079/952
f 1115/1079/952 213/1066/940 1124/1065/939
f 1115/1079/952 1116/1067/932 213/1066/940
f 1118/1080/953 1117/1057/933 1126/1081/954
f 1121/1082/946 1104/1083/947 1119/1084/955
f 1125/1078/951 1124/1065/939 1123/1077/950
f 1128/1085/956 180/1086/957 1129/1087/958
f 1131/1088/959 1132/1089/960 1122/1090/948
f 1132/1089/960 181/1091/961 1125/1092/951
f 1131/1088/959 1129/1087/958 180/1086/957
f 1125/1078/951 1130/1093/962 1132/1094/960
f 1034/1095/868 214/105/103 1116/1067/932
f 1031/1096/865 36/1097/963 1133/117/115
f 1099/121/119 241/120/118 1097/1098/929
f 1134/1099/964 1096/1049/926 1097/1052/929
f 218/109/107 217/108/106 1134/1099/964
f 218/109/107 1134/1099/964 44/130/128
f 44/130/128 1135/1100/965 255/128/126
f 1137/1101/966 256/129/127 255/128/126
f 256/1102/127 1195/1103/967 257/1104/968
f 44/130/128 257/1105/968 1138/1106/969
f 1138/1106/969 1139/1107/970 44/130/128
f 1146/1108/971 1140/1109/972 34/110/108
f 169/63/63 1093/1045/922 1094/1046/923
f 985/1110/973 229/112/110 1141/1111/974
f 1304/1112/975 260/1113/976 1313/1114/977
f 1143/1115/978 260/1113/976 1304/1112/975
f 1143/1115/978 297/1116/979 284/898/805
f 1145/1117/980 1148/1118/981 1146/1108/971
f 1146/1108/971 1148/1118/981 1147/1119/982
f 1196/1120/983 1150/1121/984 294/1122/985
f 986/900/807 1151/1123/986 1152/1124/987
f 1152/1124/987 1153/1125/988 987/182/180
f 406/1126/989 991/1127/810 990/1128/990
f 992/1129/991 1155/1130/992 96/286/283
f 991/1127/810 406/1126/989 405/1131/993
f 406/1126/989 82/1132/994 390/1133/995
f 390/1133/995 404/1134/996 405/1131/993
f 393/239/237 1155/1135/992 392/238/236
f 1155/1130/992 393/1136/237 95/272/269
f 95/272/269 393/1136/237 1156/270/267
f 393/1136/237 1158/1137/997 1156/270/267
f 1152/1124/987 1151/1123/986 1157/1138/998
f 432/271/268 1156/270/267 1159/1139/999
f 461/1140/1000 462/917/823 1001/915/821
f 1158/1137/997 1161/1141/1001 1160/1142/1002
f 1151/1123/986 1150/1121/984 1157/1138/998
f 1162/1143/1003 1161/1141/1001 1197/1144/1004
f 1163/1145/1005 1159/1146/999 1160/1147/1002
f 1159/1146/999 1164/1148/1006 461/1149/1000
f 462/1150/823 461/1149/1000 1164/1148/1006
f 1165/916/822 462/917/823 1202/1151/1007
f 721/287/284 1003/919/825 449/288/285
f 723/921/827 722/1152/1008 450/291/288
f 1173/1153/1009 1005/924/830 1004/923/829
f 1006/927/831 316/1154/1010 1174/1155/1011
f 1174/1155/1011 1007/929/833 1006/927/831
f 1007/929/833 1174/1155/1011 1190/1156/1012
f 1008/930/834 1183/1157/1013 1009/931/835
f 1176/1158/1014 211/1159/1015 1183/1157/1013
f 1176/1158/1014 243/1160/1016 211/1159/1015
f 1178/1161/1017 242/1162/1018 1176/1158/1014
f 1179/1163/1019 244/1164/1020 242/1162/1018
f 242/1162/1018 244/1164/1020 232/1165/1021
f 1180/1166/1022 1187/1167/1023 244/1164/1020
f 1178/1161/1017 1185/1168/1024 1179/1163/1019
f 1183/1157/1013 1185/1168/1024 1178/1161/1017
f 1008/930/834 1184/1169/1025 1183/1157/1013
f 1185/1168/1024 1183/1157/1013 1184/1169/1025
f 1186/1170/1026 1179/1163/1019 1185/1168/1024
f 1182/1171/1027 1179/1163/1019 1186/1170/1026
f 1181/1172/1028 1182/1171/1027 1186/1170/1026
f 1187/1167/1023 199/97/97 232/1165/1021
f 1180/1166/1022 1181/1172/1028 1186/1170/1026
f 239/118/116 1189/1173/1029 1188/1174/1030
f 1189/1173/1029 1174/1155/1011 315/1175/1031
f 1175/1176/1032 1184/1169/1025 1008/930/834
f 1186/1170/1026 1185/1168/1024 1184/1169/1025
f 1174/1155/1011 316/1154/1010 315/1175/1031
f 330/1177/1033 329/1178/1034 315/1175/1031
f 330/1177/1033 315/1175/1031 1172/1179/1035
f 1189/1173/1029 268/1180/1036 1186/1170/1026
f 315/1175/1031 329/1178/1034 1189/1173/1029
f 1188/1174/1030 240/119/117 239/118/116
f 1192/1181/1037 241/120/118 240/119/117
f 1193/1182/1038 1134/1099/964 241/1183/118
f 1194/1184/1039 1135/1100/965 1193/1182/1038
f 1213/1185/1040 1195/1186/967 1137/1101/966
f 1196/1120/983 1138/1187/969 257/1104/968
f 1199/1188/1041 1161/1141/1001 1162/1143/1003
f 1199/1189/1041 1160/1147/1002 1161/1190/1001
f 1199/1189/1041 1163/1145/1005 1160/1147/1002
f 1163/1145/1005 1201/1191/1042 1159/1146/999
f 1159/1146/999 1201/1191/1042 1164/1148/1006
f 1202/1151/1007 462/917/823 1164/1192/1006
f 1166/1193/1043 1165/916/822 1202/1151/1007
f 1167/1194/1044 1219/1195/1045 97/289/286
f 97/289/286 449/288/285 1167/1194/1044
f 1206/1196/1046 1220/1197/1047 1207/1198/1048
f 1207/1198/1048 1168/1199/1049 1206/1196/1046
f 1207/1200/1048 1220/1201/1047 64/1202/1050
f 1191/1203/1051 1208/1204/1052 1188/1174/1030
f 1209/1205/1053 1192/1181/1037 240/119/117
f 1210/1206/1054 1192/1181/1037 1209/1205/1053
f 1210/1206/1054 1193/1207/1038 1192/1181/1037
f 1211/1208/1055 1194/1209/1039 1210/1206/1054
f 1210/1206/1054 1194/1209/1039 1193/1207/1038
f 1194/1210/1039 1137/1211/966 1136/1212/1056
f 1214/1213/1057 1195/1214/967 1213/1215/1040
f 1216/1216/1058 1201/1191/1042 1163/1145/1005
f 1202/1151/1007 1164/1192/1006 1203/1217/1059
f 1220/1201/1047 1221/1218/1060 1191/1203/1051
f 1208/1204/1052 1223/1219/1061 1209/1205/1053
f 1223/1220/1061 1211/1221/1055 1210/1222/1054
f 1212/1223/1062 1137/1211/966 1194/1210/1039
f 1214/1213/1057 1198/1224/1063 1195/1214/967
f 1199/1189/1041 1198/1224/1063 1215/1225/1064
f 1219/1195/1045 1236/1226/1065 1227/1227/1066
f 1228/1228/1067 1206/1196/1046 1259/1229/1068
f 1228/1230/1067 1229/1231/1069 1230/1232/1070
f 1229/1231/1069 1222/1233/1071 1230/1232/1070
f 1230/1232/1070 1222/1233/1071 1221/1218/1060
f 1231/1234/1072 1224/1235/1073 1211/1221/1055
f 1232/1236/1074 1233/1237/1075 1212/1223/1062
f 1233/1237/1075 1213/1215/1040 1137/1211/966
f 309/164/162 1214/1213/1057 1213/1215/1040
f 338/1238/1076 1243/1239/1077 1200/1240/1078
f 1234/1241/1079 1216/1216/1058 1200/1240/1078
f 1218/1242/1080 1226/1243/1081 417/1244/1082
f 417/1244/1082 1235/1245/1083 1218/1242/1080
f 1245/1246/1084 1257/1247/1085 1246/1248/1086
f 1246/1248/1086 1204/1249/1087 1245/1246/1084
f 1229/1250/1069 1237/1251/1088 1222/1252/1071
f 1237/1251/1088 1238/1253/1089 1222/1252/1071
f 1222/1252/1071 1238/1253/1089 1223/1220/1061
f 1231/1234/1072 1238/1253/1089 1239/1254/1090
f 1239/1254/1090 1224/1235/1073 1231/1234/1072
f 1240/1255/1091 1233/1237/1075 1232/1236/1074
f 1241/1256/1092 309/164/162 1233/1237/1075
f 308/166/164 339/1257/1093 1225/1258/1094
f 1225/1258/1094 1214/1213/1057 308/166/164
f 1246/1248/1086 1257/1247/1085 1236/1259/1065
f 1259/1260/1068 1247/1261/1095 1228/1262/1067
f 1229/1250/1069 1228/1262/1067 1247/1261/1095
f 1249/1263/1096 1224/1235/1073 1239/1254/1090
f 1249/1263/1096 1250/1264/1097 1240/1255/1091
f 1250/1264/1097 1241/1256/1092 1240/1255/1091
f 1254/1265/1098 1253/1266/1099 1252/1267/1100
f 1253/1266/1099 339/1257/1093 1242/1268/1101
f 338/1238/1076 1253/1266/1099 1243/1239/1077
f 1255/1269/1102 1235/1245/1083 416/1270/1103
f 1255/1269/1102 1245/1246/1084 1235/1245/1083
f 1245/1246/1084 1255/1269/1102 1256/1271/1104
f 1259/1260/1068 1227/1272/1066 1258/1273/1105
f 1260/1274/1106 1237/1251/1088 1247/1261/1095
f 1261/1275/1107 1239/1254/1090 1237/1251/1088
f 1261/1275/1107 1249/1263/1096 1239/1254/1090
f 1262/1276/1108 1250/1264/1097 1249/1263/1096
f 1250/1264/1097 1262/1276/1108 1251/1277/1109
f 1252/1267/1100 1268/1278/1110 1254/1265/1098
f 1258/1273/1105 1265/1279/1111 1248/1280/1112
f 1265/1279/1111 1260/1274/1106 1248/1280/1112
f 1265/1279/1111 1266/1281/1113 1260/1274/1106
f 1266/1281/1113 344/1282/1114 1261/1275/1107
f 1261/1275/1107 1260/1274/1106 1266/1281/1113
f 1267/1283/1115 1263/1284/1116 1262/1276/1108
f 1255/1269/1102 416/1270/1103 1268/1278/1110
f 1268/1278/1110 1256/1271/1104 1255/1269/1102
f 1269/1285/1117 93/1286/1118 1256/1271/1104
f 1270/197/195 352/196/194 1266/1281/1113
f 1267/1283/1115 1271/1287/1119 1268/1278/1110
f 1267/1283/1115 344/1282/1114 353/198/196
f 1267/1283/1115 1262/1276/1108 344/1282/1114
f 1270/197/195 1269/1285/1117 1271/1287/1119
f 1170/1288/1120 1207/1198/1048 64/1289/1050
f 64/1202/1050 330/1177/1033 1170/1290/1120
f 1158/1137/997 1157/1138/998 1161/1141/1001
f 433/1291/1121 1283/1292/1122 445/285/282
f 457/497/461 446/904/811 993/1293/1123
f 636/1294/812 996/1295/1124 1275/1296/1125
f 1279/1297/1126 997/908/814 1278/907/813
f 997/908/814 1279/1297/1126 510/339/336
f 999/1298/817 708/1299/816 707/1300/1127
f 707/1300/1127 998/1301/1128 999/1298/817
f 1281/1302/1129 1001/915/821 1000/913/819
f 1283/1303/1122 446/1304/811 445/1305/282
f 446/1306/811 1284/1307/1130 1273/1308/1131
f 993/1309/1123 1273/1310/1131 1285/1311/1132
f 1274/1312/1133 994/1313/1134 993/1309/1123
f 1286/1314/1135 1287/1315/1136 1275/1296/1125
f 1276/1316/1137 1275/1296/1125 1287/1315/1136
f 998/1301/1128 1279/1297/1126 1289/1317/1138
f 1289/1318/1138 1299/1319/1139 999/911/817
f 999/1298/817 998/1301/1128 1289/1317/1138
f 1290/1320/1140 1281/1302/1129 1000/913/819
f 1282/1321/1141 1283/1322/1122 1272/1323/1142
f 1292/1324/1143 1293/1325/1144 1283/1303/1122
f 1284/1326/1130 1283/1303/1122 1293/1325/1144
f 1285/1311/1132 1286/1314/1135 1274/1312/1133
f 1294/1327/1145 1286/1314/1135 1285/1311/1132
f 1295/1328/1146 1286/1314/1135 1294/1327/1145
f 1295/1328/1146 1287/1315/1136 1286/1314/1135
f 1288/1329/1147 112/1330/1148 1276/1316/1137
f 1300/1331/1149 1280/912/818 1299/1319/1139
f 1292/1324/1143 1301/1332/1150 1293/1325/1144
f 1301/1332/1150 1294/1327/1145 466/1333/1151
f 1296/1334/1152 1295/1328/1146 1294/1327/1145
f 1297/1335/1153 1295/1328/1146 1296/1334/1152
f 1297/1335/1153 1298/1336/1154 1288/1329/1147
f 1300/1337/1149 1302/1338/1155 1291/1339/1156
f 1302/1338/1155 1297/1335/1153 1296/1334/1152
f 1302/1338/1155 1300/1337/1149 1297/1335/1153
f 1294/1327/1145 1285/1311/1132 466/1333/1151
f 1279/1340/1126 112/1330/1148 1289/1341/1138
f 83/1342/235 391/1343/234 1153/1125/988
f 1155/1135/992 405/1131/993 404/1134/996
f 1140/1109/972 169/63/63 1094/1046/923
f 1312/1344/1157 983/1013/802 1311/1345/1158
f 1303/1346/804 1313/1347/977 1142/1348/1159
f 1305/1349/1160 1143/1350/978 1304/1351/975
f 1314/1352/1161 55/1353/1162 297/1116/979
f 297/1116/979 1143/1115/978 1314/1352/1161
f 1308/1354/1163 1309/1355/1164 1149/1356/1165
f 1310/1357/1166 26/64/64 169/63/63
f 984/1358/803 1321/1359/1167 1141/1360/974
f 1141/1360/974 1321/1359/1167 985/1361/973
f 1315/1362/1168 1148/1363/981 1306/1364/1169
f 1315/1362/1168 1316/1365/1170 246/1366/1171
f 1317/1367/1172 1308/1354/1163 246/1366/1171
f 1319/1368/1173 1311/1369/1158 1310/1370/1166
f 1310/1370/1166 1309/1355/1164 1319/1368/1173
f 1321/1359/1167 984/1358/803 1320/1371/1174
f 1322/1372/1175 1313/1347/977 1303/1346/804
f 233/1373/1176 1317/1367/1172 1325/1374/1177
f 233/1373/1176 1318/1375/1178 1317/1367/1172
f 1321/1359/1167 1324/1376/1179 1322/1372/1175
f 1320/1371/1174 233/1373/1176 1321/1359/1167
f 279/1377/1180 1325/1374/1177 1316/1365/1170
f 55/1353/1162 1314/1352/1161 1307/1378/1181
f 1092/1379/876 1326/1380/1182 1043/991/877
f 1328/1381/1183 950/858/768 1044/992/878
f 1330/1382/1184 1329/1383/1185 1328/1381/1183
f 1329/1383/1185 952/859/769 951/857/767
f 1082/1384/1186 1077/1027/905 1329/1383/1185
f 1073/1024/902 1082/1384/1186 1331/1385/1187
f 184/1386/1188 1071/1020/898 1084/1387/1189
f 1332/1388/1190 1333/1389/1191 184/1386/1188
f 1334/1390/1192 1088/1391/1193 1061/1037/915
f 1088/1391/1193 1089/1038/916 1060/1040/917
f 1091/1392/920 1090/1393/919 1335/1394/1194
f 1335/1394/1194 1326/1380/1182 1091/1392/920
f 1335/1394/1194 1327/1395/1195 1326/1380/1182
f 1339/1396/1196 1327/1395/1195 1335/1394/1194
f 1336/1397/1197 1331/1385/1187 1330/1382/1184
f 1331/1385/1187 1336/1397/1197 1332/1388/1190
f 1339/1396/1196 1338/1398/1198 1327/1395/1195
f 1338/1398/1198 1336/1397/1197 1327/1395/1195
f 1088/1391/1193 1334/1390/1192 1339/1396/1196
f 219/939/841 38/944/844 1014/943/837
f 1359/150/148 280/149/147 1010/1399/1199
f 1010/1399/1199 248/125/123 1340/1400/1200
f 248/125/123 931/1401/1201 1340/1400/1200
f 1341/1402/1202 320/1403/1203 1340/1400/1200
f 321/1404/169 320/1403/1203 1341/1402/1202
f 1342/1405/1204 1343/172/170 321/171/169
f 930/836/750 277/147/145 1342/1405/1204
f 929/835/749 1346/1406/1205 1345/1407/1206
f 1347/1408/1207 922/1409/1208 927/1410/1209
f 926/1411/1210 1348/1412/1211 927/1410/1209
f 1348/1412/1211 1350/1413/1212 1349/1414/1213
f 1348/1412/1211 925/1415/1214 1351/1416/1215
f 860/758/683 1353/648/587 1352/1417/1216
f 1353/648/587 860/758/683 754/649/588
f 1350/1413/1212 1348/1412/1211 1351/1416/1215
f 1354/1418/1217 1349/1414/1213 1350/1413/1212
f 1354/1418/1217 1355/1419/1218 1349/1414/1213
f 1355/1419/1218 1347/1408/1207 1349/1414/1213
f 1355/1419/1218 1346/1406/1205 1347/1408/1207
f 1344/1420/1219 1345/1407/1206 1346/1406/1205
f 369/218/216 368/217/215 1344/1420/1219
f 368/217/215 75/219/217 1343/172/170
f 743/242/240 1366/1421/1220 62/170/168
f 1357/1422/1221 1358/1423/1222 1010/1399/1199
f 1359/150/148 1010/1399/1199 1358/1423/1222
f 1359/150/148 1360/1424/1223 51/151/149
f 1361/1425/1224 1362/1426/1225 729/1427/564
f 729/1427/564 1363/1428/1226 397/619/243
f 1365/1429/1227 739/1430/1228 737/627/572
f 739/1431/1228 740/1432/576 738/1433/573
f 739/1431/1228 743/242/240 740/1432/576
f 1366/1434/1220 1375/1435/1229 1356/1436/1230
f 1367/1437/1231 1368/1438/1232 1357/1422/1221
f 1357/1422/1221 1356/1436/1230 1367/1437/1231
f 1358/1423/1222 1357/1422/1221 1368/1438/1232
f 1368/1438/1232 1369/1439/1233 1358/1423/1222
f 1358/1423/1222 1369/1439/1233 1360/1424/1223
f 1369/1439/1233 1370/1440/1234 1360/1424/1223
f 1371/1441/1235 1361/1442/1224 1360/1424/1223
f 1362/1426/1225 1361/1425/1224 1371/1443/1235
f 1371/1443/1235 350/1444/1236 1362/1426/1225
f 1364/1445/1237 1373/1446/1238 1374/200/198
f 1374/200/198 355/199/197 1364/1445/1237
f 1375/1447/1229 1366/1421/1220 1365/1448/1227
f 58/1449/1239 1376/1450/1240 1370/1451/1234
f 1376/1450/1240 1377/1452/1241 1371/1443/1235
f 350/1444/1236 1371/1443/1235 1377/1452/1241
f 1372/1453/1242 350/1444/1236 1377/1452/1241
f 1376/1450/1240 1372/1453/1242 1377/1452/1241
f 58/1449/1239 1373/1446/1238 1376/1450/1240
f 312/1454/1243 1375/1455/1229 1374/200/198
f 1378/1456/1244 370/220/218 369/218/216
f 369/218/216 1346/1406/1205 1378/1456/1244
f 1355/1419/1218 1354/1418/1217 1379/1457/1245
f 750/646/585 749/644/583 1379/1457/1245
f 749/644/583 1380/1458/1246 1378/1456/1244
f 1380/1458/1246 385/1459/1247 370/220/218
f 385/1459/1247 79/1460/1248 370/220/218
f 748/643/582 1381/256/254 385/1459/1247
f 80/255/253 385/1459/1247 1381/256/254
f 1381/256/254 747/642/581 419/641/580
f 1381/256/254 748/643/582 747/642/581
f 749/644/583 748/643/582 1380/1458/1246
f 1346/1406/1205 1355/1419/1218 1378/1456/1244
f 1348/1412/1211 926/1411/1210 925/1415/1214
f 1345/1407/1206 277/147/145 929/835/749
f 250/1461/1249 43/127/125 251/1462/1250
f 1382/1463/1251 932/838/751 250/1461/1249
f 1382/1463/1251 935/1464/1252 934/1465/753
f 1383/82/82 30/81/81 156/845/756
f 1383/1466/82 935/1464/1252 1382/1463/1251
f 1382/1463/1251 251/1462/1250 1383/1466/82
f 251/1462/1250 249/126/124 208/101/80
f 931/1401/1201 248/125/123 250/1461/1249
f 1357/1422/1221 320/1403/1203 62/1467/168
f 455/920/826 1003/919/825 720/610/557
f 937/844/755 179/1468/1253 938/846/757
f 922/1409/1208 892/832/746 923/830/744
f 911/815/732 266/141/139 910/814/731
f 911/815/732 919/1469/1254 905/816/733
f 918/817/734 905/816/733 919/1469/1254
f 915/822/737 175/819/736 904/818/735
f 915/822/737 912/1470/724 175/819/736
f 884/809/706 885/803/705 902/810/727
f 890/1471/175 1384/773/698 863/1472/1255
f 300/771/696 855/753/678 856/754/679
f 870/1473/1256 1385/1474/1257 851/762/687
f 849/763/688 851/762/687 1385/1474/1257
f 866/764/689 849/763/688 1385/1474/1257
f 867/1475/1258 206/1476/668 866/764/689
f 1384/773/698 890/1471/175 873/770/695
f 204/775/700 877/774/699 888/799/719
f 878/784/708 879/777/702 202/1477/1259
f 203/1478/701 206/1476/668 867/1475/1258
f 859/757/682 1386/1479/1260 756/1480/1261
f 70/1481/1262 756/1480/1261 1386/1479/1260
f 349/1482/1263 1387/1483/1264 1388/1484/1265
f 348/652/591 70/1481/1262 1388/1484/1265
f 757/653/592 348/652/591 1389/1485/1266
f 759/1486/1267 1391/1487/1268 760/656/595
f 1392/1488/1269 763/658/597 762/657/596
f 1393/1489/1270 765/660/599 763/658/597
f 766/1490/1271 1395/1491/1272 767/1492/1273
f 550/662/367 768/1493/1274 769/1494/1275
f 769/1494/1275 1396/666/604 770/663/601
f 1396/666/604 771/665/603 770/663/601
f 772/374/368 1397/1495/1276 1398/1496/1277
f 1398/1496/1277 773/1497/1278 772/374/368
f 1398/1498/1277 775/669/607 774/668/606
f 775/669/607 1398/1498/1277 1397/1499/1276
f 1400/1500/1279 1404/1501/1280 1399/1502/1281
f 1404/1503/1280 1401/1504/1282 1399/1505/1281
f 1403/323/320 109/320/317 1401/1504/1282
f 1401/1504/1282 109/320/317 1399/1505/1281
f 1402/1506/1283 1403/323/320 1401/1504/1282
f 769/1494/1275 1410/1507/1284 1408/1508/1285
f 1408/1508/1285 1396/666/604 769/1494/1275
f 1409/1509/1286 475/667/605 1396/666/604
f 1396/666/604 1408/1508/1285 1409/1509/1286
f 1407/1510/1287 1410/1507/1284 1395/1511/1272
f 1395/1512/1272 1412/1513/1288 1407/1514/1287
f 1411/1515/1289 448/324/321 1403/323/320
f 1411/1516/1289 447/1517/1290 448/1518/321
f 1393/1489/1270 1413/1519/1291 1412/1513/1288
f 1417/1520/1292 313/1521/1293 1418/1522/1294
f 1421/1523/1295 1423/1524/1296 1422/1525/1297
f 1425/1526/1298 1424/1527/1299 1426/1528/1300
f 1426/1528/1300 71/1529/1301 1425/1526/1298
f 1427/1530/1302 1428/1531/1303 71/1529/1301
f 1427/1530/1302 1526/1532/1304 1429/1533/1305
f 361/207/205 1427/1530/1302 1429/1533/1305
f 1430/1534/1306 1531/1535/1307 360/208/206
f 351/1536/1308 1432/1537/1309 1422/1525/1297
f 1422/1525/1297 1425/1526/1298 351/1536/1308
f 1425/1526/1298 71/1529/1301 351/1536/1308
f 71/1529/1301 1428/1531/1303 351/1536/1308
f 351/1536/1308 1428/1531/1303 74/209/207
f 1427/1530/1302 361/207/205 74/209/207
f 351/1536/1308 74/209/207 1432/1537/1309
f 1418/1538/1294 1420/1539/1310 1432/1537/1309
f 1433/1540/1311 1416/1541/1312 1431/1542/1313
f 1434/252/250 1415/251/249 1433/1540/1311
f 1437/1543/1314 447/1544/1290 1435/1545/1315
f 447/1544/1290 410/1546/1316 1435/1545/1315
f 1440/1547/1317 561/670/608 556/381/372
f 1440/1547/1317 1441/305/302 561/670/608
f 1442/1548/1318 779/1549/1319 778/1550/1320
f 781/1551/381 1542/1552/1321 1443/1553/1322
f 1444/1554/1323 782/1555/609 563/396/383
f 1444/1556/1323 1543/1557/1324 782/1558/609
f 1445/1559/1325 1446/1560/1326 784/1561/611
f 1446/1560/1326 1447/1562/1327 784/1561/611
f 786/675/613 784/673/611 1447/1563/1327
f 1447/1564/1327 1448/1565/1328 786/1566/613
f 788/678/616 407/247/245 1448/1565/1328
f 1450/1567/1329 52/1568/1330 347/1569/1331
f 52/1568/1330 1451/1570/1332 791/685/623
f 366/1571/1333 794/1572/1334 1454/1573/1335
f 376/1574/1336 78/687/624 366/1571/1333
f 376/1574/1336 795/1575/1337 78/687/624
f 795/1576/1337 1456/1577/1338 797/692/619
f 359/1578/202 1456/1579/1338 365/1580/1339
f 376/1574/1336 365/1580/1339 1456/1579/1338
f 1454/1573/1335 340/1581/1340 1457/1582/1341
f 1457/1582/1341 366/1571/1333 1454/1573/1335
f 1458/1583/1342 356/1584/200 1457/1582/1341
f 1457/1582/1341 340/1581/1340 1458/1583/1342
f 57/160/158 798/693/627 357/203/201
f 357/203/201 356/202/200 57/160/158
f 57/160/158 1459/1585/1343 799/1586/1344
f 1459/1585/1343 48/139/137 801/695/629
f 1459/1585/1343 46/135/133 48/139/137
f 283/1587/1345 1460/1588/1346 46/135/133
f 1461/1589/1347 46/135/133 1460/1588/1346
f 194/1590/1348 262/134/132 261/133/131
f 262/134/132 1462/1591/1349 803/698/632
f 803/698/632 48/139/137 262/134/132
f 1462/1591/1349 1463/699/633 803/698/632
f 803/698/632 1463/699/633 286/152/150
f 1466/1592/1350 1465/1593/1351 1464/1594/1352
f 1469/1595/1353 1809/1596/1354 161/1597/1355
f 1470/1598/1356 193/91/91 161/1597/1355
f 1471/48/48 154/47/47 193/91/91
f 1623/1599/1357 833/1600/1358 1474/1601/656
f 4/8/8 833/1602/1358 1476/1603/1359
f 1476/1603/1359 834/1604/1360 4/8/8
f 1478/734/660 835/733/659 1477/1605/1361
f 139/24/24 143/30/30 836/29/29
f 1481/1606/1362 167/1607/1363 1479/1608/1364
f 1482/1609/1365 1480/1610/1366 1481/1606/1362
f 1482/1611/1365 1485/1612/1367 1483/1613/1368
f 1484/1614/1369 1486/1615/675 1485/1612/1367
f 1487/1616/1370 304/163/161 1489/756/681
f 303/162/160 859/757/682 1489/756/681
f 1489/756/681 858/1617/676 1487/1616/1370
f 858/1617/676 1486/1615/675 1484/1614/1369
f 1484/1614/1369 1487/1616/1370 858/1617/676
f 1485/1618/1367 1486/750/675 41/114/112
f 1490/1619/1371 1482/1609/1365 1483/1620/1368
f 168/742/667 1506/1621/1372 25/1622/1373
f 25/1623/1373 1492/1624/1374 144/32/32
f 144/32/32 1493/735/661 12/31/31
f 1493/735/661 1494/1625/1375 1495/1626/1376
f 1495/1626/1376 837/736/662 1493/735/661
f 1496/1627/1377 1497/58/58 18/1628/1378
f 1499/1629/1379 1500/1630/1380 18/1628/1378
f 1499/1629/1379 1501/1631/1381 1500/1630/1380
f 173/69/69 172/68/68 1503/1632/1382
f 1506/1633/1372 1507/1634/1383 1492/1624/1374
f 1497/58/58 1495/1635/1376 1494/1636/1375
f 163/57/57 1498/1637/1384 1499/1629/1379
f 1508/1638/1385 1509/70/70 1501/1631/1381
f 1509/70/70 1510/1639/1386 1504/1640/1387
f 1505/1641/1388 182/1642/1389 1506/1643/1372
f 182/1642/1389 183/1644/1390 1506/1643/1372
f 1494/1636/1375 1507/1645/1383 162/56/56
f 163/57/57 162/56/56 183/1644/1390
f 1509/70/70 1508/1638/1385 1510/1639/1386
f 842/741/666 1504/1646/1387 29/79/79
f 842/741/666 174/1647/1391 1504/1646/1387
f 842/741/666 841/739/664 172/1648/68
f 841/1649/664 1503/1632/1382 172/68/68
f 841/739/664 147/34/34 1503/1650/1382
f 147/34/34 840/1651/1392 1503/1650/1382
f 1496/1627/1377 839/1652/663 837/1653/662
f 1493/735/661 6/20/20 12/31/31
f 168/742/667 845/1654/669 844/1655/1393
f 847/745/670 845/744/669 1511/1656/1394
f 238/116/114 848/115/113 850/747/672
f 850/747/672 1490/1657/1371 238/116/114
f 1490/1657/1371 1483/1658/1368 238/116/114
f 1511/1659/1394 845/1660/669 167/1607/1363
f 857/755/680 858/1617/676 1489/756/681
f 1512/1661/1395 314/1662/1396 304/163/161
f 314/1662/1396 1416/1541/1312 63/1663/1397
f 1414/1664/1398 328/1665/1399 63/1663/1397
f 1387/1483/1264 349/1482/1263 305/161/159
f 305/161/159 63/1663/1397 1387/1483/1264
f 377/1666/1400 1389/1485/1266 1388/1484/1265
f 1390/1667/1401 757/653/592 1389/1485/1266
f 1391/1487/1268 1392/1488/1269 762/657/596
f 1413/1519/1291 1393/1489/1270 1392/1488/1269
f 1515/1668/1402 88/253/251 1514/1669/1403
f 1515/1668/1402 1414/1664/1398 88/253/251
f 1515/1668/1402 377/1666/1400 1414/1664/1398
f 1516/1670/1404 1517/1671/1405 1419/1672/1406
f 1518/1673/1407 1419/1672/1406 1517/1671/1405
f 1523/1674/1408 1524/1675/1409 1522/1676/1410
f 1524/1675/1409 1525/1677/1411 411/1678/1412
f 411/1678/1412 412/1679/1413 1524/1675/1409
f 412/1679/1413 1429/1533/1305 1526/1532/1304
f 1527/1680/1414 1528/1681/1415 412/1679/1413
f 1530/1682/1416 1433/1683/1311 1531/1535/1307
f 1531/1535/1307 398/1684/1417 1530/1682/1416
f 1433/1540/1311 1530/1685/1416 1434/252/250
f 1435/1545/1315 1532/1686/1418 1436/1687/1419
f 1437/1543/1314 472/1688/1420 1439/1689/1421
f 1439/1689/1421 1438/321/318 1437/1543/1314
f 1640/1690/1422 1533/1691/1423 471/304/301
f 1537/1692/1424 1538/1693/1425 1539/1694/1426
f 1542/1552/1321 1444/1556/1323 1443/1553/1322
f 1444/1556/1323 474/1695/1427 1543/1557/1324
f 1544/1696/1428 1445/1559/1325 1543/1557/1324
f 1548/1697/1429 788/678/616 1448/1565/1328
f 1549/1698/1430 789/1699/617 1548/1697/1429
f 401/1700/1431 400/1701/1432 1558/1702/1433
f 401/1703/1431 1536/1704/1434 1535/1705/1435
f 1533/1691/1423 413/1706/1436 1535/1705/1435
f 1535/1705/1435 471/304/301 1533/1691/1423
f 1536/1704/1434 401/1703/1431 1537/1692/1424
f 1537/1692/1424 1559/1707/1437 1538/1693/1425
f 1539/1708/1426 1538/1709/1425 1562/1710/1438
f 1562/1710/1438 1540/1711/1439 1539/1708/1426
f 1444/1556/1323 1542/1552/1321 1553/1712/1440
f 474/1695/1427 1444/1556/1323 1553/1712/1440
f 474/1695/1427 1544/1696/1428 1543/1557/1324
f 1554/1713/1441 1546/1714/1442 1545/1715/1443
f 1556/1716/1444 1578/1717/1445 1548/1718/1429
f 1557/1719/1446 379/227/225 380/229/227
f 1538/1709/1425 1551/1720/1447 1561/1721/1448
f 1562/1710/1438 1563/1722/1449 1540/1711/1439
f 1564/1723/1450 465/1724/296 1553/1725/1440
f 1553/1725/1440 1552/1726/1451 1564/1723/1450
f 1566/1727/1452 1567/1728/1453 1565/298/295
f 1568/1729/1454 444/282/279 464/284/281
f 444/282/279 1568/1729/1454 1569/1730/1455
f 1570/1731/1456 1571/1732/1457 444/282/279
f 1573/1733/1458 1574/1734/1459 1572/1735/1460
f 431/1736/1461 1584/1737/1462 1583/1738/1463
f 1584/1737/1462 1565/1739/295 465/1724/296
f 465/1724/296 1564/1723/1450 1584/1737/1462
f 1585/1740/1464 1567/1728/1453 1566/1727/1452
f 1586/1741/1465 1569/1730/1455 1568/1729/1454
f 1569/1730/1455 1586/1741/1465 1587/1742/1466
f 1588/1743/1467 1573/1733/1458 1587/1742/1466
f 1581/1744/1468 1580/1745/1469 1591/1746/1470
f 1591/1746/1470 1561/1721/1448 1581/1744/1468
f 1561/1721/1448 1591/1746/1470 1582/1747/1471
f 1566/1748/1452 430/1749/1472 1594/1750/1473
f 1592/1751/1474 1585/1752/1464 1566/1748/1452
f 1592/1753/1474 420/1754/1475 1585/1740/1464
f 420/1754/1475 1586/1741/1465 1567/1728/1453
f 1586/1741/1465 420/1754/1475 1593/1755/1476
f 1593/1755/1476 1587/1742/1466 1586/1741/1465
f 1589/1756/1477 1576/1757/1478 1588/1758/1467
f 1589/1756/1477 1580/1745/1469 1590/1759/1479
f 1591/1746/1470 1589/1756/1477 414/1760/1480
f 414/1760/1480 1582/1747/1471 1591/1746/1470
f 1594/1750/1473 431/1736/1461 1582/1747/1471
f 415/1761/1481 414/1760/1480 1588/1758/1467
f 1589/1756/1477 1588/1758/1467 414/1760/1480
f 420/1762/1475 415/1761/1481 1593/1763/1476
f 1590/1759/1479 1579/1764/1482 379/1765/225
f 1578/1717/1445 1575/1766/1483 1549/1767/1430
f 1574/1734/1459 1575/1766/1483 1578/1717/1445
f 1555/1768/1484 1572/1735/1460 1574/1734/1459
f 1546/1714/1442 1554/1713/1441 1571/1732/1457
f 1554/1713/1441 1595/1769/1485 1571/1732/1457
f 1571/1732/1457 1595/1769/1485 444/282/279
f 1595/1769/1485 105/283/280 444/282/279
f 1544/1696/1428 1595/1769/1485 1554/1713/1441
f 1554/1713/1441 1545/1715/1443 1544/1696/1428
f 1598/1770/1486 364/228/226 402/1771/1487
f 1599/1772/1488 1598/1773/1486 1597/1774/1489
f 1597/1774/1489 1600/1775/1490 1599/1772/1488
f 1601/1776/1491 1599/1777/1488 1600/1778/1490
f 1601/1776/1491 1602/1779/1492 1599/1777/1488
f 1606/1780/1493 364/228/226 1605/1781/1494
f 1609/1782/1495 347/1569/1331 1449/1783/1496
f 1653/122/120 1611/1784/1497 1610/123/121
f 1610/123/121 1611/1784/1497 282/1785/1498
f 1460/1588/1346 283/1587/1345 282/1786/1498
f 301/159/157 302/158/156 283/1587/1345
f 1612/1787/1499 1461/1589/1347 1460/1588/1346
f 1461/1788/1347 1612/1789/1499 1613/1790/1500
f 1613/1790/1500 1614/1791/1501 1461/1788/1347
f 1615/1792/1502 1617/1793/1503 1461/1788/1347
f 195/90/90 194/1794/1348 1617/1795/1503
f 1619/93/93 1618/1796/1504 1471/48/48
f 1620/49/49 189/1797/1505 1472/1798/1506
f 189/1797/1505 1621/1799/1507 1472/1798/1506
f 1473/1800/1508 1472/1798/1506 1622/1801/1509
f 1625/1802/1510 7/1803/1511 834/1804/1360
f 137/1805/1512 136/1806/658 7/1803/1511
f 1629/1807/1513 1630/1808/1514 1628/1809/1515
f 1630/1808/1514 1477/1605/1361 1628/1809/1515
f 1478/734/660 1477/1605/1361 1630/1808/1514
f 8/21/21 1478/734/660 1630/1808/1514
f 1632/1810/1516 138/23/23 1631/22/22
f 138/23/23 158/1811/51 165/61/61
f 164/60/60 143/30/30 139/24/24
f 166/1812/1517 1675/1813/1518 252/1814/1519
f 1513/1815/1520 1677/1816/1521 1516/1817/1404
f 1633/1818/1522 342/186/184 1516/1670/1404
f 1519/1819/1523 1518/1673/1407 68/187/185
f 1523/1674/1408 1522/1676/1410 1635/1820/1524
f 1527/1680/1414 411/1678/1412 1638/1821/1525
f 1639/1822/1526 470/303/300 472/1688/1420
f 1639/1822/1526 1640/1690/1422 470/303/300
f 1641/1823/1527 1534/1824/1528 1533/1691/1423
f 1634/1825/1529 413/1706/1436 1534/1824/1528
f 1642/1826/1530 89/1827/1531 1634/1828/1529
f 343/189/187 332/179/177 1642/1826/1530
f 332/179/177 399/1829/1532 1642/1826/1530
f 332/179/177 1596/1830/1533 399/1829/1532
f 1600/1775/1490 1596/1830/1533 1701/1831/1534
f 1701/1831/1534 1643/1832/1535 1600/1775/1490
f 362/1833/1536 1600/1778/1490 1643/1834/1535
f 1644/1835/1537 1646/1836/1538 362/1833/1536
f 1645/1837/1539 1646/1836/1538 1644/1835/1537
f 346/191/189 1604/1838/1540 1603/1839/1541
f 1648/1840/1542 1649/1841/1543 1607/1842/209
f 1652/1843/1544 1610/123/121 1609/1782/1495
f 190/1844/1545 1653/122/120 42/124/122
f 282/1785/1498 1611/1784/1497 1460/1845/1346
f 1618/1796/1504 189/1797/1505 1620/49/49
f 1656/1846/1546 1703/1847/1547 1657/1848/1548
f 1658/1849/1549 1622/1801/1509 1657/1848/1548
f 1659/1850/1550 1473/1800/1508 1658/1849/1549
f 1659/1850/1550 155/45/45 1473/1800/1508
f 1659/1850/1550 1623/1599/1357 155/45/45
f 1475/1851/1551 16/1852/1552 149/1853/1553
f 149/1853/1553 1476/1854/1359 1475/1851/1551
f 149/1853/1553 1625/1802/1510 1476/1854/1359
f 148/1855/1554 1661/1856/1555 137/1805/1512
f 1632/1857/1516 1664/1858/1556 1665/1859/1557
f 1665/1859/1557 158/51/51 1632/1857/1516
f 1666/1860/1558 21/52/52 1665/1859/1557
f 1667/1861/1559 1659/1850/1550 1658/1849/1549
f 1659/1850/1550 1667/1861/1559 1660/1862/1560
f 1660/1863/1560 16/1852/1552 1624/1864/1561
f 1670/1865/1562 13/1866/1563 1661/1856/1555
f 1661/1856/1555 13/1866/1563 1627/1867/1564
f 1663/1868/1565 1662/1869/1566 13/1866/1563
f 1664/1870/1556 1632/1871/1516 1663/1868/1565
f 1667/1861/1559 1665/1859/1557 1664/1858/1556
f 1668/1872/1567 150/1873/1568 1660/1863/1560
f 150/1873/1568 1670/1865/1562 1669/1874/1569
f 1671/1875/1570 1663/1868/1565 13/1866/1563
f 1672/1876/1571 1664/1870/1556 1671/1875/1570
f 1672/1876/1571 150/1873/1568 1668/1872/1567
f 1672/1876/1571 1667/1877/1559 1664/1870/1556
f 1666/1860/1558 1673/84/84 21/52/52
f 1673/84/84 185/83/83 21/52/52
f 1674/1878/1572 24/59/59 165/61/61
f 1676/1879/1573 1677/1816/1521 1513/1815/1520
f 1633/1818/1522 293/156/154 54/155/153
f 1680/1880/1574 292/157/155 293/156/154
f 1680/1880/1574 1681/1881/1575 1679/1882/1576
f 1683/1883/1577 1681/1881/1575 1682/1884/1578
f 1682/1884/1578 220/1885/1579 1683/1883/1577
f 220/1885/1579 1651/1886/1580 1685/1887/1581
f 1651/1888/1580 1609/1782/1495 1650/1889/1582
f 1688/190/188 1648/1840/1542 1647/1890/1583
f 1647/1890/1583 1606/1891/1493 346/191/189
f 346/191/189 1688/190/188 1647/1890/1583
f 1688/190/188 323/1892/1584 1648/1840/1542
f 1690/1893/1585 1691/1894/1586 1686/1895/1587
f 1686/1895/1587 1691/1894/1586 1650/1896/1582
f 1693/1897/1588 1684/1898/1589 1683/1883/1577
f 292/157/155 337/1899/1590 54/155/153
f 337/1899/1590 292/157/155 61/169/167
f 61/169/167 331/180/178 337/1899/1590
f 1679/1882/1576 1694/1900/1591 61/169/167
f 306/167/165 61/169/167 1694/1900/1591
f 1692/1901/1592 306/167/165 1684/1898/1589
f 1684/1898/1589 1693/1897/1588 1692/1901/1592
f 1692/1901/1592 1691/1894/1586 1695/1902/1593
f 1699/1903/1594 1698/1904/1595 1697/1905/1596
f 1697/1905/1596 323/1892/1584 1699/1903/1594
f 1700/1906/1597 65/1907/1598 1691/1908/1586
f 65/1907/1598 1696/1909/1599 1695/1910/1593
f 1695/1910/1593 1691/1908/1586 65/1907/1598
f 1701/1831/1534 1695/1902/1593 1696/1911/1599
f 332/179/177 317/168/166 1701/1831/1534
f 1596/1830/1533 332/179/177 1701/1831/1534
f 1643/1834/1535 1696/1909/1599 1644/1835/1537
f 333/1912/1600 1645/1837/1539 1644/1835/1537
f 1702/1913/1601 65/1907/1598 1700/1906/1597
f 1696/1909/1599 65/1907/1598 333/1912/1600
f 1651/1886/1580 220/1885/1579 37/1914/1602
f 186/85/85 1703/1847/1547 37/1915/1602
f 186/85/85 1657/1848/1548 1703/1847/1547
f 1656/1846/1546 205/1916/1603 1703/1847/1547
f 220/1885/1579 1682/1884/1578 1704/1917/1604
f 1730/1918/1605 1706/1919/1606 159/50/50
f 1706/1919/1606 1674/1920/1572 159/50/50
f 1707/1921/1607 24/59/59 1674/1878/1572
f 1707/1921/1607 1708/1922/1608 24/59/59
f 1675/1813/1518 1719/1923/1609 1709/1924/1610
f 1709/1925/1610 1720/1926/1611 1676/1879/1573
f 1720/1926/1611 1677/1816/1521 1676/1879/1573
f 1678/1927/1612 1723/1928/1613 293/156/154
f 1680/1880/1574 293/156/154 1711/1929/1614
f 1680/1880/1574 1712/1930/1615 1681/1881/1575
f 1712/1930/1615 1713/1931/1616 1682/1884/1578
f 1704/1917/1604 1682/1884/1578 1713/1931/1616
f 1714/1932/1617 1736/1933/1618 1705/1934/86
f 1736/1933/1618 1730/1935/1605 159/1936/50
f 1715/1937/1619 1707/1938/1607 1706/1939/1606
f 1716/1940/1620 1717/1941/1621 1707/1938/1607
f 1731/1942/1622 1675/1943/1518 1718/1944/1623
f 1731/1945/1622 1719/1946/1609 1675/1947/1518
f 1723/1928/1613 1678/1927/1612 1722/1948/1624
f 1723/1949/1613 1728/1950/1625 1711/1951/1614
f 1729/1952/1626 1712/1953/1615 1711/1951/1614
f 1714/1932/1617 1705/1934/86 1713/1954/1616
f 1726/1955/1627 1727/1956/1628 1720/1957/1611
f 1720/1957/1611 1719/1958/1609 1726/1955/1627
f 1712/1953/1615 1729/1952/1626 1724/1959/1629
f 1748/1960/1630 1716/1940/1620 1715/1937/1619
f 1718/1944/1623 1717/1941/1621 1737/1961/1631
f 1740/1962/1632 1741/1963/1633 1721/1964/1634
f 1721/1964/1634 1727/1956/1628 1740/1962/1632
f 1721/1964/1634 1741/1963/1633 1722/1965/1624
f 1723/1949/1613 1743/1966/1635 1728/1950/1625
f 1728/1950/1625 1744/1967/1636 1729/1952/1626
f 1749/1968/1637 1737/1961/1631 1716/1940/1620
f 1732/1969/1638 1731/1942/1622 1739/1970/1639
f 1732/1969/1638 1750/1971/1640 1733/1972/1641
f 1743/1966/1635 1723/1949/1613 1742/1973/1642
f 1744/1967/1636 1728/1950/1625 1743/1966/1635
f 1734/1974/1643 1744/1967/1636 1745/1975/1644
f 1734/1974/1643 1758/1976/1645 1735/1977/1646
f 1753/1978/1647 1748/1960/1630 1730/1935/1605
f 1751/1979/1648 1733/1972/1641 1750/1971/1640
f 1741/1963/1633 1740/1962/1632 1751/1979/1648
f 1743/1966/1635 1742/1973/1642 1752/1980/1649
f 1745/1975/1644 1758/1976/1645 1734/1974/1643
f 1756/1981/1650 1743/1966/1635 1752/1980/1649
f 1756/1981/1650 1757/1982/1651 1745/1975/1644
f 1759/1983/1652 1748/1960/1630 1753/1978/1647
f 1759/1983/1652 1760/1984/1653 1748/1960/1630
f 1760/1984/1653 1749/1968/1637 1748/1960/1630
f 1763/1985/1654 1751/1979/1648 1762/1986/1655
f 1764/1987/1656 254/1988/1657 1757/1982/1651
f 1766/1989/1658 1759/1983/1652 1753/1978/1647
f 1767/1990/1659 1760/1984/1653 1759/1983/1652
f 1755/1991/1660 1768/1992/1661 1761/1993/1662
f 1768/1992/1661 1762/1986/1655 1761/1993/1662
f 247/1994/1663 1762/1986/1655 1768/1992/1661
f 1763/1985/1654 1762/1986/1655 247/1994/1663
f 1770/1995/1664 1759/1983/1652 1766/1989/1658
f 1760/1984/1653 1771/1996/1665 1772/1997/1666
f 1768/1992/1661 1755/1991/1660 1772/1997/1666
f 1773/1998/1667 254/1988/1657 1769/1999/1668
f 1773/1998/1667 1774/2000/1669 1766/1989/1658
f 1776/2001/1670 247/1994/1663 1768/1992/1661
f 1773/1998/1667 1777/2002/1671 1774/2000/1669
f 1777/2002/1671 1776/2001/1670 1771/1996/1665
f 1772/1997/1666 1771/1996/1665 1776/2001/1670
f 1776/2001/1670 1768/1992/1661 1772/1997/1666
f 1771/1996/1665 1767/1990/1659 1775/2003/1672
f 1666/1860/1558 1658/1849/1549 1657/1848/1548
f 189/1797/1505 1655/2004/1673 1778/2005/1674
f 1779/2006/1675 1653/122/120 190/1844/1545
f 1783/2007/1676 1788/2008/1677 1613/1790/1500
f 1613/1790/1500 1788/2008/1677 1614/1791/1501
f 1784/2009/1678 1790/2010/1679 1616/2011/1680
f 1655/2004/1673 1618/1796/1504 1654/2012/1681
f 1655/2013/1673 1785/2014/1682 1778/2015/1674
f 1778/2015/1674 1786/2016/1683 1780/2017/1684
f 223/2018/1685 1779/2019/1675 1780/2017/1684
f 1781/2020/1686 258/2021/1687 1782/2022/1688
f 259/2023/1689 1782/2022/1688 258/2021/1687
f 1795/2024/1690 1794/2025/1691 1786/2016/1683
f 1786/2016/1683 1778/2015/1674 1795/2024/1690
f 1785/2014/1682 1796/2026/1692 1795/2024/1690
f 1796/2026/1692 222/2027/1693 1795/2024/1690
f 1795/2024/1690 222/2027/1693 1794/2025/1691
f 1793/2028/1694 1792/2029/1695 1787/2030/1696
f 1787/2030/1696 258/2021/1687 1793/2028/1694
f 1789/2031/1697 1783/2007/1676 1787/2030/1696
f 332/179/177 343/189/187 331/180/178
f 1642/1826/1530 1634/1828/1529 343/189/187
f 1634/1828/1529 1519/1819/1523 343/189/187
f 1534/2032/1528 1519/1819/1523 1634/1828/1529
f 1635/2033/1524 1534/1824/1528 1636/2034/1698
f 1641/2035/1527 1637/2036/1699 1636/2037/1698
f 1637/2036/1699 1638/1821/1525 411/1678/1412
f 1638/1821/1525 1637/2036/1699 1640/2038/1422
f 1638/1821/1525 1640/2038/1422 1639/2039/1526
f 1637/2036/1699 1641/2035/1527 1640/2038/1422
f 1529/2040/1700 1638/1821/1525 1639/2039/1526
f 472/1688/1420 1437/1543/1314 1436/1687/1419
f 1530/1682/1416 1529/2040/1700 1532/2041/1418
f 1531/1535/1307 1430/1534/1306 398/1684/1417
f 398/1684/1417 361/207/205 1528/1681/1415
f 1426/1528/1300 1524/1675/1409 1526/1532/1304
f 1426/1528/1300 1522/1676/1410 1524/1675/1409
f 1419/1672/1406 1518/1673/1407 1421/2042/1295
f 1419/2043/1406 1418/1522/1294 313/1521/1293
f 1421/1523/1295 1420/1539/1310 1419/2044/1406
f 412/1679/1413 411/1678/1412 1527/1680/1414
f 1512/1661/1395 253/2045/1701 1513/1815/1520
f 167/1607/1363 144/32/32 1479/1608/1364
f 8/21/21 139/24/24 836/29/29
f 833/1602/1358 832/10/10 1474/730/656
f 1474/730/656 828/729/655 153/2046/46
f 153/46/46 155/45/45 1474/1601/656
f 1798/2047/1702 1799/2048/1703 262/134/132
f 1800/2049/1704 262/134/132 1799/2048/1703
f 1800/2049/1704 1801/2050/1705 1462/1591/1349
f 1462/1591/1349 262/134/132 1800/2049/1704
f 1802/2051/1706 237/2052/1707 1463/699/633
f 187/2053/1708 1805/2054/1709 188/2055/1710
f 1806/2056/1711 1808/2057/1712 1807/2058/1713
f 192/87/87 1470/2059/1356 1809/2060/1354
f 1809/2060/1354 1808/2057/1712 192/87/87
f 1809/2060/1354 1807/2058/1713 1808/2057/1712
f 1798/2061/1702 1797/92/92 193/91/91
f 1812/2062/1714 1802/2063/1706 1801/2064/1705
f 1804/2065/1715 1466/1592/1350 1805/2054/1709
f 1805/2054/1709 1806/2056/1711 188/2055/1710
f 224/2066/1716 1814/88/88 1806/2056/1711
f 1806/2056/1711 1814/88/88 1808/2057/1712
f 192/87/87 1808/2057/1712 1814/88/88
f 226/2067/1717 1815/89/89 1814/88/88
f 1805/2054/1709 234/2068/1718 1813/2069/1719
f 1817/2070/1720 1816/2071/1721 225/2072/1722
f 226/2067/1717 225/2072/1722 1816/2071/1721
f 1814/88/88 224/2066/1716 226/2067/1717
f 1799/2073/1703 1810/2074/1723 1815/89/89
f 1810/2074/1723 192/87/87 1815/89/89
f 1810/2074/1723 1798/2075/1702 1470/2059/1356
f 1812/2062/1714 234/2068/1718 1803/2076/1724
f 1469/2077/1353 1468/2078/1725 1807/2058/1713
f 1468/2078/1725 1467/2079/1726 1807/2058/1713
f 827/2080/800 825/2081/1727 1468/2078/1725
f 823/725/653 235/724/652 237/2082/1707
f 1459/1585/1343 57/160/158 301/159/157
f 302/158/156 57/160/158 1458/2083/1342
f 1451/1570/1332 302/2084/156 1458/2085/1342
f 366/1571/1333 365/1580/1339 376/1574/1336
f 1453/2086/1728 1451/2087/1332 340/1581/1340
f 1405/2088/1729 1412/1513/1288 1411/1516/1289
f 776/2089/319 775/669/607 1399/2090/1281
f 1386/1479/1260 859/757/682 303/162/160
f 881/779/704 146/36/36 841/739/664
f 821/2091/1730 806/2092/637 236/723/651
f 821/2091/1730 1818/2093/1731 806/2092/637
f 274/144/142 272/143/141 1819/2094/1732
f 1819/2094/1732 811/714/644 274/144/142
f 1819/2094/1732 50/2095/1733 811/714/644
f 814/2096/1734 819/720/650 818/717/647
f 818/717/647 817/2097/191 815/718/648
f 1820/2098/1735 819/720/650 50/2095/1733
f 819/720/650 814/2096/1734 50/2095/1733
f 335/195/193 633/2099/454 634/2100/1736
f 1822/2101/1737 1823/2102/1738 324/173/171
f 325/706/638 341/216/214 67/185/183
f 341/216/214 409/249/247 367/214/212
f 409/249/247 341/216/214 575/2103/394
f 575/2103/394 574/2104/396 409/249/247
f 575/2103/394 1824/174/172 1823/2102/1738
f 1822/2105/1737 632/2106/453 631/2107/452
f 1824/174/172 324/173/171 1823/2102/1738
f 634/2100/1736 628/2108/455 632/2109/453
f 813/716/646 56/710/642 310/713/643
f 791/685/623 69/684/622 347/1569/1331
f 569/410/392 568/409/391 785/674/612
f 785/674/612 786/675/613 569/410/392
f 497/408/390 785/674/612 568/409/391
f 425/262/260 764/661/600 94/260/258
f 753/659/598 387/234/232 761/655/594
f 371/222/220 387/234/232 386/233/231
f 395/243/241 92/254/252 419/641/580
f 395/243/241 85/240/238 80/255/253
f 80/255/253 92/254/252 395/243/241
f 423/258/256 436/637/578 437/527/485
f 453/2110/1739 102/297/294 715/296/293
f 102/297/294 453/2110/1739 441/2111/1740
f 441/2111/1740 716/275/272 102/297/294
f 442/281/278 718/605/552 438/276/273
f 443/604/551 86/246/244 428/269/266
f 746/638/579 99/526/276 437/527/485
f 619/503/467 638/502/466 511/341/338
f 631/2107/452 581/418/400 579/416/398
f 624/482/447 613/467/434 597/480/432
f 530/476/442 513/475/441 514/505/469
f 558/390/375 517/388/377 531/2112/350
f 546/370/364 468/300/297 467/302/299
f 98/294/291 452/293/290 469/301/298
f 505/387/376 500/337/334 499/405/388
f 107/366/316 468/365/297 483/2113/314
f 441/2111/1740 453/2110/1739 442/281/278
f 91/677/615 408/215/213 407/247/245
f 87/248/246 408/215/213 367/214/212
f 388/2114/1741 389/235/233 392/238/236
f 242/1162/1018 231/2115/1742 243/1160/1016
f 38/944/844 219/939/841 227/936/839
f 27/74/74 178/73/73 28/960/854
f 700/593/534 644/515/477 702/592/540
f 646/2116/480 645/516/478 700/593/534
f 972/884/791 3/883/790 126/17/17 961/881/788
f 2/7/7 4/8/8 125/2117/657 124/880/787
f 140/40/40 9/852/763 141/851/762 945/41/41
f 5/11/11 946/2118/1743 127/12/12
f 126/17/17 962/18/18 961/881/788
f 6/20/20 837/736/662 132/19/19
f 135/26/26 954/861/771 134/865/775
f 135/26/26 128/862/772 954/861/771
f 164/60/60 24/59/59 1708/1922/1608 166/1812/1517
f 13/1866/1563 1662/1869/1566 1629/2119/1513
f 152/37/37 145/27/27 14/35/35
f 15/42/42 945/41/41 944/849/760
f 944/849/760 1022/962/856 15/42/42
f 16/1852/1552 1669/1874/1569 148/1855/1554
f 18/1628/1378 839/1652/663 1496/1627/1377
f 20/869/779 19/871/781 157/2120/1744
f 22/1044/921 1092/990/876 1105/1060/935
f 22/1044/921 1105/1060/935 1095/1047/924
f 979/2121/54 1468/2122/1725 23/728/55
f 937/844/755 30/81/81 28/960/854 179/1468/1253
f 172/68/68 1509/70/70 174/2123/1391
f 30/81/81 27/74/74 28/960/854
f 194/1794/1348 195/90/90 1797/92/92 1798/2061/1702
f 190/2124/1545 191/2125/1745 31/2126/1746
f 202/1477/1259 33/78/78 203/2127/701 204/2128/700
f 1187/1167/1023 36/1097/963 200/98/98 199/97/97
f 207/948/100 27/74/74 208/80/80
f 1177/104/102 39/955/850 211/1159/1015
f 34/110/108 1094/1046/923 217/108/106
f 221/2129/1747 37/1915/1602 1703/1847/1547 205/1916/1603
f 1187/1167/1023 268/1180/1036 36/1097/963
f 291/831/745 288/2130/1748 289/834/748 290/829/743
f 224/2066/1716 225/2072/1722 226/2067/1717
f 228/113/111 821/2091/1730 230/111/109
f 233/1373/1176 1324/1376/1179 1321/1359/1167
f 40/2131/634 235/724/652 236/723/651
f 40/2131/634 237/2082/1707 235/724/652
f 240/119/117 1099/121/119 1133/117/115
f 42/124/122 1610/123/121 1652/1843/1544
f 43/127/125 250/1461/1249 248/125/123
f 43/127/125 249/126/124 251/1462/1250
f 1488/2132/1749 1709/1925/1610 253/2045/1701
f 256/129/127 257/1105/968 44/130/128
f 45/131/129 260/2133/976 820/132/130
f 47/795/718 892/832/746 263/794/717
f 49/767/692 278/768/693 875/788/712
f 51/151/149 281/928/832 280/149/147
f 52/1568/1330 282/1785/1498 283/2134/1345
f 283/2134/1345 302/2084/156 52/1568/1330
f 52/1568/1330 1450/1567/1329 282/1785/1498
f 285/194/192 260/1113/976 284/898/805
f 53/154/152 805/153/151 809/175/173
f 297/1116/979 55/1353/1162 294/1122/985 296/899/806
f 1361/1442/1224 59/616/563 1006/927/831 281/928/832
f 308/166/164 1214/1213/1057 309/164/162
f 1449/1783/1496 347/1569/1331 69/684/622 363/212/210
f 60/2135/1750 315/1175/1031 316/1154/1010
f 318/184/182 319/694/628 800/2136/1751
f 62/1467/168 320/1403/1203 321/1404/169
f 1343/172/170 322/2137/1752 62/170/168
f 809/175/173 1824/174/172 325/706/638
f 64/1202/1050 329/1178/1034 330/1177/1033
f 66/183/181 987/182/180 335/195/193
f 341/216/214 73/213/211 67/185/183
f 68/187/185 54/155/153 336/188/186
f 381/680/618 380/229/227 72/210/208 378/682/620
f 70/1481/1262 1386/1479/1260 349/1482/1263
f 1646/1836/1538 1601/1776/1491 362/1833/1536
f 76/221/219 374/223/221 755/651/590
f 793/224/222 372/226/224 373/689/626
f 77/650/589 374/223/221 371/222/220
f 601/426/406 375/441/417 582/427/402
f 394/2138/1753 85/240/238 743/242/240 322/2137/1752
f 79/1460/1248 75/219/217 370/220/218
f 80/255/253 85/240/238 394/2138/1753
f 389/235/233 390/1133/995 82/1132/994
f 598/485/449 599/423/404 584/422/403
f 741/274/271 421/259/257 423/258/256 102/297/294
f 403/613/560 86/246/244 443/604/551
f 87/248/246 482/250/248 407/247/245
f 88/253/251 1434/252/250 1435/2139/1315
f 89/1827/1531 413/2140/1436 1634/1828/1529
f 90/2141/1754 416/1270/1103 417/1244/1082
f 92/254/252 1381/256/254 419/641/580
f 433/1291/1121 445/285/282 95/272/269 432/271/268
f 86/246/244 429/273/270 427/268/265
f 460/308/305 103/307/304 1002/918/824 455/920/826
f 716/275/272 741/274/271 102/297/294
f 439/277/274 747/642/581 440/278/275
f 445/285/282 446/1306/811 96/286/283
f 97/289/286 450/291/288 721/287/284
f 99/279/276 746/639/579 439/277/274
f 101/267/264 457/497/461 458/492/456
f 102/297/294 423/258/256 459/295/292
f 995/500/464 491/499/463 110/494/458 490/496/460
f 1441/305/302 472/1688/1420 470/303/300
f 106/306/303 460/308/305 473/597/544
f 1595/1769/1485 1544/1696/1428 474/1695/1427
f 476/309/306 487/547/505 682/546/504
f 570/316/313 569/410/392 482/2142/248
f 107/366/316 484/2143/315 485/379/369
f 108/545/503 487/547/505 668/534/492
f 495/601/548 494/602/549 496/594/541 492/599/546
f 491/499/463 622/468/435 110/494/458
f 111/329/326 106/306/303 492/599/546
f 492/599/546 496/594/541 111/329/326
f 503/2144/1755 114/335/332 502/334/331 504/2145/1756
f 525/332/329 783/672/610 113/330/327
f 113/330/327 497/408/390 498/331/328
f 506/389/378 507/391/374 115/338/335 500/337/334
f 506/389/378 500/337/334 505/387/376
f 519/345/342 118/343/340 521/506/470 520/340/337
f 511/341/338 997/908/814 510/339/336
f 116/392/379 515/2146/1757 115/398/335
f 116/392/379 557/2147/373 515/2146/1757
f 121/355/352 532/356/353 535/510/474 536/511/358
f 119/346/343 522/349/346 523/2148/386
f 119/346/343 523/2148/386 524/347/344
f 528/352/349 707/1300/1127 529/350/347
f 530/476/442 521/506/470 120/357/354
f 120/357/354 526/348/345 530/476/442
f 532/356/353 533/358/355 534/507/471
f 501/333/330 541/364/361 774/668/606 555/380/371
f 532/356/353 537/508/472 535/510/474
f 540/513/475 501/333/330 114/335/332
f 499/405/388 559/2149/1758 517/388/377 505/387/376
f 541/364/361 554/363/360 774/668/606
f 543/517/479 107/366/316 542/362/359
f 468/300/297 544/368/362 469/301/298
f 469/301/298 647/369/363 98/294/291
f 467/302/299 452/293/290 545/264/262
f 467/302/299 545/264/262 426/263/261
f 546/370/364 548/2150/1759 549/372/366
f 549/372/366 483/317/314 468/300/297
f 550/373/367 484/318/315 483/317/314
f 484/376/315 551/664/602 553/377/370
f 551/664/602 489/325/322 553/377/370
f 485/379/369 542/362/359 107/366/316
f 502/334/331 557/2147/373 504/2145/1756
f 538/360/357 114/335/332 503/2144/1755
f 538/360/357 531/386/350 536/361/358
f 522/349/346 120/357/354 121/355/352
f 516/2151/351 559/2149/1758 522/2152/346
f 516/2151/351 517/388/377 559/2149/1758
f 559/2149/1758 523/403/386 522/2152/346
f 524/347/344 565/400/385 564/399/384 525/332/329
f 507/384/374 116/392/379 115/398/335
f 538/360/357 504/2145/1756 116/392/379
f 557/2147/373 116/392/379 504/2145/1756
f 560/395/382 515/2153/1757 557/382/373
f 561/670/608 562/393/380 560/395/382
f 560/395/382 781/394/381 515/2153/1757
f 515/2146/1757 781/2154/381 563/396/383
f 563/396/383 115/398/335 515/2146/1757
f 115/398/335 564/397/384 508/2155/333
f 500/337/334 508/336/333 565/406/385 499/405/388
f 524/402/344 509/404/387 565/406/385
f 523/403/386 559/2149/1758 509/404/387
f 602/2156/1760 586/2157/1761 375/441/417 84/455/426
f 498/331/328 119/346/343 525/332/329
f 566/407/389 498/331/328 497/408/390
f 568/409/391 616/315/312 567/474/440
f 569/410/392 787/2158/393 482/2142/248
f 409/249/247 571/433/411 482/250/248
f 572/431/410 409/249/247 574/2104/396
f 574/414/396 573/430/409 572/2159/410
f 575/412/394 1823/2160/1738 577/415/397
f 580/417/399 578/428/407 577/415/397
f 580/417/399 586/2157/1761 578/428/407
f 573/430/409 603/442/418 571/444/411
f 571/433/411 409/249/247 572/431/410
f 570/2161/313 482/250/248 571/433/411
f 588/436/413 589/314/311 570/316/313
f 590/438/415 592/437/414 591/471/421
f 593/2162/436 594/2163/1762 595/2164/1763
f 594/2163/1762 596/466/433 595/2164/1763
f 596/466/433 599/423/404 598/485/449
f 375/441/417 586/2157/1761 580/417/399
f 586/2157/1761 576/413/395 578/428/407
f 586/2157/1761 602/2156/1760 587/429/408
f 587/429/408 576/413/395 586/2157/1761
f 602/2156/1760 573/430/409 587/429/408
f 573/430/409 602/2156/1760 603/442/418
f 605/445/419 588/436/413 570/316/313
f 588/2165/413 605/460/419 592/446/414
f 594/2163/1762 593/2162/436 591/448/421
f 591/448/421 606/447/420 594/2163/1762
f 594/2163/1762 607/449/422 596/466/433
f 607/449/422 599/423/404 596/466/433
f 435/451/424 609/452/425 600/439/416
f 84/455/426 375/441/417 601/426/406
f 110/494/458 458/492/456 457/497/461 490/496/460
f 610/456/427 602/2156/1760 84/455/426
f 610/456/427 603/442/418 602/2156/1760
f 607/449/422 594/2163/1762 606/447/420
f 606/447/420 608/450/423 607/449/422
f 609/452/425 435/451/424 610/2166/427
f 611/463/428 610/2166/427 435/451/424
f 596/466/433 598/485/449 626/464/431
f 597/465/432 595/2164/1763 596/466/433
f 593/469/436 595/2167/1763 613/467/434
f 593/469/436 622/468/435 591/471/421
f 591/471/421 614/470/437 590/438/415
f 590/438/415 615/472/438 589/314/311
f 589/314/311 588/436/413 590/438/415
f 567/474/440 566/407/389 568/409/391
f 513/475/441 617/473/439 514/505/469
f 618/477/443 619/503/467 617/473/439
f 621/479/445 639/501/465 618/477/443
f 618/477/443 589/314/311 615/472/438
f 618/477/443 615/472/438 621/479/445
f 621/479/445 614/470/437 622/468/435
f 622/468/435 613/467/434 623/493/457
f 624/482/447 623/493/457 613/467/434
f 626/483/431 627/2168/448 633/2169/454
f 627/484/448 629/486/450 628/491/455
f 629/486/450 630/487/451 628/491/455
f 630/487/451 583/419/401 581/421/400
f 630/487/451 581/421/400 631/488/452
f 632/489/453 628/491/455 630/487/451
f 633/2099/454 628/2108/455 634/2100/1736
f 633/2169/454 625/481/446 626/483/431
f 625/481/446 633/2169/454 384/265/229
f 384/265/229 101/267/264 625/481/446
f 623/493/457 110/494/458 622/468/435
f 640/2170/1764 534/507/471 521/506/470 118/343/340
f 637/498/462 638/502/466 491/499/463
f 639/501/465 621/479/445 620/478/444
f 618/477/443 638/502/466 619/503/467
f 514/505/469 617/473/439 619/503/467
f 512/504/468 619/503/467 520/340/337
f 512/504/468 520/340/337 521/506/470
f 539/359/356 643/514/476 540/513/475 114/335/332
f 534/507/471 537/508/472 532/356/353
f 539/512/356 641/509/473 642/589/538
f 539/359/356 642/591/538 643/514/476
f 501/333/330 540/513/475 644/515/477 541/364/361
f 459/295/292 653/2171/1765 652/525/484 654/537/495
f 543/517/479 542/362/359 541/364/361
f 541/364/361 645/516/478 543/517/479
f 543/517/479 544/367/362 107/366/316
f 645/516/478 646/2116/480 544/367/362
f 648/519/481 649/522/482 98/520/291
f 98/294/291 651/2172/483 99/279/276
f 650/2173/1766 652/2174/484 651/523/483
f 653/2171/1765 437/527/485 652/525/484
f 655/529/487 479/312/309 678/540/498 679/541/499
f 479/312/309 655/529/487 494/602/549
f 657/530/488 660/533/491 658/531/489
f 657/530/488 680/2175/1767 659/532/490
f 659/2176/490 662/542/500 660/2177/491
f 660/2177/491 662/542/500 661/543/501
f 661/543/501 664/544/502 663/571/526
f 665/536/494 666/568/523 663/571/526
f 663/571/526 664/544/502 665/536/494
f 668/534/492 670/565/520 698/564/519
f 670/565/520 668/534/492 683/550/508
f 670/565/520 673/2178/1768 671/563/518
f 673/2178/1768 672/561/516 671/563/518
f 672/561/516 673/2178/1768 684/551/509
f 684/551/509 674/553/511 672/561/516
f 674/553/511 649/522/482 672/561/516
f 650/2173/1766 651/523/483 674/553/511
f 674/553/511 675/554/512 650/2173/1766
f 650/2173/1766 675/554/512 652/2174/484
f 652/2174/484 675/554/512 676/556/496
f 654/537/495 677/539/497 678/540/498
f 104/549/507 684/551/509 673/2178/1768 670/565/520
f 488/557/513 680/2175/1767 657/530/488
f 659/2176/490 681/560/515 662/542/500
f 664/544/502 682/546/504 108/545/503
f 664/544/502 108/545/503 665/536/494
f 683/550/508 476/309/306 104/549/507
f 683/550/508 487/547/505 476/309/306
f 684/551/509 104/549/507 463/548/506
f 476/309/306 478/311/308 463/548/506
f 696/581/531 703/2179/539 694/580/530 687/567/522
f 670/565/520 683/550/508 104/549/507
f 684/551/509 463/548/506 685/552/510
f 685/552/510 686/558/514 675/554/512
f 675/554/512 686/558/514 677/555/497
f 677/539/497 488/557/513 679/541/499
f 686/558/514 681/560/515 488/559/513
f 681/560/515 680/2180/1767 488/559/513
f 681/560/515 659/2176/490 680/2180/1767
f 681/560/515 686/558/514 478/311/308
f 686/558/514 685/552/510 478/311/308
f 682/546/504 664/544/502 477/310/307
f 679/541/499 678/540/498 677/539/497
f 666/568/523 665/536/494 667/566/521
f 689/574/525 693/579/529 691/575/527
f 691/576/527 692/577/528 658/531/489
f 692/577/528 494/602/549 656/528/486
f 494/602/549 655/529/487 656/528/486
f 692/577/528 496/594/541 494/602/549
f 693/579/529 689/574/525 690/2181/1769
f 690/2181/1769 689/574/525 688/2182/524
f 690/2181/1769 688/2182/524 694/2183/530
f 694/2183/530 695/587/536 690/2181/1769
f 698/564/519 699/562/517 700/585/534
f 699/562/517 698/564/519 671/563/518
f 701/583/533 700/585/534 699/562/517
f 700/585/534 697/582/532 698/564/519
f 697/582/532 700/585/534 702/2184/540
f 702/2184/540 696/581/531 697/582/532
f 696/581/531 702/2184/540 703/2179/539
f 534/507/471 640/2170/1764 705/586/535 537/508/472
f 694/2183/530 703/2185/539 704/588/537
f 694/2183/530 704/588/537 695/587/536
f 695/587/536 537/508/472 693/579/529
f 693/579/529 690/2181/1769 695/587/536
f 693/579/529 705/586/535 527/351/348
f 527/351/348 529/350/347 693/579/529
f 732/622/567 733/629/574 742/2186/575 730/621/566
f 537/508/472 695/587/536 641/509/473
f 704/588/537 703/2185/539 642/589/538
f 705/586/535 117/342/339 518/344/341
f 528/352/349 518/344/341 519/345/342
f 528/352/349 519/345/342 706/909/815
f 706/909/815 707/1300/1127 528/352/349
f 708/1299/816 529/350/347 707/1300/1127
f 708/910/816 709/595/542 692/577/528
f 493/328/325 711/914/820 106/306/303
f 711/914/820 103/307/304 106/306/303
f 106/306/303 473/597/544 492/599/546
f 473/597/544 719/607/554 712/598/545
f 712/598/545 495/601/548 492/599/546
f 427/268/265 429/273/270 717/280/277
f 443/604/551 428/269/266 718/605/552
f 1825/606/553 714/603/550 443/604/551
f 714/603/550 712/598/545 719/607/554
f 719/607/554 100/609/556 714/603/550
f 721/287/284 100/609/556 454/608/555
f 100/609/556 450/291/288 722/1152/1008
f 100/609/556 723/921/827 724/611/558
f 728/244/242 86/246/244 727/615/562
f 728/244/242 729/2187/564 397/245/243
f 732/622/567 734/623/568 733/629/574
f 734/623/568 382/626/571 733/629/574
f 738/628/573 737/627/572 739/1430/1228
f 733/629/574 738/628/573 740/2188/576
f 740/2188/576 742/2186/575 733/629/574
f 436/637/578 423/258/256 422/257/255 744/2189/1770
f 730/630/566 429/273/270 397/245/243
f 397/245/243 429/273/270 86/246/244
f 429/273/270 730/630/566 741/274/271
f 743/242/240 396/241/239 422/633/255
f 76/221/219 755/651/590 756/1480/1261 70/1481/1262
f 744/2189/1770 396/635/239 436/637/578
f 745/636/577 746/638/579 436/637/578
f 653/2171/1765 423/258/256 437/527/485
f 653/2171/1765 459/295/292 423/258/256
f 439/277/274 395/243/241 419/641/580
f 747/642/581 748/643/582 451/292/289
f 451/292/289 440/278/275 747/642/581
f 451/292/289 749/644/583 452/293/290
f 750/646/585 545/264/262 452/293/290
f 424/261/259 752/647/586 1352/1417/1216
f 424/261/259 1353/648/587 425/262/260
f 425/262/260 81/232/230 387/234/232
f 387/234/232 753/659/598 425/262/260
f 386/233/231 754/649/588 77/650/589
f 77/650/589 859/757/682 755/651/590
f 760/656/595 761/655/594 757/653/592 759/1486/1267
f 70/1481/1262 348/652/591 76/221/219
f 76/221/219 348/652/591 758/654/593
f 758/654/593 371/222/220 76/221/219
f 761/655/594 371/222/220 758/654/593
f 758/654/593 757/653/592 761/655/594
f 426/263/261 765/660/599 1394/2190/1771 547/371/365
f 762/657/596 763/658/597 761/655/594
f 550/373/367 549/372/366 767/1492/1273 768/2191/1274
f 547/371/365 1394/2190/1771 766/1490/1271
f 766/1490/1271 548/2150/1759 547/371/365
f 548/2150/1759 546/370/364 547/371/365
f 548/2150/1759 766/1490/1271 767/1492/1273
f 548/2150/1759 767/1492/1273 549/372/366
f 556/381/372 502/383/331 776/322/319 777/2192/1772
f 550/662/367 769/1494/1275 770/663/601
f 770/663/601 771/665/603 552/326/323
f 771/665/603 486/327/324 552/326/323
f 486/327/324 475/667/605 1400/1500/1279
f 772/374/368 773/1497/1278 489/325/322
f 773/1497/1278 553/377/370 489/325/322
f 553/378/370 554/363/360 542/362/359
f 774/668/606 775/669/607 555/380/371
f 775/669/607 776/2089/319 502/334/331
f 407/247/245 787/411/393 786/1566/613 1448/1565/1328
f 561/670/608 778/1550/1320 562/393/380
f 778/1550/1320 779/1549/1319 562/393/380
f 562/2193/380 780/2194/1773 781/2195/381
f 1443/2196/1322 563/396/383 781/2154/381
f 563/396/383 782/1555/609 564/397/384
f 113/2197/327 783/2198/610 1445/1559/1325
f 366/1571/1333 78/687/624 373/689/626 794/1572/1334
f 788/678/616 91/677/615 407/247/245
f 418/676/614 788/678/616 789/1699/617
f 789/1699/617 797/692/619 418/676/614
f 797/681/619 381/680/618 790/683/621
f 790/683/621 378/682/620 363/212/210
f 790/683/621 363/212/210 69/684/622
f 792/686/223 793/690/222 790/683/621
f 372/226/224 792/225/223 791/2199/623
f 794/1572/1334 373/689/626 372/226/224
f 408/215/213 358/205/203 798/693/627 73/213/211
f 78/687/624 795/1575/1337 796/688/625
f 790/683/621 796/691/625 797/681/619
f 1455/206/204 91/677/615 418/676/614
f 67/185/183 73/213/211 319/694/628 318/184/182
f 48/139/137 803/698/632 287/697/631 802/696/630
f 319/694/628 798/693/627 800/2136/1751
f 800/2136/1751 801/695/629 318/184/182
f 801/695/629 48/139/137 802/696/630
f 236/723/651 806/2092/637 804/2200/635 40/2131/634
f 286/152/150 53/154/152 287/697/631
f 40/700/634 805/153/151 286/152/150
f 311/715/645 310/713/643 812/2201/1774 814/2096/1734
f 807/705/636 805/153/151 804/701/635
f 804/702/635 272/143/141 273/145/143
f 298/709/641 807/703/636 273/145/143
f 298/709/641 808/711/639 807/703/636
f 808/707/639 809/175/173 807/705/636
f 56/710/642 813/716/646 810/712/640
f 298/709/641 274/144/142 56/710/642
f 274/144/142 811/714/644 56/710/642
f 811/714/644 812/2201/1774 310/713/643
f 1/3/3 125/731/657 835/733/659 122/1/1
f 814/2096/1734 818/717/647 311/715/645
f 816/2202/649 324/173/171 810/708/640
f 815/2203/648 817/193/191 816/2204/649
f 818/717/647 819/720/650 285/722/192
f 236/723/651 230/111/109 821/2091/1730
f 824/65/65 825/2205/1727 826/66/66
f 826/66/66 825/2205/1727 827/893/800
f 1468/2122/1725 980/2206/799 827/2207/800
f 1468/2122/1725 1469/1595/1353 23/728/55
f 23/728/55 1469/1595/1353 161/1597/1355
f 161/1597/1355 154/47/47 23/728/55
f 828/729/655 829/53/53 23/55/55
f 154/2208/47 153/2046/46 828/729/655
f 832/10/10 833/1602/1358 4/8/8
f 125/2117/657 834/1604/1360 136/2209/658
f 869/2210/1775 868/765/690 49/767/692 876/2211/710
f 839/2212/663 840/1651/1392 838/39/39
f 838/39/39 840/1651/1392 147/34/34
f 168/742/667 844/1655/1393 206/743/668
f 844/1655/1393 845/1654/669 846/2213/671
f 846/746/671 866/764/689 844/2214/1393
f 847/745/670 849/763/688 846/746/671
f 847/745/670 848/115/113 849/763/688
f 848/115/113 865/748/673 851/762/687
f 852/749/674 853/2215/1776 865/748/673
f 853/2215/1776 852/749/674 41/114/112
f 853/2215/1776 1486/750/675 854/752/677
f 856/2216/679 857/755/680 863/2217/1255
f 856/2216/679 858/1617/676 857/755/680
f 327/178/176 859/757/682 77/650/589
f 754/649/588 860/758/683 327/178/176
f 860/758/683 861/759/684 326/176/174
f 862/760/685 890/177/175 326/176/174
f 890/177/175 857/755/680 327/178/176
f 857/755/680 890/177/175 863/2217/1255
f 856/754/679 863/1472/1255 299/772/697
f 854/752/677 855/753/678 853/2215/1776
f 853/2215/1776 855/753/678 864/2218/1777
f 864/2218/1777 865/748/673 853/2215/1776
f 851/762/687 849/763/688 848/115/113
f 844/2214/1393 866/764/689 206/1476/668
f 206/1476/668 203/1478/701 33/2219/78
f 868/765/690 869/2210/1775 203/1478/701
f 203/1478/701 867/1475/1258 868/765/690
f 867/1475/1258 870/1473/1256 868/765/690
f 868/765/690 870/1473/1256 871/766/691
f 871/766/691 872/761/686 278/768/693
f 278/768/693 872/761/686 874/769/694
f 874/769/694 299/772/697 1384/773/698
f 873/770/695 875/788/712 278/768/693
f 875/788/712 876/2211/710 49/767/692
f 878/784/708 202/1477/1259 204/2128/700 887/783/707
f 869/2210/1775 877/2220/699 203/1478/701
f 29/79/79 33/78/78 202/1477/1259 879/777/702
f 919/1469/1254 916/825/740 917/823/739 918/817/734
f 880/740/665 881/779/704 841/739/664
f 881/779/704 885/780/705 882/778/703
f 880/740/665 879/777/702 886/782/95
f 878/784/708 886/782/95 879/777/702
f 887/2221/707 204/775/700 888/799/719
f 269/785/709 888/799/719 877/774/699
f 876/786/710 889/2222/1778 270/787/711
f 889/2223/1778 875/788/712 271/789/713
f 875/788/712 889/2223/1778 876/2211/710
f 873/770/695 890/1471/175 271/789/713
f 270/787/711 891/790/714 892/832/746
f 892/832/746 269/785/709 270/787/711
f 893/792/715 895/2224/730 894/793/716
f 888/798/719 894/797/716 896/800/720
f 884/781/706 883/805/723 882/778/703
f 883/805/723 899/43/43 882/778/703
f 899/43/43 152/37/37 882/778/703
f 899/43/43 898/804/722 900/807/725
f 883/805/723 901/2225/726 898/804/722
f 901/2225/726 883/805/723 884/781/706
f 902/810/727 904/818/735 903/811/728
f 902/810/727 196/94/94 906/802/721
f 906/802/721 905/816/733 902/810/727
f 267/142/140 896/800/720 908/140/138
f 908/140/138 894/797/716 895/813/730
f 909/826/741 910/814/731 895/813/730
f 267/142/140 266/141/139 896/800/720
f 266/141/139 907/812/729 896/800/720
f 907/812/729 911/815/732 905/816/733
f 905/816/733 906/802/721 907/812/729
f 904/818/735 902/810/727 905/816/733
f 901/808/726 175/819/736 898/2226/722
f 175/2227/736 912/806/724 898/804/722
f 264/136/134 916/825/740 919/1469/1254 920/137/135
f 911/815/732 910/814/731 920/137/135 919/1469/1254
f 929/835/749 276/146/144 893/792/715 928/2228/1779
f 921/827/742 265/138/136 909/826/741
f 921/2229/742 276/839/144 265/2230/136
f 921/828/742 895/2224/730 893/792/715
f 936/843/754 913/821/738 914/2231/1780 935/2232/1252
f 928/2228/1779 893/792/715 263/794/717
f 263/794/717 922/1409/1208 928/2228/1779
f 922/1409/1208 263/794/717 892/832/746
f 923/830/744 290/829/743 924/833/747
f 288/2130/1748 291/831/745 862/760/685
f 862/760/685 861/759/684 288/2130/1748
f 891/790/714 291/831/745 923/830/744
f 861/759/684 925/1415/1214 288/2130/1748
f 925/1415/1214 926/1411/1210 289/834/748
f 925/1415/1214 289/834/748 288/2130/1748
f 926/1411/1210 927/1410/1209 924/833/747
f 926/1411/1210 924/833/747 289/834/748
f 924/833/747 922/1409/1208 923/830/744
f 275/837/146 931/1401/1201 932/838/751
f 264/136/134 933/840/752 916/825/740
f 916/825/740 934/842/753 914/2233/1780
f 914/2233/1780 913/824/738 916/825/740
f 157/2120/1744 19/871/781 156/845/756 938/846/757
f 936/843/754 156/845/756 19/871/781
f 936/843/754 19/871/781 900/807/725
f 943/847/758 944/849/760 945/41/41 946/2118/1743
f 157/2120/1744 939/870/780 20/869/779
f 941/961/855 942/867/777 940/868/778
f 942/867/777 941/961/855 11/967/860
f 946/2118/1743 945/41/41 141/851/762 127/12/12
f 956/866/776 128/862/772 135/26/26 10/25/25
f 948/850/761 953/995/766 127/12/12
f 947/856/764 953/855/766 948/2234/761
f 949/854/765 947/856/764 950/858/768
f 951/857/767 952/859/769 949/854/765
f 949/854/765 1045/860/770 953/855/766
f 134/865/775 954/861/771 968/877/785
f 134/865/775 955/864/774 135/26/26
f 135/26/26 955/864/774 145/27/27
f 960/2235/4 972/884/791 961/881/788 124/880/787
f 128/862/772 956/866/776 129/13/13
f 946/2118/1743 5/11/11 942/867/777
f 942/867/777 943/847/758 946/2118/1743
f 151/44/44 20/869/779 940/868/778
f 20/869/779 151/44/44 900/807/725
f 151/44/44 899/43/43 900/807/725
f 151/44/44 10/25/25 17/28/28
f 145/27/27 955/864/774 957/863/773
f 2/7/7 124/880/787 962/18/18
f 2/7/7 962/18/18 963/5/5
f 964/875/783 963/5/5 967/886/793
f 965/873/782 964/875/783 967/886/793
f 130/2236/14 965/873/782 133/887/794
f 133/887/794 973/2237/792 130/2236/14
f 130/14/14 970/878/786 131/15/15
f 131/15/15 969/876/784 968/877/785
f 969/876/784 957/863/773 134/865/775
f 970/878/786 123/2238/2 959/38/38
f 960/2235/4 971/882/789 972/884/791
f 96/905/283 456/266/263 991/903/810 992/2239/991
f 973/2237/792 133/887/794 971/882/789
f 971/882/789 960/2235/4 973/2237/792
f 973/2240/792 970/878/786 130/14/14
f 967/886/793 126/17/17 133/887/794
f 126/17/17 3/883/790 133/887/794
f 3/883/790 971/882/789 133/887/794
f 969/876/784 131/15/15 970/878/786
f 131/998/15 1049/1001/883 966/874/16
f 965/873/782 130/2236/14 966/874/16
f 964/875/783 966/874/16 975/889/796
f 976/890/797 977/1003/885 831/6/6
f 830/9/9 978/891/798 829/53/53
f 829/53/53 828/729/655 830/9/9
f 980/2206/799 1468/2122/1725 979/2121/54
f 1055/2241/887 171/67/67 826/66/66
f 981/1012/891 982/894/801 171/67/67
f 230/111/109 982/894/801 229/112/110
f 982/894/801 983/895/802 229/112/110
f 229/112/110 985/1110/973 228/113/111
f 985/1110/973 1303/897/804 228/113/111
f 1303/897/804 1142/2242/1159 45/131/129
f 45/131/129 1142/2242/1159 260/2133/976
f 1143/1115/978 284/898/805 260/1113/976
f 284/898/805 334/181/179 66/183/181
f 334/181/179 284/898/805 297/1116/979
f 986/900/807 987/182/180 334/181/179
f 1153/1125/988 383/230/228 987/182/180
f 383/230/228 1153/1125/988 988/901/808
f 989/902/809 990/2243/990 384/231/229
f 384/265/229 990/2244/990 991/903/810
f 707/1300/1127 706/909/815 510/339/336 998/1301/1128
f 457/497/461 101/267/264 456/266/263
f 635/495/459 457/497/461 994/2245/1134
f 635/495/459 995/500/464 490/496/460
f 635/2246/459 996/1295/1124 995/2247/464
f 995/2247/464 996/1295/1124 636/1294/812
f 636/906/812 637/498/462 995/500/464
f 1012/934/838 35/102/101 249/126/124 1011/932/836
f 706/909/815 519/345/342 520/340/337
f 709/595/542 999/911/817 710/596/543
f 449/288/285 455/920/826 1002/918/824
f 460/308/305 720/610/557 473/597/544
f 473/597/544 720/610/557 719/607/554
f 460/308/305 455/920/826 720/610/557
f 722/1152/1008 723/921/827 100/609/556
f 724/611/558 1171/2248/1781 725/612/559
f 725/612/559 1171/2248/1781 726/614/561
f 281/928/832 1007/929/833 1008/930/834
f 1009/931/835 1015/954/849 1010/1399/1199
f 1010/1399/1199 280/149/147 1009/931/835
f 1010/1399/1199 1015/954/849 1011/932/836
f 1011/932/836 248/125/123 1010/1399/1199
f 1016/946/846 210/940/842 219/939/841 1013/2249/848
f 227/936/839 209/941/843 215/938/840
f 179/1468/1253 177/72/72 1020/959/853 938/846/757
f 219/939/841 1014/943/837 1013/2249/848
f 1014/933/837 1015/954/849 1013/953/848
f 209/941/843 197/945/845 198/947/76
f 198/947/76 215/938/840 209/941/843
f 1017/949/847 1026/968/861 197/950/845
f 1026/968/861 1018/75/75 198/76/76
f 1026/968/861 198/76/76 197/950/845
f 142/958/852 1020/959/853 177/72/72
f 176/71/71 1019/957/851 142/958/852
f 1103/2250/944 1040/984/872 1027/985/873 1039/2251/945
f 177/72/72 179/1468/1253 28/960/854
f 939/870/780 157/2120/1744 938/846/757
f 1020/959/853 941/961/855 940/868/778
f 142/958/852 11/967/860 941/961/855
f 11/967/860 943/847/758 942/867/777
f 11/967/860 1021/848/759 943/847/758
f 1022/962/856 1023/966/859 1024/964/858
f 1024/964/858 15/42/42 1022/962/856
f 32/103/99 39/955/850 1177/104/102
f 32/965/99 1017/949/847 39/956/850
f 1017/949/847 32/965/99 1024/964/858
f 1017/949/847 1024/964/858 1026/968/861
f 1026/968/861 1023/966/859 1018/75/75
f 1019/957/851 1023/966/859 1021/848/759
f 1025/963/857 1027/985/873 1024/964/858
f 1025/963/857 32/965/99 1028/970/862
f 1028/2252/862 200/98/98 1029/2253/867
f 200/98/98 36/1097/963 1029/2253/867
f 1032/971/863 1033/974/866 1030/972/864
f 1032/971/863 216/107/105 1033/974/866
f 1036/980/870 212/978/104 1035/977/869
f 1037/981/871 1038/1070/943 1028/983/862
f 1028/970/862 1039/2251/945 1027/985/873
f 1027/985/873 1025/963/857 1028/970/862
f 1328/1381/1183 1329/1383/1185 951/857/767 950/858/768
f 15/42/42 1024/964/858 1027/985/873
f 140/40/40 1040/984/872 1041/986/874
f 1042/987/875 9/989/763 1041/1059/874
f 1092/1379/876 1043/991/877 947/856/764
f 1076/1035/913 1072/1023/901 1074/1034/912 1075/1025/903
f 1047/888/795 129/13/13 1046/994/879
f 1047/888/795 968/877/785 129/13/13
f 974/997/880 1048/999/881 1049/1001/883
f 1049/1001/883 131/998/15 974/997/880
f 977/1003/885 976/890/797 1052/1029/907
f 1053/1002/884 1054/1004/886 978/891/798
f 979/54/54 1065/1032/910 980/2254/799
f 980/2254/799 1063/1015/893 826/2255/66
f 826/2255/66 1063/1015/893 1055/1005/887
f 1056/1006/888 981/1010/891 171/1007/67
f 1056/1006/888 1057/1008/889 981/1010/891
f 983/1013/802 1058/2256/890 1059/1014/892
f 1059/1039/892 1058/1009/890 1060/1040/917
f 1060/1040/917 1058/1009/890 1057/1008/889
f 1057/1008/889 1061/1037/915 1060/1040/917
f 1056/1006/888 1086/2257/1782 1057/1008/889
f 1062/1016/894 1063/1015/893 1064/2258/1783
f 1064/2258/1783 1063/1015/893 1065/1032/910
f 1065/1032/910 1066/1033/911 1064/2258/1783
f 1067/1017/895 1066/1033/911 1068/1018/896
f 1049/1001/883 1079/1000/882 1050/1028/906 975/889/796
f 952/859/769 1077/1027/905 1078/1026/904
f 1072/1023/901 1070/1022/900 1080/1021/899 1074/1034/912
f 1050/1028/906 1080/1021/899 1051/1030/908
f 1051/1030/908 976/890/797 1050/1028/906
f 1080/1021/899 1052/1029/907 1051/1030/908
f 1052/1029/907 1053/1002/884 977/1003/885
f 1063/1015/893 980/2254/799 1065/1032/910
f 1055/1005/887 1063/1015/893 1056/1006/888
f 1081/1031/909 1068/1018/896 1066/1033/911
f 1068/1018/896 1080/1021/899 1069/1019/897
f 1075/1025/903 1077/1027/905 1082/1384/1186 1076/1035/913
f 1080/1021/899 1050/1028/906 1074/1034/912
f 1074/1034/912 1079/1000/882 1048/999/881
f 1079/1000/882 1074/1034/912 1050/1028/906
f 1077/1027/905 952/859/769 1329/1383/1185
f 1333/1389/1191 1062/1016/894 1064/2258/1783 1085/2259/1784
f 1082/1384/1186 1073/1024/902 1076/1035/913
f 1071/1020/898 1073/1024/902 1083/2260/1785
f 1071/1020/898 1083/2260/1785 1084/1387/1189
f 1071/1020/898 1085/2259/1784 1067/1017/895
f 1085/2259/1784 1071/1020/898 184/1386/1188
f 1085/2259/1784 1066/1033/911 1067/1017/895
f 1085/2259/1784 1064/2258/1783 1066/1033/911
f 1038/1070/943 1102/1069/942 1039/1072/945 1028/983/862
f 1086/2257/1782 1087/1036/914 1057/1008/889
f 1086/2257/1782 1056/1006/888 1062/1016/894
f 1061/1037/915 1088/1391/1193 1060/1040/917
f 1090/1042/919 170/62/62 1089/2261/916
f 1089/2261/916 170/62/62 1059/1014/892
f 1090/1042/919 1093/1045/922 170/62/62
f 169/63/63 170/62/62 1093/1045/922
f 1093/1045/922 160/1041/918 1095/1047/924
f 1096/1049/926 1111/1050/927 1097/1052/929
f 1098/2262/928 1099/121/119 1097/1098/929
f 1100/1054/930 1032/971/863 1031/973/865
f 1100/1054/930 214/105/103 216/107/105
f 1034/1095/868 212/106/104 214/105/103
f 1035/977/869 1101/1058/934 1036/980/870
f 1036/980/870 1038/1070/943 1037/981/871
f 1100/1054/930 1098/1053/928 1111/1062/927 1113/1064/938
f 1039/1072/945 1102/1069/942 1120/1068/941
f 1104/1074/947 1040/984/872 1103/2250/944
f 1041/986/874 1040/984/872 1121/1073/946
f 1108/2263/1786 1106/1048/925 1107/1061/936
f 1108/2263/1786 1109/1076/949 1110/2264/1787
f 1111/1062/927 1110/2265/1787 1112/1063/937
f 1041/1059/874 1128/2266/956 1129/2267/958 1105/1060/935
f 1113/1064/938 1114/1055/931 1100/1054/930
f 1116/1056/932 1117/1057/933 1035/977/869
f 1117/1057/933 1116/1056/932 1126/1081/954
f 1117/1057/933 1118/1080/953 1101/1058/934
f 1101/1058/934 1118/1080/953 1127/2268/1788
f 1103/1071/944 1120/1068/941 1119/1084/955
f 1119/1084/955 1104/1083/947 1103/1071/944
f 1121/1073/946 1128/2269/956 1041/986/874
f 1131/2270/959 1107/1061/936 1105/1060/935 1129/2267/958
f 1130/2271/962 1109/2272/949 1122/1090/948 1132/1089/960
f 1131/2270/959 1122/1075/948 1107/1061/936
f 1109/1076/949 1108/2263/1786 1107/1061/936
f 1110/2265/1787 1123/1077/950 1112/1063/937
f 1123/1077/950 1124/1065/939 1113/1064/938
f 1116/1056/932 1115/2273/952 1126/1081/954
f 1127/2268/1788 1119/1084/955 1101/1058/934
f 1120/1068/941 1101/1058/934 1119/1084/955
f 1109/2274/949 1130/1093/962 1123/1077/950 1110/2265/1787
f 1118/1080/953 181/1091/961 180/1086/957 1127/2268/1788
f 1130/1093/962 1125/1078/951 1123/1077/950
f 1125/1092/951 1126/1081/954 1115/2273/952
f 1126/1081/954 1125/1092/951 181/1091/961
f 181/1091/961 1118/1080/953 1126/1081/954
f 1121/1082/946 1119/1084/955 1127/2268/1788 1128/1085/956
f 1031/1096/865 1133/117/115 1099/121/119 1098/2262/928
f 1132/1089/960 180/1086/957 181/1091/961
f 1132/1089/960 1131/1088/959 180/1086/957
f 1128/1085/956 1127/2268/1788 180/1086/957
f 1111/1050/927 1108/2263/1786 1110/2275/1787
f 1108/2263/1786 1111/1050/927 1096/1049/926
f 1096/1049/926 1106/1048/925 1108/2263/1786
f 1031/1096/865 1030/2276/864 36/1097/963
f 1146/1108/971 34/110/108 1139/1107/970 1145/1117/980
f 241/1183/118 1134/1099/964 1097/1052/929
f 1134/1099/964 217/108/106 1096/1049/926
f 44/130/128 1134/1099/964 1135/1100/965
f 1136/2277/1056 1137/1101/966 255/128/126
f 44/130/128 1139/1107/970 34/110/108 218/109/107
f 34/110/108 1140/1109/972 1094/1046/923
f 295/2278/1789 1138/1187/969 1196/1120/983 55/1353/1162
f 26/64/64 983/1013/802 170/62/62
f 983/895/802 1312/2279/1157 984/896/803
f 1141/1111/974 229/112/110 984/896/803
f 1313/2280/977 260/2133/976 1142/2242/1159
f 296/899/806 334/181/179 297/1116/979
f 1144/2281/1790 295/2282/1789 1145/1117/980
f 1147/2283/982 1308/1354/1163 1149/1356/1165
f 1149/2284/1165 1146/1108/971 1147/2285/982
f 1146/1108/971 1149/2284/1165 1140/1109/972
f 1144/2286/1790 1138/1187/969 295/2278/1789
f 392/238/236 1155/1135/992 404/1134/996 388/2114/1741
f 1196/1120/983 294/1122/985 55/1353/1162
f 1151/1123/986 986/900/807 294/1122/985
f 294/1122/985 986/900/807 296/899/806
f 986/900/807 1152/1124/987 987/182/180
f 1153/1125/988 391/1343/234 1154/2287/1791
f 1154/2287/1791 988/901/808 1153/1125/988
f 989/2288/809 988/2289/808 406/1126/989
f 989/2288/809 406/1126/989 990/1128/990
f 991/1127/810 405/1131/993 992/2290/991
f 1155/1135/992 992/2290/991 405/1131/993
f 391/236/234 389/235/233 82/1132/994 1154/2291/1791
f 388/2114/1741 404/1134/996 390/1133/995
f 390/1133/995 389/235/233 388/2114/1741
f 390/1133/995 405/1131/993 406/1126/989
f 406/1126/989 988/2289/808 82/1132/994
f 988/2289/808 1154/2291/1791 82/1132/994
f 450/291/288 1205/290/287 1168/1199/1049 723/921/827
f 95/272/269 96/286/283 1155/1130/992
f 393/1136/237 83/1342/235 1158/1137/997
f 83/1342/235 1152/1124/987 1157/1138/998
f 1152/1124/987 83/1342/235 1153/1125/988
f 1157/1138/998 1158/1137/997 83/1342/235
f 1156/270/267 1160/1142/1002 1159/1139/999
f 1159/1139/999 461/2292/1000 432/271/268
f 432/271/268 461/2292/1000 1272/2293/1142
f 461/1140/1000 1001/915/821 1272/1323/1142
f 1160/1142/1002 1156/270/267 1158/1137/997
f 1157/1138/998 1150/1121/984 1197/1144/1004
f 1151/1123/986 294/1122/985 1150/1121/984
f 1197/1144/1004 1161/1141/1001 1157/1138/998
f 1002/918/824 1165/916/822 449/288/285
f 1165/916/822 1166/1193/1043 449/288/285
f 1168/1199/1049 1169/922/828 723/921/827
f 724/611/558 1169/922/828 1207/1198/1048 1170/1288/1120
f 1173/1153/1009 1004/923/829 1172/1179/1035 60/2135/1750
f 1170/1288/1120 1171/2248/1781 724/611/558
f 1171/2294/1781 1172/1179/1035 1004/923/829
f 1004/923/829 726/2295/561 1171/2294/1781
f 1015/954/849 1009/931/835 1183/1157/1013 39/955/850
f 1173/1153/1009 1006/927/831 1005/924/830
f 1006/927/831 1173/1153/1009 316/1154/1010
f 1190/1156/1012 1175/1176/1032 1007/929/833
f 1175/1176/1032 1008/930/834 1007/929/833
f 232/1165/1021 199/97/97 1177/104/102 231/2115/1742
f 1183/1157/1013 211/1159/1015 39/955/850
f 211/1159/1015 243/1160/1016 1177/104/102
f 243/1160/1016 231/2115/1742 1177/104/102
f 1176/1158/1014 242/1162/1018 243/1160/1016
f 1178/1161/1017 1179/1163/1019 242/1162/1018
f 242/1162/1018 232/1165/1021 231/2115/1742
f 1182/1171/1027 1181/1172/1028 1180/1166/1022
f 1180/1166/1022 244/1164/1020 1182/1171/1027
f 1179/1163/1019 1182/1171/1027 244/1164/1020
f 1183/1157/1013 1178/1161/1017 1176/1158/1014
f 232/1165/1021 244/1164/1020 1187/1167/1023
f 255/128/126 1135/1100/965 1194/1184/1039 1136/2277/1056
f 1180/1166/1022 1186/1170/1026 268/1180/1036
f 1180/1166/1022 268/1180/1036 1187/1167/1023
f 268/1180/1036 239/118/116 1133/117/115
f 1133/117/115 36/1097/963 268/1180/1036
f 1189/1173/1029 329/1178/1034 1188/1174/1030
f 239/118/116 268/1180/1036 1189/1173/1029
f 1184/1169/1025 1190/1156/1012 1189/1173/1029
f 1184/1169/1025 1175/1176/1032 1190/1156/1012
f 1190/1156/1012 1174/1155/1011 1189/1173/1029
f 1189/1173/1029 1186/1170/1026 1184/1169/1025
f 330/1177/1033 1172/1179/1035 1170/1290/1120
f 1172/1179/1035 1171/2294/1781 1170/1290/1120
f 1172/1179/1035 315/1175/1031 60/2135/1750
f 316/1154/1010 1173/1153/1009 60/2135/1750
f 329/1178/1034 1191/1203/1051 1188/1174/1030
f 1192/1181/1037 1193/1207/1038 241/120/118
f 1193/1182/1038 1135/1100/965 1134/1099/964
f 1191/1203/1051 329/1178/1034 64/1202/1050 1220/1201/1047
f 1137/1101/966 1195/1186/967 256/129/127
f 1195/1103/967 1196/1120/983 257/1104/968
f 1196/1120/983 1197/1144/1004 1150/1121/984
f 1162/1143/1003 1197/1144/1004 1198/2296/1063
f 1163/1145/1005 1199/1189/1041 1200/1240/1078
f 1202/1151/1007 1203/1217/1059 1166/1193/1043
f 1167/1194/1044 449/288/285 1166/1193/1043
f 1166/1193/1043 1204/2297/1087 1167/1194/1044
f 97/289/286 1219/1195/1045 1205/290/287
f 1207/1198/1048 1169/922/828 1168/1199/1049
f 1209/1205/1053 240/119/117 1188/1174/1030 1208/1204/1052
f 1226/1243/1081 1164/1148/1006 1201/1191/1042 1217/2298/1792
f 1209/1205/1053 1223/1219/1061 1210/1206/1054
f 1194/1210/1039 1211/1221/1055 1212/1223/1062
f 1195/1103/967 1197/1144/1004 1196/1120/983
f 1195/1103/967 1198/2296/1063 1197/1144/1004
f 1198/1224/1063 1199/1189/1041 1162/2299/1003
f 1199/1189/1041 1215/1225/1064 1200/1240/1078
f 1200/1240/1078 1216/1216/1058 1163/1145/1005
f 1201/1191/1042 1216/1216/1058 1217/2298/1792
f 1227/1227/1066 1168/1199/1049 1205/290/287 1219/1195/1045
f 1164/1192/1006 1218/2300/1080 1203/1217/1059
f 1204/2297/1087 1166/1193/1043 1203/1217/1059
f 1236/1226/1065 1219/1195/1045 1167/1194/1044 1246/2301/1086
f 1168/1199/1049 1227/1227/1066 1206/1196/1046
f 1228/1228/1067 1220/1197/1047 1206/1196/1046
f 1191/1203/1051 1221/1218/1060 1208/1204/1052
f 1208/1204/1052 1221/1218/1060 1223/1219/1061
f 1212/1223/1062 1211/1221/1055 1224/1235/1073
f 1225/1258/1094 1215/1225/1064 1198/1224/1063
f 1217/2298/1792 1216/1216/1058 90/2141/1754
f 1218/1242/1080 1164/1148/1006 1226/1243/1081
f 1246/2301/1086 1167/1194/1044 1204/2297/1087
f 417/1244/1082 1226/1243/1081 1217/2298/1792 90/2141/1754
f 1259/1229/1068 1206/1196/1046 1227/1227/1066
f 1230/1232/1070 1220/1201/1047 1228/1230/1067
f 1220/1201/1047 1230/1232/1070 1221/1218/1060
f 1223/1220/1061 1221/2302/1060 1222/1252/1071
f 1211/1221/1055 1223/1220/1061 1231/1234/1072
f 1224/1235/1073 1232/1236/1074 1212/1223/1062
f 1212/1223/1062 1233/1237/1075 1137/1211/966
f 1233/1237/1075 309/164/162 1213/1215/1040
f 1225/1258/1094 1198/1224/1063 1214/1213/1057
f 1215/1225/1064 338/1238/1076 1200/1240/1078
f 1243/1239/1077 1234/1241/1079 1200/1240/1078
f 1203/1217/1059 1218/2300/1080 1235/2303/1083 1245/2304/1084
f 1244/2305/1793 416/1270/1103 90/2141/1754 1234/1241/1079
f 1245/2304/1084 1204/2297/1087 1203/1217/1059
f 1238/1253/1089 1231/1234/1072 1223/1220/1061
f 1224/1235/1073 1240/1255/1091 1232/1236/1074
f 1240/1255/1091 1241/1256/1092 1233/1237/1075
f 1241/1256/1092 307/165/163 309/164/162
f 307/165/163 1241/1256/1092 1251/1277/1109
f 1251/1277/1109 1242/1268/1101 307/165/163
f 1242/1268/1101 308/166/164 307/165/163
f 1225/1258/1094 339/1257/1093 338/1238/1076
f 338/1238/1076 1215/1225/1064 1225/1258/1094
f 1234/1241/1079 90/2141/1754 1216/1216/1058
f 1242/1268/1101 1251/1277/1109 1252/1267/1100 1253/1266/1099
f 416/1270/1103 1235/1245/1083 417/1244/1082
f 1259/1260/1068 1248/1280/1112 1247/1261/1095
f 1229/1250/1069 1247/1261/1095 1237/1251/1088
f 1237/1251/1088 1239/1254/1090 1238/1253/1089
f 1249/1263/1096 1240/1255/1091 1224/1235/1073
f 1250/1264/1097 1251/1277/1109 1241/1256/1092
f 1236/1259/1065 1264/2306/1794 1258/1273/1105 1227/1272/1066
f 1242/1268/1101 339/1257/1093 308/166/164
f 1253/1266/1099 338/1238/1076 339/1257/1093
f 1243/1239/1077 1253/1266/1099 1234/1241/1079
f 1234/1241/1079 1254/1265/1098 1244/2305/1793
f 93/1286/1118 1257/1247/1085 1245/1246/1084
f 1264/2306/1794 1236/1259/1065 1257/1247/1085
f 1264/2306/1794 1269/1285/1117 1265/1279/1111 1258/1273/1105
f 1259/1260/1068 1258/1273/1105 1248/1280/1112
f 1261/1275/1107 1237/1251/1088 1260/1274/1106
f 1251/1277/1109 1262/1276/1108 1263/1284/1116
f 1263/1284/1116 1252/1267/1100 1251/1277/1109
f 1254/1265/1098 1234/1241/1079 1253/1266/1099
f 1256/1271/1104 93/1286/1118 1245/1246/1084
f 1257/1247/1085 93/1286/1118 1264/2306/1794
f 1248/1280/1112 1260/1274/1106 1247/1261/1095
f 1266/1281/1113 352/196/194 344/1282/1114
f 1261/1275/1107 344/1282/1114 1262/1276/1108
f 1262/1276/1108 1249/1263/1096 1261/1275/1107
f 1263/1284/1116 1268/1278/1110 1252/1267/1100
f 1268/1278/1110 416/1270/1103 1244/2305/1793
f 1268/1278/1110 1271/1287/1119 1256/1271/1104
f 1271/1287/1119 1269/1285/1117 1256/1271/1104
f 1269/1285/1117 1264/2306/1794 93/1286/1118
f 1269/1285/1117 1270/197/195 1265/1279/1111
f 1267/1283/1115 353/198/196 1270/197/195 1271/1287/1119
f 1265/1279/1111 1270/197/195 1266/1281/1113
f 1275/1296/1125 1277/2307/1795 1278/2308/813 636/1294/812
f 353/198/196 344/1282/1114 352/196/194
f 1267/1283/1115 1268/1278/1110 1263/1284/1116
f 1268/1278/1110 1244/2305/1793 1254/1265/1098
f 1272/1323/1142 1001/915/821 1281/1302/1129
f 1272/2293/1142 433/1291/1121 432/271/268
f 446/1306/811 1273/1308/1131 993/2309/1123
f 994/2245/1134 457/497/461 993/1293/1123
f 635/2246/459 1274/1312/1133 996/1295/1124
f 1274/1312/1133 1275/1296/1125 996/1295/1124
f 1275/1296/1125 1276/1316/1137 1277/2307/1795
f 1289/1341/1138 112/1330/1148 1298/1336/1154 1299/2310/1139
f 510/339/336 1279/1297/1126 998/1301/1128
f 1000/913/819 710/596/543 1280/912/818
f 1000/913/819 493/328/325 710/596/543
f 1272/1323/1142 1281/1302/1129 1282/1321/1141
f 1272/2293/1142 1283/1292/1122 433/1291/1121
f 993/1309/1123 1285/1311/1132 1274/1312/1133
f 1274/1312/1133 635/2246/459 994/1313/1134
f 1274/1312/1133 1286/1314/1135 1275/1296/1125
f 1287/1315/1136 1288/1329/1147 1276/1316/1137
f 1276/1316/1137 112/1330/1148 1279/1340/1126
f 1276/1316/1137 1279/1340/1126 1278/2308/813
f 1278/2308/813 1277/2307/1795 1276/1316/1137
f 1280/912/818 1300/1331/1149 1290/1320/1140
f 1290/1320/1140 1000/913/819 1280/912/818
f 1282/1321/1141 1281/1302/1129 1291/2311/1156
f 1283/1303/1122 1282/2312/1141 1292/1324/1143
f 1284/1326/1130 446/1304/811 1283/1303/1122
f 1284/1326/1130 466/1333/1151 1273/1310/1131
f 1273/1310/1131 466/1333/1151 1285/1311/1132
f 1295/1328/1146 1288/1329/1147 1287/1315/1136
f 1288/1329/1147 1298/1336/1154 112/1330/1148
f 1293/1325/1144 1301/1332/1150 466/1333/1151 1284/1326/1130
f 1299/1319/1139 1280/912/818 999/911/817
f 1290/1320/1140 1300/1331/1149 1291/2311/1156
f 1291/2311/1156 1281/1302/1129 1290/1320/1140
f 1282/2312/1141 481/2313/1796 1292/1324/1143
f 1299/2310/1139 1298/1336/1154 1297/1335/1153 1300/1337/1149
f 1301/1332/1150 1296/1334/1152 1294/1327/1145
f 1297/1335/1153 1288/1329/1147 1295/1328/1146
f 1145/1117/980 1139/1107/970 1138/1106/969 1144/2281/1790
f 1291/1339/1156 481/2313/1796 1282/2312/1141
f 481/2313/1796 1291/1339/1156 1302/1338/1155
f 481/2313/1796 1302/1338/1155 1296/1334/1152
f 481/2313/1796 1296/1334/1152 1301/1332/1150
f 1301/1332/1150 1292/1324/1143 481/2313/1796
f 1145/1117/980 295/2282/1789 1306/2314/1169 1148/1118/981
f 26/64/64 1311/1345/1158 983/1013/802
f 295/2278/1789 55/1353/1162 1307/1378/1181
f 1308/1354/1163 1317/1367/1172 1318/1375/1178 1309/1355/1164
f 1306/2315/1169 295/2278/1789 1307/1378/1181
f 1147/2283/982 1148/1363/981 245/2316/1797
f 245/2316/1797 1308/1354/1163 1147/2283/982
f 1149/1356/1165 1309/1355/1164 1310/1370/1166
f 1310/1357/1166 169/63/63 1149/2284/1165
f 169/63/63 1140/1109/972 1149/2284/1165
f 1310/1357/1166 1311/1345/1158 26/64/64
f 985/1361/973 1321/1359/1167 1303/1346/804
f 1314/2317/1161 1143/1350/978 1305/1349/1160
f 1307/2318/1181 1315/1362/1168 1306/1364/1169
f 1315/1362/1168 245/2316/1797 1148/1363/981
f 1315/1362/1168 246/1366/1171 245/2316/1797
f 246/1366/1171 1316/1365/1170 1325/1374/1177
f 246/1366/1171 1308/1354/1163 245/2316/1797
f 1305/1349/1160 1304/1351/975 1323/2319/1798 279/1377/1180
f 1319/1368/1173 201/2320/1799 1311/1369/1158
f 1311/1369/1158 201/2320/1799 1312/2321/1157
f 1320/1371/1174 984/1358/803 1312/2321/1157
f 1322/1372/1175 1303/1346/804 1321/1359/1167
f 1322/1372/1175 1323/2319/1798 1313/1347/977
f 1313/1347/977 1323/2319/1798 1304/1351/975
f 201/2320/1799 1318/1375/1178 233/1373/1176 1320/1371/1174
f 1323/2319/1798 1325/1374/1177 279/1377/1180
f 1324/1376/1179 1325/1374/1177 1323/2319/1798
f 1323/2319/1798 1322/1372/1175 1324/1376/1179
f 233/1373/1176 1325/1374/1177 1324/1376/1179
f 1325/1374/1177 1317/1367/1172 246/1366/1171
f 1319/1368/1173 1309/1355/1164 1318/1375/1178
f 1318/1375/1178 201/2320/1799 1319/1368/1173
f 1331/1385/1187 1082/1384/1186 1329/1383/1185 1330/1382/1184
f 1320/1371/1174 1312/2321/1157 201/2320/1799
f 1314/2317/1161 279/1377/1180 1316/1365/1170
f 1314/2317/1161 1316/1365/1170 1307/2318/1181
f 1316/1365/1170 1315/1362/1168 1307/2318/1181
f 1314/2317/1161 1305/1349/1160 279/1377/1180
f 1030/2276/864 1029/2253/867 36/1097/963
f 22/1044/921 1095/1047/924 160/1041/918
f 1326/1380/1182 1044/992/878 1043/991/877
f 1044/992/878 1326/1380/1182 1327/1395/1195
f 1327/1395/1195 1328/1381/1183 1044/992/878
f 1337/2322/1800 1087/1036/914 1086/2257/1782 1333/1389/1191
f 1331/1385/1187 1083/2260/1785 1073/1024/902
f 1084/1387/1189 1083/2260/1785 1332/1388/1190
f 1084/1387/1189 1332/1388/1190 184/1386/1188
f 184/1386/1188 1333/1389/1191 1085/2259/1784
f 1333/1389/1191 1086/2257/1782 1062/1016/894
f 1090/1393/919 1089/1038/916 1088/1391/1193 1335/1394/1194
f 1087/1036/914 1334/1390/1192 1061/1037/915
f 1328/1381/1183 1327/1395/1195 1336/1397/1197 1330/1382/1184
f 1091/1392/920 1326/1380/1182 1092/1379/876
f 1331/1385/1187 1332/1388/1190 1083/2260/1785
f 1332/1388/1190 1336/1397/1197 1337/2322/1800
f 1337/2322/1800 1333/1389/1191 1332/1388/1190
f 1337/2322/1800 1338/1398/1198 1334/1390/1192
f 1334/1390/1192 1087/1036/914 1337/2322/1800
f 1338/1398/1198 1339/1396/1196 1334/1390/1192
f 1338/1398/1198 1337/2322/1800 1336/1397/1197
f 1339/1396/1196 1335/1394/1194 1088/1391/1193
f 1345/1407/1206 1344/1420/1219 1342/1405/1204 277/147/145
f 1042/987/875 1105/1060/935 1092/990/876
f 227/936/839 35/935/101 38/944/844
f 35/935/101 1012/942/838 38/944/844
f 1340/1400/1200 1357/1422/1221 1010/1399/1199
f 320/1403/1203 1357/1422/1221 1340/1400/1200
f 1340/1400/1200 931/1401/1201 1341/1402/1202
f 931/1401/1201 275/837/146 1341/1402/1202
f 321/171/169 1341/2323/1202 930/836/750
f 1341/2323/1202 275/148/146 930/836/750
f 321/171/169 930/836/750 1342/1405/1204
f 731/620/565 1363/1428/1226 734/623/568 732/622/567
f 929/835/749 1347/1408/1207 1346/1406/1205
f 1347/1408/1207 929/835/749 928/2228/1779
f 927/1410/1209 1348/1412/1211 1349/1414/1213
f 1349/1414/1213 1347/1408/1207 927/1410/1209
f 925/1415/1214 1352/1417/1216 1351/1416/1215
f 1352/1417/1216 925/1415/1214 861/759/684
f 861/759/684 860/758/683 1352/1417/1216
f 754/649/588 81/232/230 1353/648/587
f 1351/1416/1215 1352/1417/1216 752/647/586
f 1346/1406/1205 369/218/216 1344/1420/1219
f 1344/1420/1219 368/217/215 1343/172/170
f 1343/172/170 1342/1405/1204 1344/1420/1219
f 1343/172/170 75/219/217 322/2137/1752
f 75/219/217 394/2138/1753 322/2137/1752
f 743/242/240 62/170/168 322/2137/1752
f 62/1467/168 1366/1434/1220 1356/1436/1230
f 1356/1436/1230 1357/1422/1221 62/1467/168
f 1359/150/148 1358/1423/1222 1360/1424/1223
f 51/151/149 1361/1442/1224 281/928/832
f 51/151/149 1360/1424/1223 1361/1442/1224
f 59/616/563 1361/1442/1224 729/617/564
f 397/619/243 1363/1428/1226 731/620/565
f 737/627/572 736/625/570 355/199/197 354/201/199
f 1363/1428/1226 735/624/569 734/623/568
f 736/625/570 735/624/569 1364/1445/1237
f 1368/2324/1232 312/1454/1243 58/1449/1239 1369/2325/1233
f 354/201/199 1365/1429/1227 737/627/572
f 740/1432/576 743/242/240 421/634/257
f 743/242/240 739/1431/1228 1366/1421/1220
f 1356/1436/1230 1375/1435/1229 1367/1437/1231
f 1360/2326/1223 1370/1451/1234 1371/1443/1235
f 1362/1426/1225 350/1444/1236 729/1427/564
f 729/1427/564 350/1444/1236 1363/1428/1226
f 1363/1428/1226 350/1444/1236 735/624/569
f 350/1444/1236 1372/1453/1242 735/624/569
f 735/624/569 1372/1453/1242 1364/1445/1237
f 1364/1445/1237 1372/1453/1242 1373/1446/1238
f 1374/200/198 1373/1446/1238 312/1454/1243
f 1374/200/198 1375/1455/1229 354/201/199
f 354/201/199 1375/1455/1229 1365/1429/1227
f 1365/1448/1227 1366/1421/1220 739/1431/1228
f 1369/2325/1233 58/1449/1239 1370/1451/1234
f 1370/1451/1234 1376/1450/1240 1371/1443/1235
f 1376/1450/1240 1373/1446/1238 1372/1453/1242
f 1373/1446/1238 58/1449/1239 312/1454/1243
f 312/1454/1243 1367/2327/1231 1375/1455/1229
f 312/1454/1243 1368/2324/1232 1367/2327/1231
f 1412/1513/1288 1395/1491/1272 1394/2190/1771 1393/1489/1270
f 736/625/570 1364/1445/1237 355/199/197
f 1355/1419/1218 1379/1457/1245 1378/1456/1244
f 1379/1457/1245 1354/1418/1217 752/647/586
f 752/647/586 751/645/584 1379/1457/1245
f 752/647/586 1354/1418/1217 1350/1413/1212
f 752/647/586 1350/1413/1212 1351/1416/1215
f 750/646/585 1379/1457/1245 751/645/584
f 750/646/585 452/293/290 749/644/583
f 1378/1456/1244 1379/1457/1245 749/644/583
f 1380/1458/1246 370/220/218 1378/1456/1244
f 1380/1458/1246 748/643/582 385/1459/1247
f 1352/1417/1216 1353/648/587 424/261/259
f 927/1410/1209 922/1409/1208 924/833/747
f 1347/1408/1207 928/2228/1779 922/1409/1208
f 251/1462/1250 1382/1463/1251 250/1461/1249
f 250/1461/1249 932/838/751 931/1401/1201
f 932/838/751 1382/1463/1251 933/2328/752
f 933/2328/752 276/839/144 932/838/751
f 933/2328/752 1382/1463/1251 934/1465/753
f 935/2232/1252 914/2231/1780 934/2329/753
f 935/2232/1252 1383/82/82 156/845/756
f 156/845/756 936/843/754 935/2232/1252
f 251/1462/1250 208/101/80 1383/1466/82
f 249/126/124 35/102/101 208/101/80
f 968/877/785 954/861/771 129/13/13
f 918/817/734 917/823/739 915/822/737
f 915/822/737 904/818/735 918/817/734
f 175/819/736 903/811/728 904/818/735
f 1384/773/698 299/772/697 863/1472/1255
f 299/772/697 300/771/696 856/754/679
f 300/771/696 864/2218/1777 855/753/678
f 864/2218/1777 300/771/696 874/769/694
f 864/2218/1777 872/761/686 865/748/673
f 870/1473/1256 851/762/687 872/761/686
f 1385/1474/1257 867/1475/1258 866/764/689
f 867/1475/1258 1385/1474/1257 870/1473/1256
f 872/761/686 871/766/691 870/1473/1256
f 864/2218/1777 874/769/694 872/761/686
f 271/791/713 270/787/711 889/2222/1778
f 876/2211/710 877/2220/699 869/2210/1775
f 327/178/176 77/650/589 754/649/588
f 756/1480/1261 755/651/590 859/757/682
f 349/1482/1263 1386/1479/1260 305/161/159
f 349/1482/1263 1388/1484/1265 70/1481/1262
f 1388/1484/1265 1389/1485/1266 348/652/591
f 757/653/592 1390/1667/1401 759/1486/1267
f 1391/1487/1268 762/657/596 760/656/595
f 1392/1488/1269 1393/1489/1270 763/658/597
f 767/1492/1273 1395/1491/1272 768/2191/1274
f 1395/1511/1272 1410/1507/1284 768/1493/1274
f 768/1493/1274 1410/1507/1284 769/1494/1275
f 1400/1500/1279 1397/1495/1276 486/327/324
f 1397/1495/1276 772/374/368 486/327/324
f 1398/1498/1277 774/668/606 773/2330/1278
f 776/322/319 1399/1505/1281 109/320/317
f 1399/2090/1281 775/669/607 1397/1499/1276
f 1397/1495/1276 1400/1500/1279 1399/1502/1281
f 1401/2331/1282 1404/1501/1280 1402/2332/1283
f 1402/2332/1283 1406/2333/1801 1405/2334/1729
f 1406/2333/1801 1402/2332/1283 1409/1509/1286
f 1406/2333/1801 1407/1510/1287 1412/2335/1288
f 1407/1510/1287 1406/2333/1801 1408/1508/1285
f 1408/1508/1285 1410/1507/1284 1407/1510/1287
f 1404/1501/1280 1400/1500/1279 475/667/605
f 1404/1501/1280 1409/1509/1286 1402/2332/1283
f 1409/1509/1286 1408/1508/1285 1406/2333/1801
f 1409/1509/1286 1404/1501/1280 475/667/605
f 1412/2335/1288 1405/2334/1729 1406/2333/1801
f 1405/2088/1729 1411/1516/1289 1402/2336/1283
f 1403/323/320 1402/1506/1283 1411/1515/1289
f 1411/1516/1289 1412/1513/1288 1413/1519/1291
f 1413/1519/1291 447/1517/1290 1411/1516/1289
f 766/1490/1271 1394/2190/1771 1395/1491/1272
f 1432/1537/1309 360/208/206 1417/2337/1292 1418/1538/1294
f 1413/1519/1291 410/2338/1316 447/1517/1290
f 410/2338/1316 1413/1519/1291 1392/1488/1269
f 88/253/251 1414/1664/1398 1415/251/249
f 1417/1520/1292 1431/1542/1313 1416/1541/1312
f 1416/1541/1312 313/1521/1293 1417/1520/1292
f 1418/1538/1294 1419/2044/1406 1420/1539/1310
f 1421/1523/1295 1422/1525/1297 1420/1539/1310
f 1425/1526/1298 1423/1524/1296 1424/1527/1299
f 1427/1530/1302 71/1529/1301 1526/1532/1304
f 1430/1534/1306 360/208/206 361/207/205
f 360/208/206 1531/1535/1307 1431/2339/1313
f 1431/2339/1313 1417/2337/1292 360/208/206
f 372/226/224 791/2199/623 1452/2340/1802 1453/2086/1728
f 1432/1537/1309 74/209/207 360/208/206
f 1432/1537/1309 1420/1539/1310 1422/1525/1297
f 1422/1525/1297 1423/1524/1296 1425/1526/1298
f 1428/1531/1303 1427/1530/1302 74/209/207
f 1433/1540/1311 1415/251/249 1416/1541/1312
f 1436/1687/1419 1437/1543/1314 1435/1545/1315
f 410/2338/1316 88/253/251 1435/2139/1315
f 1437/1543/1314 109/320/317 448/324/321
f 1437/1543/1314 448/324/321 447/1544/1290
f 109/320/317 1437/1543/1314 1438/321/318
f 1438/321/318 1439/1689/1421 777/2192/1772
f 777/2192/1772 776/322/319 1438/321/318
f 1439/1689/1421 556/381/372 777/2192/1772
f 1439/1689/1421 1440/1547/1317 556/381/372
f 561/670/608 1441/305/302 778/1550/1320
f 780/2194/1773 562/2193/380 779/2341/1319
f 1444/1554/1323 563/396/383 1443/2196/1322
f 1543/1557/1324 783/2198/610 782/1558/609
f 783/2198/610 1543/1557/1324 1445/1559/1325
f 1445/1559/1325 784/1561/611 113/2197/327
f 788/678/616 1548/1697/1429 789/1699/617
f 378/682/620 72/210/208 363/212/210
f 52/1568/1330 791/685/623 347/1569/1331
f 791/2199/623 1451/2087/1332 1452/2340/1802
f 794/1572/1334 372/226/224 1453/2086/1728 1454/1573/1335
f 356/1584/200 359/1578/202 365/1580/1339 1457/1582/1341
f 376/1574/1336 1456/1579/1338 795/1575/1337
f 795/1576/1337 797/692/619 796/2342/625
f 1456/1577/1338 359/204/202 1455/206/204
f 1456/1577/1338 1455/206/204 797/692/619
f 301/159/157 283/1587/1345 46/135/133 1459/1585/1343
f 1457/1582/1341 365/1580/1339 366/1571/1333
f 1458/2083/1342 57/160/158 356/202/200
f 798/693/627 57/160/158 799/1586/1344
f 799/1586/1344 800/2136/1751 798/693/627
f 799/1586/1344 1459/1585/1343 801/695/629
f 801/695/629 800/2136/1751 799/1586/1344
f 1464/2343/1352 823/725/653 237/2082/1707 1802/2344/1706
f 1461/1589/1347 261/133/131 46/135/133
f 261/133/131 1617/2345/1503 194/1590/1348
f 194/1590/1348 1798/2047/1702 262/134/132
f 1620/49/49 1472/1798/1506 1473/1800/1508 155/45/45
f 1464/2343/1352 1465/2346/1351 824/65/65
f 1465/1593/1351 1467/2079/1726 825/2081/1727
f 825/2081/1727 1467/2079/1726 1468/2078/1725
f 161/1597/1355 1809/1596/1354 1470/1598/1356
f 193/91/91 154/47/47 161/1597/1355
f 1501/1631/1381 1509/70/70 173/69/69 1502/2347/1803
f 1623/1599/1357 1475/2348/1551 833/1600/1358
f 834/1604/1360 125/2117/657 4/8/8
f 835/2349/659 136/1806/658 1477/2350/1361
f 1478/734/660 8/21/21 836/29/29
f 836/29/29 6/20/20 1478/734/660
f 1479/1608/1364 144/32/32 143/30/30
f 1482/1611/1365 1484/1614/1369 1485/1612/1367
f 1487/1616/1370 1484/1614/1369 1488/2132/1749
f 1489/756/681 304/163/161 303/162/160
f 1485/1618/1367 41/114/112 1483/1658/1368
f 41/114/112 238/116/114 1483/1658/1368
f 1490/1619/1371 1480/1610/1366 1482/1609/1365
f 1480/1610/1366 1490/1619/1371 1511/1659/1394
f 167/1607/1363 1481/1606/1362 1480/1610/1366
f 167/1607/1363 845/1660/669 168/2351/667
f 167/1607/1363 168/2351/667 25/1623/1373
f 144/32/32 1494/1625/1375 1493/735/661
f 1495/1635/1376 1496/1627/1377 837/1653/662
f 1496/1627/1377 1495/1635/1376 1497/58/58
f 18/1628/1378 1497/58/58 1499/1629/1379
f 1500/1630/1380 1501/1631/1381 1502/2347/1803
f 1502/2347/1803 840/2352/1392 1500/1630/1380
f 1503/1632/1382 840/2352/1392 1502/2347/1803
f 1502/2347/1803 173/69/69 1503/1632/1382
f 843/77/77 29/79/79 1504/1646/1387
f 1504/1646/1387 1491/2353/1804 843/77/77
f 843/77/77 1491/2353/1804 168/742/667
f 1506/1621/1372 168/742/667 1491/2353/1804
f 1491/2354/1804 1505/1641/1388 1506/1643/1372
f 1492/1624/1374 25/1623/1373 1506/1633/1372
f 1494/1625/1375 144/32/32 1492/1624/1374
f 1492/1624/1374 1507/1634/1383 1494/1625/1375
f 163/57/57 1499/1629/1379 1497/58/58
f 1501/1631/1381 1499/1629/1379 1498/1637/1384
f 1498/1637/1384 1508/1638/1385 1501/1631/1381
f 182/1642/1389 1505/1641/1388 1510/1639/1386 1508/1638/1385
f 1504/1640/1387 174/2123/1391 1509/70/70
f 1504/1640/1387 1510/1639/1386 1491/2354/1804
f 1510/1639/1386 1505/1641/1388 1491/2354/1804
f 1506/1643/1372 183/1644/1390 1507/1645/1383
f 1507/1645/1383 183/1644/1390 162/56/56
f 183/1644/1390 182/1642/1389 163/57/57
f 163/57/57 182/1642/1389 1508/1638/1385 1498/1637/1384
f 18/1628/1378 1500/1630/1380 840/2352/1392 839/1652/663
f 1497/58/58 1494/1636/1375 162/56/56
f 172/1648/68 174/1647/1391 842/741/666
f 1388/1484/1265 1387/1483/1264 328/1665/1399 377/1666/1400
f 1511/1656/1394 850/747/672 847/745/670
f 41/114/112 1486/750/675 853/2215/1776
f 1490/1657/1371 850/747/672 1511/1656/1394
f 167/1607/1363 1480/1610/1366 1511/1659/1394
f 1487/1616/1370 1512/1661/1395 304/163/161
f 63/1663/1397 305/161/159 304/163/161
f 304/163/161 314/1662/1396 63/1663/1397
f 63/1663/1397 1416/1541/1312 1415/251/249
f 1415/251/249 1414/1664/1398 63/1663/1397
f 1387/1483/1264 63/1663/1397 328/1665/1399
f 1530/1682/1416 398/1684/1417 1528/1681/1415 1529/2040/1700
f 377/1666/1400 1390/1667/1401 1389/1485/1266
f 377/1666/1400 1515/1668/1402 1390/1667/1401
f 1391/1487/1268 759/1486/1267 1390/1667/1401
f 1390/1667/1401 1515/1668/1402 1514/1669/1403
f 1390/1667/1401 1514/1669/1403 1391/1487/1268
f 1391/1487/1268 1514/1669/1403 1392/1488/1269
f 1514/1669/1403 410/2338/1316 1392/1488/1269
f 1393/1489/1270 1394/2190/1771 765/660/599
f 1514/1669/1403 88/253/251 410/2338/1316
f 1414/1664/1398 377/1666/1400 328/1665/1399
f 314/1662/1396 313/1521/1293 1416/1541/1312
f 314/1662/1396 1512/1661/1395 1513/1815/1520
f 314/1662/1396 1513/1815/1520 1516/1817/1404
f 314/1662/1396 1516/1817/1404 313/1521/1293
f 1419/2043/1406 313/1521/1293 1516/1817/1404
f 1519/1819/1523 1520/2355/1805 1518/1673/1407
f 1520/2355/1805 1519/1819/1523 1521/2356/1806
f 1521/2357/1806 1522/1676/1410 1520/2358/1805
f 1522/1676/1410 1521/2357/1806 1635/1820/1524
f 1524/1675/1409 1523/1674/1408 1525/1677/1411
f 1524/1675/1409 412/1679/1413 1526/1532/1304
f 1441/305/302 1536/1704/1434 1537/1692/1424 778/1550/1320
f 1531/1535/1307 1433/1683/1311 1431/2339/1313
f 1434/2359/250 1530/2360/1416 1532/1686/1418
f 1532/1686/1418 1435/1545/1315 1434/2359/250
f 470/303/300 1640/1690/1422 471/304/301
f 1533/1691/1423 1534/1824/1528 413/1706/1436
f 472/1688/1420 1441/305/302 1440/1547/1317
f 1440/1547/1317 1439/1689/1421 472/1688/1420
f 1441/305/302 471/304/301 1535/1705/1435
f 1441/305/302 1535/1705/1435 1536/1704/1434
f 778/1550/1320 1537/1692/1424 1539/1694/1426 1442/1548/1318
f 1540/1711/1439 1541/2361/1807 779/2341/1319 1442/2362/1318
f 1552/1726/1451 780/2194/1773 779/2341/1319 1541/2361/1807
f 789/679/617 1549/2363/1430 1550/2364/1808 381/680/618
f 780/2194/1773 1552/1726/1451 1542/2365/1321
f 1542/2365/1321 781/2195/381 780/2194/1773
f 1544/1696/1428 1545/1715/1443 1445/1559/1325
f 1445/1559/1325 1546/1714/1442 1446/1560/1326
f 1446/1560/1326 1547/2366/1809 1447/1562/1327
f 1447/1562/1327 1547/2366/1809 1448/2367/1328
f 1448/2367/1328 1547/2366/1809 1556/1716/1444 1548/1718/1429
f 381/680/618 1550/2364/1808 380/229/227
f 379/227/225 1558/2368/1433 402/1771/1487
f 1558/1702/1433 400/1701/1432 402/2369/1487
f 401/1703/1431 1535/1705/1435 89/2370/1531
f 1538/1709/1425 1559/2371/1437 1551/1720/1447
f 1539/1708/1426 1540/1711/1439 1442/2362/1318
f 1541/2361/1807 1564/1723/1450 1552/1726/1451
f 1542/1552/1321 1552/2372/1451 1553/1712/1440
f 1553/1712/1440 465/299/296 474/1695/1427
f 1546/1714/1442 1445/1559/1325 1545/1715/1443
f 1546/1714/1442 1555/1768/1484 1547/2366/1809
f 1547/2366/1809 1446/1560/1326 1546/1714/1442
f 1555/1768/1484 1574/1734/1459 1547/2366/1809
f 1540/1711/1439 1563/1722/1449 1564/1723/1450 1541/2361/1807
f 1557/1719/1446 380/229/227 1550/2364/1808
f 1559/2373/1437 401/1700/1431 1558/1702/1433
f 1559/1707/1437 1537/1692/1424 401/1703/1431
f 1551/1720/1447 1559/2371/1437 1560/2374/1810
f 1559/2371/1437 1558/2375/1433 1579/1764/1482 1560/2374/1810
f 1565/298/295 1567/1728/1453 464/284/281
f 1567/1728/1453 1568/1729/1454 464/284/281
f 1569/1730/1455 1570/1731/1456 444/282/279
f 1573/1733/1458 1575/1766/1483 1574/1734/1459
f 1575/1766/1483 1573/1733/1458 1576/2376/1478
f 1575/1766/1483 1576/2376/1478 1577/2377/1811
f 1575/2378/1483 1590/1759/1479 1557/2379/1446
f 379/1765/225 1579/1764/1482 1558/2375/1433
f 1582/1747/1471 1583/1738/1463 1563/1722/1449 1562/1710/1438
f 1560/2374/1810 1579/1764/1482 1580/1745/1469
f 1551/1720/1447 1560/2374/1810 1581/1744/1468
f 1581/1744/1468 1561/1721/1448 1551/1720/1447
f 1561/1721/1448 1562/1710/1438 1538/1709/1425
f 1562/1710/1438 1561/1721/1448 1582/1747/1471
f 1564/1723/1450 1563/1722/1449 1583/1738/1463 1584/1737/1462
f 1590/1759/1479 1577/2380/1811 1576/1757/1478 1589/1756/1477
f 1584/1737/1462 430/1749/1472 1565/1739/295
f 1566/1748/1452 1565/1739/295 430/1749/1472
f 1567/1728/1453 1586/1741/1465 1568/1729/1454
f 1569/1730/1455 1587/1742/1466 1570/1731/1456
f 1587/1742/1466 1573/1733/1458 1572/1735/1460
f 1588/1743/1467 1576/2376/1478 1573/1733/1458
f 420/1762/1475 1592/1751/1474 1594/1750/1473 415/1761/1481
f 1590/1759/1479 1580/1745/1469 1579/1764/1482
f 1580/1745/1469 1581/1744/1468 1560/2374/1810
f 1582/1747/1471 431/1736/1461 1583/1738/1463
f 431/1736/1461 430/1749/1472 1584/1737/1462
f 1594/1750/1473 430/1749/1472 431/1736/1461
f 1566/1748/1452 1594/1750/1473 1592/1751/1474
f 1585/1740/1464 420/1754/1475 1567/1728/1453
f 1593/1755/1476 1588/1743/1467 1587/1742/1466
f 1589/1756/1477 1591/1746/1470 1580/1745/1469
f 1550/2381/1808 1549/2382/1430 1575/2378/1483 1557/2379/1446
f 1588/1758/1467 1593/1763/1476 415/1761/1481
f 415/1761/1481 1594/1750/1473 414/1760/1480
f 1594/1750/1473 1582/1747/1471 414/1760/1480
f 379/1765/225 1557/2379/1446 1590/1759/1479
f 1590/1759/1479 1575/2378/1483 1577/2380/1811
f 1587/1742/1466 1572/1735/1460 1570/1731/1456
f 1571/1732/1457 1572/1735/1460 1555/1768/1484 1546/1714/1442
f 1578/1717/1445 1549/1767/1430 1548/1718/1429
f 1556/1716/1444 1574/1734/1459 1578/1717/1445
f 1574/1734/1459 1556/1716/1444 1547/2366/1809
f 401/1700/1431 89/1827/1531 399/1829/1532 400/1701/1432
f 1571/1732/1457 1570/1731/1456 1572/1735/1460
f 105/283/280 1595/1769/1485 474/1695/1427
f 474/1695/1427 465/299/296 105/283/280
f 89/2370/1531 1535/1705/1435 413/1706/1436
f 402/2369/1487 400/1701/1432 1597/1774/1489 1598/1773/1486
f 1596/1830/1533 400/1701/1432 399/1829/1532
f 1605/2383/1494 1598/2384/1486 1602/1779/1492 1604/1838/1540
f 1598/1770/1486 1605/1781/1494 364/228/226
f 1597/1774/1489 1596/1830/1533 1600/1775/1490
f 1601/1776/1491 1600/1778/1490 362/1833/1536
f 364/228/226 1606/1780/1493 1607/211/209 72/210/208
f 1598/2384/1486 1599/1777/1488 1602/1779/1492
f 1450/1567/1329 347/1569/1331 1609/1782/1495 1610/123/121
f 1607/211/209 1608/2385/1812 363/212/210
f 1608/2385/1812 1449/1783/1496 363/212/210
f 136/1806/658 137/1805/1512 1626/2386/1813 1477/2350/1361
f 1450/1567/1329 1610/123/121 282/1785/1498
f 1460/1588/1346 1611/2387/1497 1612/1787/1499
f 1461/1788/1347 1614/1791/1501 1615/1792/1502
f 1461/1788/1347 1617/1793/1503 261/2388/131
f 1617/2345/1503 1615/2389/1502 1616/2390/1680
f 195/90/90 1617/1795/1503 1618/1796/1504
f 1619/93/93 1471/48/48 193/91/91
f 1471/48/48 1618/1796/1504 1620/49/49
f 1622/1801/1509 1621/1799/1507 1656/1846/1546
f 1622/1801/1509 1472/1798/1506 1621/1799/1507
f 1473/1800/1508 1622/1801/1509 1658/1849/1549
f 155/45/45 1623/1599/1357 1474/1601/656
f 1624/2391/1561 1475/2348/1551 1623/1599/1357
f 1476/2392/1359 833/1600/1358 1475/2348/1551
f 1476/1854/1359 1625/1802/1510 834/1804/1360
f 1625/1802/1510 137/1805/1512 7/1803/1511
f 139/24/24 138/23/23 165/61/61 164/60/60
f 1477/2350/1361 1626/2386/1813 1627/1867/1564
f 1477/2350/1361 1627/1867/1564 1628/2393/1515
f 8/21/21 1630/1808/1514 1631/22/22
f 1632/1810/1516 158/1811/51 138/23/23
f 1605/2383/1494 1604/1838/1540 346/191/189 1606/1891/1493
f 164/60/60 1479/1608/1364 143/30/30
f 1479/1608/1364 164/60/60 166/1812/1517
f 166/1812/1517 1481/1606/1362 1479/1608/1364
f 1481/1606/1362 166/1812/1517 252/1814/1519
f 252/2394/1519 1488/2132/1749 1484/1614/1369
f 1488/2132/1749 1512/1661/1395 1487/1616/1370
f 1484/1614/1369 1482/1611/1365 252/2394/1519
f 252/1814/1519 1482/1609/1365 1481/1606/1362
f 252/1814/1519 1675/1813/1518 1488/2395/1749
f 1488/2132/1749 1675/2396/1518 1709/1925/1610
f 253/2045/1701 1709/1925/1610 1676/1879/1573
f 1676/1879/1573 1513/1815/1520 253/2045/1701
f 1516/1670/1404 342/186/184 1517/1671/1405
f 1517/1671/1405 342/186/184 68/187/185
f 68/187/185 1518/1673/1407 1517/1671/1405
f 1636/2037/1698 1523/1674/1408 1635/1820/1524
f 1636/2037/1698 1525/1677/1411 1523/1674/1408
f 1636/2037/1698 1637/2036/1699 1525/1677/1411
f 1527/1680/1414 1638/1821/1525 1529/2040/1700
f 1529/2397/1700 1436/1687/1419 1532/1686/1418
f 1436/1687/1419 1529/2397/1700 1639/1822/1526
f 1639/1822/1526 472/1688/1420 1436/1687/1419
f 1640/1690/1422 1641/1823/1527 1533/1691/1423
f 1641/1823/1527 1636/2034/1698 1534/1824/1528
f 399/1829/1532 89/1827/1531 1642/1826/1530
f 1596/1830/1533 1597/1774/1489 400/1701/1432
f 1643/1834/1535 1644/1835/1537 362/1833/1536
f 1646/1836/1538 345/192/190 1603/1839/1541
f 1603/1839/1541 1602/1779/1492 1646/1836/1538
f 1604/1838/1540 1602/1779/1492 1603/1839/1541
f 1656/1846/1546 1621/1799/1507 189/1797/1505 31/2126/1746
f 1647/1890/1583 1607/1842/209 1606/1891/1493
f 1607/1842/209 1647/1890/1583 1648/1840/1542
f 1607/211/209 1649/2398/1543 1608/2385/1812
f 1608/2385/1812 1609/1782/1495 1449/1783/1496
f 1609/1782/1495 1651/1888/1580 1652/1843/1544
f 1652/1843/1544 221/2399/1747 42/124/122
f 221/2399/1747 191/2400/1745 42/124/122
f 221/2129/1747 205/1916/1603 191/2125/1745
f 42/2401/122 191/2125/1745 190/2124/1545
f 1611/2402/1497 1782/2022/1688 1612/1789/1499
f 1617/1795/1503 1616/2403/1680 1654/2012/1681
f 1654/2012/1681 1618/1796/1504 1617/1795/1503
f 1618/1796/1504 1619/93/93 195/90/90
f 1624/2391/1561 1623/1599/1357 1659/1850/1550 1660/1862/1560
f 1656/1846/1546 1657/1848/1548 1622/1801/1509
f 1625/1802/1510 149/1853/1553 148/1855/1554 137/1805/1512
f 1624/1864/1561 16/1852/1552 1475/1851/1551
f 159/2404/50 1674/1878/1572 165/61/61 158/1811/51
f 1661/1856/1555 1626/2386/1813 137/1805/1512
f 1626/2386/1813 1661/1856/1555 1627/1867/1564
f 1627/1867/1564 1629/2119/1513 1628/2393/1515
f 1630/2405/1514 1629/2119/1513 1662/1869/1566
f 1662/1869/1566 1631/2406/22 1630/2405/1514
f 1631/2406/22 1662/1869/1566 1663/1868/1565
f 1663/2407/1565 1632/1810/1516 1631/22/22
f 1665/1859/1557 21/52/52 158/51/51
f 1666/1860/1558 1665/1859/1557 1667/1861/1559
f 1667/1861/1559 1658/1849/1549 1666/1860/1558
f 1660/1863/1560 1667/1877/1559 1668/1872/1567
f 1660/1863/1560 1669/1874/1569 16/1852/1552
f 125/2117/657 1/2408/3 960/2235/4 124/880/787
f 148/1855/1554 1670/1865/1562 1661/1856/1555
f 1670/1865/1562 1671/1875/1570 13/1866/1563
f 13/1866/1563 1629/2119/1513 1627/1867/1564
f 1672/1876/1571 1668/1872/1567 1667/1877/1559
f 1660/1863/1560 150/1873/1568 1669/1874/1569
f 1669/1874/1569 1670/1865/1562 148/1855/1554
f 1670/1865/1562 150/1873/1568 1671/1875/1570
f 1671/1875/1570 1664/1870/1556 1663/1868/1565
f 1672/1876/1571 1671/1875/1570 150/1873/1568
f 21/52/52 185/83/83 1705/86/86
f 1683/1883/1577 220/1885/1579 1685/1887/1581 1693/1897/1588
f 1675/1813/1518 166/1812/1517 1708/1922/1608
f 1677/1816/1521 1633/2409/1522 1516/1817/1404
f 1633/1818/1522 54/155/153 342/186/184
f 1633/1818/1522 1678/1927/1612 293/156/154
f 1680/1880/1574 1679/1882/1576 292/157/155
f 1681/1881/1575 1694/1900/1591 1679/1882/1576
f 1683/1883/1577 1684/1898/1589 1681/1881/1575
f 1608/2385/1812 1649/2398/1543 1687/2410/1814 1686/2411/1587
f 1685/2412/1581 1651/1888/1580 1650/1889/1582
f 1650/1889/1582 1608/2385/1812 1686/2411/1587
f 1692/1901/1592 1693/1897/1588 1650/1896/1582 1691/1894/1586
f 1648/1840/1542 323/1892/1584 1649/1841/1543
f 1649/1841/1543 1697/1905/1596 1687/2413/1814
f 1689/2414/1815 1686/2415/1587 1687/2413/1814
f 1689/2416/1815 1690/1893/1585 1686/1895/1587
f 345/192/190 1646/1836/1538 1645/1837/1539 1699/1903/1594
f 1693/1897/1588 1685/1887/1581 1650/1896/1582
f 1684/1898/1589 306/167/165 1694/1900/1591
f 1694/1900/1591 1681/1881/1575 1684/1898/1589
f 54/155/153 337/1899/1590 336/188/186
f 61/169/167 292/157/155 1679/1882/1576
f 1692/1901/1592 317/168/166 306/167/165
f 1695/1902/1593 317/168/166 1692/1901/1592
f 1689/2414/1815 1700/1906/1597 1690/2417/1585
f 1689/2414/1815 1687/2413/1814 1697/1905/1596
f 1697/1905/1596 1698/1904/1595 1689/2414/1815
f 1697/1905/1596 1649/1841/1543 323/1892/1584
f 1699/1903/1594 1645/1837/1539 1698/1904/1595
f 1698/1904/1595 1702/1913/1601 1700/1906/1597
f 1700/1906/1597 1689/2414/1815 1698/1904/1595
f 1691/1908/1586 1690/2417/1585 1700/1906/1597
f 1696/1911/1599 1643/1832/1535 1701/1831/1534
f 1701/1831/1534 317/168/166 1695/1902/1593
f 1644/1835/1537 1696/1909/1599 333/1912/1600
f 333/1912/1600 1702/1913/1601 1645/1837/1539
f 221/2399/1747 1652/1843/1544 1651/1888/1580 37/2418/1602
f 345/192/190 1699/1903/1594 323/1892/1584
f 323/1892/1584 1688/190/188 345/192/190
f 1702/1913/1601 1698/1904/1595 1645/1837/1539
f 1702/1913/1601 333/1912/1600 65/1907/1598
f 1650/1889/1582 1609/1782/1495 1608/2385/1812
f 186/2419/85 220/1885/1579 1704/1917/1604 1705/2420/86
f 220/2421/1579 186/85/85 37/1915/1602
f 186/85/85 1673/84/84 1657/1848/1548
f 1708/2422/1608 1717/1941/1621 1718/1944/1623 1675/1943/1518
f 1705/86/86 159/50/50 21/52/52
f 1706/2423/1606 1707/1921/1607 1674/1878/1572
f 1709/1925/1610 1719/1946/1609 1720/1926/1611
f 1710/2424/1816 1633/2409/1522 1677/1816/1521
f 1710/2424/1816 1678/2425/1612 1633/2409/1522
f 293/156/154 1723/1928/1613 1711/1929/1614
f 1711/1929/1614 1712/1930/1615 1680/1880/1574
f 1681/1881/1575 1712/1930/1615 1682/1884/1578
f 1705/1934/86 1704/2426/1604 1713/1954/1616
f 1705/1934/86 1736/1933/1618 159/1936/50
f 1730/1935/1605 1715/1937/1619 1706/1939/1606
f 1707/1938/1607 1717/1941/1621 1708/2422/1608
f 1721/2427/1634 1710/2424/1816 1677/1816/1521 1720/1926/1611
f 1731/1942/1622 1732/1969/1638 1733/1972/1641 1726/1955/1627
f 1710/2424/1816 1721/2427/1634 1722/2428/1624
f 1722/1948/1624 1678/1927/1612 1710/2429/1816
f 1728/1950/1625 1729/1952/1626 1711/1951/1614
f 1712/1930/1615 1724/2430/1629 1713/1931/1616
f 1713/1954/1616 1725/2431/1817 1714/1932/1617
f 1715/1937/1619 1716/1940/1620 1707/1938/1607
f 1716/1940/1620 1737/1961/1631 1717/1941/1621
f 1726/1955/1627 1719/1958/1609 1731/1942/1622
f 1720/1957/1611 1727/1956/1628 1721/1964/1634
f 1725/2431/1817 1713/1954/1616 1724/1959/1629
f 1714/1932/1617 1747/2432/1818 1736/1933/1618
f 1737/1961/1631 1738/2433/1819 1718/1944/1623
f 1718/1944/1623 1738/2433/1819 1731/1942/1622
f 1724/1959/1629 1729/1952/1626 1744/1967/1636 1734/1974/1643
f 1722/1965/1624 1741/1963/1633 1742/1973/1642
f 1722/1965/1624 1742/1973/1642 1723/1949/1613
f 1735/1977/1646 1725/2431/1817 1724/1959/1629 1734/1974/1643
f 1725/2431/1817 1735/1977/1646 1746/2434/1820 1714/1932/1617
f 1765/2435/1821 1758/1976/1645 1757/1982/1651 254/1988/1657
f 1746/2434/1820 1747/2432/1818 1714/1932/1617
f 1730/1935/1605 1748/1960/1630 1715/1937/1619
f 1748/1960/1630 1749/1968/1637 1716/1940/1620
f 1737/1961/1631 1754/2436/1822 1738/2433/1819
f 1739/1970/1639 1731/1942/1622 1738/2433/1819
f 1735/1977/1646 1758/1976/1645 1746/2434/1820
f 1747/2432/1818 1753/1978/1647 1736/1933/1618
f 1736/1933/1618 1753/1978/1647 1730/1935/1605
f 1749/1968/1637 1754/2436/1822 1737/1961/1631
f 1754/2436/1822 1755/1991/1660 1738/2433/1819
f 1738/2433/1819 1755/1991/1660 1739/1970/1639
f 1732/1969/1638 1739/1970/1639 1750/1971/1640
f 1751/1979/1648 1740/1962/1632 1733/1972/1641
f 1741/1963/1633 1751/1979/1648 1752/1980/1649
f 1752/1980/1649 1742/1973/1642 1741/1963/1633
f 1756/1981/1650 1744/1967/1636 1743/1966/1635
f 1756/1981/1650 1745/1975/1644 1744/1967/1636
f 1745/1975/1644 1757/1982/1651 1758/1976/1645
f 1761/1993/1662 1750/1971/1640 1739/1970/1639
f 1751/1979/1648 1763/1985/1654 1752/1980/1649
f 1746/2434/1820 1753/1978/1647 1747/2432/1818
f 1760/1984/1653 1754/2436/1822 1749/1968/1637
f 1739/1970/1639 1755/1991/1660 1761/1993/1662
f 1762/1986/1655 1750/1971/1640 1761/1993/1662
f 1762/1986/1655 1751/1979/1648 1750/1971/1640
f 1764/1987/1656 1752/1980/1649 1763/1985/1654
f 1752/1980/1649 1764/1987/1656 1756/1981/1650
f 1756/1981/1650 1764/1987/1656 1757/1982/1651
f 1753/1978/1647 1746/2434/1820 1758/1976/1645 1766/1989/1658
f 1765/2435/1821 1766/1989/1658 1758/1976/1645
f 254/1988/1657 1764/1987/1656 1763/1985/1654 1769/1999/1668
f 1760/1984/1653 1755/1991/1660 1754/2436/1822
f 1755/1991/1660 1760/1984/1653 1772/1997/1666
f 1763/1985/1654 247/1994/1663 1769/1999/1668
f 1726/1955/1627 1733/1972/1641 1740/1962/1632 1727/1956/1628
f 1765/2435/1821 1773/1998/1667 1766/1989/1658
f 1770/1995/1664 1767/1990/1659 1759/1983/1652
f 1767/1990/1659 1771/1996/1665 1760/1984/1653
f 247/1994/1663 1776/2001/1670 1769/1999/1668
f 1773/1998/1667 1765/2435/1821 254/1988/1657
f 1766/1989/1658 1774/2000/1669 1770/1995/1664
f 1770/1995/1664 1774/2000/1669 1767/1990/1659
f 1774/2000/1669 1775/2003/1672 1767/1990/1659
f 1776/2001/1670 1773/1998/1667 1769/1999/1668
f 1773/1998/1667 1776/2001/1670 1777/2002/1671
f 1777/2002/1671 1775/2003/1672 1774/2000/1669
f 1771/1996/1665 1775/2003/1672 1777/2002/1671
f 1653/2437/120 1781/2020/1686 1782/2022/1688 1611/2402/1497
f 1673/84/84 1666/1860/1558 1657/1848/1548
f 148/1855/1554 149/1853/1553 16/1852/1552
f 1656/1846/1546 31/2126/1746 205/1916/1603
f 189/1797/1505 1618/1796/1504 1655/2004/1673
f 190/2124/1545 31/2126/1746 189/1797/1505
f 1779/2019/1675 190/2438/1545 1780/2017/1684
f 1779/2006/1675 1781/2439/1686 1653/122/120
f 189/2440/1505 1778/2015/1674 1780/2017/1684 190/2438/1545
f 1782/2022/1688 259/2023/1689 1612/1789/1499
f 1612/1789/1499 259/2023/1689 1783/2007/1676
f 1783/2007/1676 1613/1790/1500 1612/1789/1499
f 1614/1791/1501 1788/2008/1677 1784/2009/1678
f 1784/2009/1678 1615/1792/1502 1614/1791/1501
f 1784/2009/1678 1616/2011/1680 1615/1792/1502
f 1785/2441/1682 1655/2004/1673 1654/2012/1681
f 223/2018/1685 222/2027/1693 1792/2029/1695 1793/2028/1694
f 1781/2020/1686 1779/2019/1675 1793/2028/1694
f 1787/2030/1696 259/2023/1689 258/2021/1687
f 259/2023/1689 1787/2030/1696 1783/2007/1676
f 1788/2008/1677 1789/2031/1697 1784/2009/1678
f 1789/2031/1697 1790/2010/1679 1784/2009/1678
f 1789/2031/1697 1792/2029/1695 1791/2442/1823
f 1792/2029/1695 1789/2031/1697 1787/2030/1696
f 222/2027/1693 1796/2026/1692 1791/2442/1823 1792/2029/1695
f 1794/2025/1691 222/2027/1693 223/2018/1685
f 1795/2024/1690 1778/2015/1674 1785/2014/1682
f 1654/2443/1681 1796/2026/1692 1785/2014/1682
f 1616/2011/1680 1790/2010/1679 1796/2026/1692 1654/2443/1681
f 1791/2442/1823 1796/2026/1692 1790/2010/1679
f 1790/2010/1679 1789/2031/1697 1791/2442/1823
f 1780/2017/1684 1786/2016/1683 1794/2025/1691 223/2018/1685
f 1521/2356/1806 1519/1819/1523 1534/2032/1528 1635/2444/1524
f 223/2018/1685 1793/2028/1694 1779/2019/1675
f 1793/2028/1694 258/2021/1687 1781/2020/1686
f 1789/2031/1697 1788/2008/1677 1783/2007/1676
f 346/191/189 1603/1839/1541 345/192/190
f 1602/1779/1492 1601/1776/1491 1646/1836/1538
f 343/189/187 337/1899/1590 331/180/178
f 343/189/187 336/188/186 337/1899/1590
f 412/1679/1413 1528/1681/1415 361/207/205 1429/1533/1305
f 411/1678/1412 1525/1677/1411 1637/2036/1699
f 343/189/187 1519/1819/1523 68/187/185
f 1529/2040/1700 1528/1681/1415 1527/1680/1414
f 398/1684/1417 1430/1534/1306 361/207/205
f 1423/1524/1296 1518/2445/1407 1520/2358/1805 1424/1527/1299
f 71/1529/1301 1426/1528/1300 1526/1532/1304
f 1522/1676/1410 1426/1528/1300 1424/1527/1299
f 1424/1527/1299 1520/2358/1805 1522/1676/1410
f 1466/1592/1350 1464/1594/1352 1802/2063/1706 1803/2076/1724
f 1421/1523/1295 1518/2445/1407 1423/1524/1296
f 1512/1661/1395 1488/2132/1749 253/2045/1701
f 167/1607/1363 25/1623/1373 144/32/32
f 834/1804/1360 7/1803/1511 136/1806/658
f 1474/730/656 832/10/10 830/9/9
f 1462/1591/1349 1802/2051/1706 1463/699/633
f 1802/2051/1706 1462/1591/1349 1801/2050/1705
f 1465/1593/1351 1466/1592/1350 1804/2065/1715 187/2053/1708
f 1805/2054/1709 1466/1592/1350 1803/2076/1724 234/2068/1718
f 1804/2065/1715 1805/2054/1709 187/2053/1708
f 1807/2058/1713 1467/2079/1726 1806/2056/1711
f 1809/2060/1354 1469/2077/1353 1807/2058/1713
f 1470/1598/1356 1798/2061/1702 193/91/91
f 1799/2073/1703 1798/2075/1702 1810/2074/1723
f 1811/2446/1824 1800/2447/1704 1799/2073/1703
f 1812/2062/1714 1801/2064/1705 1813/2069/1719
f 1812/2062/1714 1803/2076/1724 1802/2063/1706
f 1799/2073/1703 1815/89/89 1816/2071/1721 1811/2446/1824
f 1805/2054/1709 224/2066/1716 1806/2056/1711
f 1815/89/89 226/2067/1717 1816/2071/1721
f 1817/2070/1720 1800/2448/1704 1811/2446/1824 1816/2071/1721
f 1801/2064/1705 1800/2448/1704 1817/2070/1720 1813/2069/1719
f 1813/2069/1719 225/2072/1722 224/2066/1716 1805/2054/1709
f 1813/2069/1719 234/2068/1718 1812/2062/1714
f 1813/2069/1719 1817/2070/1720 225/2072/1722
f 1818/2449/1731 1820/2098/1735 50/2095/1733 1819/2094/1732
f 1810/2074/1723 1470/2059/1356 192/87/87
f 1467/2079/1726 1465/1593/1351 187/2053/1708
f 1467/2079/1726 187/2053/1708 188/2055/1710
f 188/2055/1710 1806/2056/1711 1467/2079/1726
f 825/2081/1727 824/2450/65 1465/1593/1351
f 1464/2343/1352 824/65/65 823/725/653
f 1451/2087/1332 1458/1583/1342 340/1581/1340
f 1451/2087/1332 1453/2086/1728 1452/2340/1802
f 1451/1570/1332 52/1568/1330 302/2084/156
f 1454/1573/1335 1453/2086/1728 340/1581/1340
f 305/161/159 1386/1479/1260 303/162/160
f 852/749/674 848/115/113 41/114/112
f 33/78/78 843/77/77 206/743/668
f 824/65/65 171/67/67 823/725/653
f 228/113/111 820/132/130 821/2091/1730
f 1818/2449/1731 272/143/141 806/704/637
f 1818/2449/1731 1819/2094/1732 272/143/141
f 811/714/644 50/2095/1733 812/2201/1774
f 812/2201/1774 50/2095/1733 814/2096/1734
f 818/717/647 285/722/192 817/2097/191
f 1820/2098/1735 820/721/130 819/720/650
f 1820/2451/1735 1818/2093/1731 821/2091/1730 820/132/130
f 1821/2452/1825 816/2204/649 817/193/191 634/2100/1736
f 260/2133/976 285/2453/192 820/132/130
f 816/2202/649 1821/2454/1825 324/173/171
f 311/715/645 816/719/649 810/712/640 813/716/646
f 634/2100/1736 632/2109/453 1821/2452/1825
f 335/195/193 384/231/229 633/2099/454
f 335/195/193 634/2100/1736 817/193/191
f 632/2109/453 1822/2455/1737 1821/2452/1825
f 1822/2101/1737 324/173/171 1821/2454/1825
f 325/706/638 1824/174/172 341/216/214
f 409/249/247 87/248/246 367/214/212
f 577/415/397 1823/2160/1738 1822/2105/1737
f 1822/2105/1737 579/416/398 577/415/397
f 579/416/398 1822/2105/1737 631/2107/452
f 575/2103/394 341/216/214 1824/174/172
f 324/173/171 809/175/173 810/708/640
f 997/908/814 511/341/338 638/502/466 637/498/462
f 1463/699/633 237/2052/1707 40/700/634
f 787/2158/393 569/410/392 786/675/613
f 774/668/606 553/378/370 773/2330/1278
f 426/263/261 94/260/258 765/660/599
f 764/661/600 425/262/260 753/659/598
f 764/661/600 753/659/598 763/658/597
f 761/655/594 387/234/232 371/222/220
f 386/233/231 77/650/589 371/222/220
f 451/292/289 99/279/276 440/278/275
f 395/243/241 745/640/577 396/241/239
f 395/243/241 439/277/274 745/640/577
f 744/2456/1770 422/633/255 396/241/239
f 714/603/550 1825/606/553 480/313/310
f 1825/606/553 715/296/293 480/313/310
f 716/275/272 717/280/277 429/273/270
f 717/280/277 716/275/272 441/2111/1740
f 717/280/277 438/276/273 427/268/265
f 715/296/293 1825/606/553 453/2110/1739
f 1825/606/553 442/281/278 453/2110/1739
f 442/281/278 1825/606/553 718/605/552
f 438/276/273 718/605/552 428/269/266
f 640/2170/1764 118/343/340 117/342/339
f 117/342/339 705/586/535 640/2170/1764
f 529/350/347 708/1299/816 692/578/528
f 639/501/465 491/499/463 638/502/466
f 79/1460/1248 80/255/253 394/2138/1753 75/219/217
f 627/484/448 626/464/431 598/485/449
f 597/480/432 613/467/434 595/2167/1763
f 614/470/437 621/479/445 615/472/438
f 617/473/439 567/474/440 616/315/312
f 504/2145/1756 538/360/357 503/2144/1755
f 506/389/378 517/388/377 558/390/375
f 559/2149/1758 499/405/388 509/404/387
f 531/2112/350 517/388/377 516/2151/351
f 531/353/350 121/355/352 536/511/358
f 526/348/345 120/357/354 522/349/346
f 100/609/556 443/604/551 714/603/550
f 442/281/278 717/280/277 441/2111/1740
f 99/279/276 451/292/289 98/294/291
f 402/1771/1487 364/228/226 379/227/225
f 837/736/662 838/738/39 959/872/38 132/19/19
f 80/255/253 79/1460/1248 385/1459/1247
f 285/194/192 66/183/181 335/195/193
f 892/832/746 47/795/718 269/785/709
f 191/2125/1745 205/1916/1603 31/2126/1746
