# Blender 4.4.3
# www.blender.org
mtllib lod4.mtl
o Asteroid_2b_LOD4
v 0.248109 0.063719 0.943875
v 0.179464 -0.086680 0.962335
v 0.129266 -0.029401 0.887435
v 0.311726 -0.116433 0.936751
v -0.451679 0.165251 0.901185
v 0.254399 0.205711 0.865894
v 0.345479 -0.068295 0.888699
v 0.601524 0.135488 0.815638
v -0.675324 -0.088078 0.798962
v -0.294021 0.293770 0.804293
v -0.542376 0.302835 0.791849
v 0.475744 0.374450 0.716889
v 0.509854 0.038688 0.751118
v -0.104318 0.368341 0.755369
v -0.754663 0.169012 0.712208
v 0.477327 -0.174260 0.766111
v -0.204662 0.363300 0.765760
v 0.219585 0.296171 0.660352
v -0.347754 0.435382 0.670732
v 0.781512 -0.042510 0.677754
v 0.803647 0.189825 0.645712
v 0.400358 0.473500 0.584902
v -0.649253 -0.549688 0.535241
v -0.594376 0.378622 0.531055
v 0.202639 0.572010 0.542331
v -0.490553 0.413725 0.544889
v 0.645669 -0.490393 0.526925
v -0.844895 0.287702 0.521596
v 0.218336 0.614224 0.452165
v -0.656157 0.479419 0.380583
v -0.951336 0.119685 0.401909
v 0.983412 -0.315351 0.373498
v -0.713858 0.486425 0.350190
v 0.665700 0.464075 0.297118
v 0.766499 -0.511969 0.302744
v -0.411067 -0.674964 0.305440
v 0.398028 -0.708582 0.158035
v 0.014997 0.719432 0.253308
v 0.231225 -0.731200 0.254339
v -0.277574 -0.662339 0.160290
v -0.756271 0.585392 0.105008
v -0.765979 -0.607841 0.107820
v -0.839343 0.484895 -0.041127
v -0.964806 0.311332 -0.039971
v 1.141158 -0.184550 -0.003008
v -0.562068 0.712301 0.027684
v 0.810871 0.517750 -0.136775
v -1.088818 0.237080 -0.034216
v -0.574922 -0.646443 -0.028899
v 0.134764 -0.773018 -0.032396
v 0.686314 -0.640627 -0.142056
v 0.943842 0.104985 -0.216864
v 0.748980 -0.607646 -0.205083
v 0.864741 0.305568 -0.192863
v -0.334898 0.738732 -0.232049
v 0.573522 0.580351 -0.192661
v 0.527119 0.700640 -0.210406
v 0.578445 -0.585700 -0.217815
v -0.304226 0.635713 -0.316097
v -0.707869 -0.491923 -0.267681
v -0.400472 0.707639 -0.288074
v 0.157166 -0.674096 -0.279690
v 0.784827 0.494110 -0.366273
v 1.015261 -0.212664 -0.321492
v -0.849929 -0.276546 -0.340689
v -0.972034 -0.044393 -0.365820
v 0.328744 0.648465 -0.443699
v -0.170770 0.559207 -0.510557
v -0.981438 0.130255 -0.470068
v -0.471445 -0.565518 -0.434242
v -0.687770 0.405350 -0.507220
v -0.915449 -0.111435 -0.527341
v -0.235104 0.261710 -0.536171
v 0.426171 -0.106979 -0.481522
v 0.659344 0.338582 -0.610546
v -0.678572 -0.130648 -0.747226
v -0.518412 -0.175621 -0.720314
v 0.385227 0.099784 -0.869213
v 0.410309 -0.044261 -0.860166
v -0.165410 -0.126425 -0.896547
v 0.079903 -0.212811 -0.914938
v 0.166477 -0.065017 -0.936835
v 0.188280 0.045088 0.954816
v -0.289942 0.127971 0.883011
v 0.043850 0.068189 0.889926
v -0.102374 0.010698 0.886062
v 0.079916 -0.017434 0.861839
v -0.231566 0.205839 0.799593
v 0.376207 0.080586 0.879372
v 0.680232 0.200793 0.775834
v -0.705285 -0.025084 0.782340
v 0.633084 0.268895 0.773053
v 0.102702 0.352951 0.724133
v 0.455635 -0.099665 0.759900
v 0.387934 -0.124790 0.801327
v 0.567062 -0.126370 0.758636
v -0.377414 0.308442 0.808790
v 0.332848 -0.303533 0.826737
v 0.322291 -0.496408 0.652208
v 0.488388 -0.351284 0.761571
v -0.353104 0.377687 0.722336
v 0.826122 0.017305 0.634930
v -0.672848 -0.412473 0.646201
v 0.356945 0.350659 0.595352
v 0.783229 0.311566 0.614828
v -0.774853 -0.491019 0.493911
v 0.201896 0.430498 0.558172
v 0.156677 0.521324 0.603581
v -0.529356 0.294700 0.599803
v -0.524319 0.318238 0.557082
v -0.475269 0.327021 0.595972
v -0.687009 -0.136771 0.570111
v 0.328945 0.419048 0.546323
v -0.230648 -0.293716 0.573481
v 0.828831 -0.214322 0.575611
v -0.079748 -0.565468 0.488703
v 0.694820 -0.488071 0.420644
v 0.782900 -0.415951 0.411600
v 0.195800 -0.550835 0.605134
v 0.319447 -0.620213 0.524522
v -0.056597 0.462593 0.442261
v -0.754529 0.374339 0.482362
v -0.905683 0.289692 0.415687
v -0.918560 0.181899 0.459987
v 0.213218 0.626474 0.363591
v 0.827900 -0.384395 0.488793
v 0.277208 0.559529 0.486512
v -0.631967 0.419189 0.454758
v -0.692538 0.375037 0.423074
v -0.885334 0.374955 0.352322
v -0.823508 0.080074 0.431026
v -0.802643 -0.003378 0.487347
v -0.961549 -0.283288 0.395451
v -0.749889 0.382112 0.382323
v 0.897555 -0.460769 0.268307
v 0.604252 -0.445440 0.403702
v 0.080851 -0.557905 0.387078
v 0.159324 -0.538181 0.446138
v -0.692048 0.402236 0.375655
v -0.381727 -0.627389 0.490567
v -0.877191 0.297513 0.322533
v -0.624189 -0.531445 0.338890
v -0.216778 -0.677329 0.495535
v -0.216797 -0.770762 0.292517
v -0.114571 -0.749788 0.363834
v -1.115757 0.147312 0.160243
v -1.045093 -0.000540 0.380019
v -0.908186 0.241091 0.315643
v -0.802348 -0.498555 0.299079
v -0.666811 0.632207 0.177355
v -0.496983 0.637269 0.273202
v 0.981686 0.414972 0.171847
v -0.987909 -0.323433 0.239513
v -0.950524 -0.459181 0.058347
v 0.539544 -0.466919 0.268769
v 0.383185 -0.620591 0.413485
v -0.120110 0.737412 0.180890
v -0.292674 0.672481 0.218204
v -0.145850 0.519441 0.245965
v -1.044831 0.207272 0.185274
v 0.172909 0.727079 0.242610
v 0.242262 0.740295 0.159832
v -0.225771 -0.703672 0.202594
v -0.118384 -0.778796 0.185156
v -0.249627 0.733598 0.159782
v -0.328024 0.793401 0.055467
v 0.307001 0.572112 0.150741
v -0.852842 0.483825 0.219576
v -0.872159 0.467328 0.082832
v 0.502471 -0.693501 0.110578
v -0.477833 -0.695589 0.079116
v 0.082086 -0.802927 0.098827
v 0.203879 0.688832 0.019898
v 0.081463 0.708011 0.049615
v 0.191194 0.760619 0.109855
v 1.171825 -0.066501 0.064310
v -0.758966 -0.588439 0.010126
v -0.805842 -0.590612 0.186605
v -0.128315 -0.714496 0.073770
v 0.450957 0.588686 0.049973
v 0.572499 -0.671868 0.014937
v 0.646035 0.649164 -0.058828
v 0.815616 0.564919 0.101841
v 0.762757 0.562215 -0.076776
v 1.084153 -0.286457 -0.027571
v -0.875975 -0.302640 -0.001342
v -0.223278 -0.676009 0.006967
v -0.610583 0.539129 -0.007160
v 0.968412 0.403802 -0.056486
v -1.044915 0.288296 0.003871
v -0.463789 0.749302 0.032176
v -0.499589 0.688411 -0.239354
v 0.836421 -0.435924 -0.022572
v -0.212633 -0.737942 -0.082874
v 0.494115 0.710816 -0.103639
v -1.064608 0.259780 -0.077381
v 1.128965 -0.091113 -0.061606
v 0.948934 -0.286510 -0.070140
v -0.452183 -0.639666 -0.243444
v 1.164649 -0.015952 -0.048988
v -0.814199 -0.356986 -0.097200
v 0.498790 -0.603602 -0.090201
v 1.162818 0.055108 -0.033599
v 1.141449 -0.008245 -0.164088
v -0.889955 -0.045198 -0.086663
v 0.657725 -0.651037 -0.046228
v 0.626296 0.549621 -0.140181
v -0.689178 0.438177 -0.090449
v 0.966288 0.239275 -0.109271
v -0.892881 -0.113392 -0.096654
v -0.549122 0.546832 -0.097995
v 0.411662 -0.684935 -0.076040
v 0.299468 -0.686512 -0.204373
v 0.394994 -0.672534 -0.142117
v 0.825313 0.265740 -0.264552
v 0.913022 -0.298543 -0.175742
v 0.452736 -0.614760 -0.156147
v 0.507257 -0.584597 -0.200372
v 0.093340 -0.755669 -0.160230
v -0.332239 0.803386 -0.087929
v -0.259088 0.730559 -0.233011
v 0.587964 0.656492 -0.125392
v -0.024880 -0.546635 -0.240966
v 0.688826 -0.584519 -0.334576
v -0.627555 0.493858 -0.245632
v -0.279934 0.661992 -0.274181
v -0.603819 -0.456128 -0.267651
v -0.646953 -0.550152 -0.221139
v -0.713321 -0.463540 -0.338500
v -0.373315 0.659566 -0.385395
v -0.464573 0.648053 -0.341327
v 0.925913 -0.366593 -0.304640
v -0.621402 -0.435590 -0.312763
v -0.582290 -0.448621 -0.341055
v -0.542811 -0.488989 -0.306456
v 0.334165 -0.596412 -0.399428
v 0.987528 -0.031372 -0.388096
v 0.661015 -0.150076 -0.329510
v -0.862393 -0.215132 -0.374570
v 0.550354 -0.623639 -0.368654
v -0.287677 0.649580 -0.426739
v 0.546415 -0.143593 -0.397307
v -0.547929 0.602051 -0.382824
v 0.310582 0.676407 -0.322913
v -0.799714 0.382862 -0.404306
v -0.823114 0.332033 -0.443214
v 0.601573 0.003991 -0.426306
v -0.826801 -0.339057 -0.457116
v -0.749990 -0.368035 -0.496935
v -0.066295 -0.468063 -0.374360
v -0.457990 0.570409 -0.399198
v -0.151017 0.599822 -0.448397
v -0.715532 0.366147 -0.446912
v -0.752758 0.321648 -0.445716
v -0.881343 0.297127 -0.430653
v -0.612197 -0.432455 -0.505258
v 0.718363 0.410037 -0.545613
v -1.043203 -0.012758 -0.460046
v -0.717744 0.327704 -0.499105
v -0.945994 0.024135 -0.470800
v -0.489909 -0.482250 -0.530900
v -0.603040 0.441767 -0.538271
v -0.873034 -0.251447 -0.507676
v -0.608266 -0.329029 -0.501990
v 0.208631 0.634734 -0.491999
v 0.176922 0.569130 -0.579721
v 0.150773 0.534328 -0.639824
v 0.935692 0.151265 -0.487616
v 0.947014 0.014394 -0.507528
v -0.860933 0.047178 -0.597972
v 0.455500 0.315586 -0.583699
v -0.235483 0.141215 -0.598997
v -0.309185 0.190064 -0.589054
v -0.621572 0.238390 -0.687395
v -0.774580 0.271506 -0.558631
v 0.274038 0.522184 -0.555223
v 0.319262 0.492337 -0.566150
v 0.426708 0.314324 -0.607853
v -0.153929 0.233173 -0.640039
v 0.380145 0.381731 -0.645025
v -0.333094 -0.448830 -0.712345
v -0.739022 -0.191233 -0.695982
v -0.658500 0.132108 -0.724268
v -0.742148 0.086885 -0.690406
v 0.224375 -0.475229 -0.703456
v 0.337983 0.282569 -0.816583
v 0.512201 0.269944 -0.765934
v 0.527604 0.047598 -0.842830
v 0.290117 -0.037778 -0.824545
v 0.345983 -0.102176 -0.812373
v 0.268623 -0.119214 -0.802056
v -0.436621 -0.235796 -0.830333
v -0.056086 -0.268242 -0.847322
v 0.070321 -0.336316 -0.827034
v 0.582285 -0.002579 -0.810540
v -0.233656 -0.079076 -0.857628
v -0.286586 -0.153465 -0.882846
v -0.243810 -0.198418 -0.862671
v 0.190133 -0.144059 -0.893066
v 0.294346 -0.219720 -0.851028
v 0.363224 -0.175014 -0.807630
v -0.246456 -0.014794 -0.896447
v -0.330639 -0.051331 -0.896558
v 0.259926 0.004876 -0.907752
v 0.104804 -0.007350 -0.976176
v -0.021069 -0.065043 -0.926218
v 0.306932 0.024863 -0.903611
v 0.229725 0.326793 -0.795725
v 0.259252 0.482927 -0.649830
v 0.141314 0.677674 -0.380468
v 0.359020 0.414558 -0.563618
v 0.368256 0.393682 -0.763986
v 0.226036 -0.066744 -0.823634
v 0.681779 0.073655 -0.739700
v 0.179162 -0.288344 -0.875184
v 0.237201 -0.525601 -0.601860
v 0.087895 -0.577730 -0.553864
v 0.111011 -0.630872 -0.343902
v 0.068263 -0.710442 -0.217390
v 0.030867 -0.610103 -0.242721
v -0.085422 -0.591424 -0.165047
v -0.214294 -0.544283 -0.181330
v -0.266587 -0.495684 -0.279722
v -0.180690 -0.484678 -0.322531
v 0.023830 -0.547930 -0.259292
v -0.082463 -0.564926 -0.564649
v -0.157248 -0.543775 -0.557391
v -0.330196 -0.584593 -0.488045
v -0.315398 -0.517089 -0.383394
v -0.352553 -0.547203 -0.321613
v -0.114913 -0.521710 -0.291212
v 0.050597 -0.582052 -0.491617
v -0.167879 -0.510395 -0.497332
v -0.132577 -0.477876 -0.414473
v 0.016496 -0.510436 -0.337808
v -0.029815 -0.484410 -0.414401
v -0.033981 -0.547115 -0.620091
v 0.085597 -0.515113 -0.645794
v -0.022434 -0.413359 -0.731657
v -0.150554 -0.369645 -0.772226
v -0.208733 -0.436121 -0.715465
v -0.164230 -0.484071 -0.654292
v -0.251277 -0.567606 -0.585043
v -0.384586 -0.582599 -0.493646
v -0.396222 -0.593054 -0.387143
v -0.399917 -0.623462 -0.283911
v -0.357991 -0.646302 -0.209705
v -0.327094 -0.585379 -0.202454
v -0.293546 -0.691132 -0.138803
v -0.460904 -0.468065 -0.577423
v -0.377211 -0.353921 -0.723085
v -0.260016 -0.349557 -0.742282
v -0.148629 -0.054836 -0.931620
v 0.179917 0.164133 -0.928636
v 0.190341 0.421147 -0.708325
v 0.061772 0.494994 -0.644837
v -0.135952 0.506463 -0.549596
v -0.295348 0.491927 -0.528109
v -0.438880 0.476180 -0.545361
v -0.497527 0.533872 -0.504793
v -0.548268 0.360066 -0.594611
v -0.557435 0.150497 -0.743078
v -0.455271 0.183843 -0.700848
v -0.395814 0.092175 -0.789552
v -0.226014 0.069976 -0.740842
v -0.314687 0.123327 -0.661544
v -0.173354 0.122084 -0.641534
v -0.114497 0.142192 -0.678404
v -0.075919 0.121707 -0.782611
v -0.037581 0.221387 -0.682536
v -0.087302 0.348932 -0.582116
v -0.221224 0.417918 -0.509949
v -0.398123 0.283299 -0.545595
v -0.535581 0.252630 -0.675881
v -0.401421 0.229422 -0.576819
v -0.022217 0.143427 -0.864834
v -0.167015 0.065368 -0.869033
v -0.274785 0.044768 -0.856162
v -0.530195 0.040452 -0.831371
v -0.012678 0.021323 -0.968987
v -0.012574 0.319211 -0.637434
v 0.040035 0.417691 -0.653849
v 0.085906 0.351044 -0.729217
v 0.068350 0.230916 -0.854382
v 0.102279 0.077316 -0.956576
v -0.501159 -0.168141 -0.839931
v -0.566917 -0.049326 -0.832775
v -0.700605 0.192465 -0.629001
v -0.712168 0.338092 -0.556805
v -0.723716 0.429295 -0.431685
v -0.795005 0.292833 -0.515502
v -0.838249 0.136106 -0.612501
v -0.961986 0.100319 -0.484449
v -0.971674 0.196766 -0.374081
v -0.946765 0.249940 -0.261430
v -0.911827 0.393511 -0.201382
v -0.813494 0.457703 -0.205685
v -0.728415 0.487550 -0.288499
v -0.673470 0.516741 -0.289099
v -0.667828 0.440343 -0.191331
v -0.560832 0.531418 -0.185952
v -0.570176 0.624530 -0.251870
v -0.615503 0.594468 -0.327266
v -0.363282 0.601246 -0.448823
v -0.193640 0.661048 -0.366602
v -0.056763 0.638900 -0.463245
v 0.480459 0.623206 -0.305043
v 0.412212 0.725547 -0.190426
v 0.588795 0.630048 -0.369061
v 0.550588 0.623545 -0.287069
v 0.467818 0.638637 -0.462326
v 0.443496 0.600982 -0.527360
v 0.330582 0.548324 -0.538876
v 0.392720 0.437103 -0.523235
v 0.428802 0.328624 -0.568101
v 0.339011 0.430221 -0.717866
v 0.435574 0.354465 -0.778197
v 0.787972 0.007785 -0.624021
v 0.681841 0.011889 -0.698206
v 0.292303 -0.401360 -0.687939
v 0.330147 -0.530884 -0.504745
v 0.660538 -0.637197 -0.244362
v 0.590749 -0.575696 -0.115555
v 0.586864 -0.645082 -0.296105
v 0.280597 -0.739292 -0.084486
v 0.220892 -0.717123 0.003352
v 0.243416 -0.742599 0.130410
v -0.190810 -0.769344 0.242038
v -0.082382 -0.789567 0.041922
v -0.209077 -0.664144 0.132713
v -0.303759 -0.655058 0.088077
v -0.307631 -0.722773 -0.051493
v -0.188692 -0.745592 -0.045724
v -0.372982 -0.703468 0.032337
v -0.378471 -0.707298 0.137455
v -0.353633 -0.720091 0.251357
v -0.124520 -0.621129 0.584780
v -0.005181 -0.529606 0.646824
v -0.111415 -0.565051 0.650118
v 0.156705 -0.386920 0.827313
v 0.170401 -0.325500 0.870512
v 0.375041 -0.188506 0.880277
v 0.274120 0.300061 0.781446
v 0.154540 0.333076 0.722188
v 0.106151 0.429199 0.672948
v 0.390886 0.485843 0.534441
v 0.474775 0.415834 0.466194
v 0.543783 0.408718 0.318052
v 0.429599 0.414852 0.360876
v 0.605680 0.425029 0.397573
v 0.603589 0.473954 0.201404
v 0.585708 0.565608 0.088644
v 0.589346 0.645758 0.056372
v 0.526493 0.681168 0.009371
v 0.666617 0.634833 0.086761
v 0.280166 0.719628 0.011198
v 0.478175 0.671682 0.033754
v 0.433395 0.519010 0.104431
v 0.349477 0.468674 0.432705
v 0.329876 0.499796 0.237791
v 0.377261 0.676120 0.056400
v 0.207786 0.677217 0.280672
v 0.083936 0.628359 0.496181
v 0.062298 0.558077 0.592835
v -0.024729 0.471127 0.647862
v -0.121640 0.458571 0.656184
v -0.024296 0.500803 0.606502
v 0.044650 0.618618 0.374584
v 0.306278 0.702222 0.120567
v 0.347571 0.704562 0.042446
v -0.215429 0.677987 0.206369
v 0.032862 0.643286 0.328311
v -0.224557 0.459826 0.663218
v -0.257915 0.448950 0.701895
v -0.173682 0.412868 0.488485
v -0.051277 0.498923 0.347582
v -0.078795 0.653851 0.246280
v -0.130421 0.488396 0.294796
v -0.385681 0.465253 0.567706
v -0.425079 0.482647 0.488544
v -0.308552 0.419777 0.496423
v -0.379650 0.488879 0.377966
v -0.313356 0.433655 0.403646
v -0.274936 0.496854 0.275553
v -0.108620 0.751997 0.074307
v 0.116374 0.770994 0.136813
v -0.046718 0.733449 -0.018234
v -0.249750 0.810009 -0.037648
v -0.465678 0.681112 0.167636
v -0.389589 0.705632 0.218009
v -0.402471 0.613232 0.297931
v -0.457454 0.448803 0.536717
v -0.455593 0.279258 0.849310
v -0.572658 0.274659 0.819743
v -0.601871 0.196488 0.844092
v -0.581634 -0.094190 0.842161
v -0.570171 -0.004593 0.869052
v -0.570821 -0.134003 0.812760
v -0.427055 0.017992 0.912673
v -0.371769 0.242464 0.868521
v 0.056035 0.204871 0.846476
v 0.106197 -0.128003 0.924601
v 0.009005 -0.107531 0.896596
v -0.038749 -0.014515 0.892416
v -0.170736 0.131454 0.871620
v -0.095902 0.167921 0.861073
v 0.047565 0.116892 0.882406
v 0.150427 0.038191 0.928978
v -0.267367 0.020444 0.888490
v 0.056645 -0.325891 0.801577
v -0.033166 -0.482078 0.683346
v -0.533320 -0.603791 0.498457
v -0.477368 -0.641589 0.399548
v -0.679251 -0.542292 -0.098226
v -0.576442 -0.566407 -0.240664
v -0.514569 -0.560753 -0.326778
v -0.574141 -0.506781 -0.433052
v -0.525468 -0.458380 -0.526136
v -0.392533 -0.465849 -0.679011
v -0.384201 -0.312653 -0.751288
v -0.989844 -0.068329 -0.474002
v -0.939936 0.400733 -0.058847
v -0.981258 0.390864 0.111321
v -0.920716 0.407560 0.232319
v -0.713731 0.526807 0.305041
v -0.807927 0.407567 0.412596
v -0.786318 0.459804 0.355271
v -0.844979 0.434432 0.353095
v -0.777616 0.332847 0.537768
v -0.614083 0.319300 0.629645
v -0.626889 0.290018 0.694289
v -0.513280 0.301392 0.673316
v -0.729404 0.238133 0.679511
v -0.801764 0.215869 0.616400
v -0.858176 0.178410 0.514169
v -0.916282 0.120601 0.438184
v -0.958228 0.065224 0.412831
v -0.871170 0.008484 0.408989
v -0.732347 0.076376 0.495929
v -0.799012 0.137785 0.492173
v -0.787728 0.173284 0.628344
v -0.450758 -0.020500 0.877896
v -0.300641 0.059637 0.916885
v -0.042230 -0.111684 0.843100
v -0.025151 -0.281402 0.733630
v -0.027299 -0.391008 0.734295
v -0.203381 -0.560839 0.643416
v -0.316789 -0.506290 0.620334
v -0.381267 -0.557586 0.573112
v -0.567048 -0.471769 0.672782
v -0.417374 -0.483406 0.629948
v -0.219577 -0.447928 0.613847
v -0.123386 -0.467245 0.666127
v -0.172419 -0.286054 0.595868
v -0.163779 -0.155907 0.646359
v -0.179856 -0.046423 0.750384
v -0.307057 -0.104228 0.659106
v -0.289589 -0.018851 0.756310
v -0.174685 0.000557 0.862433
v -0.075505 -0.141326 0.749423
v -0.287322 -0.189456 0.636266
v -0.385915 -0.440612 0.590881
v -0.498387 -0.434930 0.666578
v -0.563262 -0.436026 0.693115
v -0.570257 -0.369345 0.704691
v -0.627019 -0.298116 0.741227
v -0.826302 -0.408674 0.493133
v -0.930316 -0.238870 0.472155
v -1.049118 -0.068123 0.387679
v -0.986913 -0.091549 0.426391
v -0.698249 0.046947 0.541447
v -0.749251 0.133350 0.565139
v -0.732324 0.055095 0.729617
v -0.733542 -0.283936 0.651334
v -0.777043 -0.264760 0.607983
v -0.828261 -0.225332 0.532987
v -0.889146 -0.215835 0.497077
v -0.862925 -0.140875 0.443850
v -0.815491 -0.102752 0.467772
v -0.692024 0.055240 0.616942
v -0.767673 -0.219262 0.610684
v -0.755773 -0.143201 0.500541
v -0.690153 -0.032904 0.542616
v -0.675200 -0.057830 0.609793
v -0.717689 -0.089677 0.716720
v -0.727526 -0.168519 0.671082
v -0.723018 -0.178248 0.556516
v -1.048799 -0.156643 0.358514
v -1.060720 -0.190987 0.253367
v -0.991993 -0.273085 0.129170
v -0.886258 -0.514480 0.163522
v -0.909458 -0.465014 0.334918
v -0.595811 -0.660683 0.146284
v -0.872052 -0.532786 0.278043
v -0.850471 -0.507306 0.376817
v -0.833753 -0.552614 0.243206
v -0.783030 -0.496505 0.460252
v -0.878726 -0.493198 -0.081802
v -0.798023 -0.512661 -0.167417
v -0.688773 -0.462428 -0.390098
v -0.819854 -0.438759 -0.324425
v -0.888785 -0.367316 -0.359352
v -0.864710 -0.447085 -0.240803
v -0.899212 -0.363108 -0.309214
v -0.971672 -0.134525 -0.470765
v -0.978059 0.304011 -0.110221
v -1.015697 0.335144 0.042796
v -0.909103 0.393035 0.283556
v -0.912251 0.309678 0.254529
v -0.991402 0.208805 0.278917
v -0.942827 0.259077 0.255148
v -0.994544 0.321140 0.212810
v -0.962495 0.202603 0.354233
v -1.009051 0.338879 0.172023
v -1.128200 0.158530 0.049301
v -1.099930 -0.067736 0.256232
v -0.911014 -0.504605 0.015319
v -0.888235 -0.456107 -0.087757
v -0.882112 -0.404330 -0.224971
v -0.944135 -0.180093 -0.424285
v -1.031957 -0.098329 -0.429033
v -1.068076 0.069692 -0.409028
v -1.086901 0.122343 -0.245654
v -1.120187 0.075477 0.082193
v -1.096635 0.026039 0.170829
v -1.049700 -0.059412 0.139940
v -1.025239 -0.183566 0.159192
v -0.961332 -0.350740 0.065412
v -0.907488 -0.411288 -0.014452
v -0.893828 -0.296698 -0.375631
v -1.072926 0.197876 -0.235289
v -1.095066 0.121894 -0.046541
v -1.080695 0.016042 0.100531
v -0.966935 -0.122439 0.115051
v -0.875730 -0.414525 -0.080198
v -0.907387 -0.246053 -0.413698
v -1.075817 0.085036 -0.322679
v -1.085205 0.136656 -0.157049
v -0.969798 -0.011627 0.061142
v -0.831281 -0.352316 -0.218285
v -0.989548 0.068496 -0.018344
v -0.878241 -0.185499 0.037920
v -0.816459 -0.321784 -0.048162
v -0.831007 -0.256588 -0.273245
v -0.937912 -0.140375 -0.381817
v -1.061142 -0.017219 -0.406695
v -0.992042 0.101113 -0.168463
v -0.885874 -0.104093 0.024629
v -0.812420 -0.288795 -0.135891
v -0.799576 -0.315235 -0.103755
v -0.865043 -0.207577 -0.307032
v -0.905754 0.019567 -0.073589
v -0.836370 -0.261891 -0.088572
v -0.983014 0.037428 -0.302325
v -0.892731 -0.018103 -0.223435
v -0.869609 -0.117432 -0.248450
v -0.781204 -0.285975 -0.609010
v -0.519692 -0.373706 -0.510224
v -0.425269 -0.338743 -0.606914
v -0.434027 -0.236508 -0.687709
v -0.486614 -0.216908 -0.797783
v -0.743756 -0.278672 -0.633828
v -0.517294 -0.244247 -0.562083
v -0.495549 -0.202410 -0.651954
v -0.701256 -0.214192 -0.698625
v -0.716541 -0.326639 -0.552923
v -0.680638 -0.360490 -0.522787
v -0.605718 -0.176853 -0.676237
v -0.618287 -0.170369 -0.743185
v -0.661094 -0.270183 -0.544180
v -0.483860 -0.669826 0.269983
v -0.771454 -0.474380 0.360730
v -0.691656 -0.627960 0.132949
v -0.760768 -0.542815 0.212450
v -0.724208 -0.481398 0.436996
v -0.656365 -0.512683 0.476258
v -0.521892 -0.578200 0.402547
v -0.508821 -0.612958 0.299441
v -0.603410 -0.600656 0.176404
v -0.597539 -0.259702 0.757602
v -0.539300 -0.233965 0.691027
v -0.490540 -0.122690 0.711427
v -0.431255 -0.034889 0.783904
v -0.340314 -0.349784 0.563970
v -0.391512 -0.257486 0.592455
v -0.494326 -0.345502 0.632137
v -0.151051 0.765212 -0.148661
v 0.116053 0.686094 -0.104729
v 0.032794 0.732438 -0.143488
v 0.196089 0.692644 -0.151697
v -0.744251 0.566810 0.034324
v -0.797578 0.474452 -0.070533
v -0.547090 0.661770 -0.157412
v -0.620053 0.647029 0.016532
v -0.586763 0.488575 -0.078604
v -0.562207 0.665315 -0.060530
v -0.692090 0.469024 -0.035978
v -0.181806 0.731866 -0.254966
v 0.016753 0.730070 -0.277390
v -0.465996 0.583103 0.372032
v -0.556858 0.464685 0.430857
v 0.322255 0.481937 0.332112
v 0.713314 0.502073 -0.155006
v 0.704984 0.484916 -0.230281
v 0.645300 0.509393 -0.296115
v 0.601739 0.615690 -0.439716
v 0.562352 0.610425 -0.498796
v 0.480877 0.340933 -0.737080
v 0.541841 0.320271 -0.684045
v 0.587310 0.370152 -0.578296
v 0.438187 0.501638 -0.510058
v 0.490916 0.398020 -0.516605
v 0.620472 0.483188 -0.545738
v 0.545865 0.567610 -0.533117
v 0.789221 0.507804 -0.301127
v 0.909472 0.430952 -0.132880
v 0.919359 0.375934 -0.163835
v 0.980033 0.323810 -0.107353
v 1.057907 0.238302 -0.086131
v 0.994208 0.128892 -0.150126
v 0.920301 0.205811 -0.208805
v 0.858607 0.140842 -0.303014
v 0.867845 0.457696 -0.252024
v 0.832740 0.425362 -0.404449
v 0.844120 0.261786 -0.529523
v 0.874923 0.201178 -0.554342
v 0.858746 0.059076 -0.624911
v 0.440345 -0.079990 -0.822654
v 0.455973 -0.094856 -0.711581
v 0.338760 -0.489862 -0.524771
v 0.405654 -0.547643 -0.436397
v 0.864020 -0.568254 0.007361
v 0.781243 -0.555519 0.154375
v 0.540455 -0.674509 -0.013188
v 0.449227 -0.668768 -0.272291
v 0.338177 -0.736222 0.113587
v 0.453483 -0.617188 0.258890
v 0.058701 -0.746837 0.264398
v -0.072853 -0.797661 0.218215
v -0.135516 -0.680427 0.459295
v -0.008612 -0.522072 0.603913
v 0.156414 -0.529460 0.659184
v 0.428995 0.171779 0.852207
v 0.717034 0.407676 0.559164
v 0.597863 0.422677 0.576602
v 0.715945 0.493310 0.393656
v 0.776810 0.566556 0.221612
v 0.737243 0.553132 0.236170
v 0.823691 0.520974 0.265040
v 0.593166 0.442985 0.495704
v 0.346506 0.502492 0.547567
v 0.425969 0.423573 0.639831
v 0.392519 0.332409 0.737353
v 0.329410 0.300304 0.668037
v 0.266442 0.308257 0.611571
v 0.182615 0.337624 0.616197
v 0.265173 0.527409 0.550261
v 0.260177 0.426786 0.532771
v 0.697093 0.548551 -0.370723
v 1.054284 0.309065 0.063500
v 1.133667 0.106786 -0.126044
v 1.101065 0.091725 -0.194691
v 1.053995 0.048233 -0.280770
v 0.993661 0.057568 -0.358538
v 0.891555 0.096168 -0.281296
v 0.884467 0.109343 -0.350979
v 0.837117 0.216104 -0.350133
v 0.863335 0.282893 -0.419717
v 0.859044 0.377362 -0.293276
v 0.863518 0.303176 -0.465295
v 0.863435 -0.041576 -0.536668
v 0.714303 0.032322 -0.597151
v 0.519266 -0.040844 -0.725231
v 0.393612 -0.239572 -0.643397
v 0.382470 -0.281369 -0.548788
v 0.402853 -0.320552 -0.480620
v 0.446179 -0.465052 -0.403992
v 0.465998 -0.580608 -0.405737
v 0.625141 -0.547581 -0.382628
v 0.493258 -0.030186 -0.623011
v 0.799374 -0.460573 -0.315287
v 0.965275 -0.249851 -0.368922
v 0.905960 -0.192442 -0.416775
v 0.795235 -0.054292 -0.432964
v 0.743581 0.010324 -0.486982
v 0.620770 0.036217 -0.581508
v 0.550228 -0.034225 -0.448589
v 0.506520 -0.076054 -0.441915
v 0.412472 -0.144916 -0.413032
v 0.430814 -0.249377 -0.385596
v 0.380956 -0.212648 -0.455054
v 0.450666 -0.367988 -0.425447
v 0.592456 -0.313928 -0.331792
v 0.619863 -0.427011 -0.367259
v 0.833504 -0.276162 -0.356379
v 0.654729 -0.035570 -0.387805
v 0.619113 0.008837 -0.482082
v 0.506656 -0.219006 -0.347137
v 0.598439 -0.228679 -0.323176
v 0.703528 -0.248497 -0.313792
v 0.736501 -0.352776 -0.338353
v 0.739330 -0.127288 -0.348775
v 0.380902 -0.165763 -0.501513
v 1.047921 -0.261222 -0.204058
v 0.869785 -0.428801 -0.268050
v 0.965087 -0.324349 -0.239046
v 0.810595 -0.403501 -0.145144
v 0.844602 -0.463740 -0.232999
v 0.576468 -0.630405 0.202464
v 0.413342 -0.589605 0.391222
v 0.457562 -0.539537 0.546621
v 0.541550 -0.477998 0.616129
v 0.738247 -0.286796 0.617719
v 0.461450 -0.233530 0.836496
v 0.391499 0.014065 0.794059
v 0.452542 0.085511 0.800265
v 0.493158 0.124718 0.832211
v 0.654737 0.015142 0.780874
v 1.116885 0.166008 0.113714
v 0.924527 0.146251 -0.431275
v 0.992965 0.038944 -0.396582
v 1.092919 -0.016812 -0.273764
v 0.849120 -0.330897 -0.170122
v 0.842613 -0.551793 -0.103559
v 0.862709 -0.533057 -0.037884
v 0.546690 -0.508732 0.507954
v 0.717200 -0.181704 0.738657
v 0.570284 -0.213039 0.810095
v 0.620194 0.060952 0.790156
v 0.682545 -0.107453 0.782276
v 0.633888 -0.117789 0.787659
v 0.561531 -0.035697 0.744404
v 0.849203 0.360787 0.448899
v 1.031548 0.342900 0.200552
v 1.057931 -0.220913 0.299906
v 1.016178 -0.324334 0.212546
v 1.056010 -0.260445 0.077893
v 0.966341 -0.466352 0.100857
v 0.932258 -0.472758 0.036839
v 0.808538 -0.423415 -0.071983
v 1.002493 -0.382201 0.026503
v 1.036059 -0.354898 0.049075
v 1.156872 -0.140415 0.089998
v 1.037788 -0.312863 -0.046189
v 0.854971 -0.389000 -0.012064
v 0.902807 -0.336881 -0.015719
v 1.030545 -0.284691 -0.143343
v 0.849870 -0.341409 0.529819
v 1.011396 -0.150266 0.415805
v 0.954576 -0.115946 0.493006
v 0.842920 0.289671 0.523597
v 0.933568 0.396505 0.302326
v 1.075065 0.217159 0.164955
v 1.128627 0.016602 0.147199
v 1.108015 -0.100129 0.234306
v 0.834725 0.068851 0.586949
v 0.828631 0.190211 0.575292
v 1.100909 0.057747 0.163286
v 1.057194 -0.105487 0.294393
v 1.002731 -0.123242 0.372225
v 0.947925 0.342772 0.280370
v 1.033455 0.268896 0.193872
v 0.868399 0.339621 0.408478
v 0.894536 0.310321 0.280465
v 0.876063 -0.035565 0.560642
v 0.820606 0.260263 0.370840
v 0.982385 0.231663 0.182333
v 0.995483 0.087363 0.162635
v 0.991816 0.027985 0.175567
v 1.080135 -0.047844 0.221822
v 0.989014 -0.071876 0.258252
v 0.893861 -0.085473 0.424756
v 0.784397 0.096658 0.483497
v 0.780923 0.165381 0.461605
v 0.917340 0.225451 0.213592
v 0.812747 0.219737 0.376950
v 0.914626 -0.011638 0.257387
v 0.915290 -0.061515 0.310775
v 0.817251 0.012764 0.467371
v 0.876212 0.182294 0.245647
v 0.914303 0.108890 0.222735
v 0.867725 -0.011380 0.390909
v 0.812617 0.069185 0.453377
v 0.851802 0.223730 0.277221
v 0.880215 0.047917 0.398022
v 0.863313 0.128305 0.403044
v 0.905806 0.137565 0.316905
v 0.919690 0.079943 0.329608
v 0.676922 -0.525156 0.297053
v 0.544400 -0.605565 0.221917
v 0.477632 -0.489231 0.275052
v 0.435292 -0.516056 0.327444
v 0.479513 -0.530994 0.494663
v 0.647360 -0.486217 0.439098
v 0.482677 -0.431670 0.332344
v 0.506241 -0.415273 0.358483
v 0.597067 -0.450064 0.320019
v 0.532834 -0.455668 0.444229
v 0.469048 -0.433047 0.376917
v 0.279361 -0.648178 0.429197
v 0.240534 -0.660475 0.384065
v 0.104052 -0.714553 0.297968
v -0.061377 -0.625638 0.384420
v 0.016988 -0.522350 0.476728
v 0.094048 -0.500284 0.580390
v -0.048366 -0.719211 0.340130
v 0.023606 -0.635636 0.330472
v 0.215247 -0.581230 0.450255
v 0.145980 -0.624759 0.339115
v -0.319364 -0.722424 0.221908
v -0.215423 -0.696610 -0.113143
v -0.076282 -0.724961 -0.121058
v -0.013959 -0.777475 -0.104702
vn -0.3609 -0.0330 0.9320
vn -0.0734 -0.5003 0.8627
vn -0.2318 -0.0538 0.9713
vn 0.4307 -0.1413 0.8914
vn -0.1744 -0.0243 0.9844
vn -0.1156 -0.1523 0.9815
vn 0.0165 0.0284 0.9995
vn 0.2399 0.3707 0.8973
vn 0.1318 0.4416 0.8875
vn 0.0690 0.5594 0.8260
vn 0.0536 0.5202 0.8524
vn 0.0239 0.5637 0.8256
vn 0.3427 0.5078 0.7904
vn 0.0536 0.7525 0.6564
vn -0.0370 0.5156 0.8561
vn 0.1321 0.6358 0.7605
vn -0.7849 -0.0548 0.6172
vn -0.5009 0.2629 0.8246
vn -0.8038 0.1823 0.5663
vn -0.0986 0.8321 0.5458
vn -0.1255 0.7864 0.6048
vn 0.3005 -0.5962 0.7445
vn 0.2315 -0.5546 0.7993
vn 0.1992 -0.7154 0.6697
vn 0.3381 -0.7208 0.6050
vn -0.0674 -0.6147 0.7859
vn -0.1373 -0.5133 0.8472
vn -0.0851 -0.9085 0.4091
vn 0.9750 0.0240 0.2210
vn 0.6716 0.4863 0.5590
vn 0.8263 0.1495 0.5431
vn -0.1626 -0.6103 0.7753
vn -0.5805 -0.6483 0.4927
vn -0.4248 -0.8818 0.2047
vn 0.3332 -0.8432 0.4219
vn 0.0383 -0.5562 0.8302
vn -0.2143 -0.4570 0.8632
vn -0.0397 0.9013 0.4313
vn -0.0385 0.9721 0.2312
vn -0.1433 0.6538 0.7429
vn -0.0877 0.7665 0.6362
vn -0.3919 0.7801 0.4878
vn 0.3535 0.4115 0.8401
vn 0.3802 0.9033 0.1990
vn 0.3186 0.7472 0.5832
vn -0.3589 0.7144 0.6007
vn -0.3785 0.5187 0.7666
vn 0.8207 0.3489 0.4525
vn 0.6569 -0.2400 0.7147
vn 0.5908 -0.4654 0.6590
vn -0.4907 -0.8705 0.0382
vn -0.3782 -0.8588 0.3456
vn -0.6245 -0.7189 0.3052
vn -0.5523 0.8237 0.1288
vn -0.2535 0.9211 0.2955
vn -0.4692 0.8183 0.3319
vn -0.8885 0.3994 0.2259
vn -0.7973 0.0164 0.6033
vn -0.7093 0.4078 0.5749
vn -0.3879 0.5881 0.7097
vn -0.5835 0.1201 0.8032
vn -0.4250 -0.2176 0.8786
vn -0.3083 0.0335 0.9507
vn -0.2089 -0.8433 0.4951
vn -0.3541 -0.9093 0.2188
vn -0.3001 -0.9231 0.2404
vn -0.5353 0.8138 0.2263
vn -0.0984 0.9735 0.2066
vn -0.3595 0.9291 -0.0871
vn -0.7671 0.2156 0.6042
vn -0.8984 0.3199 0.3009
vn -0.7464 0.2225 0.6273
vn -0.4162 0.8514 0.3192
vn -0.3053 0.7566 0.5782
vn -0.3043 0.8250 0.4762
vn 0.5125 -0.8268 0.2319
vn 0.1804 -0.9263 0.3308
vn 0.3083 -0.8939 0.3254
vn -0.2716 -0.6871 -0.6739
vn -0.3827 -0.8984 -0.2153
vn -0.4841 -0.8432 -0.2336
vn 0.0474 0.8289 0.5575
vn -0.0913 0.9544 0.2844
vn -0.1081 0.8204 0.5615
vn 0.9777 0.2055 -0.0439
vn 0.8617 0.2029 0.4651
vn 0.9921 -0.0031 0.1250
vn 0.2739 -0.9612 0.0333
vn 0.3239 -0.9374 0.1282
vn 0.4176 -0.8621 -0.2871
vn 0.4193 0.8098 -0.4104
vn 0.4977 0.8143 -0.2985
vn 0.5643 0.8254 0.0129
vn -0.8796 -0.0955 -0.4660
vn -0.7441 -0.5087 -0.4331
vn -0.8487 -0.0160 -0.5287
vn -0.5193 0.8529 -0.0532
vn -0.3417 0.9189 0.1971
vn -0.1707 0.9665 -0.1917
vn -0.1797 -0.8513 -0.4929
vn -0.1387 -0.9086 -0.3941
vn -0.3648 -0.9309 -0.0171
vn -0.0421 0.9924 -0.1157
vn 0.3309 0.9095 0.2516
vn 0.2598 0.9634 0.0662
vn 0.9291 -0.3392 -0.1472
vn 0.7867 -0.6124 -0.0777
vn 0.8049 -0.5288 -0.2691
vn 0.8852 -0.2773 -0.3735
vn 0.9764 -0.0974 -0.1926
vn 0.9507 -0.0565 -0.3050
vn 0.8792 0.3680 -0.3026
vn -0.1103 -0.9925 0.0523
vn -0.2279 -0.9730 -0.0366
vn -0.2746 -0.9044 -0.3267
vn -0.9941 -0.1076 -0.0127
vn -0.8788 -0.4280 0.2108
vn -0.9820 -0.1885 -0.0117
vn 0.1651 -0.9272 -0.3362
vn 0.1940 -0.9790 -0.0622
vn 0.4692 -0.8720 -0.1396
vn 0.2408 -0.9622 -0.1270
vn 0.0477 -0.9110 -0.4096
vn -0.0439 0.7754 -0.6300
vn 0.0076 0.8394 -0.5435
vn 0.8606 0.4551 -0.2286
vn 0.5605 0.8204 -0.1131
vn 0.6958 0.6285 -0.3476
vn 0.0673 -0.9953 -0.0692
vn -0.0236 -0.9980 -0.0586
vn -0.1946 -0.9426 -0.2713
vn 0.4618 -0.4130 -0.7849
vn 0.7743 -0.6328 -0.0055
vn 0.5537 -0.7907 -0.2612
vn 0.4998 -0.6042 -0.6207
vn 0.0642 0.9750 -0.2125
vn 0.4673 0.8263 -0.3146
vn 0.1919 0.9336 -0.3027
vn -0.2284 -0.7209 -0.6543
vn -0.3054 -0.8046 -0.5092
vn -0.0771 -0.8511 -0.5193
vn -0.0184 -0.9787 -0.2044
vn -0.0716 0.8967 -0.4368
vn -0.2984 0.7618 -0.5750
vn -0.4676 0.8422 -0.2683
vn -0.0851 0.8830 -0.4616
vn -0.7318 0.6260 -0.2695
vn -0.2947 0.9442 -0.1473
vn -0.4860 0.6520 -0.5820
vn 0.1214 -0.8558 -0.5029
vn 0.0467 -0.8862 -0.4609
vn -0.4206 -0.8067 -0.4151
vn -0.5404 -0.6903 -0.4811
vn -0.2582 -0.9548 -0.1472
vn -0.2976 0.7253 -0.6208
vn -0.3163 0.7323 -0.6030
vn -0.0391 0.8891 -0.4560
vn -0.1583 0.8033 -0.5742
vn -0.1494 0.6464 -0.7482
vn -0.4094 -0.7588 -0.5066
vn -0.5234 -0.8303 -0.1918
vn -0.6929 0.3410 -0.6353
vn -0.6571 -0.0562 -0.7517
vn -0.8930 0.2723 -0.3582
vn -0.1653 0.8196 -0.5486
vn -0.3347 0.6195 -0.7101
vn -0.6085 0.6255 -0.4883
vn -0.7027 0.5334 -0.4709
vn -0.4177 -0.0098 -0.9085
vn -0.5385 -0.0277 -0.8422
vn -0.6919 -0.0821 -0.7173
vn 0.6070 -0.7932 0.0494
vn 0.5177 -0.7240 -0.4558
vn 0.6777 -0.7150 -0.1719
vn 0.6116 0.5523 -0.5665
vn 0.0271 0.6839 -0.7291
vn 0.1233 0.8238 -0.5534
vn 0.9073 0.3465 -0.2380
vn 0.8401 -0.0669 -0.5383
vn 0.6201 -0.1211 -0.7751
vn -0.7129 -0.0019 -0.7013
vn -0.2918 0.4955 -0.8181
vn -0.5385 0.5004 -0.6779
vn -0.0712 -0.8157 -0.5740
vn 0.0235 -0.7730 -0.6340
vn 0.0389 -0.9238 -0.3810
vn 0.3084 0.7005 -0.6436
vn 0.5673 0.5621 -0.6018
vn 0.2416 0.7826 -0.5737
vn 0.3400 0.5490 -0.7635
vn 0.5834 0.4896 -0.6480
vn 0.4615 0.4081 -0.7877
vn -0.5486 -0.2877 -0.7850
vn -0.5147 -0.2000 -0.8337
vn 0.7659 -0.4549 -0.4544
vn 0.5215 -0.1659 -0.8370
vn 0.6407 -0.3753 -0.6699
vn 0.1818 0.4017 -0.8975
vn 0.2908 0.2508 -0.9233
vn -0.0263 -0.2043 -0.9786
vn -0.1397 -0.1226 -0.9826
vn -0.2242 -0.2534 -0.9410
vn -0.0083 -0.3744 -0.9272
vn 0.5621 -0.0473 -0.8257
vn 0.1108 -0.0875 -0.9900
vn 0.5158 -0.3069 -0.7999
vn -0.1064 -0.4079 -0.9068
vn 0.0768 0.4126 -0.9077
vn 0.2495 -0.2718 -0.9294
vn 0.5838 0.7814 -0.2205
vn 0.7283 0.6741 0.1227
vn 0.4664 0.8843 0.0195
vn 0.3925 0.5883 -0.7070
vn 0.6045 0.0070 -0.7966
vn 0.3855 0.0730 -0.9198
vn 0.0396 -0.6036 -0.7963
vn 0.4183 -0.6838 -0.5979
vn 0.5417 -0.6469 -0.5368
vn 0.1396 -0.4149 -0.8991
vn -0.2250 -0.1910 -0.9555
vn 0.2413 0.1844 -0.9528
vn 0.3163 -0.7195 -0.6183
vn 0.2650 -0.8716 -0.4125
vn 0.4541 -0.6912 -0.5622
vn -0.2858 -0.4646 -0.8381
vn -0.6590 -0.3207 -0.6803
vn -0.3257 -0.6744 -0.6627
vn 0.0702 -0.4949 -0.8661
vn -0.2957 -0.5030 -0.8121
vn 0.0768 -0.7027 -0.7073
vn 0.2879 -0.9167 -0.2772
vn -0.0289 -0.9670 -0.2530
vn -0.1143 -0.8808 -0.4595
vn -0.6251 -0.7399 -0.2484
vn -0.3745 -0.9263 0.0407
vn -0.1853 -0.8281 -0.5290
vn -0.2452 -0.9687 -0.0394
vn 0.1406 -0.8849 0.4440
vn 0.0442 -0.9990 -0.0110
vn 0.0924 -0.9715 0.2184
vn -0.1343 -0.9852 -0.1068
vn -0.5744 -0.8026 -0.1610
vn -0.3923 -0.8758 0.2812
vn 0.2449 -0.9657 -0.0858
vn 0.2216 -0.9695 0.1050
vn 0.4782 -0.8568 0.1931
vn -0.0514 -0.6613 -0.7484
vn 0.2029 -0.4659 -0.8612
vn -0.1263 -0.6429 -0.7555
vn -0.1173 -0.5932 -0.7965
vn 0.0947 -0.9176 -0.3860
vn 0.0243 -0.6112 -0.7911
vn 0.0114 -0.7612 -0.6485
vn -0.2645 -0.9116 -0.3148
vn 0.3658 -0.8405 -0.3997
vn 0.6812 -0.7137 -0.1631
vn 0.5626 -0.5227 -0.6405
vn 0.1139 -0.7596 -0.6403
vn -0.4135 -0.8463 -0.3358
vn -0.5808 -0.4695 -0.6650
vn -0.4969 -0.6854 -0.5322
vn -0.7808 -0.0721 -0.6206
vn -0.6167 -0.3529 -0.7037
vn -0.1540 -0.4972 -0.8539
vn -0.1822 -0.4656 -0.8660
vn -0.1494 -0.5339 -0.8322
vn -0.2751 -0.2438 -0.9300
vn -0.1978 0.2160 -0.9561
vn -0.0846 0.3754 -0.9230
vn -0.0796 0.6307 -0.7719
vn -0.0653 0.5940 -0.8018
vn -0.3619 0.2278 -0.9040
vn -0.3120 0.4698 -0.8258
vn 0.0858 0.0114 -0.9963
vn 0.0306 0.3305 -0.9433
vn -0.2051 0.7166 -0.6666
vn -0.0672 0.5863 -0.8073
vn 0.3109 0.7226 -0.6175
vn 0.1721 0.4837 -0.8582
vn 0.2339 0.5670 -0.7898
vn 0.2983 0.8162 -0.4949
vn -0.1217 0.6348 -0.7631
vn -0.0876 0.9480 -0.3061
vn -0.4253 0.6345 -0.6454
vn -0.4842 0.3944 -0.7810
vn -0.5338 0.5986 -0.5973
vn -0.2203 0.3799 -0.8984
vn 0.2616 0.2897 -0.9207
vn -0.1392 -0.0237 -0.9900
vn 0.3493 0.6056 -0.7150
vn 0.2064 0.5939 -0.7776
vn -0.6027 0.2180 -0.7676
vn -0.4628 0.2479 -0.8511
vn -0.5391 0.8014 -0.2590
vn -0.5638 0.5366 -0.6278
vn -0.4757 0.7007 -0.5317
vn -0.2973 0.8395 -0.4549
vn -0.1624 0.7586 -0.6310
vn 0.1219 0.7508 -0.6491
vn -0.0640 0.1050 -0.9924
vn -0.2476 0.3963 -0.8841
vn -0.4135 0.6311 -0.6563
vn -0.4700 0.5391 -0.6989
vn -0.5731 0.3510 -0.7405
vn -0.2490 0.0478 -0.9673
vn -0.4807 0.3850 -0.7879
vn -0.4619 0.0181 -0.8868
vn -0.5751 0.3228 -0.7517
vn -0.5209 0.2572 -0.8140
vn -0.5329 0.3850 -0.7536
vn -0.7649 -0.1888 -0.6159
vn -0.7235 0.6236 -0.2961
vn -0.6762 0.5909 -0.4400
vn -0.7326 0.6118 -0.2984
vn -0.7355 0.6448 -0.2080
vn -0.4646 0.8503 -0.2473
vn -0.5622 0.5997 0.5694
vn -0.2748 0.9310 0.2402
vn -0.8607 0.4273 0.2769
vn -0.8010 0.5563 0.2212
vn -0.4139 0.6137 0.6724
vn -0.4850 0.8714 0.0731
vn -0.6322 0.7540 -0.1785
vn -0.6535 0.5266 -0.5438
vn -0.2698 0.7982 -0.5386
vn -0.2399 0.7097 -0.6624
vn -0.1971 0.8045 -0.5603
vn -0.1881 0.8805 -0.4352
vn 0.0264 0.8900 -0.4553
vn 0.0619 0.9599 -0.2734
vn 0.0372 0.9840 -0.1743
vn 0.5547 0.6626 -0.5032
vn 0.4523 0.8421 0.2938
vn 0.3940 0.9076 0.1449
vn -0.0134 0.4705 -0.8823
vn 0.0985 0.9580 -0.2692
vn 0.0721 0.4503 -0.8900
vn 0.7662 0.4921 -0.4132
vn -0.0871 0.9088 -0.4080
vn 0.3634 0.7102 -0.6029
vn 0.5479 -0.5202 -0.6551
vn 0.1818 -0.7246 -0.6648
vn 0.1597 -0.3489 -0.9234
vn 0.1795 -0.9837 0.0136
vn -0.1605 -0.9175 0.3640
vn 0.2189 -0.9755 -0.0198
vn 0.1478 -0.9887 0.0240
vn 0.2289 -0.9692 -0.0905
vn 0.2006 -0.8888 0.4120
vn -0.0241 -0.9889 0.1467
vn -0.3343 -0.8628 -0.3792
vn -0.2390 -0.9593 0.1506
vn -0.7145 -0.6959 0.0723
vn -0.4532 -0.8468 0.2786
vn -0.2237 -0.8667 0.4458
vn 0.1604 -0.9635 0.2143
vn 0.1662 -0.9751 -0.1470
vn -0.3475 -0.9324 0.0995
vn -0.1055 -0.8529 0.5114
vn 0.2405 0.2572 0.9360
vn 0.2057 0.2641 0.9423
vn 0.6059 -0.1548 0.7804
vn -0.3773 0.8373 0.3958
vn 0.0219 0.8808 0.4729
vn 0.4962 0.8654 0.0700
vn -0.1220 0.7325 0.6698
vn 0.3761 0.4979 0.7814
vn 0.3884 0.4015 0.8294
vn 0.0978 0.6332 0.7678
vn 0.5889 0.7880 0.1795
vn 0.1142 0.9213 -0.3716
vn -0.3525 0.8294 0.4335
vn 0.0409 0.9077 0.4175
vn -0.3050 0.5819 0.7539
vn -0.1999 0.5170 0.8323
vn 0.1570 0.9231 0.3510
vn 0.2049 0.7346 0.6468
vn 0.3017 0.9497 0.0838
vn 0.5884 0.7832 -0.2008
vn 0.7044 0.4566 0.5434
vn 0.1436 0.4102 0.9006
vn 0.4374 0.4750 0.7636
vn 0.5005 0.6652 0.5541
vn 0.4749 0.8556 0.2062
vn -0.0204 0.7120 0.7019
vn -0.4724 0.8371 0.2757
vn -0.1774 0.9746 -0.1368
vn 0.4480 0.8362 0.3164
vn 0.1932 0.8151 0.5462
vn 0.7177 0.4196 0.5557
vn 0.1027 0.9694 -0.2230
vn -0.1254 0.7982 0.5892
vn -0.1572 0.8558 0.4929
vn -0.3306 0.6631 0.6716
vn -0.5989 0.6824 0.4192
vn 0.0186 0.9989 0.0431
vn -0.0448 0.9879 0.1486
vn -0.1591 0.9869 0.0265
vn -0.4390 0.3170 0.8407
vn -0.0419 0.4597 0.8871
vn -0.2189 0.5234 0.8235
vn -0.2540 0.8371 0.4844
vn 0.2632 0.9107 0.3184
vn 0.2411 0.9685 -0.0620
vn 0.2820 0.8772 0.3887
vn 0.5735 0.6784 0.4591
vn 0.2549 0.6481 0.7176
vn 0.2384 0.4810 0.8437
vn 0.2385 0.9691 -0.0623
vn 0.0566 0.9970 -0.0536
vn 0.2374 0.8659 -0.4403
vn 0.1283 0.9915 0.0215
vn 0.4922 0.4931 0.7174
vn -0.0165 0.7605 0.6491
vn -0.5781 0.6679 0.4687
vn -0.4462 0.6886 0.5716
vn -0.3851 -0.0902 0.9184
vn -0.1415 0.2265 0.9637
vn -0.6015 -0.2045 0.7722
vn -0.1749 -0.4011 0.8992
vn -0.0883 0.3666 0.9262
vn 0.0318 0.4291 0.9027
vn 0.2061 0.4765 0.8546
vn 0.1176 -0.0676 0.9908
vn -0.1020 0.7310 0.6747
vn -0.5590 0.6609 0.5007
vn -0.4579 0.7099 0.5352
vn -0.1511 0.1960 0.9689
vn -0.1678 -0.0163 0.9857
vn -0.3581 -0.1641 0.9192
vn -0.1821 0.2838 0.9414
vn -0.5475 -0.3050 0.7792
vn -0.6050 0.0616 0.7938
vn 0.2330 -0.8801 0.4136
vn -0.3663 -0.8805 -0.3010
vn -0.2951 -0.9036 -0.3107
vn -0.3662 -0.8910 -0.2684
vn -0.4645 -0.4913 -0.7368
vn -0.7161 -0.6559 -0.2387
vn -0.2478 -0.4369 -0.8647
vn -0.3021 -0.6231 -0.7215
vn -0.3868 -0.3821 -0.8393
vn -0.0782 -0.4934 -0.8663
vn -0.4960 -0.6234 -0.6045
vn -0.7084 -0.4461 -0.5469
vn -0.7439 -0.5120 -0.4295
vn -0.7750 0.6095 -0.1670
vn -0.6600 0.7511 -0.0177
vn -0.7142 0.6981 0.0501
vn -0.6872 0.6793 0.2577
vn -0.6663 0.7222 0.1858
vn -0.2371 0.5565 0.7963
vn -0.1660 0.6796 0.7146
vn -0.4142 0.5219 0.7457
vn -0.3761 0.9226 0.0859
vn 0.1911 0.7796 0.5964
vn -0.1141 0.9203 0.3743
vn 0.0114 0.8426 0.5384
vn -0.3976 0.7130 0.5776
vn -0.5809 0.6805 0.4466
vn -0.1199 0.9880 0.0969
vn -0.5532 0.6254 0.5503
vn -0.4207 0.6343 0.6486
vn -0.3349 0.9022 0.2719
vn -0.1239 0.9555 0.2679
vn -0.8066 0.2073 0.5535
vn -0.6520 -0.3923 0.6489
vn -0.4721 -0.3179 0.8222
vn -0.3387 0.0528 0.9394
vn -0.7147 -0.2503 0.6531
vn -0.4486 -0.7149 0.5364
vn -0.9750 -0.2166 0.0499
vn -0.8646 -0.4281 0.2629
vn -0.3100 -0.4304 0.8477
vn 0.4357 -0.3960 0.8083
vn 0.5289 -0.5390 0.6555
vn 0.5044 -0.5817 0.6381
vn 0.3603 -0.8429 0.3996
vn -0.0482 -0.3290 0.9431
vn 0.0252 -0.7991 0.6007
vn -0.5371 -0.3387 0.7726
vn -0.5324 -0.1897 0.8250
vn 0.0346 -0.7301 0.6825
vn -0.1906 -0.1361 0.9722
vn -0.3532 -0.0230 0.9353
vn -0.2928 0.3798 0.8775
vn -0.4916 -0.0733 0.8677
vn -0.7053 -0.1975 0.6808
vn -0.3874 -0.4755 0.7898
vn -0.3747 -0.7688 0.5182
vn 0.0424 -0.5848 0.8101
vn 0.0211 -0.8690 0.4944
vn 0.2871 -0.8157 0.5022
vn -0.6250 -0.5334 0.5699
vn -0.2156 -0.8366 0.5035
vn -0.7058 -0.4866 0.5148
vn 0.2450 0.3279 0.9124
vn 0.3074 -0.1135 0.9448
vn -0.0353 -0.3079 0.9508
vn -0.5338 -0.4502 0.7158
vn 0.2452 -0.2351 0.9405
vn -0.7193 -0.2339 0.6542
vn -0.7086 -0.3690 0.6014
vn -0.7979 -0.4093 0.4425
vn -0.6702 -0.2415 0.7018
vn -0.3177 0.1668 0.9334
vn -0.5359 0.0232 0.8439
vn -0.8260 0.0081 0.5636
vn -0.8930 -0.3347 0.3010
vn -0.6920 0.2016 0.6932
vn -0.9239 -0.3644 -0.1165
vn -0.6983 -0.6940 0.1754
vn -0.7980 0.4082 0.4434
vn -0.3544 0.7106 0.6078
vn -0.5330 0.3176 0.7843
vn -0.2313 0.4044 0.8848
vn -0.9986 0.0403 -0.0343
vn -0.9028 0.3674 0.2238
vn -0.9709 0.2318 0.0602
vn -0.6636 0.6645 0.3436
vn -0.8595 -0.3028 0.4119
vn -0.7714 0.0128 0.6362
vn -0.9131 -0.4019 0.0681
vn -0.9147 -0.3759 -0.1482
vn -0.7501 -0.6597 0.0461
vn -0.8204 -0.4905 0.2937
vn -0.2821 -0.8851 0.3701
vn -0.4071 -0.8423 0.3533
vn -0.4369 -0.8625 0.2554
vn -0.4177 -0.9066 -0.0603
vn -0.6017 -0.7774 0.1832
vn 0.2341 -0.8013 0.5506
vn -0.7066 -0.6811 -0.1918
vn -0.7198 -0.6307 -0.2899
vn -0.3514 -0.8865 -0.3010
vn -0.8342 -0.4921 -0.2490
vn 0.0139 -0.9893 -0.1455
vn -0.4788 -0.8557 0.1961
vn -0.8014 -0.4916 -0.3407
vn -0.7292 -0.6368 -0.2505
vn -0.9278 -0.3009 0.2207
vn -0.7648 0.6022 -0.2291
vn -0.8430 0.5177 -0.1463
vn -0.8613 0.4462 0.2430
vn -0.8260 0.3410 0.4488
vn -0.9753 0.1891 0.1139
vn -0.9093 0.2894 0.2989
vn -0.6922 0.0697 0.7184
vn -0.7361 0.6577 0.1600
vn -0.5184 0.7483 0.4140
vn -0.8453 0.4487 0.2900
vn -0.7208 0.3066 0.6217
vn -0.4400 0.5141 0.7363
vn -0.8005 0.4740 0.3668
vn -0.7255 0.6873 -0.0362
vn -0.6626 0.7216 -0.2007
vn -0.8536 0.5206 -0.0181
vn -0.9958 -0.0818 0.0413
vn -0.7949 -0.2257 -0.5631
vn -0.9227 -0.3844 -0.0305
vn -0.8309 0.0988 -0.5476
vn -0.9842 0.1578 0.0805
vn -0.9862 0.0059 0.1657
vn -0.8680 0.2045 0.4525
vn -0.9112 -0.3637 0.1937
vn -0.7861 0.5434 -0.2945
vn -0.9833 -0.1669 0.0723
vn -0.9285 -0.3663 0.0616
vn -0.9805 0.1963 -0.0093
vn -0.9289 -0.3558 -0.1032
vn -0.9736 -0.2278 0.0143
vn -0.6757 -0.3605 -0.6430
vn -0.8079 0.2930 -0.5113
vn -0.7693 -0.5370 0.3461
vn -0.6710 -0.6250 -0.3990
vn -0.9727 -0.0235 -0.2308
vn -0.8327 0.5115 -0.2120
vn -0.5715 -0.5352 -0.6221
vn -0.5961 -0.1909 -0.7799
vn -0.8311 0.5417 -0.1258
vn -0.8641 0.4323 0.2576
vn -0.6806 -0.4570 0.5727
vn -0.6185 -0.4210 0.6635
vn -0.8429 -0.5366 0.0396
vn -0.4524 -0.8198 -0.3510
vn -0.4766 -0.7831 -0.3996
vn -0.8425 -0.0121 -0.5385
vn -0.5380 -0.8390 0.0815
vn -0.8765 -0.4789 -0.0483
vn -0.8778 -0.2817 -0.3873
vn -0.9938 -0.0879 -0.0682
vn -0.8416 -0.4743 0.2584
vn -0.8301 -0.3130 0.4614
vn -0.9740 -0.1202 0.1920
vn -0.5885 -0.6533 0.4764
vn -0.8195 -0.5473 -0.1698
vn -0.8935 -0.3705 -0.2536
vn -0.9398 -0.3008 0.1618
vn -0.4020 -0.1008 -0.9101
vn -0.5001 -0.6658 -0.5537
vn -0.5793 -0.7813 -0.2322
vn 0.0323 -0.7516 -0.6589
vn 0.2174 -0.6517 -0.7267
vn -0.4283 -0.0570 -0.9018
vn -0.3466 -0.6378 -0.6878
vn -0.8149 -0.1885 -0.5481
vn -0.7595 -0.6293 -0.1645
vn -0.1828 -0.8886 -0.4207
vn 0.0092 -0.7092 -0.7049
vn 0.0611 -0.2639 -0.9626
vn -0.4045 -0.8388 -0.3643
vn -0.3108 -0.9489 0.0543
vn 0.3420 -0.6274 -0.6995
vn 0.6723 0.2686 -0.6898
vn 0.1450 -0.9367 -0.3187
vn -0.2440 -0.8320 0.4983
vn -0.2606 -0.8912 0.3714
vn 0.0410 -0.9915 0.1233
vn -0.1434 -0.9624 -0.2307
vn -0.0270 -0.9990 -0.0367
vn -0.6670 -0.7442 -0.0359
vn -0.3296 -0.9009 0.2825
vn -0.3220 -0.8947 -0.3095
vn -0.3956 -0.8939 0.2110
vn -0.7401 -0.6310 0.2325
vn -0.4316 -0.6733 0.6003
vn 0.0438 -0.8044 0.5925
vn -0.1793 -0.1343 0.9746
vn -0.0556 -0.3849 0.9213
vn 0.2626 -0.3154 0.9119
vn 0.0931 0.0510 0.9943
vn 0.4832 0.0928 0.8706
vn 0.6648 -0.2826 0.6916
vn 0.5677 0.0249 0.8228
vn -0.6112 0.7910 -0.0275
vn 0.1749 0.9656 0.1925
vn -0.1884 0.9325 -0.3082
vn -0.0200 0.9994 -0.0277
vn 0.2661 0.9598 0.0891
vn 0.1429 0.9615 -0.2347
vn 0.1304 0.9740 -0.1853
vn -0.9121 0.3968 -0.1028
vn 0.1353 0.9184 -0.3719
vn -0.9228 0.2338 -0.3063
vn -0.5688 0.4017 -0.7178
vn -0.3692 0.7324 -0.5721
vn -0.5348 0.3648 -0.7622
vn -0.0556 0.7518 -0.6570
vn -0.0832 0.9638 -0.2532
vn -0.6595 0.6917 -0.2944
vn -0.9458 0.2482 -0.2097
vn -0.1649 0.8894 -0.4262
vn -0.0840 0.7521 -0.6536
vn 0.1026 0.9505 -0.2932
vn -0.3510 0.8651 0.3583
vn 0.1213 0.5085 0.8525
vn 0.5915 0.7451 0.3082
vn 0.6711 0.7375 0.0757
vn 0.3719 0.8958 -0.2435
vn 0.1603 0.8912 -0.4244
vn 0.1286 0.9915 -0.0188
vn 0.4397 0.8546 0.2762
vn 0.3272 0.7690 -0.5492
vn 0.3858 0.2663 -0.8833
vn 0.1688 0.7158 -0.6776
vn -0.2382 0.6422 -0.7286
vn 0.1633 0.9181 -0.3612
vn 0.0459 -0.0460 -0.9979
vn -0.1189 0.3611 -0.9249
vn 0.1058 0.2942 -0.9499
vn 0.0858 0.3572 -0.9301
vn 0.5187 0.4890 -0.7013
vn 0.8429 0.0933 -0.5299
vn 0.7536 0.6015 -0.2651
vn 0.6549 0.2227 -0.7221
vn 0.6216 0.5054 -0.5984
vn 0.2700 0.6300 -0.7282
vn 0.5168 0.2058 -0.8310
vn 0.7472 0.3462 -0.5673
vn 0.6461 0.6966 -0.3119
vn 0.8851 0.4158 -0.2092
vn 0.9616 0.0579 -0.2683
vn 0.5268 0.6534 -0.5437
vn 0.8144 -0.0349 -0.5793
vn 0.8217 0.5244 -0.2233
vn 0.7676 0.5778 -0.2772
vn 0.7364 0.5333 -0.4162
vn 0.6062 0.7234 -0.3304
vn 0.4914 -0.8697 0.0478
vn 0.7744 -0.6309 -0.0485
vn 0.9188 -0.3834 -0.0938
vn 0.9754 -0.1596 -0.1518
vn 0.7934 -0.2985 -0.5305
vn 0.4443 -0.4180 -0.7924
vn 0.3804 -0.8839 0.2720
vn 0.1263 -0.9822 -0.1392
vn 0.1260 -0.9376 -0.3241
vn 0.3232 -0.9072 0.2694
vn 0.6207 -0.7840 -0.0032
vn 0.3400 -0.8102 -0.4775
vn 0.1769 -0.9837 0.0322
vn 0.1892 -0.8428 0.5039
vn 0.5177 -0.6829 0.5153
vn 0.1356 -0.8911 0.4331
vn 0.3577 0.0085 0.9338
vn 0.5473 -0.0982 0.8311
vn 0.8876 -0.0273 0.4599
vn -0.1538 0.9444 0.2906
vn 0.1702 0.9052 0.3895
vn 0.3906 0.7706 0.5036
vn 0.2800 0.9015 0.3301
vn -0.1770 0.7261 0.6644
vn -0.6513 0.4753 0.5915
vn -0.3449 0.9242 0.1641
vn 0.2936 0.9427 0.1586
vn 0.0114 0.8115 0.5843
vn 0.5837 0.5891 0.5588
vn 0.5467 0.1192 0.8288
vn 0.1344 0.1950 0.9715
vn -0.3301 0.2942 0.8969
vn -0.5089 0.6029 0.6144
vn 0.3829 0.9019 -0.2000
vn -0.1212 0.9926 -0.0015
vn 0.4458 0.8562 -0.2612
vn 0.3572 0.9336 -0.0300
vn 0.8618 0.5026 -0.0689
vn 0.5782 0.5681 -0.5857
vn 0.5747 0.8062 -0.1405
vn -0.5267 0.8460 0.0836
vn 0.6736 0.6582 0.3363
vn 0.9509 -0.3095 -0.0079
vn 0.3118 -0.1886 -0.9312
vn 0.5209 -0.4742 -0.7098
vn 0.8880 0.2177 -0.4050
vn 0.8694 -0.0715 -0.4890
vn -0.2616 -0.7529 -0.6039
vn -0.2899 -0.8965 -0.3350
vn -0.1821 -0.9828 0.0301
vn 0.9531 0.0291 -0.3013
vn 0.8901 0.0463 -0.4534
vn 0.4108 -0.1131 -0.9047
vn -0.1792 -0.5601 -0.8088
vn -0.4732 -0.6422 -0.6030
vn 0.2282 -0.9734 -0.0225
vn 0.6422 0.1507 -0.7515
vn 0.6388 -0.4693 -0.6097
vn -0.1923 -0.2182 -0.9568
vn 0.3729 -0.7732 -0.5130
vn 0.2482 -0.9582 -0.1421
vn 0.1980 -0.0550 -0.9786
vn 0.3155 -0.0684 -0.9464
vn -0.3046 -0.3971 -0.8658
vn 0.0384 -0.6036 -0.7963
vn 0.2615 -0.5189 -0.8139
vn 0.4140 -0.5981 -0.6862
vn -0.1195 0.0076 -0.9928
vn 0.2416 0.2378 -0.9408
vn 0.0169 0.0370 -0.9992
vn 0.0983 -0.3418 -0.9346
vn 0.5623 0.0756 -0.8235
vn 0.2904 0.1829 -0.9393
vn 0.4704 -0.8245 0.3146
vn 0.6584 -0.6430 -0.3912
vn 0.3067 -0.9037 0.2989
vn 0.7044 -0.6665 0.2442
vn 0.5093 0.5328 0.6758
vn 0.9186 -0.3235 -0.2268
vn 0.6310 -0.7753 -0.0265
vn 0.3605 -0.8304 0.4248
vn 0.2389 -0.8208 0.5188
vn 0.0956 -0.5330 0.8407
vn 0.6278 -0.5507 0.5501
vn 0.8726 -0.4809 0.0849
vn 0.5319 -0.4927 0.6887
vn 0.6931 -0.2334 0.6820
vn 0.2037 -0.4086 0.8897
vn 0.2864 -0.0242 0.9578
vn 0.2492 -0.0626 0.9664
vn 0.5479 0.1883 0.8151
vn 0.8003 0.0793 0.5944
vn 0.7793 0.4476 0.4386
vn 0.7280 0.6742 0.1247
vn 0.8453 0.3399 0.4121
vn 0.9268 0.2604 0.2705
vn 0.9439 0.1573 0.2902
vn 0.7889 0.5072 0.3469
vn 0.8617 0.0045 -0.5074
vn 0.8207 -0.3146 -0.4770
vn 0.3049 -0.9466 -0.1046
vn 0.1705 -0.9294 -0.3273
vn 0.3985 -0.6525 -0.6446
vn 0.5395 -0.7595 0.3635
vn 0.3477 -0.8651 0.3617
vn 0.3879 -0.8532 0.3486
vn 0.2099 -0.0380 0.9770
vn 0.6413 -0.3333 0.6911
vn 0.2051 0.4792 0.8534
vn 0.7272 0.2509 0.6390
vn 0.3152 0.0771 0.9459
vn 0.0684 -0.3717 0.9259
vn 0.4652 -0.0210 0.8850
vn 0.7465 -0.1029 0.6574
vn -0.1417 0.1880 0.9719
vn -0.2426 0.2887 0.9262
vn -0.1612 -0.0174 0.9868
vn -0.1696 -0.3920 0.9042
vn 0.8485 0.1490 0.5078
vn 0.8828 -0.3397 0.3244
vn 0.9276 -0.3284 0.1783
vn 0.7672 -0.4734 0.4328
vn 0.8854 -0.4369 0.1587
vn 0.6926 -0.3601 -0.6250
vn 0.9046 -0.0419 -0.4242
vn 0.9632 -0.1208 -0.2401
vn 0.9712 -0.1691 0.1676
vn 0.7582 0.0791 -0.6473
vn 0.5156 -0.6341 -0.5762
vn 0.7574 -0.6519 0.0370
vn 0.8603 -0.5097 -0.0122
vn 0.8514 -0.4754 0.2215
vn 0.3134 -0.8518 -0.4198
vn 0.5085 -0.7756 0.3739
vn 0.8402 0.1727 0.5140
vn 0.9991 -0.0364 0.0207
vn 0.4538 0.2364 0.8592
vn 0.9811 0.1936 0.0016
vn 0.8988 -0.2974 0.3221
vn 0.7542 0.4064 0.5159
vn 0.4131 -0.2830 0.8656
vn 0.5734 -0.0050 0.8192
vn 0.3532 0.5518 0.7555
vn 0.6114 -0.3752 0.6967
vn 0.3553 0.7927 0.4954
vn 0.9774 0.1988 0.0718
vn 0.3049 -0.3278 0.8942
vn 0.9958 -0.0774 0.0485
vn 0.5837 -0.6099 0.5359
vn 0.8954 -0.3866 0.2208
vn 0.3261 0.3734 0.8684
vn 0.3102 0.0692 0.9481
vn 0.2943 0.7523 0.5894
vn 0.6554 0.6488 0.3867
vn 0.4128 0.8477 0.3332
vn 0.9041 0.4175 0.0909
vn 0.7733 0.6288 -0.0814
vn 0.5482 -0.2375 0.8020
vn 0.8773 0.0323 0.4789
vn 0.8030 0.2989 0.5157
vn 0.8457 0.1731 0.5049
vn 0.8568 0.2418 0.4554
vn 0.7541 0.0835 0.6514
vn 0.7121 0.3349 0.6171
vn 0.9030 0.1496 0.4028
vn 0.9622 0.0380 0.2698
vn 0.7716 -0.0911 0.6296
vn 0.8864 0.1563 0.4358
vn 0.8817 0.4244 0.2061
vn -0.1629 -0.7838 0.5993
vn 0.3689 -0.8824 0.2920
vn 0.9220 -0.2878 0.2590
vn 0.6632 -0.7177 -0.2125
vn 0.1759 -0.9112 -0.3725
vn 0.5779 -0.7891 -0.2082
vn -0.4230 -0.8775 -0.2261
vn -0.1530 -0.9821 -0.1097
vn -0.0512 -0.6157 0.7863
vn 0.0812 -0.8111 -0.5793
vn 0.0736 -0.9970 0.0243
vn 0.4963 -0.7633 0.4135
vn -0.4365 -0.8261 0.3565
vn 0.5444 -0.4276 0.7217
vn 0.9675 0.1357 0.2133
vn 0.6536 0.4125 -0.6345
vn 0.8841 0.3832 -0.2675
vn 0.9813 -0.1762 -0.0771
vn -0.1180 -0.9164 0.3825
vn -0.3585 -0.7315 0.5800
vn 0.0658 -0.6434 0.7627
vn 0.6508 -0.7238 0.2292
vn 0.4294 -0.1112 0.8962
vn 0.5919 -0.5011 0.6314
vn 0.2386 -0.9212 0.3073
vn 0.0301 -0.7915 0.6104
vn -0.0999 -0.9938 -0.0478
vn -0.3209 -0.4898 0.8106
vn 0.4189 -0.9024 -0.1008
vn -0.0648 -0.9163 -0.3952
vn 0.1066 -0.9070 -0.4073
vn 0.2431 -0.9664 0.0834
vn -0.7138 0.6914 -0.1113
vn -0.7429 0.2870 -0.6048
vn 0.2632 0.4558 0.8503
vn 0.3963 -0.8542 0.3366
vn 0.5410 0.7610 0.3581
vn 0.2560 -0.9656 0.0463
vn -0.8503 0.2657 0.4542
vn 0.3480 0.8591 -0.3754
vn 0.6013 -0.3138 -0.7348
vn 0.4109 -0.8698 -0.2730
vn -0.5642 -0.6249 -0.5395
vn 0.8376 0.2247 -0.4980
vn -0.4521 0.7633 -0.4616
vn 0.0997 -0.8708 -0.4814
vn -0.3168 0.8007 0.5085
vn 0.0675 0.9938 0.0886
vn -0.4300 0.4129 0.8029
vn -0.9941 0.0363 -0.1027
vn -0.9612 -0.2752 0.0173
vn 0.2932 -0.8779 0.3785
vn 0.3747 -0.6492 0.6619
vn 0.6302 -0.3937 -0.6692
vn 0.6589 0.7442 0.1098
vn 0.2443 -0.4497 0.8591
vt 0.049654 0.637538
vt 0.099241 0.649751
vt 0.044587 0.657015
vt 0.048109 0.687651
vt 0.337741 0.191527
vt 0.371885 0.182749
vt 0.362279 0.191648
vt 0.403033 0.113165
vt 0.389631 0.134143
vt 0.353572 0.106751
vt 0.376519 0.099567
vt 0.328303 0.630369
vt 0.416655 0.631261
vt 0.392623 0.664021
vt 0.323953 0.154004
vt 0.300567 0.116346
vt 0.521071 0.143685
vt 0.473801 0.116428
vt 0.510989 0.097411
vt 0.382009 0.072003
vt 0.417754 0.102670
vt 0.533680 0.445536
vt 0.550485 0.414895
vt 0.588838 0.457639
vt 0.552105 0.491582
vt 0.131422 0.639665
vt 0.152542 0.591488
vt 0.156346 0.633305
vt 0.481888 0.638725
vt 0.464594 0.642215
vt 0.465601 0.609858
vt 0.710025 0.612505
vt 0.650512 0.621120
vt 0.680228 0.602418
vt 0.923831 0.839344
vt 0.941133 0.835266
vt 0.940426 0.857867
vt 0.471242 0.059771
vt 0.452558 0.059660
vt 0.450469 0.050973
vt 0.461900 0.037011
vt 0.474152 0.012062
vt 0.245291 0.069712
vt 0.249209 0.037277
vt 0.260910 0.055389
vt 0.448161 0.010672
vt 0.439442 0.037344
vt 0.435610 0.532873
vt 0.464972 0.513047
vt 0.487509 0.536356
vt 0.322341 0.853779
vt 0.291381 0.870578
vt 0.286469 0.854016
vt 0.568335 0.915947
vt 0.573775 0.956246
vt 0.546508 0.954955
vt 0.594406 0.258985
vt 0.571736 0.241512
vt 0.590188 0.239527
vt 0.672658 0.240963
vt 0.696622 0.243624
vt 0.672538 0.256502
vt 0.951707 0.939281
vt 0.970661 0.927675
vt 0.971289 0.948852
vt 0.912517 0.902706
vt 0.918681 0.937612
vt 0.869444 0.917162
vt 0.109336 0.847458
vt 0.138508 0.862626
vt 0.119269 0.876011
vt 0.551716 0.252110
vt 0.539726 0.319505
vt 0.522590 0.261919
vt 0.695728 0.313425
vt 0.671003 0.284549
vt 0.727737 0.285245
vt 0.198351 0.558969
vt 0.224526 0.519079
vt 0.244841 0.561015
vt 0.776319 0.644169
vt 0.759987 0.644232
vt 0.766179 0.614703
vt 0.065409 0.369871
vt 0.095117 0.386624
vt 0.075537 0.397305
vt 0.768566 0.547752
vt 0.736098 0.572029
vt 0.733190 0.546782
vt 0.288822 0.581639
vt 0.265810 0.580140
vt 0.306553 0.556655
vt 0.114762 0.119144
vt 0.109475 0.143022
vt 0.072160 0.107164
vt 0.781729 0.852163
vt 0.808373 0.817844
vt 0.819277 0.805887
vt 0.126522 0.422331
vt 0.095672 0.412270
vt 0.128396 0.384448
vt 0.292456 0.410207
vt 0.299282 0.453253
vt 0.262318 0.442168
vt 0.097271 0.240874
vt 0.086254 0.222734
vt 0.119612 0.188192
vt 0.723641 0.518077
vt 0.706789 0.496781
vt 0.739408 0.466942
vt 0.746052 0.517628
vt 0.758143 0.531858
vt 0.779545 0.512409
vt 0.790280 0.539923
vt 0.216476 0.620545
vt 0.249695 0.665160
vt 0.180338 0.665592
vt 0.763996 0.778431
vt 0.767637 0.748795
vt 0.777871 0.782407
vt 0.336017 0.524930
vt 0.353282 0.557758
vt 0.323292 0.546838
vt 0.300340 0.520270
vt 0.317146 0.476793
vt 0.162124 0.362918
vt 0.162713 0.381028
vt 0.145021 0.154137
vt 0.164618 0.167859
vt 0.126550 0.162251
vt 0.073205 0.410783
vt 0.066170 0.428365
vt 0.044575 0.420658
vt 0.844450 0.263427
vt 0.865153 0.275838
vt 0.817586 0.296632
vt 0.806605 0.266470
vt 0.173843 0.221591
vt 0.142588 0.181948
vt 0.170707 0.185956
vt 0.145013 0.021111
vt 0.129735 0.008002
vt 0.148432 0.001926
vt 0.166885 0.004621
vt 0.178553 0.395764
vt 0.197864 0.411163
vt 0.166444 0.418029
vt 0.202981 0.390036
vt 0.352714 0.207726
vt 0.371764 0.197616
vt 0.386706 0.245130
vt 0.385828 0.528457
vt 0.349368 0.486046
vt 0.148657 0.760195
vt 0.113162 0.770706
vt 0.128757 0.728883
vt 0.380448 0.258939
vt 0.393417 0.259698
vt 0.212798 0.367722
vt 0.224839 0.335719
vt 0.237530 0.339087
vt 0.101910 0.752981
vt 0.121211 0.709663
vt 0.335366 0.296379
vt 0.306889 0.314385
vt 0.307021 0.296008
vt 0.215696 0.310990
vt 0.443696 0.258528
vt 0.410690 0.275936
vt 0.417897 0.256346
vt 0.310827 0.330084
vt 0.327058 0.320098
vt 0.323103 0.349245
vt 0.654667 0.841765
vt 0.694780 0.840279
vt 0.689119 0.860528
vt 0.247917 0.251782
vt 0.263177 0.262004
vt 0.222515 0.247571
vt 0.566443 0.782439
vt 0.579216 0.811357
vt 0.541116 0.812487
vt 0.355474 0.329590
vt 0.429843 0.317397
vt 0.395145 0.288984
vt 0.741062 0.102115
vt 0.726746 0.077148
vt 0.752703 0.073857
vt 0.248803 0.227816
vt 0.253403 0.218900
vt 0.262247 0.227788
vt 0.485716 0.749037
vt 0.529937 0.755999
vt 0.458902 0.783100
vt 0.358241 0.395452
vt 0.386247 0.394735
vt 0.698508 0.027310
vt 0.638711 0.040783
vt 0.634561 0.021138
vt 0.838750 0.628228
vt 0.807180 0.594670
vt 0.859718 0.589469
vt 0.635437 0.178511
vt 0.621077 0.168171
vt 0.626654 0.149030
vt 0.636916 0.087156
vt 0.618364 0.062659
vt 0.589608 0.094843
vt 0.598652 0.072068
vt 0.608968 0.119506
vt 0.889701 0.634763
vt 0.885284 0.589789
vt 0.900382 0.613800
vt 0.800388 0.702747
vt 0.801900 0.683788
vt 0.812149 0.702103
vt 0.918946 0.606034
vt 0.946882 0.606535
vt 0.939858 0.618208
vt 0.811401 0.622744
vt 0.495467 0.820901
vt 0.458090 0.836510
vt 0.216516 0.018470
vt 0.208963 0.002286
vt 0.228191 0.012647
vt 0.879143 0.545412
vt 0.896963 0.543615
vt 0.877545 0.558370
vt 0.620625 0.017906
vt 0.202156 0.050252
vt 0.181821 0.024944
vt 0.205249 0.034453
vt 0.706289 0.046397
vt 0.733076 0.042047
vt 0.417138 0.524105
vt 0.394905 0.479570
vt 0.971454 0.072567
vt 0.937547 0.041667
vt 0.960000 0.037824
vt 0.963743 0.100528
vt 0.940100 0.073526
vt 0.930375 0.099847
vt 0.903599 0.411882
vt 0.894134 0.430656
vt 0.883468 0.397853
vt 0.913296 0.092046
vt 0.906715 0.072018
vt 0.929140 0.013725
vt 0.777530 0.060121
vt 0.770538 0.077675
vt 0.920009 0.058456
vt 0.921811 0.491248
vt 0.924812 0.460308
vt 0.936960 0.470317
vt 0.906193 0.455496
vt 0.889332 0.461904
vt 0.881852 0.443025
vt 0.898634 0.054803
vt 0.906811 0.038637
vt 0.899144 0.005310
vt 0.895217 0.476136
vt 0.895554 0.025013
vt 0.897771 0.505467
vt 0.881041 0.471387
vt 0.941637 0.402237
vt 0.950391 0.429192
vt 0.926925 0.419353
vt 0.757541 0.132193
vt 0.756060 0.111772
vt 0.700083 0.102942
vt 0.655474 0.063841
vt 0.674526 0.089085
vt 0.690128 0.137175
vt 0.757213 0.152358
vt 0.713174 0.151544
vt 0.731698 0.135178
vt 0.782397 0.169351
vt 0.803110 0.187266
vt 0.775431 0.180097
vt 0.924764 0.378599
vt 0.923034 0.402156
vt 0.903263 0.383049
vt 0.880485 0.372752
vt 0.885817 0.360372
vt 0.795196 0.206498
vt 0.733896 0.187414
vt 0.762864 0.212847
vt 0.749812 0.204352
vt 0.703202 0.189995
vt 0.720572 0.175567
vt 0.695014 0.164141
vt 0.661284 0.120647
vt 0.606651 0.147576
vt 0.586092 0.120561
vt 0.573270 0.098597
vt 0.549709 0.081273
vt 0.843673 0.651028
vt 0.827071 0.683971
vt 0.349774 0.834718
vt 0.332528 0.845047
vt 0.298234 0.815562
vt 0.385917 0.840806
vt 0.509987 0.246142
vt 0.479031 0.254411
vt 0.500512 0.241295
vt 0.469993 0.236318
vt 0.439370 0.345515
vt 0.464962 0.335149
vt 0.455635 0.285099
vt 0.452861 0.315702
vt 0.402168 0.750041
vt 0.387169 0.762309
vt 0.386971 0.727539
vt 0.376195 0.751817
vt 0.364024 0.770512
vt 0.359497 0.750638
vt 0.381821 0.787715
vt 0.417400 0.798545
vt 0.374935 0.819977
vt 0.419583 0.781333
vt 0.450586 0.779011
vt 0.447043 0.801261
vt 0.401600 0.772872
vt 0.310088 0.797613
vt 0.346756 0.795513
vt 0.349777 0.728490
vt 0.340207 0.759288
vt 0.329008 0.714637
vt 0.364348 0.705828
vt 0.382391 0.710217
vt 0.582715 0.213405
vt 0.574017 0.192453
vt 0.588675 0.182585
vt 0.622677 0.193646
vt 0.612505 0.227208
vt 0.301608 0.730872
vt 0.295865 0.773435
vt 0.329150 0.783703
vt 0.606879 0.173729
vt 0.884142 0.663950
vt 0.847333 0.683611
vt 0.415952 0.340511
vt 0.439049 0.378180
vt 0.422220 0.395786
vt 0.372364 0.317441
vt 0.394888 0.343736
vt 0.404160 0.314767
vt 0.334697 0.304215
vt 0.329329 0.264780
vt 0.362632 0.259229
vt 0.327662 0.238493
vt 0.332465 0.213124
vt 0.643189 0.369154
vt 0.639116 0.406181
vt 0.615280 0.401660
vt 0.653921 0.765347
vt 0.637700 0.759092
vt 0.663385 0.748236
vt 0.683638 0.758421
vt 0.653956 0.782322
vt 0.403082 0.208466
vt 0.437517 0.196460
vt 0.406808 0.241966
vt 0.201645 0.426263
vt 0.192333 0.439662
vt 0.482562 0.197771
vt 0.494536 0.219627
vt 0.476606 0.211771
vt 0.198197 0.350309
vt 0.209812 0.220802
vt 0.188313 0.270141
vt 0.140084 0.211560
vt 0.135613 0.140987
vt 0.165426 0.135443
vt 0.185660 0.158162
vt 0.224823 0.187920
vt 0.205815 0.183104
vt 0.239588 0.213524
vt 0.966027 0.615750
vt 0.938736 0.626783
vt 0.945433 0.625582
vt 0.470167 0.845066
vt 0.743985 0.014762
vt 0.379378 0.580450
vt 0.394014 0.559780
vt 0.788965 0.257079
vt 0.783067 0.273078
vt 0.794188 0.287812
vt 0.060710 0.386640
vt 0.054544 0.402747
vt 0.365039 0.583784
vt 0.255570 0.519555
vt 0.254329 0.478121
vt 0.285813 0.492330
vt 0.216016 0.479477
vt 0.226735 0.452867
vt 0.221522 0.430565
vt 0.215832 0.435626
vt 0.239953 0.439277
vt 0.747564 0.625003
vt 0.719831 0.636353
vt 0.740425 0.608533
vt 0.734226 0.647532
vt 0.739882 0.681039
vt 0.720586 0.667567
vt 0.766071 0.681908
vt 0.774880 0.684297
vt 0.754182 0.691786
vt 0.851429 0.870240
vt 0.899848 0.862115
vt 0.597645 0.421924
vt 0.628141 0.435317
vt 0.105907 0.688103
vt 0.365037 0.610058
vt 0.318764 0.592514
vt 0.346168 0.590536
vt 0.327204 0.575532
vt 0.372580 0.663088
vt 0.334968 0.656718
vt 0.322923 0.669906
vt 0.317906 0.668506
vt 0.292166 0.057257
vt 0.295500 0.093454
vt 0.273935 0.071427
vt 0.224094 0.080390
vt 0.237226 0.057630
vt 0.144621 0.896313
vt 0.105559 0.823072
vt 0.126029 0.794084
vt 0.144263 0.801019
vt 0.146890 0.782721
vt 0.093269 0.180211
vt 0.075332 0.142036
vt 0.170531 0.822121
vt 0.160527 0.875989
vt 0.178329 0.895339
vt 0.201208 0.831931
vt 0.175164 0.802819
vt 0.201928 0.794201
vt 0.235016 0.853066
vt 0.223177 0.876224
vt 0.278871 0.032225
vt 0.319959 0.073142
vt 0.318326 0.059691
vt 0.347885 0.067267
vt 0.027565 0.258329
vt 0.059779 0.252550
vt 0.041785 0.269139
vt 0.220035 0.811993
vt 0.225540 0.806318
vt 0.074488 0.262171
vt 0.502238 0.952174
vt 0.491570 0.939128
vt 0.529700 0.954802
vt 0.012420 0.294853
vt 0.039216 0.304258
vt 0.545373 0.919551
vt 0.593809 0.919399
vt 0.375899 0.063865
vt 0.407929 0.037167
vt 0.572456 0.884182
vt 0.600643 0.905933
vt 0.505904 0.930093
vt 0.483102 0.905734
vt 0.521424 0.905225
vt 0.533019 0.902512
vt 0.546612 0.862558
vt 0.401886 0.027208
vt 0.413661 0.019339
vt 0.567683 0.854262
vt 0.551587 0.835263
vt 0.528732 0.847819
vt 0.516393 0.876751
vt 0.478569 0.884239
vt 0.107023 0.314681
vt 0.067529 0.284917
vt 0.093764 0.285367
vt 0.113318 0.365432
vt 0.493326 0.849800
vt 0.475747 0.867647
vt 0.516812 0.834751
vt 0.441136 0.058151
vt 0.421615 0.028638
vt 0.487288 0.155892
vt 0.446335 0.138909
vt 0.515700 0.156714
vt 0.504676 0.172720
vt 0.356677 0.156077
vt 0.383317 0.158876
vt 0.425880 0.122194
vt 0.423574 0.168214
vt 0.439374 0.111363
vt 0.408997 0.078126
vt 0.400337 0.064903
vt 0.299575 0.638302
vt 0.297905 0.594981
vt 0.025220 0.625429
vt 0.025658 0.597901
vt 0.047231 0.619280
vt 0.335183 0.178118
vt 0.017664 0.660940
vt 0.012258 0.647019
vt 0.286930 0.619167
vt 0.280017 0.611885
vt 0.027344 0.639122
vt 0.950738 0.823478
vt 0.944212 0.819412
vt 0.229230 0.731612
vt 0.203723 0.718911
vt 0.227564 0.686926
vt 0.169942 0.692916
vt 0.151482 0.680726
vt 0.151186 0.664786
vt 0.774454 0.233379
vt 0.790620 0.231154
vt 0.667302 0.206542
vt 0.652325 0.226688
vt 0.651648 0.162432
vt 0.322654 0.402167
vt 0.301582 0.344239
vt 0.306952 0.386153
vt 0.583732 0.383957
vt 0.605555 0.371234
vt 0.631155 0.337539
vt 0.604974 0.331158
vt 0.610807 0.306762
vt 0.638221 0.306678
vt 0.660113 0.269669
vt 0.645233 0.269604
vt 0.301768 0.036516
vt 0.310722 0.026918
vt 0.321250 0.039731
vt 0.321858 0.026460
vt 0.314424 0.014516
vt 0.333609 0.014722
vt 0.315852 0.002838
vt 0.508124 0.038098
vt 0.500985 0.021219
vt 0.512024 0.020667
vt 0.631026 0.272620
vt 0.519426 0.022090
vt 0.449607 0.073910
vt 0.496546 0.078553
vt 0.463201 0.103603
vt 0.473616 0.076629
vt 0.454918 0.096663
vt 0.521123 0.068077
vt 0.530440 0.038327
vt 0.550114 0.046377
vt 0.547606 0.056915
vt 0.993576 0.927169
vt 0.994879 0.945316
vt 0.005752 0.207052
vt 0.019972 0.208566
vt 0.006679 0.225405
vt 0.023261 0.228896
vt 0.015364 0.251781
vt 0.028978 0.244362
vt 0.522927 0.121354
vt 0.527223 0.080744
vt 0.711843 0.669564
vt 0.729851 0.712746
vt 0.716291 0.717574
vt 0.084970 0.451421
vt 0.051217 0.462446
vt 0.037985 0.458376
vt 0.064645 0.484896
vt 0.040582 0.500229
vt 0.453742 0.165147
vt 0.002303 0.529149
vt 0.013402 0.538244
vt 0.019487 0.579546
vt 0.105128 0.614048
vt 0.126738 0.596236
vt 0.937994 0.899992
vt 0.939848 0.885457
vt 0.161088 0.519357
vt 0.148630 0.565976
vt 0.143867 0.540048
vt 0.109834 0.552569
vt 0.100445 0.591224
vt 0.081211 0.550557
vt 0.051454 0.555081
vt 0.069613 0.522613
vt 0.045525 0.530187
vt 0.007003 0.498444
vt 0.019985 0.496064
vt 0.053283 0.591812
vt 0.024498 0.561235
vt 0.071029 0.579362
vt 0.138806 0.502198
vt 0.152606 0.492861
vt 0.130446 0.454729
vt 0.148037 0.464418
vt 0.691298 0.642144
vt 0.708366 0.633056
vt 0.709720 0.647783
vt 0.682210 0.673486
vt 0.638983 0.642740
vt 0.602410 0.666987
vt 0.616738 0.684712
vt 0.980463 0.978508
vt 0.948897 0.959440
vt 0.020474 0.181096
vt 0.028749 0.196884
vt 0.706507 0.723926
vt 0.663875 0.682025
vt 0.935528 0.937987
vt 0.044756 0.192303
vt 0.038841 0.216159
vt 0.062820 0.175189
vt 0.052428 0.220890
vt 0.667270 0.689563
vt 0.645552 0.685603
vt 0.929704 0.963964
vt 0.953056 0.973871
vt 0.055405 0.156086
vt 0.022440 0.156542
vt 0.039342 0.140174
vt 0.014786 0.145972
vt 0.006207 0.161109
vt 0.019421 0.130769
vt 0.925412 0.991485
vt 0.922019 0.973339
vt 0.577970 0.696912
vt 0.580425 0.718745
vt 0.564387 0.649679
vt 0.541783 0.641998
vt 0.543801 0.616149
vt 0.573645 0.599255
vt 0.598426 0.626575
vt 0.610486 0.611188
vt 0.263146 0.686892
vt 0.279500 0.670264
vt 0.257689 0.729281
vt 0.596281 0.602763
vt 0.594914 0.590166
vt 0.232778 0.770540
vt 0.206035 0.763405
vt 0.183542 0.745632
vt 0.174072 0.709462
vt 0.145074 0.034081
vt 0.168278 0.044510
vt 0.137262 0.047647
vt 0.154827 0.020362
vt 0.175906 0.020315
vt 0.155929 0.030368
vt 0.141738 0.735515
vt 0.139330 0.777384
vt 0.171216 0.768098
vt 0.858162 0.744869
vt 0.832801 0.719824
vt 0.840895 0.706549
vt 0.589500 0.368695
vt 0.587068 0.347299
vt 0.588194 0.317979
vt 0.611051 0.290212
vt 0.595674 0.276331
vt 0.611966 0.273727
vt 0.594088 0.291032
vt 0.583122 0.276654
vt 0.568163 0.288447
vt 0.570151 0.269609
vt 0.588266 0.303107
vt 0.582643 0.290492
vt 0.561764 0.311630
vt 0.573464 0.354938
vt 0.566210 0.375339
vt 0.554479 0.364241
vt 0.494465 0.288898
vt 0.505956 0.257183
vt 0.551286 0.699971
vt 0.539523 0.676982
vt 0.556088 0.683231
vt 0.538753 0.630149
vt 0.262961 0.767204
vt 0.242527 0.784796
vt 0.181649 0.772542
vt 0.855741 0.779828
vt 0.861758 0.779611
vt 0.853599 0.754574
vt 0.841713 0.733159
vt 0.284702 0.368067
vt 0.297192 0.309672
vt 0.299770 0.249116
vt 0.296581 0.280587
vt 0.285899 0.260475
vt 0.540214 0.344042
vt 0.522802 0.335813
vt 0.513269 0.309969
vt 0.487174 0.308511
vt 0.476076 0.300934
vt 0.834737 0.830515
vt 0.842294 0.841747
vt 0.814629 0.847410
vt 0.288059 0.355245
vt 0.547357 0.390833
vt 0.508068 0.325135
vt 0.712594 0.818137
vt 0.728115 0.834194
vt 0.719624 0.833704
vt 0.852276 0.817931
vt 0.842447 0.812658
vt 0.739444 0.806713
vt 0.755563 0.828805
vt 0.757493 0.851022
vt 0.828500 0.800335
vt 0.838339 0.775649
vt 0.800883 0.719246
vt 0.775438 0.711862
vt 0.765116 0.700458
vt 0.794828 0.705476
vt 0.705891 0.771612
vt 0.727206 0.783615
vt 0.783047 0.816756
vt 0.722910 0.728805
vt 0.731671 0.751006
vt 0.712707 0.747489
vt 0.766407 0.805061
vt 0.821916 0.795851
vt 0.812378 0.743075
vt 0.821427 0.731139
vt 0.822912 0.757981
vt 0.737952 0.712871
vt 0.752207 0.725218
vt 0.750755 0.776963
vt 0.805768 0.799298
vt 0.790633 0.754022
vt 0.296526 0.230505
vt 0.287888 0.233572
vt 0.760982 0.223107
vt 0.691541 0.194314
vt 0.669635 0.224508
vt 0.337530 0.409772
vt 0.911626 0.257191
vt 0.882880 0.265313
vt 0.881192 0.262970
vt 0.867083 0.300612
vt 0.875699 0.279759
vt 0.887791 0.299895
vt 0.912746 0.305488
vt 0.896714 0.329881
vt 0.924971 0.332400
vt 0.406224 0.427057
vt 0.387391 0.413328
vt 0.410994 0.418342
vt 0.365002 0.406221
vt 0.320978 0.422588
vt 0.897311 0.282900
vt 0.928416 0.316375
vt 0.945332 0.321827
vt 0.917057 0.277165
vt 0.897139 0.263909
vt 0.944942 0.298300
vt 0.959908 0.303479
vt 0.951114 0.275686
vt 0.260051 0.714545
vt 0.587396 0.583857
vt 0.381835 0.886143
vt 0.380332 0.905747
vt 0.366976 0.902344
vt 0.641821 0.616956
vt 0.413314 0.945413
vt 0.423651 0.929549
vt 0.438675 0.938354
vt 0.387376 0.923565
vt 0.385565 0.935596
vt 0.413457 0.905269
vt 0.443315 0.914019
vt 0.443477 0.879013
vt 0.408268 0.863434
vt 0.267912 0.742011
vt 0.111334 0.535580
vt 0.086613 0.527385
vt 0.101191 0.505535
vt 0.120125 0.513528
vt 0.132981 0.472151
vt 0.114229 0.453821
vt 0.086746 0.473217
vt 0.114881 0.479356
vt 0.293268 0.021900
vt 0.298743 0.007380
vt 0.669620 0.333044
vt 0.122911 0.275867
vt 0.098545 0.259643
vt 0.139676 0.254895
vt 0.134411 0.294250
vt 0.168485 0.302335
vt 0.138435 0.337977
vt 0.153393 0.440483
vt 0.725615 0.349117
vt 0.595669 0.737892
vt 0.602168 0.739689
vt 0.609250 0.773968
vt 0.686897 0.734403
vt 0.733239 0.373549
vt 0.723830 0.369743
vt 0.707098 0.352869
vt 0.672987 0.349644
vt 0.651892 0.366015
vt 0.643771 0.716626
vt 0.625986 0.729957
vt 0.612712 0.709998
vt 0.629298 0.744264
vt 0.646772 0.733460
vt 0.674368 0.708857
vt 0.661342 0.732088
vt 0.167893 0.343708
vt 0.180227 0.368945
vt 0.190461 0.373940
vt 0.727541 0.256070
vt 0.759105 0.295457
vt 0.716345 0.238296
vt 0.743615 0.306511
vt 0.210393 0.792190
vt 0.177068 0.782342
vt 0.189832 0.850691
vt 0.185457 0.875972
vt 0.205387 0.909627
vt 0.003880 0.259231
vt 0.130151 0.104005
vt 0.138430 0.122805
vt 0.154379 0.122728
vt 0.183531 0.129324
vt 0.214544 0.162131
vt 0.983882 0.609640
vt 0.993007 0.620424
vt 0.968447 0.628171
vt 0.799106 0.619213
vt 0.810577 0.642244
vt 0.468715 0.756007
vt 0.460465 0.763969
vt 0.979133 0.643427
vt 0.953484 0.643564
vt 0.227353 0.169550
vt 0.224193 0.162347
vt 0.236782 0.169709
vt 0.491888 0.721724
vt 0.508039 0.731014
vt 0.140252 0.058761
vt 0.107958 0.053491
vt 0.119869 0.038731
vt 0.918487 0.770138
vt 0.892766 0.749184
vt 0.919233 0.751136
vt 0.911929 0.729481
vt 0.891064 0.713041
vt 0.900331 0.704859
vt 0.925632 0.707347
vt 0.893368 0.728765
vt 0.937676 0.726780
vt 0.938826 0.760275
vt 0.158903 0.082048
vt 0.129808 0.068421
vt 0.544321 0.713165
vt 0.523751 0.709560
vt 0.617728 0.834806
vt 0.631930 0.840999
vt 0.616921 0.856843
vt 0.884785 0.536494
vt 0.636601 0.860416
vt 0.659410 0.889458
vt 0.626562 0.879309
vt 0.683020 0.903004
vt 0.703293 0.944298
vt 0.657615 0.939494
vt 0.734456 0.010346
vt 0.420789 0.531688
vt 0.405276 0.545924
vt 0.821953 0.383633
vt 0.770364 0.351407
vt 0.794053 0.330283
vt 0.766448 0.341677
vt 0.039263 0.397700
vt 0.007456 0.389435
vt 0.035819 0.375768
vt 0.024639 0.399677
vt 0.024534 0.416363
vt 0.018906 0.437763
vt 0.003265 0.410167
vt 0.261431 0.541884
vt 0.863162 0.844916
vt 0.894382 0.847096
vt 0.626521 0.453861
vt 0.617529 0.487931
vt 0.517947 0.422382
vt 0.524649 0.402754
vt 0.074759 0.704137
vt 0.043449 0.697977
vt 0.482283 0.706551
vt 0.435833 0.685624
vt 0.458958 0.668540
vt 0.045787 0.112844
vt 0.037205 0.122820
vt 0.392629 0.700853
vt 0.390143 0.688473
vt 0.228809 0.923497
vt 0.227127 0.949502
vt 0.206112 0.941325
vt 0.211586 0.953843
vt 0.194390 0.951652
vt 0.188565 0.971564
vt 0.167885 0.973663
vt 0.165178 0.946275
vt 0.200272 0.978936
vt 0.189451 0.995365
vt 0.213958 0.982545
vt 0.226148 0.967139
vt 0.225321 0.994425
vt 0.247988 0.952943
vt 0.240867 0.978569
vt 0.291285 0.122966
vt 0.146500 0.912213
vt 0.118976 0.896686
vt 0.097466 0.860603
vt 0.444413 0.701807
vt 0.410725 0.710540
vt 0.199926 0.156399
vt 0.167033 0.106881
vt 0.185916 0.106291
vt 0.800582 0.586442
vt 0.812116 0.563044
vt 0.799768 0.524065
vt 0.865628 0.705435
vt 0.861856 0.731930
vt 0.889258 0.699732
vt 0.686886 0.875298
vt 0.395462 0.592992
vt 0.603316 0.841146
vt 0.599778 0.797015
vt 0.605980 0.813455
vt 0.562239 0.831491
vt 0.060386 0.789869
vt 0.061932 0.764233
vt 0.086221 0.792133
vt 0.697296 0.882927
vt 0.701623 0.905880
vt 0.734852 0.933869
vt 0.773596 0.932860
vt 0.749623 0.944185
vt 0.083081 0.842533
vt 0.064363 0.809510
vt 0.042256 0.758947
vt 0.715723 0.882977
vt 0.702208 0.868252
vt 0.061983 0.864018
vt 0.075036 0.876315
vt 0.028994 0.789020
vt 0.035976 0.779712
vt 0.016524 0.784813
vt 0.019444 0.743469
vt 0.743093 0.866577
vt 0.727496 0.869188
vt 0.046098 0.825645
vt 0.034498 0.803224
vt 0.721192 0.848891
vt 0.703981 0.846230
vt 0.029983 0.850797
vt 0.006624 0.859634
vt 0.009150 0.840698
vt 0.034534 0.879118
vt 0.026357 0.826892
vt 0.004679 0.813067
vt 0.001669 0.833782
vt 0.040474 0.903587
vt 0.723889 0.909923
vt 0.770405 0.911594
vt 0.726208 0.441853
vt 0.719651 0.415662
vt 0.737329 0.421556
vt 0.949972 0.564186
vt 0.956082 0.553119
vt 0.958950 0.576436
vt 0.982551 0.536180
vt 0.981559 0.557694
vt 0.836957 0.320567
vt 0.854803 0.284223
vt 0.841787 0.347662
vt 0.827208 0.420227
vt 0.777423 0.393258
vt 0.251646 0.592356
vt 0.240231 0.586425
vt 0.231719 0.573663
vt 0.960737 0.212468
vt 0.965435 0.228939
vt 0.935838 0.240637
vt 0.491035 0.501657
vt 0.069051 0.922741
vt 0.048664 0.916087
vt 0.078901 0.894713
vt 0.376569 0.600941
vt 0.405457 0.598891
vt 0.420817 0.573834
vt 0.425837 0.611649
vt 0.461484 0.582617
vt 0.502601 0.661914
vt 0.060134 0.058415
vt 0.053156 0.035598
vt 0.084435 0.029263
vt 0.766945 0.588819
vt 0.911576 0.696293
vt 0.884329 0.680079
vt 0.616721 0.800887
vt 0.790817 0.489420
vt 0.766888 0.450749
vt 0.720105 0.470375
vt 0.930490 0.579482
vt 0.927656 0.556630
vt 0.926008 0.540366
vt 0.857660 0.410776
vt 0.582075 0.498625
vt 0.541879 0.519861
vt 0.498805 0.440433
vt 0.473382 0.467750
vt 0.124732 0.915362
vt 0.111903 0.927000
vt 0.095344 0.911565
vt 0.103950 0.895538
vt 0.095925 0.928657
vt 0.071981 0.948512
vt 0.463364 0.448788
vt 0.418837 0.476512
vt 0.440106 0.434702
vt 0.442601 0.476167
vt 0.130413 0.938689
vt 0.114907 0.964864
vt 0.110344 0.949791
vt 0.090420 0.953762
vt 0.071680 0.973282
vt 0.086420 0.979643
vt 0.122882 0.966331
vt 0.702313 0.571760
vt 0.664860 0.566395
vt 0.717255 0.540586
vt 0.635385 0.564906
vt 0.662834 0.530030
vt 0.867385 0.354769
vt 0.848848 0.341496
vt 0.952124 0.525854
vt 0.946709 0.498208
vt 0.961222 0.498889
vt 0.960493 0.535215
vt 0.939890 0.518266
vt 0.658226 0.480605
vt 0.675295 0.486495
vt 0.645631 0.503585
vt 0.678697 0.498048
vt 0.691658 0.519561
vt 0.699967 0.483981
vt 0.902780 0.535042
vt 0.906968 0.559618
vt 0.500811 0.545915
vt 0.659643 0.592595
vt 0.477517 0.617202
vt 0.749401 0.586505
vt 0.860836 0.176921
vt 0.888320 0.162066
vt 0.857736 0.185420
vt 0.015289 0.057239
vt 0.029057 0.059549
vt 0.001962 0.060672
vt 0.054380 0.013822
vt 0.058549 0.005802
vt 0.769043 0.604649
vt 0.781263 0.086884
vt 0.771763 0.095373
vt 0.780650 0.074334
vt 0.887463 0.070030
vt 0.855466 0.050581
vt 0.884779 0.061743
vt 0.774589 0.114012
vt 0.859207 0.150080
vt 0.850382 0.064790
vt 0.831545 0.047321
vt 0.870859 0.139400
vt 0.902559 0.138713
vt 0.880208 0.083477
vt 0.902012 0.105893
vt 0.882078 0.109113
vt 0.807991 0.086634
vt 0.798020 0.062378
vt 0.819441 0.076301
vt 0.793839 0.110435
vt 0.807593 0.123883
vt 0.784372 0.138261
vt 0.837387 0.153063
vt 0.829850 0.178583
vt 0.855875 0.079002
vt 0.864273 0.097668
vt 0.814924 0.108710
vt 0.834216 0.093637
vt 0.852715 0.092792
vt 0.850068 0.142976
vt 0.853670 0.126617
vt 0.873259 0.116914
vt 0.836506 0.115768
vt 0.838233 0.130852
vt 0.826463 0.138270
vt 0.846599 0.109138
vt 0.810052 0.420837
vt 0.817299 0.425226
vt 0.939566 0.213023
vt 0.934339 0.195357
vt 0.562025 0.514685
vt 0.582664 0.510264
vt 0.917201 0.180887
vt 0.887431 0.195379
vt 0.911726 0.166669
vt 0.915839 0.207224
vt 0.909108 0.236348
vt 0.934005 0.178955
vt 0.940957 0.162857
vt 0.957144 0.177113
vt 0.926831 0.194209
vt 0.929480 0.200667
vt 0.910665 0.194666
vt 0.926544 0.213397
vt 0.811614 0.480425
vt 0.809771 0.498776
vt 0.614092 0.790309
vt 0.606108 0.789085
vt 0.866852 0.692910
vt 0.891734 0.666385
vt 0.920655 0.673794
vt 0.545822 0.778250
vt 0.549155 0.744687
vt 0.949736 0.701285
vt 0.924677 0.667370
vt 0.108929 0.018333
vt 0.182142 0.543821
vt 0.192315 0.533042
vt 0.206970 0.492207
vt 0.305228 0.919310
vt 0.323959 0.934190
vt 0.291076 0.944258
vt 0.255686 0.926476
vt 0.257720 0.935465
vt 0.241941 0.890364
vt 0.278423 0.919993
vt 0.302621 0.896447
vt 0.280868 0.888886
vt 0.322122 0.878090
vt 0.262896 0.877410
vt 0.261693 0.852140
vt 0.276899 0.837717
vt 0.338213 0.873574
vt 0.339544 0.897950
vt 0.329542 0.901087
vt 0.297369 0.571411
vt 0.789771 0.604411
vt 0.847885 0.904533
vt 0.838271 0.867730
vt 0.843597 0.900805
vt 0.766995 0.657519
vt 0.751639 0.663979
vt 0.786688 0.664836
vt 0.159614 0.652289
vt 0.197977 0.621319
vt 0.300619 0.409301
vt 0.305319 0.436418
vt 0.329241 0.467215
vt 0.459374 0.206501
vt 0.403050 0.266435
vt 0.402651 0.254745
vt 0.220444 0.037071
vt 0.789718 0.692392
vt 0.821815 0.706212
vt 0.409889 0.150652
vt 0.048236 0.950098
vt 0.191366 0.927123
vt 0.654277 0.407644
vt 0.654353 0.415948
vt 0.538786 0.548731
vt 0.514936 0.556458
vt 0.633652 0.501910
vt 0.615725 0.517036
vt 0.495110 0.575431
vt 0.466915 0.566236
vt 0.035347 0.096148
vt 0.832728 0.936278
vt 0.054753 0.334601
vt 0.764303 0.372141
vt 0.799998 0.313842
vt 0.280984 0.511411
vt 0.194483 0.087122
vt 0.797333 0.467849
vt 0.832104 0.744383
vt 0.231870 0.029299
vt 0.101155 0.715910
vt 0.227152 0.389455
vt 0.785259 0.679146
vt 0.802024 0.654035
vt 0.650736 0.016862
vt 0.844939 0.559735
vt 0.850131 0.542681
vt 0.266957 0.276978
vt 0.950155 0.587727
vt 0.902972 0.592455
vt 0.187229 0.008613
vt 0.200601 0.019650
vt 0.504662 0.833314
vt 0.898512 0.549753
vt 0.369176 0.476653
vt 0.924374 0.045515
vt 0.910854 0.370390
vt 0.183008 0.635893
vt 0.821042 0.190953
vt 0.241118 0.015564
vt 0.274887 0.005492
vt 0.471122 0.364580
vt 0.417224 0.735013
vt 0.427097 0.832398
vt 0.443001 0.766400
vt 0.552473 0.123475
vt 0.578258 0.161698
vt 0.533098 0.108556
vt 0.630723 0.234696
vt 0.389249 0.274356
vt 0.669491 0.786859
vt 0.639378 0.789197
vt 0.913345 0.626816
vt 0.532103 0.828657
vt 0.046897 0.442995
vt 0.788023 0.630939
vt 0.134416 0.668941
vt 0.027897 0.699911
vt 0.212284 0.079811
vt 0.178123 0.912570
vt 0.131432 0.830955
vt 0.079908 0.162009
vt 0.088883 0.186762
vt 0.220879 0.902610
vt 0.002115 0.293576
vt 0.053916 0.247588
vt 0.054994 0.349994
vt 0.350025 0.056076
vt 0.598982 0.867393
vt 0.389859 0.043823
vt 0.473181 0.904932
vt 0.087549 0.332933
vt 0.017712 0.470495
vt 0.316735 0.182333
vt 0.007248 0.619486
vt 0.893673 0.927745
vt 0.862348 0.936878
vt 0.811498 0.219044
vt 0.865452 0.319718
vt 0.879836 0.349836
vt 0.903263 0.354768
vt 0.632487 0.255695
vt 0.606475 0.244362
vt 0.573515 0.229317
vt 0.556173 0.243658
vt 0.096712 0.443650
vt 0.169564 0.562619
vt 0.168611 0.540547
vt 0.690203 0.583057
vt 0.720357 0.593728
vt 0.167512 0.500816
vt 0.597325 0.714875
vt 0.516705 0.247024
vt 0.691529 0.723198
vt 0.685154 0.703234
vt 0.619764 0.692585
vt 0.944689 0.992288
vt 0.036006 0.170007
vt 0.538901 0.146013
vt 0.001869 0.127377
vt 0.541563 0.250257
vt 0.370522 0.876597
vt 0.270800 0.760912
vt 0.123275 0.027665
vt 0.160355 0.729924
vt 0.107708 0.787942
vt 0.090073 0.766026
vt 0.295407 0.330449
vt 0.577468 0.400221
vt 0.208303 0.772280
vt 0.858452 0.808189
vt 0.275273 0.245189
vt 0.529099 0.365914
vt 0.534195 0.391393
vt 0.703663 0.808160
vt 0.273405 0.364843
vt 0.279211 0.355109
vt 0.818625 0.788296
vt 0.916569 0.355373
vt 0.090074 0.748856
vt 0.949786 0.337728
vt 0.927475 0.256043
vt 0.392079 0.853849
vt 0.385352 0.870150
vt 0.457965 0.912852
vt 0.419542 0.847117
vt 0.456763 0.871572
vt 0.440080 0.855011
vt 0.752440 0.337456
vt 0.017501 0.679044
vt 0.953465 0.737859
vt 0.176900 0.445348
vt 0.652918 0.696683
vt 0.745148 0.265834
vt 0.785199 0.297658
vt 0.422202 0.002375
vt 0.994368 0.656992
vt 0.928749 0.654022
vt 0.953487 0.672649
vt 0.969777 0.660770
vt 0.481590 0.729257
vt 0.234859 0.136297
vt 0.226784 0.121743
vt 0.007858 0.114790
vt 0.404374 0.706698
vt 0.206558 0.997653
vt 0.013285 0.900229
vt 0.959517 0.709825
vt 0.556501 0.713497
vt 0.562364 0.716054
vt 0.062854 0.737032
vt 0.079216 0.766384
vt 0.032944 0.720662
vt 0.047167 0.709737
vt 0.730241 0.947284
vt 0.798562 0.247986
vt 0.873552 0.255236
vt 0.875187 0.263895
vt 0.611884 0.838449
vt 0.644040 0.834890
vt 0.600230 0.850713
vt 0.754266 0.882735
vt 0.005221 0.792170
vt 0.004490 0.913169
vt 0.764208 0.427617
vt 0.242591 0.593839
vt 0.057497 0.937600
vt 0.009158 0.099467
vt 0.511547 0.687256
vt 0.005782 0.071048
vt 0.559168 0.752964
vt 0.869792 0.372858
vt 0.853008 0.434538
vt 0.529796 0.573709
vt 0.605511 0.519678
vt 0.058747 0.974550
vt 0.413488 0.581045
vt 0.067112 0.005724
vt 0.933897 0.526978
vt 0.917817 0.506194
vt 0.630212 0.584570
vt 0.639474 0.598998
vt 0.877900 0.428797
vt 0.810460 0.149590
vt 0.474723 0.588241
vt 0.800093 0.168999
vt 0.824064 0.185415
vt 0.906338 0.100260
vt 0.682617 0.582601
vt 0.780206 0.151616
vt 0.878758 0.211351
vt 0.891243 0.233625
vt 0.905430 0.160827
vt 0.923734 0.155735
vt 0.205462 0.603446
vt 0.216237 0.603938
vt 0.876110 0.758572
vt 0.199664 0.452786
vt 0.264301 0.904555
vt 0.199903 0.602610
vt 0.282517 0.413443
vt 0.584966 0.062702
s 1
usemtl Asteroid2b
f 502/1/1 441/2/2 2/3/3
f 4/4/4 2/3/3 441/2/2
f 85/5/5 86/6/6 504/7/7
f 10/8/8 88/9/9 14/10/10
f 14/10/10 17/11/11 10/8/8
f 6/12/12 92/13/13 12/14/14
f 501/15/15 93/16/16 14/10/10
f 91/17/17 495/18/18 15/19/19
f 474/20/20 97/21/21 17/11/11
f 14/10/10 474/20/20 17/11/11
f 100/22/22 98/23/23 99/24/24
f 812/25/25 100/22/22 99/24/24
f 440/26/26 511/27/27 742/28/28
f 851/29/29 105/30/30 21/31/31
f 550/32/32 106/33/33 23/34/34
f 437/35/35 439/36/36 547/37/37
f 530/38/38 109/39/39 110/40/40
f 530/38/38 110/40/40 24/41/41
f 128/42/42 530/38/38 24/41/41
f 757/43/43 29/44/44 25/45/45
f 701/46/46 24/41/41 26/47/47
f 850/48/48 115/49/49 848/50/50
f 119/51/51 138/52/52 908/53/53
f 121/54/54 463/55/55 468/56/56
f 123/57/57 124/58/58 28/59/59
f 128/60/42 701/61/46 30/62/60
f 132/63/61 131/64/62 538/65/63
f 140/66/64 512/67/65 36/68/66
f 34/69/67 448/70/68 450/71/69
f 31/72/70 146/73/71 147/74/72
f 150/75/73 525/76/74 151/77/75
f 156/78/76 39/79/77 37/80/78
f 163/81/79 430/82/80 164/83/81
f 165/84/82 166/85/83 490/86/84
f 203/87/85 854/88/86 176/89/87
f 181/90/88 170/91/89 212/92/90
f 184/93/91 182/94/92 183/95/93
f 590/96/94 186/97/95 643/98/96
f 46/99/97 191/100/98 220/101/99
f 194/102/100 913/103/101 429/104/102
f 456/105/103 470/106/104 195/107/105
f 45/108/106 185/109/107 804/110/108
f 197/111/109 45/108/106 804/110/108
f 200/112/110 204/113/111 761/114/112
f 432/115/113 171/116/114 199/117/115
f 205/118/116 655/119/117 210/120/118
f 213/121/119 735/122/120 214/123/121
f 425/124/122 219/125/123 213/121/119
f 220/101/99 221/126/124 55/127/125
f 56/128/126 410/129/127 222/130/128
f 422/131/129 51/132/130 423/133/131
f 781/134/132 805/135/133 53/136/134
f 53/136/134 224/137/135 781/134/132
f 244/138/136 57/139/137 407/140/138
f 227/141/139 228/142/140 60/143/141
f 60/143/141 229/144/142 227/141/139
f 61/145/143 231/146/144 192/147/145
f 230/148/146 231/146/144 61/145/143
f 396/149/147 397/150/148 245/151/149
f 236/152/150 213/121/119 62/153/151
f 601/154/152 248/155/153 600/156/154
f 246/157/155 245/151/149 254/158/156
f 241/159/157 252/160/158 68/161/159
f 600/156/154 249/162/160 517/163/161
f 69/164/162 258/165/163 622/166/164
f 252/160/158 406/167/165 68/161/159
f 262/168/166 389/169/167 71/170/168
f 521/171/169 260/172/170 72/173/171
f 780/174/172 787/175/173 74/176/174
f 266/177/175 267/178/176 265/179/177
f 268/180/178 269/181/179 727/182/180
f 270/183/181 72/173/171 260/172/170
f 274/184/182 275/185/183 389/169/167
f 337/186/184 338/187/185 317/188/186
f 276/189/187 277/190/188 309/191/189
f 75/192/190 725/193/191 287/194/192
f 282/195/193 270/183/181 76/196/194
f 420/197/195 300/198/196 301/199/197
f 286/200/198 287/201/192 78/202/199
f 297/203/200 296/204/201 80/205/202
f 81/206/203 299/207/204 300/198/196
f 305/208/205 82/209/206 81/206/203
f 305/208/205 81/206/203 306/210/207
f 354/211/208 307/212/209 305/213/205
f 354/211/208 78/202/199 307/212/209
f 266/214/175 309/215/189 267/216/176
f 406/167/165 265/179/177 267/178/176
f 265/179/177 276/189/187 266/177/175
f 708/217/210 280/218/211 278/219/212
f 287/201/192 286/200/198 417/220/213
f 314/221/214 288/222/215 287/194/192
f 289/223/216 304/224/217 307/225/209
f 728/226/218 301/227/197 79/228/219
f 301/199/197 300/198/196 290/229/220
f 300/230/196 299/231/204 291/232/221
f 285/233/222 316/234/223 338/187/185
f 317/188/186 338/187/185 316/234/223
f 421/235/224 236/152/150 317/236/186
f 912/237/225 320/238/226 319/239/227
f 912/237/225 911/240/228 321/241/229
f 911/240/228 322/242/230 321/241/229
f 323/243/231 324/244/232 322/245/230
f 324/246/232 331/247/233 322/242/230
f 321/241/229 320/238/226 912/237/225
f 320/238/226 318/248/234 319/239/227
f 318/249/234 332/250/235 317/188/186
f 223/251/236 321/241/229 322/242/230
f 326/252/237 333/253/238 327/254/239
f 324/244/232 323/243/231 334/255/240
f 324/244/232 334/255/240 250/256/241
f 250/256/241 331/257/233 324/244/232
f 250/258/241 223/251/236 331/247/233
f 250/258/241 335/259/242 223/251/236
f 332/260/235 318/248/234 335/259/242
f 326/252/237 336/261/243 333/253/238
f 336/261/243 334/255/240 333/253/238
f 334/255/240 336/261/243 250/256/241
f 336/262/243 332/260/235 335/259/242
f 326/252/237 332/263/235 336/261/243
f 335/264/242 250/256/241 336/261/243
f 345/265/244 328/266/245 329/267/246
f 327/268/239 337/186/184 326/269/237
f 337/186/184 339/270/247 338/187/185
f 300/198/196 315/271/248 81/206/203
f 315/271/248 294/272/249 81/206/203
f 339/270/247 337/186/184 340/273/250
f 343/274/251 341/275/252 342/276/253
f 328/277/245 345/278/244 344/279/254
f 346/280/255 330/281/256 348/282/257
f 348/282/257 330/281/256 323/243/231
f 323/243/231 322/245/230 348/282/257
f 348/282/257 911/283/228 349/284/258
f 344/279/254 345/278/244 70/285/259
f 343/274/251 344/279/254 519/286/260
f 261/287/261 519/286/260 344/279/254
f 350/288/262 519/286/260 261/287/261
f 351/289/263 281/290/264 519/286/260
f 341/275/252 343/274/251 281/290/264
f 341/275/252 352/291/265 340/273/250
f 80/205/202 81/206/203 293/292/266
f 306/210/207 81/206/203 80/205/202
f 353/293/267 306/210/207 80/205/202
f 380/294/268 385/295/269 305/208/205
f 385/295/269 354/296/208 305/208/205
f 308/297/270 286/200/198 354/211/208
f 355/298/271 267/216/176 309/215/189
f 357/299/272 68/300/159 356/301/273
f 357/299/272 358/302/274 68/300/159
f 358/303/274 359/304/275 68/305/159
f 359/304/275 360/306/276 68/305/159
f 262/168/166 274/184/182 389/169/167
f 362/307/277 274/184/182 363/308/278
f 274/184/182 262/168/166 361/309/279
f 374/310/280 363/308/278 274/184/182
f 366/311/281 272/312/282 365/313/283
f 367/314/284 365/313/283 272/312/282
f 367/314/284 279/315/285 368/316/286
f 73/317/287 373/318/288 372/319/289
f 375/320/290 374/321/280 361/322/279
f 375/320/290 273/323/291 366/311/281
f 73/317/287 273/323/291 373/318/288
f 366/311/281 273/323/291 272/312/282
f 358/302/274 357/299/272 372/319/289
f 372/319/289 357/299/272 382/324/292
f 382/324/292 371/325/293 372/319/289
f 369/326/294 368/316/286 370/327/295
f 376/328/296 377/329/297 369/326/294
f 377/329/297 378/330/298 365/313/283
f 365/313/283 369/326/294 377/329/297
f 364/331/299 365/332/283 378/333/298
f 364/331/299 303/334/300 379/335/301
f 364/331/299 378/333/298 303/334/300
f 376/328/296 369/326/294 384/336/302
f 370/327/295 384/336/302 369/326/294
f 370/327/295 383/337/303 384/336/302
f 383/337/303 370/327/295 381/338/304
f 356/301/273 382/324/292 357/299/272
f 382/324/292 356/301/273 383/337/303
f 380/294/268 302/339/305 378/333/298
f 384/340/302 308/297/270 354/211/208
f 384/340/302 383/341/303 308/297/270
f 355/298/271 308/297/270 383/341/303
f 303/334/300 302/339/305 296/204/201
f 283/342/306 379/343/301 387/344/307
f 387/344/307 76/196/194 283/342/306
f 270/183/181 392/345/308 284/346/309
f 388/347/310 284/346/309 392/345/308
f 388/347/310 283/342/306 284/346/309
f 274/184/182 283/342/306 388/347/310
f 388/347/310 275/185/183 274/184/182
f 388/347/310 392/345/308 275/185/183
f 392/345/308 393/348/311 69/164/162
f 69/164/162 394/349/312 255/350/313
f 395/351/314 255/350/313 394/349/312
f 606/352/315 255/350/313 395/351/314
f 606/352/315 396/149/147 255/350/313
f 255/350/313 396/149/147 245/151/149
f 43/353/316 397/354/148 396/355/147
f 225/356/317 400/357/318 401/358/319
f 401/358/319 402/359/320 225/356/317
f 402/359/320 399/360/321 225/356/317
f 398/361/322 403/362/323 390/363/324
f 192/147/145 243/364/325 403/365/323
f 231/366/144 404/367/326 251/368/327
f 404/367/326 360/306/276 251/368/327
f 405/369/328 406/167/165 252/160/158
f 244/138/136 67/370/329 310/371/330
f 244/138/136 408/372/331 57/139/137
f 207/373/332 705/374/333 56/128/126
f 705/374/333 409/375/334 410/129/127
f 409/375/334 407/140/138 410/129/127
f 412/376/335 67/370/329 411/377/336
f 413/378/337 277/190/188 276/189/187
f 280/218/211 311/379/338 278/219/212
f 271/380/339 278/219/212 415/381/340
f 295/382/341 288/222/215 314/221/214
f 420/197/195 421/383/224 285/233/222
f 240/384/342 236/152/150 778/385/343
f 240/386/342 224/137/135 424/387/344
f 224/137/135 53/136/134 422/388/129
f 424/389/344 422/131/129 58/390/345
f 424/391/344 735/122/120 240/384/342
f 213/121/119 236/152/150 735/122/120
f 214/123/121 425/124/122 213/121/119
f 427/392/346 172/393/347 50/394/348
f 172/393/347 39/79/77 738/395/349
f 738/395/349 739/396/350 172/393/347
f 428/397/351 739/396/350 144/398/352
f 429/104/102 739/396/350 164/399/81
f 50/394/348 172/393/347 429/104/102
f 913/103/101 50/394/348 429/104/102
f 179/400/353 433/401/354 429/402/102
f 164/83/81 430/82/80 179/400/353
f 187/403/355 179/400/353 430/82/80
f 434/404/356 432/405/113 187/403/355
f 433/401/354 187/403/355 432/405/113
f 435/406/357 436/407/358 171/408/114
f 144/409/352 143/410/359 140/66/64
f 99/24/24 440/411/26 742/412/28
f 440/26/26 98/413/23 441/2/2
f 743/414/360 1/415/361 89/416/362
f 89/416/362 1/415/361 4/417/4
f 743/414/360 6/12/12 1/415/361
f 6/12/12 753/418/363 443/419/364
f 444/420/365 93/421/16 443/419/364
f 464/422/366 445/423/367 108/424/368
f 108/424/368 25/45/45 464/422/366
f 757/43/43 751/425/369 127/426/370
f 447/427/371 450/71/69 448/70/68
f 748/428/372 455/429/373 452/430/374
f 455/429/373 453/431/375 452/430/374
f 454/432/376 455/433/373 195/107/105
f 408/372/331 456/105/103 195/107/105
f 448/70/68 458/434/377 449/435/378
f 449/435/378 459/436/379 447/427/371
f 167/437/380 180/438/381 461/439/382
f 167/437/380 462/440/383 125/441/384
f 463/442/55 464/422/366 25/45/45
f 93/16/16 465/443/385 14/10/10
f 467/444/386 466/445/387 465/443/385
f 465/443/385 464/422/366 467/444/386
f 463/442/55 467/444/386 464/422/366
f 462/446/383 162/447/388 161/448/389
f 469/449/390 461/439/382 162/450/388
f 470/106/104 175/451/391 162/447/388
f 38/452/392 157/453/393 472/454/394
f 472/455/394 161/448/389 38/456/392
f 468/56/56 476/457/395 121/54/54
f 121/54/54 467/458/386 463/55/55
f 473/459/396 474/20/20 466/445/387
f 479/460/397 474/20/20 473/459/396
f 475/461/398 466/462/387 121/54/54
f 468/56/56 472/454/394 476/457/395
f 472/454/394 157/453/393 477/463/399
f 471/464/400 159/465/401 477/463/399
f 159/465/401 478/466/402 476/457/395
f 478/466/402 483/467/403 475/461/398
f 479/460/397 481/468/404 480/469/405
f 481/470/404 483/467/403 480/471/405
f 480/471/405 483/467/403 482/472/406
f 483/467/403 484/473/407 482/472/406
f 484/473/407 478/466/402 159/465/401
f 159/465/401 158/474/408 484/473/407
f 158/474/408 159/465/401 471/464/400
f 175/451/391 470/106/104 456/105/103
f 487/475/409 486/476/410 174/477/411
f 166/85/83 165/84/82 488/478/412
f 491/479/413 158/474/408 165/480/82
f 484/473/407 158/474/408 491/479/413
f 491/479/413 700/481/414 482/472/406
f 26/47/47 111/482/415 492/483/416
f 497/484/417 5/485/418 495/18/18
f 9/486/419 496/487/420 497/484/417
f 506/488/421 88/9/9 505/489/422
f 500/490/423 5/485/418 543/491/424
f 5/485/418 500/490/423 493/492/425
f 493/492/425 500/490/423 97/21/21
f 101/493/426 474/20/20 19/494/427
f 10/8/8 97/21/21 500/490/423
f 506/488/421 501/15/15 14/10/10
f 6/12/12 501/495/15 83/496/428
f 83/496/428 1/415/361 6/12/12
f 87/497/429 504/498/7 503/499/430
f 506/488/421 507/500/431 501/15/15
f 2/3/3 83/501/428 508/502/432
f 83/496/428 507/503/431 85/504/5
f 87/497/429 502/1/1 3/505/433
f 543/491/424 86/6/6 505/489/422
f 503/499/430 441/2/2 502/1/1
f 511/506/27 439/36/36 438/507/434
f 140/66/64 143/410/359 547/37/37
f 177/508/435 514/509/436 49/510/437
f 515/511/438 516/512/439 199/117/115
f 516/512/439 70/513/259 199/117/115
f 256/514/440 70/285/259 517/515/161
f 70/285/259 256/514/440 261/287/261
f 292/516/441 386/517/442 297/203/200
f 297/203/200 298/518/443 292/516/441
f 657/519/444 72/173/171 282/195/193
f 657/519/444 605/520/445 72/173/171
f 657/519/444 263/521/446 605/520/445
f 521/171/169 72/173/171 605/520/445
f 258/165/163 69/164/162 260/172/170
f 606/522/315 522/523/447 396/355/147
f 522/523/447 43/353/316 396/355/147
f 169/524/448 522/523/447 523/525/449
f 169/524/448 524/526/450 168/527/451
f 525/76/74 33/528/452 30/62/60
f 525/76/74 527/529/453 33/528/452
f 30/530/60 139/531/454 128/532/42
f 129/533/455 128/532/42 139/531/454
f 134/534/456 129/533/455 139/531/454
f 122/535/457 134/534/456 526/536/458
f 129/533/455 134/534/456 122/535/457
f 529/537/459 122/538/457 526/539/458
f 525/76/74 528/540/460 527/529/453
f 529/537/459 526/539/458 528/541/460
f 532/542/461 109/39/39 530/38/38
f 97/21/21 111/482/415 532/542/461
f 532/542/461 111/482/415 109/39/39
f 533/543/462 495/18/18 494/544/463
f 533/543/462 531/545/464 530/38/38
f 11/546/465 532/542/461 531/545/464
f 531/545/464 494/544/463 11/546/465
f 534/547/466 533/543/462 529/537/459
f 28/548/59 124/549/58 535/550/467
f 538/65/63 536/551/468 537/552/469
f 132/553/61 539/554/470 131/555/62
f 539/554/470 540/556/471 131/555/62
f 131/555/62 540/556/471 536/557/468
f 535/558/467 536/557/468 540/556/471
f 573/559/472 15/19/19 541/560/473
f 15/19/19 573/559/472 91/17/17
f 566/561/474 496/562/420 9/563/419
f 680/564/475 498/565/476 496/566/420
f 498/565/476 682/567/477 683/568/478
f 543/491/424 5/485/418 499/569/479
f 543/570/424 509/571/480 86/572/6
f 440/26/26 441/2/2 510/573/481
f 546/574/482 511/27/27 440/26/26
f 549/575/483 140/66/64 548/576/484
f 549/575/483 512/67/65 140/66/64
f 548/577/484 553/578/485 552/579/486
f 554/580/487 545/581/488 555/582/489
f 556/583/490 557/584/491 555/582/489
f 558/585/492 509/571/480 683/568/478
f 509/571/480 499/586/479 542/587/493
f 509/571/480 543/570/424 499/586/479
f 544/588/494 86/572/6 559/589/495
f 544/588/494 503/499/430 86/572/6
f 545/581/488 503/499/430 544/588/494
f 546/574/482 510/573/481 545/581/488
f 546/574/482 553/578/485 511/27/27
f 553/578/485 546/574/482 554/580/487
f 560/590/496 556/583/490 555/582/489
f 556/583/490 559/589/495 558/585/492
f 559/589/495 509/571/480 558/585/492
f 557/584/491 556/583/490 558/585/492
f 562/591/497 551/592/498 548/577/484
f 564/593/499 550/594/32 551/592/498
f 103/595/500 564/596/499 565/597/501
f 565/597/501 566/561/474 103/595/500
f 574/598/502 103/595/500 566/561/474
f 567/599/503 103/595/500 574/598/502
f 574/598/502 133/600/504 567/599/503
f 574/598/502 568/601/505 133/600/504
f 570/602/506 538/65/63 537/552/469
f 132/63/61 538/65/63 579/603/507
f 583/604/508 539/554/470 132/553/61
f 583/604/508 571/605/509 539/554/470
f 9/563/419 91/606/17 574/598/502
f 568/601/505 574/598/502 575/607/510
f 583/608/508 132/63/61 579/603/507
f 580/609/511 572/610/512 539/554/470
f 539/554/470 571/605/509 580/609/511
f 540/556/471 539/554/470 572/610/512
f 573/611/472 541/612/473 580/609/511
f 581/613/513 576/614/514 575/607/510
f 582/615/515 579/603/507 578/616/516
f 582/615/515 583/608/508 579/603/507
f 585/617/517 112/618/518 586/619/519
f 587/620/520 112/618/518 582/621/515
f 581/622/513 586/619/519 112/618/518
f 582/615/515 576/623/514 587/624/520
f 588/625/521 568/601/505 569/626/522
f 133/600/504 588/625/521 153/627/523
f 590/628/94 154/629/524 153/627/523
f 153/627/523 154/629/524 591/630/525
f 591/630/525 592/631/526 153/627/523
f 595/632/527 106/33/33 592/631/526
f 106/33/33 103/595/500 567/599/503
f 593/633/528 171/116/114 671/634/529
f 593/633/528 42/635/530 171/116/114
f 594/636/531 596/637/532 595/632/527
f 617/638/533 598/639/534 177/508/435
f 599/640/535 228/641/140 514/509/436
f 235/642/536 517/643/161 516/644/439
f 233/645/537 229/144/142 600/646/154
f 517/643/161 235/642/536 234/647/538
f 227/141/139 233/645/537 234/647/538
f 600/156/154 229/648/142 601/154/152
f 248/155/153 601/154/152 602/649/539
f 601/154/152 603/650/540 602/649/539
f 602/651/539 636/652/541 263/653/446
f 44/654/542 522/523/447 606/522/315
f 607/655/543 523/525/449 522/523/447
f 523/525/449 607/655/543 614/656/544
f 608/657/545 528/540/460 168/527/451
f 524/526/450 608/657/545 168/527/451
f 608/657/545 141/658/546 130/659/547
f 609/660/548 141/658/546 608/657/545
f 609/660/548 148/661/549 141/658/546
f 610/662/550 613/663/551 148/661/549
f 608/657/545 612/664/552 609/660/548
f 524/526/450 614/656/544 608/657/545
f 612/664/552 608/657/545 614/656/544
f 611/665/553 609/660/548 612/664/552
f 610/662/550 611/665/553 612/664/552
f 613/663/551 123/57/57 148/661/549
f 160/666/554 607/655/543 190/667/555
f 523/525/449 614/656/544 524/526/450
f 196/668/556 48/669/557 190/667/555
f 196/668/556 190/667/555 606/522/315
f 190/667/555 48/669/557 160/666/554
f 616/670/558 569/671/522 147/74/72
f 616/672/558 588/625/521 569/626/522
f 627/673/559 589/674/560 616/672/558
f 628/675/561 154/629/524 590/628/94
f 617/638/533 591/676/525 154/677/524
f 619/678/562 603/650/540 598/639/534
f 619/679/562 602/651/539 603/680/540
f 619/679/562 604/681/563 602/651/539
f 604/681/563 630/682/564 602/651/539
f 602/651/539 630/682/564 636/652/541
f 605/520/445 263/521/446 636/683/541
f 622/166/164 258/165/163 646/684/565
f 631/685/566 637/686/567 623/687/568
f 615/688/569 624/689/570 146/73/71
f 625/690/571 616/670/558 147/74/72
f 626/691/572 627/692/559 625/690/571
f 625/690/571 627/692/559 616/670/558
f 629/693/573 154/694/524 628/695/561
f 605/520/445 636/683/541 620/696/574
f 631/697/566 624/689/570 615/688/569
f 624/689/570 633/698/575 625/690/571
f 633/699/575 626/700/572 625/701/571
f 629/693/573 618/702/576 154/694/524
f 619/679/562 618/702/576 635/703/577
f 639/704/578 634/705/579 626/700/572
f 634/705/579 590/96/94 627/706/559
f 590/96/94 629/693/573 628/695/561
f 201/707/580 640/708/581 619/679/562
f 640/708/581 604/681/563 619/679/562
f 645/709/582 66/710/583 646/711/565
f 646/711/565 621/712/584 645/709/582
f 632/713/585 641/714/586 633/699/575
f 642/715/587 590/96/94 634/705/579
f 643/98/96 201/707/580 635/703/577
f 635/703/577 629/693/573 643/98/96
f 623/716/568 647/717/588 638/718/589
f 632/713/585 638/718/589 647/717/588
f 648/719/590 634/705/579 639/704/578
f 650/720/591 201/707/580 643/98/96
f 201/707/580 650/720/591 640/708/581
f 651/721/592 239/722/593 644/723/594
f 651/721/592 645/709/582 239/722/593
f 623/716/568 637/724/567 654/725/595
f 652/726/596 641/714/586 647/717/588
f 652/726/596 639/704/578 641/714/586
f 652/726/596 648/719/590 639/704/578
f 642/715/587 648/719/590 653/727/597
f 654/725/595 655/119/117 647/717/588
f 655/119/117 652/726/596 647/717/588
f 210/120/118 653/727/597 648/719/590
f 651/721/592 644/723/594 656/728/598
f 655/119/117 66/710/583 651/721/592
f 655/119/117 205/118/116 652/726/596
f 210/120/118 648/719/590 205/118/116
f 196/729/556 631/685/566 48/730/557
f 601/154/152 599/640/535 603/650/540
f 261/287/261 256/514/440 518/731/599
f 520/732/600 661/733/601 292/516/441
f 662/734/602 657/519/444 282/195/193
f 666/735/603 256/736/440 249/737/160
f 518/738/599 256/739/440 658/740/604
f 658/740/604 663/741/605 659/742/606
f 660/743/607 659/742/606 663/741/605
f 661/744/601 669/745/608 386/746/442
f 386/517/442 292/516/441 661/733/601
f 665/747/609 662/734/602 282/195/193
f 662/734/602 666/748/603 657/519/444
f 663/741/605 658/740/604 264/749/610
f 664/750/611 77/751/612 660/743/607
f 666/735/603 670/752/613 667/753/614
f 264/749/610 667/753/614 670/752/613
f 670/752/613 663/741/605 264/749/610
f 668/754/615 663/741/605 670/752/613
f 668/754/615 77/751/612 664/750/611
f 668/754/615 669/755/608 77/751/612
f 665/756/609 668/754/615 670/752/613
f 665/756/609 669/755/608 668/754/615
f 600/646/154 234/647/538 233/645/537
f 591/630/525 594/636/531 592/631/526
f 42/635/530 593/633/528 673/757/616
f 596/637/532 594/636/531 178/758/617
f 672/759/618 675/760/619 597/761/620
f 597/762/620 23/34/34 106/33/33
f 512/763/65 677/764/621 513/765/622
f 676/766/623 23/767/34 597/761/620
f 597/761/620 675/760/619 676/766/623
f 142/768/624 675/760/619 672/759/618
f 677/764/621 142/768/624 678/769/625
f 679/770/626 142/768/624 674/771/627
f 42/635/530 673/757/616 178/772/617
f 683/568/478 542/587/493 498/565/476
f 114/773/628 555/582/489 561/774/629
f 685/775/630 684/776/631 114/773/628
f 562/591/497 563/777/632 551/592/498
f 563/777/632 564/593/499 551/592/498
f 565/778/501 681/779/633 680/564/475
f 686/780/634 681/779/633 565/778/501
f 685/775/630 557/584/491 682/567/477
f 686/780/634 685/775/630 681/779/633
f 563/777/632 562/591/497 686/780/634
f 685/775/630 682/567/477 681/779/633
f 134/534/456 33/781/452 527/782/453
f 41/783/635 168/527/451 150/75/73
f 174/477/411 688/784/636 487/475/409
f 688/784/636 173/785/637 690/786/638
f 689/787/639 688/784/636 690/786/638
f 699/788/640 687/789/641 689/787/639
f 687/789/641 487/475/409 689/787/639
f 220/101/99 488/478/412 687/789/641
f 192/147/145 693/790/642 46/99/97
f 41/783/635 150/75/73 46/791/97
f 43/792/316 692/793/643 397/794/148
f 693/795/642 402/359/320 401/358/319
f 693/796/642 696/797/644 46/791/97
f 694/798/645 691/799/646 46/791/97
f 692/800/643 43/353/316 691/799/646
f 188/801/647 697/802/648 691/803/646
f 208/804/649 692/793/643 697/802/648
f 188/801/647 695/805/650 697/802/648
f 188/801/647 696/806/644 211/807/651
f 221/126/124 687/789/641 698/808/652
f 698/808/652 226/809/653 221/126/124
f 405/369/328 59/810/654 226/809/653
f 59/810/654 405/369/328 241/159/157
f 406/167/165 405/369/328 698/808/652
f 688/784/636 174/477/411 173/785/637
f 700/811/414 490/812/84 151/77/75
f 701/46/46 26/47/47 492/483/416
f 701/61/46 492/813/416 700/811/414
f 700/811/414 151/77/75 701/61/46
f 151/77/75 525/76/74 701/61/46
f 489/814/655 150/75/73 151/77/75
f 260/172/170 69/164/162 393/348/311
f 483/467/403 478/466/402 484/473/407
f 466/462/387 467/458/386 121/54/54
f 470/815/104 461/439/382 457/816/656
f 180/438/381 452/430/374 453/431/375
f 460/817/657 702/818/658 449/435/378
f 459/436/379 449/435/378 702/818/658
f 702/818/658 127/819/370 459/436/379
f 125/820/384 462/446/383 472/455/394
f 125/441/384 127/819/370 702/818/658
f 195/107/105 182/94/92 222/130/128
f 207/373/332 222/130/128 182/94/92
f 184/93/91 47/821/659 703/822/660
f 705/374/333 207/373/332 704/823/661
f 705/374/333 759/824/662 409/375/334
f 707/825/663 411/377/336 409/375/334
f 277/826/188 413/827/337 414/828/664
f 414/828/664 415/381/340 311/379/338
f 708/829/210 417/220/213 312/830/665
f 710/831/666 75/192/190 709/832/667
f 414/828/664 711/833/668 712/834/669
f 712/834/669 415/381/340 414/828/664
f 712/834/669 271/380/339 415/381/340
f 412/835/335 714/836/670 711/837/668
f 713/838/671 257/839/672 75/192/190
f 717/840/673 189/841/674 718/842/675
f 719/843/676 720/844/677 209/845/678
f 721/846/679 765/847/680 722/848/681
f 215/849/682 721/846/679 722/848/681
f 720/844/677 52/850/683 209/845/678
f 52/850/683 721/846/679 209/845/678
f 209/845/678 721/846/679 54/851/684
f 721/846/679 215/849/682 54/851/684
f 718/852/675 719/843/676 209/845/678
f 723/853/685 716/854/686 717/840/673
f 725/193/191 257/839/672 724/855/687
f 257/839/672 63/856/688 724/855/687
f 295/857/341 773/858/689 728/859/218
f 729/860/690 301/227/197 728/226/218
f 729/861/690 774/862/691 301/863/197
f 775/864/692 730/865/693 420/866/195
f 421/383/224 420/197/195 730/867/693
f 730/868/693 731/869/694 421/235/224
f 778/385/343 236/152/150 731/869/694
f 733/870/695 181/871/88 206/872/696
f 181/871/88 734/873/697 206/872/696
f 218/874/698 424/389/344 58/390/345
f 214/875/121 735/876/120 217/877/699
f 218/874/698 217/877/699 735/876/120
f 202/878/700 218/874/698 423/133/131
f 734/879/697 212/880/90 202/878/700
f 212/92/90 425/124/122 214/123/121
f 736/881/701 39/79/77 427/392/346
f 736/881/701 37/80/78 39/79/77
f 145/882/702 740/883/703 143/410/359
f 119/884/51 120/885/704 742/412/28
f 814/886/705 442/887/706 98/23/23
f 442/888/706 7/889/707 4/4/4
f 746/890/708 745/891/709 744/892/710
f 747/893/711 183/95/93 455/433/373
f 182/94/92 195/107/105 455/433/373
f 455/433/373 748/894/372 747/893/711
f 22/895/712 752/896/713 12/14/14
f 443/897/364 754/898/714 18/899/715
f 755/900/716 756/901/717 18/899/715
f 107/902/718 108/903/368 445/904/367
f 758/905/719 107/902/718 756/901/717
f 107/902/718 758/905/719 757/906/43
f 113/907/720 104/908/721 22/909/712
f 753/910/363 752/911/713 104/908/721
f 108/424/368 757/43/43 25/45/45
f 93/16/16 444/912/365 445/423/367
f 753/418/363 6/12/12 12/14/14
f 447/427/371 446/913/722 750/914/723
f 750/914/723 746/915/708 450/71/69
f 750/916/723 446/917/722 745/891/709
f 189/841/674 716/854/686 47/821/659
f 759/824/662 706/918/724 409/375/334
f 715/919/725 63/920/688 759/824/662
f 760/921/726 761/114/112 719/922/676
f 762/923/727 719/922/676 761/114/112
f 764/924/728 765/847/680 763/925/729
f 766/926/730 722/848/681 765/847/680
f 773/858/689 729/861/690 728/859/218
f 729/861/690 803/927/731 774/862/691
f 779/928/732 240/384/342 778/385/343
f 782/929/733 727/182/180 269/181/179
f 821/930/734 237/931/735 269/181/179
f 727/182/180 782/929/733 771/932/736
f 785/933/737 772/934/738 771/935/736
f 729/861/690 773/858/689 780/174/172
f 803/927/731 729/861/690 780/174/172
f 791/936/739 776/937/740 775/864/692
f 777/938/741 779/939/732 778/940/343
f 771/935/736 783/941/742 784/942/743
f 786/943/744 772/934/738 785/933/737
f 790/944/745 791/936/739 789/945/746
f 795/946/747 783/941/742 782/947/733
f 247/948/748 797/949/749 785/933/737
f 797/949/749 787/950/173 780/951/172
f 780/951/172 786/943/744 797/949/749
f 799/952/750 790/944/745 798/953/751
f 783/941/742 795/946/747 802/954/752
f 802/954/752 784/942/743 783/941/742
f 784/942/743 802/954/752 796/955/753
f 787/950/173 247/948/748 796/955/753
f 242/956/754 798/953/751 788/957/755
f 800/958/756 793/959/757 799/960/750
f 800/958/756 795/946/747 801/961/758
f 802/954/752 800/958/756 238/962/759
f 238/962/759 796/955/753 802/954/752
f 800/958/756 799/960/750 238/962/759
f 242/963/754 238/962/759 798/964/751
f 801/961/758 795/946/747 781/965/132
f 792/966/760 794/967/761 779/939/732
f 791/936/739 803/927/731 789/945/746
f 803/927/731 74/176/174 789/945/746
f 774/862/691 803/927/731 791/936/739
f 791/936/739 775/864/692 774/862/691
f 806/968/762 805/969/133 232/970/763
f 216/971/764 823/972/765 806/973/762
f 823/972/765 808/974/766 805/975/133
f 824/976/767 805/135/133 808/977/766
f 732/978/768 733/870/695 206/872/696
f 35/979/769 809/980/770 733/870/695
f 37/80/78 170/91/89 809/981/770
f 890/982/771 737/983/772 37/80/78
f 810/984/773 156/985/76 737/986/772
f 100/22/22 812/25/25 813/987/774
f 815/988/775 89/989/362 7/990/707
f 743/414/360 89/416/362 817/991/776
f 8/992/777 743/414/360 817/991/776
f 818/993/778 90/994/779 8/992/777
f 90/994/779 102/995/780 21/31/31
f 105/30/30 92/13/13 90/994/779
f 105/30/30 833/996/781 744/892/710
f 152/997/782 834/998/783 760/999/726
f 819/1000/784 203/87/85 760/921/726
f 767/1001/785 766/926/730 820/1002/786
f 822/1003/787 237/931/735 821/930/734
f 204/113/111 804/110/108 822/1004/787
f 804/110/108 64/1005/788 822/1004/787
f 806/968/762 804/110/108 847/1006/789
f 216/971/764 806/973/762 847/1007/789
f 198/1008/790 823/972/765 216/971/764
f 846/1009/791 823/972/765 198/1008/790
f 135/1010/792 733/870/695 732/978/768
f 811/1011/793 27/1012/794 812/25/25
f 27/1012/794 848/50/50 813/987/774
f 828/1013/795 100/22/22 827/1014/796
f 828/1013/795 814/886/705 100/22/22
f 814/1015/705 16/1016/797 95/1017/798
f 95/1017/798 442/1018/706 814/1015/705
f 94/1019/799 13/1020/800 815/988/775
f 830/1021/801 102/1022/780 818/1023/778
f 827/1014/796 20/1024/802 830/1021/801
f 830/1021/801 828/1013/795 827/1014/796
f 828/1025/795 16/1016/797 814/1015/705
f 831/1026/803 96/1027/804 828/1025/795
f 96/1027/804 832/1028/805 16/1016/797
f 832/1028/805 829/1029/806 13/1020/800
f 831/1026/803 818/1030/778 832/1028/805
f 831/1026/803 830/1031/801 818/1030/778
f 827/1014/796 115/49/49 20/1024/802
f 819/1000/784 854/88/86 203/87/85
f 855/1032/807 176/89/87 854/88/86
f 855/1032/807 835/1033/808 843/1034/809
f 835/1033/808 32/1035/810 836/1036/811
f 839/1037/812 732/978/768 825/1038/813
f 840/1039/814 825/1040/813 824/1041/767
f 824/1041/767 808/974/766 807/1042/815
f 807/1042/815 840/1039/814 824/1041/767
f 840/1039/814 193/1043/816 825/1040/813
f 839/1044/812 841/1045/817 838/1046/818
f 842/1047/819 837/1048/820 836/1036/811
f 176/89/87 200/112/110 203/87/85
f 200/112/110 176/89/87 45/108/106
f 45/108/106 197/111/109 200/112/110
f 185/109/107 45/108/106 843/1034/809
f 842/1047/819 185/109/107 837/1048/820
f 842/1047/819 841/1045/817 844/1049/821
f 846/1009/791 198/1008/790 841/1050/817
f 844/1051/821 841/1050/817 198/1008/790
f 804/110/108 185/109/107 847/1006/789
f 847/1007/789 844/1051/821 198/1008/790
f 27/1012/794 126/1052/822 848/50/50
f 32/1035/810 835/1033/808 849/1053/823
f 857/1054/824 851/29/29 21/31/31
f 819/1000/784 858/1055/825 854/88/86
f 855/1032/807 849/1053/823 835/1033/808
f 856/1056/826 857/1057/824 102/1058/780
f 863/1059/827 852/1060/828 833/1061/781
f 834/998/783 862/1062/829 853/1063/830
f 858/1055/825 819/1000/784 853/1064/830
f 870/1065/831 855/1066/807 854/1067/86
f 861/1068/832 862/1069/829 852/1070/828
f 855/1066/807 870/1065/831 859/1071/833
f 873/1072/834 857/1057/824 856/1056/826
f 862/1069/829 867/1073/835 853/1074/830
f 874/1075/836 851/1076/29 857/1057/824
f 864/1077/837 863/1078/827 866/1079/838
f 869/1080/839 858/1081/825 868/1082/840
f 870/1065/831 858/1081/825 869/1080/839
f 871/1083/841 878/1084/842 860/1085/843
f 879/1086/844 873/1072/834 865/1087/845
f 875/1088/846 864/1077/837 884/1089/847
f 869/1080/839 877/1090/848 871/1083/841
f 881/1091/849 875/1088/846 880/1092/850
f 883/1093/851 873/1072/834 879/1086/844
f 873/1072/834 886/1094/852 876/1095/853
f 888/1096/854 877/1090/848 881/1091/849
f 888/1096/854 885/1097/855 882/1098/856
f 887/1099/857 880/1092/850 884/1089/847
f 888/1096/854 887/1099/857 886/1094/852
f 876/1095/853 886/1094/852 887/1099/857
f 887/1099/857 884/1089/847 876/1095/853
f 889/1100/858 35/979/769 117/1101/859
f 892/1102/860 899/1103/861 810/984/773
f 826/1104/862 811/1011/793 893/1105/863
f 136/1106/864 889/1107/858 894/1108/865
f 889/1107/858 155/1109/866 890/1110/771
f 898/1111/867 136/1106/864 894/1108/865
f 894/1108/865 826/1112/862 898/1111/867
f 893/1113/863 899/1103/861 898/1111/867
f 899/1103/861 896/1114/868 898/1111/867
f 898/1111/867 896/1114/868 136/1106/864
f 895/1115/869 896/1114/868 899/1103/861
f 897/1116/870 896/1114/868 155/1109/866
f 895/1115/869 891/1117/871 155/1109/866
f 804/110/108 204/113/111 197/111/109
f 822/1004/787 762/923/727 204/113/111
f 821/1118/734 762/923/727 822/1004/787
f 821/1118/734 763/1119/729 762/923/727
f 763/1120/729 821/930/734 764/1121/728
f 821/1122/734 820/1002/786 764/924/728
f 820/1002/786 821/1122/734 268/1123/178
f 768/1124/872 820/1002/786 268/1123/178
f 726/1125/873 725/193/191 770/1126/874
f 769/1127/875 768/1124/872 770/1128/874
f 769/1127/875 54/851/684 215/849/682
f 215/849/682 722/848/681 767/1001/785
f 52/850/683 763/925/729 765/847/680
f 719/1129/676 718/842/675 189/841/674
f 722/848/681 766/926/730 767/1001/785
f 745/891/709 12/14/14 744/892/710
f 8/992/777 90/994/779 92/13/13
f 442/888/706 4/4/4 98/413/23
f 900/1130/876 901/1131/877 39/79/77
f 902/1132/878 39/79/77 901/1131/877
f 738/395/349 39/79/77 902/1132/878
f 116/1133/879 437/1134/35 740/1135/703
f 906/1136/880 145/1137/702 902/1138/878
f 906/1136/880 903/1139/881 740/1135/703
f 116/1133/879 740/1135/703 903/1139/881
f 903/1139/881 904/1140/882 116/1133/879
f 137/1141/883 138/52/52 904/1140/882
f 904/1140/882 138/52/52 905/1142/884
f 119/51/51 905/1142/884 138/52/52
f 909/1143/885 901/1144/877 908/53/53
f 901/1144/877 909/1143/885 902/1138/878
f 138/52/52 137/1141/883 909/1143/885
f 908/53/53 900/1145/876 119/51/51
f 742/1146/28 438/1147/434 905/1142/884
f 438/1147/434 741/1148/886 905/1142/884
f 736/881/701 212/92/90 170/91/89
f 181/90/88 212/92/90 734/1149/697
f 423/133/131 734/879/697 202/878/700
f 287/201/192 417/220/213 709/1150/667
f 465/443/385 93/16/16 445/423/367
f 436/1151/358 428/1152/351 144/409/352
f 436/1151/358 910/1153/887 428/1152/351
f 430/82/80 163/81/79 40/1154/888
f 431/1155/889 435/406/357 434/404/356
f 910/1156/887 435/406/357 40/1154/888
f 435/406/357 431/1155/889 40/1154/888
f 199/117/115 346/1157/255 349/1158/258
f 911/1159/228 912/1160/225 194/102/100
f 913/103/101 219/125/123 50/394/348
f 62/153/151 219/125/123 319/1161/227
f 319/1161/227 913/103/101 912/1160/225
f 913/103/101 194/102/100 912/1160/225
f 285/233/222 421/383/224 316/234/223
f 244/138/136 411/377/336 67/370/329
f 410/129/127 407/140/138 57/139/137
f 230/148/146 61/145/143 59/810/654
f 243/1162/325 251/368/327 360/306/276
f 259/1163/890 71/170/168 389/169/167
f 71/170/168 259/1163/890 253/1164/891
f 253/1164/891 390/363/324 71/170/168
f 255/350/313 245/151/149 246/157/155
f 404/367/326 68/305/159 360/306/276
f 340/273/250 352/291/265 298/518/443
f 344/279/254 343/274/251 328/277/245
f 81/206/203 294/272/249 293/292/266
f 68/161/159 406/167/165 267/178/176
f 289/223/216 290/1165/220 291/232/221
f 309/215/189 266/214/175 276/1166/187
f 253/1164/891 259/1163/890 254/158/156
f 62/153/151 213/121/119 219/125/123
f 233/645/537 227/141/139 229/144/142
f 33/781/452 134/534/456 139/531/454
f 356/1167/273 355/298/271 383/341/303
f 91/17/17 9/486/419 497/484/417 495/18/18
f 3/505/433 2/3/3 508/502/432
f 3/505/433 502/1/1 2/3/3
f 88/9/9 84/1168/892 505/489/422
f 613/663/551 31/72/70 124/58/58 123/57/57
f 13/1020/800 829/1029/806 817/1169/776
f 495/18/18 533/543/462 15/19/19
f 18/899/715 444/1170/365 443/897/364
f 511/1171/27 438/1172/434 742/412/28
f 26/47/47 24/41/41 110/40/40
f 110/40/40 111/482/415 26/47/47
f 117/1173/859 118/1174/893 27/1012/794
f 120/885/704 900/1175/876 156/1176/76
f 128/42/42 24/41/41 701/46/46
f 123/57/57 528/540/460 130/659/547
f 592/631/526 567/599/503 133/600/504
f 135/1177/792 32/1178/810 848/50/50 126/1052/822
f 613/663/551 160/666/554 31/72/70
f 175/451/391 173/785/637 174/477/411 486/476/410
f 36/68/66 436/1151/358 140/66/64
f 144/409/352 145/882/702 143/410/359
f 35/979/769 733/870/695 135/1010/792
f 749/1179/894 852/1060/828 152/997/782
f 36/68/66 171/1180/114 436/1151/358
f 38/456/392 486/476/410 157/1181/393
f 41/783/635 169/524/448 168/527/451
f 181/871/88 809/980/770 170/1182/89
f 181/871/88 733/870/695 809/980/770
f 172/393/347 739/396/350 429/104/102
f 732/978/768 206/872/696 51/1183/130 53/136/134
f 643/98/96 629/693/573 590/96/94
f 522/523/447 169/524/448 43/353/316
f 44/654/542 190/667/555 607/655/543
f 50/394/348 425/124/122 426/1184/895
f 220/101/99 192/147/145 46/99/97
f 49/510/437 514/509/436 199/117/115
f 219/125/123 425/124/122 50/394/348
f 761/114/112 203/87/85 200/112/110
f 390/363/324 403/362/323 243/1162/325 71/170/168
f 207/373/332 182/94/92 184/93/91
f 422/131/129 423/133/131 58/390/345
f 57/139/137 222/130/128 410/129/127
f 331/247/233 223/251/236 322/242/230
f 226/809/653 55/127/125 221/126/124
f 62/153/151 317/236/186 236/152/150
f 63/920/688 723/853/685 724/1185/687
f 64/1005/788 237/1186/735 822/1004/787
f 65/1187/896 644/723/594 239/722/593
f 230/148/146 59/810/654 241/159/157
f 289/223/216 307/225/209 79/1188/219 290/1165/220
f 600/156/154 248/155/153 249/162/160
f 241/159/157 405/369/328 252/160/158
f 249/162/160 256/1189/440 517/163/161
f 68/161/159 404/1190/326 241/159/157
f 70/285/259 261/287/261 344/279/254
f 71/170/168 243/1162/325 262/168/166
f 727/182/180 726/1125/873 268/180/178
f 272/312/282 279/315/285 367/314/284
f 309/215/189 277/1191/188 416/1192/897
f 368/316/286 279/315/285 370/327/295
f 281/290/264 343/274/251 519/286/260
f 76/196/194 270/183/181 284/346/309
f 284/346/309 283/342/306 76/196/194
f 301/199/197 774/1193/691 420/197/195
f 420/197/195 285/233/222 300/198/196
f 287/201/192 288/1194/215 78/202/199
f 286/200/198 308/297/270 312/830/665 417/220/213
f 298/518/443 520/732/600 292/516/441
f 79/228/219 288/1194/215 295/1195/341
f 80/205/202 298/518/443 297/203/200
f 305/208/205 306/210/207 353/293/267
f 354/211/208 286/200/198 78/202/199
f 262/168/166 360/306/276 359/304/275 361/309/279
f 267/178/176 356/1196/273 68/161/159
f 265/179/177 406/167/165 310/371/330
f 265/179/177 310/371/330 67/370/329
f 265/179/177 67/370/329 276/189/187
f 277/826/188 311/379/338 416/1197/897
f 311/379/338 280/218/211 416/1197/897
f 416/1192/897 312/830/665 309/215/189
f 307/212/209 304/1198/217 305/213/205
f 299/207/204 81/206/203 82/209/206
f 82/1199/206 313/1200/898 299/231/204
f 313/1200/898 289/223/216 291/232/221
f 307/212/209 288/1194/215 79/228/219
f 314/221/214 419/1201/899 295/382/341
f 728/226/218 79/228/219 295/1195/341
f 79/228/219 301/227/197 290/1202/220
f 300/230/196 291/232/221 290/1165/220
f 299/231/204 313/1200/898 291/232/221
f 315/271/248 300/198/196 285/233/222
f 285/233/222 338/187/185 294/272/249
f 316/234/223 421/383/224 317/188/186
f 62/153/151 318/1203/234 317/236/186
f 318/1203/234 62/153/151 319/1161/227
f 326/269/237 337/186/184 317/188/186
f 327/254/239 333/253/238 328/266/245
f 333/253/238 329/267/246 328/266/245
f 329/267/246 323/243/231 330/281/256
f 223/251/236 325/1204/900 321/241/229
f 325/1204/900 320/238/226 321/241/229
f 325/1204/900 318/248/234 320/238/226
f 332/250/235 326/269/237 317/188/186
f 333/253/238 334/255/240 329/267/246
f 334/255/240 323/243/231 329/267/246
f 335/259/242 325/1204/900 223/251/236
f 335/259/242 318/248/234 325/1204/900
f 329/267/246 330/281/256 345/265/244
f 327/268/239 328/277/245 343/274/251
f 294/272/249 315/271/248 285/233/222
f 294/272/249 339/270/247 293/292/266
f 342/276/253 341/275/252 340/273/250
f 340/273/250 337/186/184 342/276/253
f 342/276/253 327/268/239 343/274/251
f 346/280/255 348/282/257 347/1205/901
f 348/282/257 322/245/230 911/283/228
f 349/284/258 347/1205/901 348/282/257
f 346/1157/255 347/1206/901 349/1158/258
f 345/278/244 346/1207/255 70/285/259
f 351/289/263 352/291/265 281/290/264
f 293/292/266 339/270/247 340/273/250
f 293/292/266 340/273/250 298/518/443
f 293/292/266 298/518/443 80/205/202
f 353/293/267 380/294/268 305/208/205
f 309/215/189 312/830/665 308/297/270
f 308/297/270 355/298/271 309/215/189
f 355/298/271 356/1167/273 267/216/176
f 463/442/55 29/44/44 125/1208/384 468/1209/56
f 363/308/278 364/1210/299 362/307/277
f 364/1211/299 366/311/281 365/313/283
f 368/316/286 369/326/294 365/313/283
f 365/313/283 367/314/284 368/316/286
f 370/327/295 371/325/293 381/338/304
f 371/325/293 370/327/295 279/315/285
f 372/319/289 371/325/293 73/317/287
f 372/319/289 373/318/288 358/302/274
f 358/302/274 373/318/288 359/1212/275
f 359/1212/275 373/318/288 361/322/279
f 361/309/279 374/310/280 274/184/182
f 364/1211/299 375/320/290 366/311/281
f 279/315/285 272/312/282 73/317/287
f 272/312/282 273/323/291 73/317/287
f 371/325/293 279/315/285 73/317/287
f 373/318/288 375/320/290 361/322/279
f 375/320/290 363/1213/278 374/321/280
f 375/320/290 364/1211/299 363/1213/278
f 375/320/290 373/318/288 273/323/291
f 364/1210/299 379/343/301 362/307/277
f 379/343/301 283/342/306 362/307/277
f 283/342/306 274/184/182 362/307/277
f 376/1214/296 380/294/268 377/1215/297
f 381/338/304 382/324/292 383/337/303
f 382/324/292 381/338/304 371/325/293
f 376/1214/296 384/1216/302 385/295/269
f 376/1214/296 385/295/269 380/294/268
f 378/333/298 377/1215/297 380/294/268
f 302/339/305 303/334/300 378/333/298
f 302/339/305 380/294/268 353/293/267
f 385/295/269 384/1216/302 354/296/208
f 303/334/300 296/204/201 297/203/200
f 297/203/200 386/517/442 303/334/300
f 387/1217/307 303/334/300 386/517/442
f 282/195/193 72/173/171 270/183/181
f 245/151/149 390/363/324 253/1164/891
f 255/350/313 246/157/155 391/1218/902
f 391/1218/902 275/185/183 255/350/313
f 392/345/308 69/164/162 275/185/183
f 69/164/162 622/166/164 394/349/312
f 402/359/320 403/1219/323 399/360/321
f 403/1219/323 398/1220/322 399/360/321
f 398/361/322 390/363/324 397/150/148
f 397/150/148 390/363/324 245/151/149
f 192/147/145 231/146/144 243/364/325
f 243/1162/325 231/366/144 251/368/327
f 360/306/276 262/168/166 243/1162/325
f 244/138/136 310/371/330 690/786/638
f 57/139/137 195/107/105 222/130/128
f 222/130/128 207/373/332 56/128/126
f 56/128/126 705/374/333 410/129/127
f 67/370/329 412/376/335 413/378/337
f 67/370/329 413/378/337 276/189/187
f 277/826/188 414/828/664 311/379/338
f 311/379/338 415/381/340 278/219/212
f 278/219/212 271/380/339 709/1221/667
f 708/217/210 416/1197/897 280/218/211
f 287/194/192 725/193/191 314/221/214
f 314/221/214 418/1222/903 419/1201/899
f 420/866/195 774/862/691 775/864/692
f 421/235/224 731/869/694 236/152/150
f 424/387/344 224/137/135 422/388/129
f 422/388/129 53/136/134 51/1183/130
f 423/133/131 51/132/130 206/1223/696
f 58/390/345 423/133/131 218/874/698
f 735/122/120 236/152/150 240/384/342
f 426/1184/895 427/392/346 50/394/348
f 427/392/346 39/79/77 172/393/347
f 164/399/81 739/396/350 428/397/351
f 428/1224/351 163/81/79 164/83/81
f 179/400/353 429/402/102 164/83/81
f 179/400/353 187/403/355 433/401/354
f 430/82/80 431/1155/889 187/403/355
f 431/1155/889 434/404/356 187/403/355
f 434/404/356 435/406/357 171/408/114
f 144/409/352 140/66/64 436/1151/358
f 437/35/35 438/507/434 439/36/36
f 99/1225/24 98/413/23 440/26/26
f 4/4/4 7/889/707 89/1226/362
f 751/425/369 446/1227/722 127/426/370
f 447/427/371 459/436/379 446/1228/722
f 447/427/371 448/70/68 449/435/378
f 451/1229/904 748/428/372 452/430/374
f 453/1230/375 454/432/376 457/1231/656
f 453/1230/375 455/433/373 454/432/376
f 470/106/104 454/432/376 195/107/105
f 454/432/376 470/106/104 457/1231/656
f 451/1229/904 452/430/374 458/434/377
f 458/434/377 448/70/68 451/1229/904
f 446/1228/722 459/436/379 127/819/370
f 127/819/370 125/441/384 29/1232/44
f 702/818/658 460/817/657 125/441/384
f 125/441/384 460/817/657 167/437/380
f 167/437/380 458/434/377 180/438/381
f 180/438/381 457/816/656 461/439/382
f 461/439/382 469/449/390 167/437/380
f 469/449/390 462/440/383 167/437/380
f 101/493/426 19/494/427 492/483/416 111/482/415
f 29/44/44 463/442/55 25/45/45
f 464/422/366 465/443/385 445/423/367
f 468/1233/56 125/820/384 472/455/394
f 161/448/389 472/455/394 462/446/383
f 462/446/383 469/1234/390 162/447/388
f 461/439/382 470/815/104 162/450/388
f 162/447/388 175/451/391 486/476/410
f 486/476/410 161/448/389 162/447/388
f 165/84/82 471/1235/400 157/1181/393
f 466/445/387 474/20/20 465/443/385
f 474/20/20 14/10/10 465/443/385
f 466/445/387 475/1236/398 473/459/396
f 476/457/395 478/466/402 121/54/54
f 477/463/399 157/453/393 471/464/400
f 477/463/399 159/465/401 472/454/394
f 159/465/401 476/457/395 472/454/394
f 475/461/398 121/54/54 478/466/402
f 475/461/398 481/470/404 473/1237/396
f 481/1238/404 479/460/397 473/459/396
f 165/1239/82 158/474/408 471/464/400
f 165/84/82 485/1240/905 488/478/412
f 485/1240/905 165/84/82 157/1181/393
f 485/1240/905 157/1181/393 486/476/410
f 173/785/637 175/451/391 456/105/103
f 487/475/409 485/1240/905 486/476/410
f 484/473/407 491/479/413 482/472/406
f 482/472/406 700/481/414 480/471/405
f 480/469/405 492/483/416 479/460/397
f 479/460/397 492/483/416 19/494/427
f 479/460/397 19/494/427 474/20/20
f 500/490/423 84/1168/892 88/9/9 10/8/8
f 495/18/18 5/485/418 494/544/463
f 497/484/417 499/569/479 5/485/418
f 496/566/420 499/586/479 497/1241/417
f 498/565/476 542/587/493 496/566/420
f 496/566/420 542/587/493 499/586/479
f 540/556/471 572/610/512 541/612/473 535/558/467
f 84/1168/892 500/490/423 543/491/424
f 493/492/425 494/544/463 5/485/418
f 101/493/426 97/21/21 474/20/20
f 97/21/21 10/8/8 17/11/11
f 14/10/10 88/9/9 506/488/421
f 503/499/430 502/1/1 87/497/429
f 85/5/5 507/500/431 86/6/6
f 86/6/6 506/488/421 505/489/422
f 507/500/431 83/1242/428 501/15/15
f 85/1243/5 87/497/429 508/502/432
f 508/502/432 83/501/428 85/1243/5
f 3/505/433 508/502/432 87/497/429
f 506/488/421 86/6/6 507/500/431
f 87/497/429 85/1243/5 504/498/7
f 503/499/430 504/498/7 86/572/6
f 503/499/430 510/573/481 441/2/2
f 548/576/484 140/66/64 547/37/37
f 512/67/65 513/1244/622 36/68/66
f 513/1244/622 671/1245/529 36/68/66
f 36/68/66 671/1245/529 171/1180/114
f 49/510/437 171/116/114 42/635/530
f 228/641/140 199/117/115 514/509/436
f 199/117/115 228/641/140 515/511/438
f 70/285/259 516/1246/439 517/515/161
f 350/288/262 261/287/261 518/731/599
f 350/1247/262 659/742/606 519/1248/260
f 519/1248/260 659/742/606 351/1249/263
f 387/344/307 386/746/442 76/196/194
f 258/165/163 260/172/170 521/171/169
f 260/172/170 393/348/311 270/183/181
f 270/183/181 393/348/311 392/345/308
f 169/524/448 523/525/449 524/526/450
f 168/527/451 528/540/460 150/75/73
f 150/75/73 528/540/460 525/76/74
f 134/534/456 527/782/453 526/536/458
f 527/529/453 528/540/460 526/1250/458
f 129/533/455 122/535/457 128/532/42
f 529/537/459 530/38/38 128/42/42
f 529/537/459 128/42/42 122/538/457
f 530/38/38 531/545/464 532/542/461
f 109/39/39 111/482/415 110/40/40
f 97/21/21 101/493/426 111/482/415
f 532/542/461 493/492/425 97/21/21
f 532/542/461 11/546/465 493/492/425
f 11/546/465 494/544/463 493/492/425
f 534/547/466 15/19/19 533/543/462
f 28/1251/59 528/540/460 123/57/57
f 28/548/59 529/537/459 528/541/460
f 529/537/459 28/548/59 534/547/466
f 529/537/459 533/543/462 530/38/38
f 531/545/464 533/543/462 494/544/463
f 534/547/466 28/548/59 535/550/467
f 535/1252/467 124/58/58 536/1253/468
f 124/58/58 31/72/70 536/1253/468
f 538/65/63 131/64/62 536/551/468
f 541/560/473 534/547/466 535/550/467
f 15/19/19 534/547/466 541/560/473
f 566/1254/474 680/564/475 496/566/420
f 509/571/480 559/589/495 86/572/6
f 510/573/481 503/499/430 545/581/488
f 510/573/481 546/574/482 440/26/26
f 511/27/27 553/578/485 439/1255/36
f 439/1255/36 553/578/485 547/1256/37
f 512/1257/65 549/1258/483 550/32/32
f 550/594/32 549/1259/483 551/592/498
f 551/592/498 549/1259/483 548/577/484
f 553/578/485 554/580/487 552/579/486
f 542/587/493 683/568/478 509/571/480
f 560/590/496 545/581/488 544/588/494
f 547/1256/37 553/578/485 548/577/484
f 546/574/482 545/581/488 554/580/487
f 545/581/488 560/590/496 555/582/489
f 560/590/496 544/588/494 556/583/490
f 559/589/495 556/583/490 544/588/494
f 555/582/489 557/584/491 561/774/629
f 555/582/489 114/773/628 554/580/487
f 114/773/628 552/579/486 554/580/487
f 552/579/486 114/773/628 684/776/631
f 562/591/497 548/577/484 552/579/486
f 564/596/499 103/595/500 550/32/32
f 106/33/33 550/32/32 103/595/500
f 568/601/505 570/1260/506 569/626/522
f 570/1261/506 147/74/72 569/671/522
f 91/606/17 585/1262/517 586/1263/519 574/598/502
f 541/612/473 572/610/512 580/609/511
f 577/1264/906 568/601/505 575/607/510
f 570/602/506 577/1265/906 578/616/516
f 570/602/506 578/616/516 538/65/63
f 578/616/516 579/603/507 538/65/63
f 571/605/509 583/604/508 584/1266/907
f 573/559/472 585/1267/517 91/17/17
f 581/613/513 575/607/510 574/598/502 586/1263/519
f 573/611/472 580/609/511 584/1266/907 585/617/517
f 576/614/514 577/1264/906 575/607/510
f 584/1266/907 580/609/511 571/605/509
f 581/622/513 587/620/520 576/1268/514
f 578/616/516 577/1265/906 576/623/514
f 576/623/514 582/615/515 578/616/516
f 583/604/508 582/621/515 112/618/518
f 112/618/518 584/1266/907 583/604/508
f 537/1269/469 31/72/70 147/74/72 570/1261/506
f 587/620/520 581/622/513 112/618/518
f 585/617/517 584/1266/907 112/618/518
f 577/1264/906 570/1260/506 568/601/505
f 537/1269/469 536/1253/468 31/72/70
f 178/772/617 591/676/525 617/638/533 42/635/530
f 588/625/521 133/600/504 568/601/505
f 153/627/523 588/625/521 589/674/560
f 592/631/526 594/636/531 595/632/527
f 592/631/526 106/33/33 567/599/503
f 592/631/526 133/600/504 153/627/523
f 23/34/34 512/1257/65 550/32/32
f 177/508/435 49/510/437 42/635/530
f 595/1270/527 672/759/618 597/761/620
f 595/632/527 597/762/620 106/33/33
f 594/1271/531 591/676/525 178/772/617
f 153/627/523 589/674/560 627/673/559 590/628/94
f 617/638/533 177/508/435 42/635/530
f 599/640/535 514/509/436 177/508/435
f 516/644/439 515/1272/438 235/642/536
f 600/646/154 517/643/161 234/647/538
f 227/141/139 234/647/538 235/642/536
f 235/642/536 515/1272/438 227/141/139
f 227/141/139 515/1272/438 228/142/140
f 229/648/142 60/1273/141 601/154/152
f 599/640/535 60/1273/141 228/641/140
f 599/640/535 601/154/152 60/1273/141
f 602/649/539 263/1274/446 248/155/153
f 248/155/153 263/1274/446 657/1275/444
f 599/640/535 177/508/435 598/639/534
f 598/639/534 603/650/540 599/640/535
f 521/171/169 605/520/445 258/165/163
f 605/520/445 621/1276/584 258/165/163
f 637/686/567 631/685/566 394/349/312
f 637/686/567 394/349/312 622/166/164
f 631/685/566 196/729/556 394/349/312
f 196/729/556 395/351/314 394/349/312
f 522/523/447 44/654/542 607/655/543
f 608/657/545 130/659/547 528/540/460
f 130/659/547 141/658/546 123/57/57
f 610/662/550 148/661/549 611/665/553
f 609/660/548 611/665/553 148/661/549
f 123/57/57 141/658/546 148/661/549
f 610/662/550 612/664/552 160/666/554
f 610/662/550 160/666/554 613/663/551
f 160/666/554 146/73/71 31/72/70
f 160/666/554 48/669/557 146/73/71
f 614/656/544 607/655/543 160/666/554
f 160/666/554 612/664/552 614/656/544
f 606/522/315 395/1277/314 196/668/556
f 606/522/315 190/667/555 44/654/542
f 48/669/557 615/688/569 146/73/71
f 616/672/558 589/674/560 588/625/521
f 625/690/571 147/74/72 146/73/71 624/689/570
f 605/520/445 620/696/574 621/1276/584
f 646/684/565 258/165/163 621/1276/584
f 48/669/557 631/697/566 615/688/569
f 239/722/593 636/652/541 630/682/564 65/1187/896
f 154/677/524 598/639/534 617/638/533
f 154/677/524 618/1278/576 598/639/534
f 618/702/576 619/679/562 598/1279/534
f 622/166/164 646/684/565 637/686/567
f 638/1280/589 631/685/566 623/687/568
f 627/706/559 626/700/572 634/705/579
f 630/682/564 604/681/563 65/1187/896
f 632/1281/585 631/697/566 638/1282/589
f 631/697/566 632/1281/585 624/689/570
f 633/699/575 624/1283/570 632/713/585
f 626/700/572 633/699/575 639/704/578
f 635/703/577 618/702/576 629/693/573
f 635/703/577 201/707/580 619/679/562
f 620/696/574 636/683/541 239/1284/593 645/1285/582
f 643/98/96 653/727/597 649/1286/908 650/720/591
f 645/1285/582 621/1276/584 620/696/574
f 641/714/586 639/704/578 633/699/575
f 642/715/587 186/97/95 590/96/94
f 653/727/597 643/98/96 186/97/95
f 640/708/581 65/1187/896 604/681/563
f 65/1187/896 640/708/581 644/723/594
f 632/713/585 647/717/588 641/714/586
f 648/719/590 642/715/587 634/705/579
f 642/715/587 653/727/597 186/97/95
f 659/742/606 660/743/607 520/1287/600 351/1249/263
f 640/708/581 649/1286/908 644/723/594
f 654/725/595 646/711/565 66/710/583
f 654/725/595 637/724/567 646/711/565
f 623/716/568 654/725/595 647/717/588
f 649/1286/908 640/708/581 650/720/591
f 651/721/592 66/710/583 645/709/582
f 652/726/596 205/118/116 648/719/590
f 653/727/597 656/728/598 649/1286/908
f 656/728/598 655/119/117 651/721/592
f 655/119/117 654/725/595 66/710/583
f 655/119/117 656/728/598 210/120/118
f 210/120/118 656/728/598 653/727/597
f 656/728/598 644/723/594 649/1286/908
f 657/1275/444 249/162/160 248/155/153
f 350/1247/262 658/740/604 659/742/606
f 676/766/623 675/760/619 142/768/624 677/764/621
f 657/1275/444 666/1288/603 249/162/160
f 658/740/604 350/1247/262 518/738/599
f 663/741/605 664/750/611 660/743/607
f 660/743/607 77/751/612 661/1289/601
f 660/743/607 661/1289/601 520/1287/600
f 76/196/194 669/745/608 665/747/609
f 665/747/609 282/195/193 76/196/194
f 667/753/614 256/736/440 666/735/603
f 667/753/614 264/749/610 256/739/440
f 256/739/440 264/749/610 658/740/604
f 77/751/612 669/755/608 661/1289/601
f 669/745/608 76/196/194 386/746/442
f 662/1290/602 670/752/613 666/735/603
f 668/754/615 664/750/611 663/741/605
f 665/756/609 670/752/613 662/1290/602
f 595/1270/527 596/1291/532 149/1292/909
f 149/1292/909 672/759/618 595/1270/527
f 513/765/622 677/764/621 671/1293/529
f 178/1294/617 674/771/627 596/1291/532
f 674/771/627 149/1292/909 596/1291/532
f 674/771/627 672/759/618 149/1292/909
f 672/759/618 674/771/627 142/768/624
f 23/767/34 676/766/623 512/763/65
f 678/769/625 671/1293/529 677/764/621
f 678/769/625 679/770/626 671/1293/529
f 671/1293/529 679/770/626 593/1295/528
f 679/770/626 678/769/625 142/768/624
f 557/584/491 558/585/492 683/568/478 682/567/477
f 677/764/621 512/763/65 676/766/623
f 673/1296/616 679/770/626 674/771/627
f 673/1296/616 674/771/627 178/1294/617
f 673/1296/616 593/1295/528 679/770/626
f 498/565/476 680/564/475 681/779/633
f 681/779/633 682/567/477 498/565/476
f 398/1220/322 400/357/318 225/356/317 399/360/321
f 561/774/629 557/584/491 685/775/630
f 561/774/629 685/775/630 114/773/628
f 684/776/631 562/591/497 552/579/486
f 563/777/632 565/778/501 564/593/499
f 565/778/501 680/564/475 566/1254/474
f 684/776/631 686/780/634 562/591/497
f 686/780/634 684/776/631 685/775/630
f 686/780/634 565/778/501 563/777/632
f 9/563/419 574/598/502 566/561/474
f 139/531/454 30/530/60 33/781/452
f 191/1297/98 46/791/97 150/75/73
f 150/75/73 489/814/655 191/1297/98
f 489/814/655 490/812/84 191/1297/98
f 191/100/98 490/86/84 166/85/83
f 191/100/98 166/85/83 220/101/99
f 220/101/99 166/85/83 488/478/412
f 488/478/412 487/475/409 687/789/641
f 487/475/409 488/478/412 485/1240/905
f 487/475/409 688/784/636 689/787/639
f 4/4/4 1/1298/361 83/501/428 2/3/3
f 690/786/638 173/785/637 456/105/103
f 456/105/103 408/372/331 690/786/638
f 687/789/641 221/126/124 220/101/99
f 220/101/99 55/127/125 192/147/145
f 55/127/125 61/145/143 192/147/145
f 41/783/635 46/791/97 691/799/646
f 41/783/635 43/353/316 169/524/448
f 41/783/635 691/799/646 43/353/316
f 397/794/148 400/357/318 398/1220/322
f 209/845/678 54/851/684 717/1299/673 718/852/675
f 401/358/319 400/357/318 695/805/650
f 211/807/651 693/795/642 401/358/319
f 402/1300/320 192/147/145 403/365/323
f 192/147/145 402/1300/320 693/790/642
f 46/791/97 696/797/644 694/798/645
f 692/793/643 208/804/649 397/794/148
f 397/794/148 208/804/649 400/357/318
f 400/357/318 208/804/649 695/805/650
f 211/807/651 695/805/650 188/801/647
f 211/807/651 696/806/644 693/795/642
f 691/803/646 697/802/648 692/793/643
f 697/802/648 695/805/650 208/804/649
f 188/801/647 694/1301/645 696/806/644
f 188/801/647 691/803/646 694/1301/645
f 401/358/319 695/805/650 211/807/651
f 687/789/641 699/788/640 698/808/652
f 310/371/330 699/788/640 689/787/639
f 310/371/330 689/787/639 690/786/638
f 406/167/165 699/788/640 310/371/330
f 698/808/652 699/788/640 406/167/165
f 698/808/652 405/369/328 226/809/653
f 690/786/638 408/372/331 244/138/136
f 151/77/75 490/812/84 489/814/655
f 490/812/84 700/811/414 491/1302/413
f 491/1302/413 165/1303/82 490/812/84
f 492/483/416 480/469/405 700/1304/414
f 525/76/74 30/62/60 701/61/46
f 505/489/422 84/1168/892 543/491/424
f 481/470/404 475/461/398 483/467/403
f 457/816/656 180/438/381 453/431/375
f 180/438/381 458/434/377 452/430/374
f 460/817/657 449/435/378 458/434/377
f 458/434/377 167/437/380 460/817/657
f 195/107/105 57/139/137 408/372/331
f 184/93/91 703/822/660 207/373/332
f 703/822/660 704/823/661 207/373/332
f 706/918/724 707/825/663 409/375/334
f 412/1305/335 711/833/668 413/827/337
f 413/827/337 711/833/668 414/828/664
f 709/1221/667 708/217/210 278/219/212
f 708/829/210 312/830/665 416/1192/897
f 287/194/192 709/832/667 75/192/190
f 709/1150/667 417/220/213 708/829/210
f 710/1306/666 712/834/669 713/1307/671
f 712/834/669 711/833/668 714/1308/670
f 710/1306/666 709/1221/667 271/380/339
f 712/834/669 710/1306/666 271/380/339
f 714/1308/670 713/1307/671 712/834/669
f 75/192/190 710/1309/666 713/838/671
f 713/1310/671 714/836/670 707/825/663
f 707/825/663 257/1311/672 713/1310/671
f 412/376/335 707/825/663 714/836/670
f 707/825/663 63/920/688 257/1311/672
f 63/920/688 707/825/663 706/918/724
f 63/920/688 715/919/725 723/853/685
f 716/854/686 189/841/674 717/840/673
f 721/846/679 52/850/683 765/847/680
f 54/851/684 769/1127/875 717/1299/673
f 212/880/90 214/875/121 217/877/699 202/878/700
f 770/1126/874 725/193/191 724/855/687
f 725/193/191 75/192/190 257/839/672
f 726/1125/873 314/221/214 725/193/191
f 726/1125/873 727/182/180 314/221/214
f 314/221/214 727/182/180 418/1222/903
f 218/874/698 735/876/120 424/389/344
f 104/908/721 113/907/720 758/905/719 755/900/716
f 202/878/700 217/877/699 218/874/698
f 425/124/122 212/92/90 736/881/701
f 736/881/701 426/1184/895 425/124/122
f 427/392/346 426/1184/895 736/881/701
f 37/80/78 736/881/701 170/91/89
f 737/983/772 156/78/76 37/80/78
f 156/78/76 900/1130/876 39/79/77
f 437/1134/35 741/1148/886 438/1147/434
f 120/885/704 99/24/24 742/412/28
f 743/414/360 8/992/777 92/13/13
f 92/13/13 6/12/12 743/414/360
f 744/892/710 12/14/14 92/13/13
f 746/1312/708 747/893/711 748/894/372
f 455/433/373 183/95/93 182/94/92
f 748/428/372 34/69/67 746/915/708
f 34/69/67 450/71/69 746/915/708
f 750/916/723 745/891/709 746/890/708
f 745/891/709 446/917/722 751/1313/369
f 745/891/709 751/1313/369 22/895/712
f 443/897/364 753/910/363 754/898/714
f 18/899/715 754/898/714 755/900/716
f 756/901/717 444/1170/365 18/899/715
f 445/904/367 444/1170/365 756/901/717
f 756/901/717 107/902/718 445/904/367
f 751/1314/369 113/907/720 22/909/712
f 753/418/363 12/14/14 752/896/713
f 104/908/721 755/900/716 754/898/714
f 755/900/716 758/905/719 756/901/717
f 757/906/43 108/903/368 107/902/718
f 757/906/43 758/905/719 751/1314/369
f 758/905/719 113/907/720 751/1314/369
f 22/909/712 104/908/721 752/911/713
f 769/1127/875 215/849/682 767/1001/785 768/1124/872
f 754/898/714 753/910/363 104/908/721
f 750/914/723 450/71/69 447/427/371
f 34/69/67 748/428/372 451/1229/904
f 47/821/659 184/93/91 183/95/93
f 183/95/93 189/841/674 47/821/659
f 47/821/659 716/854/686 723/853/685
f 723/853/685 715/919/725 47/821/659
f 47/821/659 704/823/661 703/822/660
f 704/823/661 715/919/725 705/374/333
f 705/374/333 715/919/725 759/824/662
f 759/824/662 63/920/688 706/918/724
f 707/825/663 412/376/335 411/377/336
f 715/919/725 704/823/661 47/821/659
f 189/841/674 183/95/93 152/997/782
f 189/841/674 152/997/782 760/999/726
f 719/1129/676 189/841/674 760/999/726
f 765/847/680 764/924/728 766/926/730
f 801/961/758 794/1315/761 793/959/757 800/958/756
f 769/1127/875 723/1316/685 717/1299/673
f 723/1317/685 769/1318/875 770/1126/874
f 770/1126/874 724/855/687 723/1317/685
f 268/180/178 821/930/734 269/181/179
f 771/932/736 418/1222/903 727/182/180
f 419/1319/899 418/1320/903 772/934/738
f 419/1319/899 772/934/738 786/943/744
f 419/1319/899 786/943/744 773/1321/689
f 773/1321/689 295/1322/341 419/1319/899
f 775/864/692 776/937/740 730/865/693
f 730/865/693 777/938/741 731/1323/694
f 779/1324/732 224/137/135 240/386/342
f 224/137/135 779/1324/732 781/134/132
f 781/134/132 782/1325/733 232/1326/763
f 782/929/733 269/181/179 64/1327/788
f 771/935/736 772/934/738 418/1320/903
f 773/858/689 786/1328/744 780/174/172
f 776/937/740 792/966/760 777/938/741
f 777/938/741 730/865/693 776/937/740
f 777/938/741 778/940/343 731/1323/694
f 783/1329/742 771/932/736 782/929/733
f 787/175/173 788/957/755 74/176/174
f 788/957/755 789/945/746 74/176/174
f 790/944/745 794/967/761 792/966/760
f 794/967/761 790/944/745 793/1330/757
f 794/1315/761 801/961/758 781/965/132
f 781/965/132 795/946/747 782/947/733
f 784/942/743 785/933/737 771/935/736
f 785/933/737 784/942/743 796/955/753
f 785/933/737 797/949/749 786/943/744
f 797/949/749 247/948/748 787/950/173
f 788/957/755 798/953/751 789/945/746
f 789/945/746 798/953/751 790/944/745
f 799/952/750 793/1330/757 790/944/745
f 242/963/754 788/1331/755 796/955/753 238/962/759
f 796/955/753 247/948/748 785/933/737
f 787/950/173 796/955/753 788/1331/755
f 800/958/756 802/954/752 795/946/747
f 791/936/739 790/944/745 792/966/760 776/937/740
f 799/960/750 798/964/751 238/962/759
f 794/1315/761 781/965/132 779/1332/732
f 777/938/741 792/966/760 779/939/732
f 836/1036/811 32/1035/810 838/1046/818 842/1047/819
f 803/927/731 780/174/172 74/176/174
f 64/1327/788 269/181/179 237/931/735
f 64/1005/788 232/970/763 782/1333/733
f 804/110/108 232/970/763 64/1005/788
f 232/970/763 804/110/108 806/968/762
f 805/975/133 806/973/762 823/972/765
f 824/976/767 53/136/134 805/135/133
f 824/976/767 732/978/768 53/136/134
f 37/80/78 809/1334/770 890/982/771
f 120/885/704 156/1176/76 811/1011/793
f 811/1011/793 99/24/24 120/885/704
f 99/24/24 811/1011/793 812/25/25
f 813/987/774 812/25/25 27/1012/794
f 100/22/22 813/987/774 827/1014/796
f 100/22/22 814/886/705 98/23/23
f 442/1018/706 95/1017/798 7/990/707
f 95/1017/798 815/988/775 7/990/707
f 89/989/362 815/988/775 816/1335/910
f 89/989/362 816/1335/910 817/1169/776
f 818/993/778 102/995/780 90/994/779
f 21/31/31 105/30/30 90/994/779
f 105/30/30 744/892/710 92/13/13
f 744/1336/710 749/1179/894 747/893/711
f 749/1179/894 183/95/93 747/893/711
f 747/893/711 746/1312/708 744/1336/710
f 744/892/710 833/996/781 749/1337/894
f 749/1179/894 833/1338/781 852/1060/828
f 152/997/782 852/1060/828 834/998/783
f 760/921/726 203/87/85 761/114/112
f 764/924/728 820/1002/786 766/926/730
f 767/1001/785 820/1002/786 768/1124/872
f 770/1126/874 768/1339/872 268/180/178
f 268/180/178 726/1125/873 770/1126/874
f 847/1007/789 198/1008/790 216/971/764
f 823/972/765 840/1039/814 807/1042/815
f 808/974/766 823/972/765 807/1042/815
f 824/976/767 825/1038/813 732/978/768
f 732/978/768 838/1340/818 135/1010/792
f 135/1010/792 118/1341/893 35/979/769
f 135/1177/792 126/1052/822 118/1174/893
f 35/1342/769 118/1174/893 117/1173/859
f 156/1176/76 810/1343/773 893/1105/863
f 893/1105/863 811/1011/793 156/1176/76
f 94/1019/799 815/988/775 95/1017/798
f 815/988/775 13/1020/800 816/1335/910
f 829/1029/806 8/1344/777 817/1169/776
f 829/1345/806 818/993/778 8/992/777
f 830/1021/801 20/1024/802 102/1022/780
f 828/1025/795 830/1031/801 831/1026/803
f 94/1019/799 832/1028/805 13/1020/800
f 13/1020/800 817/1169/776 816/1335/910
f 828/1025/795 96/1027/804 16/1016/797
f 16/1016/797 832/1028/805 94/1019/799
f 832/1028/805 818/1030/778 829/1029/806
f 831/1026/803 832/1028/805 96/1027/804
f 20/1024/802 115/49/49 850/48/48
f 833/996/781 105/30/30 851/29/29
f 834/998/783 819/1346/784 760/999/726
f 855/1032/807 843/1034/809 176/89/87
f 836/1036/811 837/1048/820 835/1033/808
f 840/1039/814 823/972/765 846/1009/791 845/1347/911
f 838/1340/818 732/978/768 839/1037/812
f 825/1040/813 193/1043/816 839/1348/812
f 838/1046/818 841/1045/817 842/1047/819
f 837/1048/820 185/109/107 843/1034/809
f 843/1034/809 835/1033/808 837/1048/820
f 45/108/106 176/89/87 843/1034/809
f 844/1049/821 185/109/107 842/1047/819
f 839/1348/812 846/1009/791 841/1050/817
f 193/1043/816 845/1347/911 839/1348/812
f 846/1009/791 839/1348/812 845/1347/911
f 847/1006/789 185/109/107 844/1049/821
f 848/1349/50 32/1035/810 849/1053/823 850/1350/48
f 840/1039/814 845/1347/911 193/1043/816
f 838/1340/818 32/1351/810 135/1010/792
f 848/50/50 115/49/49 813/987/774
f 879/1086/844 872/1352/912 878/1084/842 882/1098/856
f 850/48/48 102/1022/780 20/1024/802
f 102/1353/780 857/1054/824 21/31/31
f 853/1063/830 819/1346/784 834/998/783
f 850/1354/48 865/1087/845 102/1355/780
f 865/1087/845 856/1056/826 102/1058/780
f 863/1078/827 833/1356/781 851/1076/29
f 834/998/783 852/1060/828 862/1062/829
f 858/1081/825 870/1065/831 854/1067/86
f 855/1032/807 859/1357/833 849/1053/823
f 849/1358/823 860/1085/843 850/1354/48
f 861/1068/832 852/1070/828 863/1078/827
f 860/1085/843 849/1358/823 859/1071/833
f 850/1354/48 872/1352/912 865/1087/845
f 851/1076/29 866/1079/838 863/1078/827
f 864/1077/837 861/1068/832 863/1078/827
f 853/1074/830 867/1073/835 868/1082/840
f 853/1074/830 868/1082/840 858/1081/825
f 870/1065/831 871/1083/841 859/1071/833
f 859/1071/833 871/1083/841 860/1085/843
f 872/1352/912 850/1354/48 860/1085/843
f 865/1087/845 873/1072/834 856/1056/826
f 873/1072/834 874/1075/836 857/1057/824
f 851/1076/29 874/1075/836 866/1079/838
f 860/1085/843 878/1084/842 872/1352/912
f 872/1352/912 879/1086/844 865/1087/845
f 874/1075/836 876/1095/853 866/1079/838
f 864/1077/837 866/1079/838 884/1089/847
f 875/1088/846 867/1073/835 864/1077/837
f 867/1073/835 875/1088/846 868/1082/840
f 869/1080/839 871/1083/841 870/1065/831
f 871/1083/841 877/1090/848 878/1084/842
f 875/1088/846 881/1091/849 868/1082/840
f 866/1079/838 876/1095/853 884/1089/847
f 880/1092/850 875/1088/846 884/1089/847
f 868/1082/840 881/1091/849 869/1080/839
f 869/1080/839 881/1091/849 877/1090/848
f 877/1090/848 882/1098/856 878/1084/842
f 861/1068/832 864/1077/837 867/1073/835 862/1069/829
f 873/1072/834 876/1095/853 874/1075/836
f 877/1090/848 888/1096/854 882/1098/856
f 882/1098/856 883/1093/851 879/1086/844
f 883/1093/851 886/1094/852 873/1072/834
f 880/1092/850 887/1099/857 881/1091/849
f 882/1098/856 885/1097/855 883/1093/851
f 885/1097/855 886/1094/852 883/1093/851
f 887/1099/857 888/1096/854 881/1091/849
f 888/1096/854 886/1094/852 885/1097/855
f 35/1359/769 889/1107/858 890/1110/771 809/1360/770
f 115/49/49 827/1014/796 813/987/774
f 94/1019/799 95/1017/798 16/1016/797
f 27/1012/794 811/1011/793 826/1104/862
f 889/1107/858 117/1361/859 894/1108/865
f 27/1362/794 826/1112/862 894/1108/865 117/1361/859
f 890/1110/771 155/1109/866 891/1117/871
f 891/1117/871 737/986/772 890/1110/771
f 737/986/772 891/1117/871 892/1102/860
f 892/1102/860 810/984/773 737/986/772
f 194/1363/100 433/1364/354 432/115/113 349/1158/258
f 891/1117/871 895/1115/869 892/1102/860
f 895/1115/869 899/1103/861 892/1102/860
f 896/1114/868 895/1115/869 155/1109/866
f 896/1114/868 897/1116/870 136/1106/864
f 898/1111/867 826/1112/862 893/1113/863
f 899/1103/861 893/1113/863 810/984/773
f 136/1106/864 897/1116/870 889/1107/858
f 897/1116/870 155/1109/866 889/1107/858
f 204/113/111 200/112/110 197/111/109
f 204/113/111 762/923/727 761/114/112
f 763/925/729 52/850/683 720/844/677
f 720/844/677 762/1365/727 763/925/729
f 719/843/676 762/1365/727 720/844/677
f 183/95/93 749/1179/894 152/997/782
f 745/891/709 22/895/712 12/14/14
f 98/413/23 4/4/4 441/2/2
f 738/395/349 145/1366/702 739/396/350
f 145/1366/702 738/395/349 902/1132/878
f 145/1137/702 906/1136/880 740/1135/703
f 905/1142/884 741/1148/886 904/1140/882
f 119/51/51 742/1146/28 905/1142/884
f 119/884/51 900/1175/876 120/885/704
f 901/1144/877 900/1145/876 908/53/53
f 906/1136/880 902/1138/878 907/1367/913
f 903/1139/881 137/1141/883 904/1140/882
f 908/53/53 138/52/52 909/1143/885
f 909/1143/885 907/1367/913 902/1138/878
f 907/1367/913 903/1139/881 906/1136/880
f 907/1367/913 909/1143/885 137/1141/883
f 137/1141/883 903/1139/881 907/1367/913
f 741/1148/886 437/1134/35 116/1133/879
f 116/1133/879 904/1140/882 741/1148/886
f 740/883/703 437/35/35 143/410/359
f 734/879/697 423/133/131 206/1223/696
f 451/1229/904 448/70/68 34/69/67
f 29/44/44 757/43/43 127/426/370
f 437/35/35 547/37/37 143/410/359
f 910/1156/887 163/81/79 428/1224/351
f 910/1156/887 40/1154/888 163/81/79
f 430/82/80 40/1154/888 431/1155/889
f 434/404/356 171/408/114 432/405/113
f 910/1156/887 436/407/358 435/406/357
f 520/732/600 298/518/443 352/291/265 351/289/263
f 199/117/115 70/513/259 346/1157/255
f 199/117/115 349/1158/258 432/115/113
f 349/1158/258 911/1368/228 194/1363/100
f 319/1161/227 219/125/123 913/103/101
f 194/102/100 429/104/102 433/1369/354
f 739/396/350 145/1366/702 144/398/352
f 411/377/336 244/138/136 407/140/138
f 411/377/336 407/140/138 409/375/334
f 230/148/146 404/1190/326 231/146/144
f 230/148/146 241/159/157 404/1190/326
f 391/1218/902 389/169/167 275/185/183
f 253/1164/891 254/158/156 245/151/149
f 389/169/167 391/1218/902 259/1163/890
f 391/1218/902 254/158/156 259/1163/890
f 254/158/156 391/1218/902 246/157/155
f 353/293/267 80/205/202 296/204/201
f 296/204/201 302/339/305 353/293/267
f 303/334/300 387/1217/307 379/335/301
f 341/275/252 281/290/264 352/291/265
f 226/809/653 59/810/654 61/145/143 55/127/125
f 346/280/255 345/265/244 330/281/256
f 327/268/239 342/276/253 337/186/184
f 339/270/247 294/272/249 338/187/185
f 288/1194/215 307/212/209 78/202/199
f 289/223/216 313/1200/898 304/224/217
f 304/224/217 313/1200/898 82/1199/206
f 304/1370/217 82/209/206 305/208/205
f 69/164/162 255/350/313 275/185/183
f 232/1326/763 805/135/133 781/134/132
f 443/419/364 93/421/16 501/495/15 6/12/12
f 171/116/114 49/510/437 199/117/115
f 486/476/410 38/456/392 161/448/389
f 118/1174/893 126/1052/822 27/1012/794
